2026-10-07T03:23:28.6565934Z Current runner version: '2.337.0'
2026-10-07T03:23:28.6582213Z ##[group]Runner Image Provisioner
2026-10-07T03:23:28.6582973Z Hosted Compute Agent
2026-10-07T03:23:28.6583358Z Version: 20261002.596
2026-10-07T03:23:28.6583768Z Commit: c3d12f3313a95f25162a1503be624f3b0617f8c0
2026-10-07T03:23:28.6584174Z Build Date: 2026-10-02T22:28:27Z
2026-10-07T03:23:28.6584581Z Worker ID: {d53bc726-7101-43fe-ac42-2d4036701c36}
2026-10-07T03:23:28.6584982Z Region: westus2
2026-10-07T03:23:28.6585326Z Cloud: Azure
2026-10-07T03:23:28.6585673Z ##[endgroup]
2026-10-07T03:23:28.6586404Z ##[group]Operating System
2026-10-07T03:23:28.6586736Z Ubuntu
2026-10-07T03:23:28.6587081Z 24.04.5
2026-10-07T03:23:28.6587435Z LTS
2026-10-07T03:23:28.6587761Z ##[endgroup]
2026-10-07T03:23:28.6588070Z ##[group]Runner Image
2026-10-07T03:23:28.6588405Z Image: ubuntu-24.04
2026-10-07T03:23:28.6588772Z Version: 20261004.327.1
2026-10-07T03:23:28.6589508Z Included Software: https://github.com/actions/runner-images/blob/ubuntu24/20261004.327/images/ubuntu/Ubuntu2404-Readme.md
2026-10-07T03:23:28.6590369Z Image Release: https://github.com/actions/runner-images/releases/tag/ubuntu24%2F20261004.327
2026-10-07T03:23:28.6590880Z ##[endgroup]
2026-10-07T03:23:28.6591546Z ##[group]GITHUB_TOKEN Permissions
2026-10-07T03:23:28.6592906Z Contents: read
2026-10-07T03:23:28.6593298Z Metadata: read
2026-10-07T03:23:28.6593615Z ##[endgroup]
2026-10-07T03:23:28.6595158Z Secret source: Actions
2026-10-07T03:23:28.6595736Z Cache mode: write
2026-10-07T03:23:28.6596150Z Prepare workflow directory
2026-10-07T03:23:28.7455066Z Prepare all required actions
2026-10-07T03:23:28.7484432Z Getting action download info
2026-10-07T03:23:29.0827809Z Download action repository 'actions/checkout@v4' (SHA:11d5960a326750d5838078e36cf38b85af677262)
2026-10-07T03:23:29.4073791Z Download action repository 'actions/setup-python@v5' (SHA:a26af69be951a213d495a4c3e4e4022e16d87065)
2026-10-07T03:23:29.7377506Z Complete job name: UI Fast Lane (4)
2026-10-07T03:23:29.7994841Z ##[group]Run actions/checkout@v4
2026-10-07T03:23:29.7995606Z with:
2026-10-07T03:23:29.7995904Z   repository: rmusser01/tldw_chatbook
2026-10-07T03:23:29.7998099Z   token: ***
2026-10-07T03:23:29.7998349Z   ssh-strict: true
2026-10-07T03:23:29.7998630Z   ssh-user: git
2026-10-07T03:23:29.7998892Z   persist-credentials: true
2026-10-07T03:23:29.7999177Z   clean: true
2026-10-07T03:23:29.7999442Z   sparse-checkout-cone-mode: true
2026-10-07T03:23:29.7999749Z   fetch-depth: 1
2026-10-07T03:23:29.8000005Z   fetch-tags: false
2026-10-07T03:23:29.8000262Z   show-progress: true
2026-10-07T03:23:29.8000518Z   lfs: false
2026-10-07T03:23:29.8000781Z   submodules: false
2026-10-07T03:23:29.8001053Z   set-safe-directory: true
2026-10-07T03:23:29.8001346Z   allow-unsafe-pr-checkout: false
2026-10-07T03:23:29.8001743Z ##[endgroup]
2026-10-07T03:23:29.8703757Z Syncing repository: rmusser01/tldw_chatbook
2026-10-07T03:23:29.8705243Z ##[group]Getting Git version info
2026-10-07T03:23:29.8705819Z Working directory is '/home/runner/work/tldw_chatbook/tldw_chatbook'
2026-10-07T03:23:29.8706568Z [command]/usr/bin/git version
2026-10-07T03:23:29.8769415Z git version 2.55.0
2026-10-07T03:23:29.8783492Z ##[endgroup]
2026-10-07T03:23:29.8795537Z Temporarily overriding HOME='/home/runner/work/_temp/5a000ec1-b194-4abc-99b8-0ae461b9d9a5' before making global git config changes
2026-10-07T03:23:29.8796882Z Adding repository directory to the temporary git global config as a safe directory
2026-10-07T03:23:29.8800085Z [command]/usr/bin/git config --global --add safe.directory /home/runner/work/tldw_chatbook/tldw_chatbook
2026-10-07T03:23:29.9737454Z Deleting the contents of '/home/runner/work/tldw_chatbook/tldw_chatbook'
2026-10-07T03:23:29.9742482Z ##[group]Initializing the repository
2026-10-07T03:23:29.9744205Z [command]/usr/bin/git init /home/runner/work/tldw_chatbook/tldw_chatbook
2026-10-07T03:23:30.0239758Z hint: Using 'master' as the name for the initial branch. This default branch name
2026-10-07T03:23:30.0240890Z hint: will change to "main" in Git 3.0. To configure the initial branch name
2026-10-07T03:23:30.0241978Z hint: to use in all of your new repositories, which will suppress this warning,
2026-10-07T03:23:30.0242975Z hint: call:
2026-10-07T03:23:30.0243362Z hint:
2026-10-07T03:23:30.0243782Z hint: 	git config --global init.defaultBranch <name>
2026-10-07T03:23:30.0244254Z hint:
2026-10-07T03:23:30.0244684Z hint: Names commonly chosen instead of 'master' are 'main', 'trunk' and
2026-10-07T03:23:30.0245305Z hint: 'development'. The just-created branch can be renamed via this command:
2026-10-07T03:23:30.0245844Z hint:
2026-10-07T03:23:30.0246183Z hint: 	git branch -m <name>
2026-10-07T03:23:30.0246578Z hint:
2026-10-07T03:23:30.0247193Z hint: Disable this message with "git config set advice.defaultBranchName false"
2026-10-07T03:23:30.0248080Z Initialized empty Git repository in /home/runner/work/tldw_chatbook/tldw_chatbook/.git/
2026-10-07T03:23:30.0249723Z [command]/usr/bin/git remote add origin https://github.com/rmusser01/tldw_chatbook
2026-10-07T03:23:30.0347071Z ##[endgroup]
2026-10-07T03:23:30.0347652Z ##[group]Disabling automatic garbage collection
2026-10-07T03:23:30.0348081Z [command]/usr/bin/git config --local gc.auto 0
2026-10-07T03:23:30.0409582Z ##[endgroup]
2026-10-07T03:23:30.0410322Z ##[group]Setting up auth
2026-10-07T03:23:30.0414521Z [command]/usr/bin/git config --local --name-only --get-regexp core\.sshCommand
2026-10-07T03:23:30.0445595Z [command]/usr/bin/git submodule foreach --recursive sh -c "git config --local --name-only --get-regexp 'core\.sshCommand' && git config --local --unset-all 'core.sshCommand' || :"
2026-10-07T03:23:30.0801699Z [command]/usr/bin/git config --local --name-only --get-regexp http\.https\:\/\/github\.com\/\.extraheader
2026-10-07T03:23:30.0844673Z [command]/usr/bin/git submodule foreach --recursive sh -c "git config --local --name-only --get-regexp 'http\.https\:\/\/github\.com\/\.extraheader' && git config --local --unset-all 'http.https://github.com/.extraheader' || :"
2026-10-07T03:23:30.1035305Z [command]/usr/bin/git config --local --name-only --get-regexp ^includeIf\.gitdir:
2026-10-07T03:23:30.1070099Z [command]/usr/bin/git submodule foreach --recursive git config --local --show-origin --name-only --get-regexp remote.origin.url
2026-10-07T03:23:30.1250429Z [command]/usr/bin/git config --local http.https://github.com/.extraheader AUTHORIZATION: basic ***
2026-10-07T03:23:30.2186225Z ##[endgroup]
2026-10-07T03:23:30.2187884Z ##[group]Fetching the repository
2026-10-07T03:23:30.2195630Z [command]/usr/bin/git -c protocol.version=2 fetch --no-tags --prune --no-recurse-submodules --depth=1 origin +d9e687b2ee4f6afde416a824c480ec0896064e65:refs/remotes/pull/3034/merge
2026-10-07T03:23:48.4666305Z From https://github.com/rmusser01/tldw_chatbook
2026-10-07T03:23:48.4666788Z  * [new ref]           d9e687b2ee4f6afde416a824c480ec0896064e65 -> pull/3034/merge
2026-10-07T03:23:48.4668860Z ##[endgroup]
2026-10-07T03:23:48.4669278Z ##[group]Determining the checkout info
2026-10-07T03:23:48.4670819Z ##[endgroup]
2026-10-07T03:23:48.4681159Z [command]/usr/bin/git sparse-checkout disable
2026-10-07T03:23:48.4744639Z [command]/usr/bin/git config --local --unset-all extensions.worktreeConfig
2026-10-07T03:23:48.4834826Z ##[group]Checking out the ref
2026-10-07T03:23:48.4837728Z [command]/usr/bin/git checkout --progress --force refs/remotes/pull/3034/merge
2026-10-07T03:23:49.5896467Z Updating files:  35% (11003/31141)
2026-10-07T03:23:49.6149397Z Updating files:  36% (11211/31141)
2026-10-07T03:23:49.7066575Z Updating files:  37% (11523/31141)
2026-10-07T03:23:49.7834147Z Updating files:  38% (11834/31141)
2026-10-07T03:23:49.8386872Z Updating files:  39% (12145/31141)
2026-10-07T03:23:49.8476252Z Updating files:  40% (12457/31141)
2026-10-07T03:23:49.8909778Z Updating files:  41% (12768/31141)
2026-10-07T03:23:49.9748201Z Updating files:  42% (13080/31141)
2026-10-07T03:23:50.0351522Z Updating files:  43% (13391/31141)
2026-10-07T03:23:50.0718355Z Updating files:  44% (13703/31141)
2026-10-07T03:23:50.0970340Z Updating files:  45% (14014/31141)
2026-10-07T03:23:50.1369987Z Updating files:  46% (14325/31141)
2026-10-07T03:23:50.1555408Z Updating files:  47% (14637/31141)
2026-10-07T03:23:50.1767922Z Updating files:  48% (14948/31141)
2026-10-07T03:23:50.2103774Z Updating files:  49% (15260/31141)
2026-10-07T03:23:50.2364864Z Updating files:  50% (15571/31141)
2026-10-07T03:23:50.2604976Z Updating files:  51% (15882/31141)
2026-10-07T03:23:50.2775443Z Updating files:  52% (16194/31141)
2026-10-07T03:23:50.2971210Z Updating files:  53% (16505/31141)
2026-10-07T03:23:50.3220126Z Updating files:  54% (16817/31141)
2026-10-07T03:23:50.3437156Z Updating files:  55% (17128/31141)
2026-10-07T03:23:50.3678716Z Updating files:  56% (17439/31141)
2026-10-07T03:23:50.3921548Z Updating files:  57% (17751/31141)
2026-10-07T03:23:50.4188663Z Updating files:  58% (18062/31141)
2026-10-07T03:23:50.4447974Z Updating files:  59% (18374/31141)
2026-10-07T03:23:50.4791627Z Updating files:  60% (18685/31141)
2026-10-07T03:23:50.5031954Z Updating files:  61% (18997/31141)
2026-10-07T03:23:50.5039547Z Updating files:  61% (19298/31141)
2026-10-07T03:23:50.6037011Z Updating files:  62% (19308/31141)
2026-10-07T03:23:50.6204326Z Updating files:  63% (19619/31141)
2026-10-07T03:23:50.6469541Z Updating files:  64% (19931/31141)
2026-10-07T03:23:50.6618316Z Updating files:  65% (20242/31141)
2026-10-07T03:23:50.6762319Z Updating files:  66% (20554/31141)
2026-10-07T03:23:50.6883039Z Updating files:  67% (20865/31141)
2026-10-07T03:23:50.7031433Z Updating files:  68% (21176/31141)
2026-10-07T03:23:50.7173261Z Updating files:  69% (21488/31141)
2026-10-07T03:23:50.7311628Z Updating files:  70% (21799/31141)
2026-10-07T03:23:50.7450619Z Updating files:  71% (22111/31141)
2026-10-07T03:23:50.7581563Z Updating files:  72% (22422/31141)
2026-10-07T03:23:50.7735379Z Updating files:  73% (22733/31141)
2026-10-07T03:23:50.7870843Z Updating files:  74% (23045/31141)
2026-10-07T03:23:50.8082152Z Updating files:  75% (23356/31141)
2026-10-07T03:23:50.8131631Z Updating files:  76% (23668/31141)
2026-10-07T03:23:50.8279503Z Updating files:  77% (23979/31141)
2026-10-07T03:23:50.8438044Z Updating files:  78% (24290/31141)
2026-10-07T03:23:50.8560915Z Updating files:  79% (24602/31141)
2026-10-07T03:23:50.8695678Z Updating files:  80% (24913/31141)
2026-10-07T03:23:50.8977545Z Updating files:  81% (25225/31141)
2026-10-07T03:23:50.9110328Z Updating files:  82% (25536/31141)
2026-10-07T03:23:50.9520713Z Updating files:  83% (25848/31141)
2026-10-07T03:23:50.9650519Z Updating files:  84% (26159/31141)
2026-10-07T03:23:50.9763352Z Updating files:  85% (26470/31141)
2026-10-07T03:23:50.9875673Z Updating files:  86% (26782/31141)
2026-10-07T03:23:50.9981830Z Updating files:  87% (27093/31141)
2026-10-07T03:23:51.0138075Z Updating files:  88% (27405/31141)
2026-10-07T03:23:51.0486340Z Updating files:  89% (27716/31141)
2026-10-07T03:23:51.0791705Z Updating files:  90% (28027/31141)
2026-10-07T03:23:51.1124916Z Updating files:  91% (28339/31141)
2026-10-07T03:23:51.1367029Z Updating files:  92% (28650/31141)
2026-10-07T03:23:51.1655000Z Updating files:  93% (28962/31141)
2026-10-07T03:23:51.1875158Z Updating files:  94% (29273/31141)
2026-10-07T03:23:51.2155993Z Updating files:  95% (29584/31141)
2026-10-07T03:23:51.2594903Z Updating files:  96% (29896/31141)
2026-10-07T03:23:51.2775629Z Updating files:  97% (30207/31141)
2026-10-07T03:23:51.3047935Z Updating files:  98% (30519/31141)
2026-10-07T03:23:51.3540383Z Updating files:  99% (30830/31141)
2026-10-07T03:23:51.3540697Z Updating files: 100% (31141/31141)
2026-10-07T03:23:51.3540968Z Updating files: 100% (31141/31141), done.
2026-10-07T03:23:51.3799971Z Note: switching to 'refs/remotes/pull/3034/merge'.
2026-10-07T03:23:51.3800195Z
2026-10-07T03:23:51.3800391Z You are in 'detached HEAD' state. You can look around, make experimental
2026-10-07T03:23:51.3800730Z changes and commit them, and you can discard any commits you make in this
2026-10-07T03:23:51.3801000Z state without impacting any branches by switching back to a branch.
2026-10-07T03:23:51.3801548Z
2026-10-07T03:23:51.3801685Z If you want to create a new branch to retain commits you create, you may
2026-10-07T03:23:51.3802110Z do so (now or later) by using -c with the switch command. Example:
2026-10-07T03:23:51.3802303Z
2026-10-07T03:23:51.3802388Z   git switch -c <new-branch-name>
2026-10-07T03:23:51.3802530Z
2026-10-07T03:23:51.3802740Z Or undo this operation with:
2026-10-07T03:23:51.3802865Z
2026-10-07T03:23:51.3802937Z   git switch -
2026-10-07T03:23:51.3803031Z
2026-10-07T03:23:51.3803196Z Turn off this advice by setting config variable advice.detachedHead to false
2026-10-07T03:23:51.3803428Z
2026-10-07T03:23:51.3803700Z HEAD is now at d9e687b2 Merge bc33d012bca665b3176dfc322821ef4131bd9ddc into 518277133cc1281e446387b06d59dc54fea9b727
2026-10-07T03:23:51.3932051Z ##[endgroup]
2026-10-07T03:23:51.4019312Z [command]/usr/bin/git log -1 --format=%H
2026-10-07T03:23:51.4039068Z d9e687b2ee4f6afde416a824c480ec0896064e65
2026-10-07T03:23:51.4724746Z ##[group]Run actions/setup-python@v5
2026-10-07T03:23:51.4724913Z with:
2026-10-07T03:23:51.4725028Z   python-version: 3.12
2026-10-07T03:23:51.4725148Z   cache: pip
2026-10-07T03:23:51.4725260Z   check-latest: false
2026-10-07T03:23:51.4726398Z   token: ***
2026-10-07T03:23:51.4726513Z   update-environment: true
2026-10-07T03:23:51.4726645Z   allow-prereleases: false
2026-10-07T03:23:51.4726768Z   freethreaded: false
2026-10-07T03:23:51.4726887Z ##[endgroup]
2026-10-07T03:23:51.5520087Z ##[group]Installed versions
2026-10-07T03:23:51.5949167Z (node:2087) [DEP0040] DeprecationWarning: The `punycode` module is deprecated. Please use a userland alternative instead.
2026-10-07T03:23:51.5949536Z (Use `node --trace-deprecation ...` to show where the warning was created)
2026-10-07T03:23:51.5950209Z Successfully set up CPython (3.12.15)
2026-10-07T03:23:51.5950525Z ##[endgroup]
2026-10-07T03:23:52.6115582Z [command]/opt/hostedtoolcache/Python/3.12.15/x64/bin/pip cache dir
2026-10-07T03:23:52.8470176Z /home/runner/.cache/pip
2026-10-07T03:23:53.1262473Z Cache hit for: setup-python-Linux-x64-24.04-Ubuntu-python-3.12.15-pip-af4c5cd3be89ff21fa32ea929b288395945ebee23c59a397e2dfcabdfe464089
2026-10-07T03:23:53.1326011Z (node:2087) [DEP0169] DeprecationWarning: `url.parse()` behavior is not standardized and prone to errors that have security implications. Use the WHATWG URL API instead. CVEs are not issued for `url.parse()` vulnerabilities.
2026-10-07T03:23:54.4117203Z Received 16777216 of 72389964 (23.2%), 16.0 MBs/sec
2026-10-07T03:23:54.8270740Z Received 72389964 of 72389964 (100.0%), 48.8 MBs/sec
2026-10-07T03:23:54.8271520Z Cache Size: ~69 MB (72389964 B)
2026-10-07T03:23:54.8358607Z [command]/usr/bin/tar -xf /home/runner/work/_temp/7ef1a0ae-87fa-4301-a09d-5a04407ffd6d/cache.tzst -P -C /home/runner/work/tldw_chatbook/tldw_chatbook --use-compress-program unzstd
2026-10-07T03:23:54.9418907Z Cache restored successfully
2026-10-07T03:23:54.9453638Z Cache restored from key: setup-python-Linux-x64-24.04-Ubuntu-python-3.12.15-pip-af4c5cd3be89ff21fa32ea929b288395945ebee23c59a397e2dfcabdfe464089
2026-10-07T03:23:55.0366408Z ##[group]Run python -m pip install -e . pytest pytest-asyncio pytest-timeout packaging
2026-10-07T03:23:55.0366817Z [36;1mpython -m pip install -e . pytest pytest-asyncio pytest-timeout packaging[0m
2026-10-07T03:23:55.0712583Z shell: /usr/bin/bash -e {0}
2026-10-07T03:23:55.0712902Z env:
2026-10-07T03:23:55.0713065Z   pythonLocation: /opt/hostedtoolcache/Python/3.12.15/x64
2026-10-07T03:23:55.0713311Z   PKG_CONFIG_PATH: /opt/hostedtoolcache/Python/3.12.15/x64/lib/pkgconfig
2026-10-07T03:23:55.0713535Z   Python_ROOT_DIR: /opt/hostedtoolcache/Python/3.12.15/x64
2026-10-07T03:23:55.0713736Z   Python2_ROOT_DIR: /opt/hostedtoolcache/Python/3.12.15/x64
2026-10-07T03:23:55.0713939Z   Python3_ROOT_DIR: /opt/hostedtoolcache/Python/3.12.15/x64
2026-10-07T03:23:55.0714146Z   LD_LIBRARY_PATH: /opt/hostedtoolcache/Python/3.12.15/x64/lib
2026-10-07T03:23:55.0714317Z ##[endgroup]
2026-10-07T03:23:55.6292070Z Obtaining file:///home/runner/work/tldw_chatbook/tldw_chatbook
2026-10-07T03:23:55.6318889Z   Installing build dependencies: started
2026-10-07T03:23:56.3095209Z   Installing build dependencies: finished with status 'done'
2026-10-07T03:23:56.3099481Z   Checking if build backend supports build_editable: started
2026-10-07T03:23:56.6432412Z   Checking if build backend supports build_editable: finished with status 'done'
2026-10-07T03:23:56.6439278Z   Getting requirements to build editable: started
2026-10-07T03:23:57.0511926Z   Getting requirements to build editable: finished with status 'done'
2026-10-07T03:23:57.0518846Z   Preparing editable metadata (pyproject.toml): started
2026-10-07T03:23:57.3276552Z   Preparing editable metadata (pyproject.toml): finished with status 'done'
2026-10-07T03:23:57.6059363Z Collecting pytest
2026-10-07T03:23:57.6071118Z   Using cached pytest-9.1.1-py3-none-any.whl.metadata (7.6 kB)
2026-10-07T03:23:57.7661966Z Collecting pytest-asyncio
2026-10-07T03:23:57.7672722Z   Using cached pytest_asyncio-1.4.0-py3-none-any.whl.metadata (4.1 kB)
2026-10-07T03:23:57.8734878Z Collecting pytest-timeout
2026-10-07T03:23:57.8745112Z   Using cached pytest_timeout-2.4.0-py3-none-any.whl.metadata (20 kB)
2026-10-07T03:23:57.9554559Z Collecting packaging
2026-10-07T03:23:57.9565272Z   Using cached packaging-26.3-py3-none-any.whl.metadata (3.5 kB)
2026-10-07T03:23:58.0038510Z Collecting chardet<6,>=3.0.2 (from tldw_chatbook==0.2.3)
2026-10-07T03:23:58.0049200Z   Using cached chardet-5.2.0-py3-none-any.whl.metadata (3.4 kB)
2026-10-07T03:23:58.1174147Z Collecting httpx (from tldw_chatbook==0.2.3)
2026-10-07T03:23:58.1185651Z   Using cached httpx-0.28.1-py3-none-any.whl.metadata (7.1 kB)
2026-10-07T03:23:58.2843840Z Collecting loguru (from tldw_chatbook==0.2.3)
2026-10-07T03:23:58.2852763Z   Using cached loguru-0.7.3-py3-none-any.whl.metadata (22 kB)
2026-10-07T03:23:58.4358038Z Collecting textual==8.2.8 (from tldw_chatbook==0.2.3)
2026-10-07T03:23:58.4366839Z   Using cached textual-8.2.8-py3-none-any.whl.metadata (9.1 kB)
2026-10-07T03:23:58.5745125Z Collecting textual-diff-view==0.1.5 (from tldw_chatbook==0.2.3)
2026-10-07T03:23:58.5755851Z   Using cached textual_diff_view-0.1.5-py3-none-any.whl.metadata (48 kB)
2026-10-07T03:23:58.7212487Z Collecting requests (from tldw_chatbook==0.2.3)
2026-10-07T03:23:58.7220993Z   Using cached requests-2.34.2-py3-none-any.whl.metadata (4.8 kB)
2026-10-07T03:23:58.8758311Z Collecting rich (from tldw_chatbook==0.2.3)
2026-10-07T03:23:58.8767487Z   Using cached rich-15.0.0-py3-none-any.whl.metadata (18 kB)
2026-10-07T03:23:59.0237502Z Collecting pyte==0.8.2 (from tldw_chatbook==0.2.3)
2026-10-07T03:23:59.0245909Z   Using cached pyte-0.8.2-py3-none-any.whl.metadata (3.0 kB)
2026-10-07T03:23:59.3262231Z Collecting regex==2026.4.4 (from tldw_chatbook==0.2.3)
2026-10-07T03:23:59.3273051Z   Using cached regex-2026.4.4-cp312-cp312-manylinux2014_x86_64.manylinux_2_17_x86_64.manylinux_2_28_x86_64.whl.metadata (40 kB)
2026-10-07T03:23:59.3688466Z Collecting wcwidth<1,>=0.2.14 (from tldw_chatbook==0.2.3)
2026-10-07T03:23:59.3696712Z   Using cached wcwidth-0.9.2-cp310-abi3-manylinux2014_x86_64.manylinux_2_17_x86_64.whl.metadata (23 kB)
2026-10-07T03:23:59.5858277Z Collecting rich-pixels>=3.0.0 (from tldw_chatbook==0.2.3)
2026-10-07T03:23:59.5867045Z   Using cached rich_pixels-3.0.1-py3-none-any.whl.metadata (2.2 kB)
2026-10-07T03:23:59.7349666Z Collecting pillow>=10.4 (from tldw_chatbook==0.2.3)
2026-10-07T03:23:59.7359159Z   Using cached pillow-12.3.0-cp312-cp312-manylinux_2_27_x86_64.manylinux_2_28_x86_64.whl.metadata (9.1 kB)
2026-10-07T03:23:59.8402455Z Collecting PyYAML (from tldw_chatbook==0.2.3)
2026-10-07T03:23:59.8410761Z   Using cached pyyaml-6.0.3-cp312-cp312-manylinux2014_x86_64.manylinux_2_17_x86_64.manylinux_2_28_x86_64.whl.metadata (2.4 kB)
2026-10-07T03:23:59.9078884Z Collecting pydantic<3,>=2.4 (from tldw_chatbook==0.2.3)
2026-10-07T03:23:59.9086708Z   Using cached pydantic-2.13.5-py3-none-any.whl.metadata (110 kB)
2026-10-07T03:24:00.0102728Z Collecting jsonschema<5,>=4.26 (from tldw_chatbook==0.2.3)
2026-10-07T03:24:00.0110032Z   Using cached jsonschema-4.26.0-py3-none-any.whl.metadata (7.6 kB)
2026-10-07T03:24:00.0876069Z Collecting referencing<1,>=0.37 (from tldw_chatbook==0.2.3)
2026-10-07T03:24:00.0884414Z   Using cached referencing-0.37.0-py3-none-any.whl.metadata (2.8 kB)
2026-10-07T03:24:00.1074961Z Collecting rfc8785==0.1.4 (from tldw_chatbook==0.2.3)
2026-10-07T03:24:00.1081858Z   Using cached rfc8785-0.1.4-py3-none-any.whl.metadata (3.4 kB)
2026-10-07T03:24:00.2357670Z Collecting cryptography (from tldw_chatbook==0.2.3)
2026-10-07T03:24:00.2367745Z   Using cached cryptography-50.0.2-cp311-abi3-manylinux_2_34_x86_64.whl.metadata (4.4 kB)
2026-10-07T03:24:00.2679220Z Collecting portalocker==3.2.0 (from tldw_chatbook==0.2.3)
2026-10-07T03:24:00.2686638Z   Using cached portalocker-3.2.0-py3-none-any.whl.metadata (8.7 kB)
2026-10-07T03:24:00.3922332Z Collecting psutil (from tldw_chatbook==0.2.3)
2026-10-07T03:24:00.3931917Z   Using cached psutil-7.2.2-cp36-abi3-manylinux2010_x86_64.manylinux_2_12_x86_64.manylinux_2_28_x86_64.whl.metadata (22 kB)
2026-10-07T03:24:00.4261609Z Collecting toml (from tldw_chatbook==0.2.3)
2026-10-07T03:24:00.4269629Z   Using cached toml-0.10.2-py2.py3-none-any.whl.metadata (7.1 kB)
2026-10-07T03:24:00.5076455Z Collecting pyperclip (from tldw_chatbook==0.2.3)
2026-10-07T03:24:00.5084890Z   Using cached pyperclip-1.11.0-py3-none-any.whl.metadata (2.4 kB)
2026-10-07T03:24:00.5694008Z Collecting emoji (from tldw_chatbook==0.2.3)
2026-10-07T03:24:00.5702837Z   Using cached emoji-2.16.0-py3-none-any.whl.metadata (5.7 kB)
2026-10-07T03:24:00.6395252Z Collecting jinja2 (from tldw_chatbook==0.2.3)
2026-10-07T03:24:00.6404196Z   Using cached jinja2-3.1.6-py3-none-any.whl.metadata (2.9 kB)
2026-10-07T03:24:00.7101786Z Collecting pycryptodomex (from tldw_chatbook==0.2.3)
2026-10-07T03:24:00.7111526Z   Using cached pycryptodomex-3.24.0-cp37-abi3-manylinux2014_x86_64.manylinux_2_17_x86_64.whl.metadata (3.4 kB)
2026-10-07T03:24:00.7362116Z Collecting keyring (from tldw_chatbook==0.2.3)
2026-10-07T03:24:00.7370742Z   Using cached keyring-25.7.0-py3-none-any.whl.metadata (21 kB)
2026-10-07T03:24:00.8299014Z Collecting markdownify (from tldw_chatbook==0.2.3)
2026-10-07T03:24:00.8307574Z   Using cached markdownify-1.2.3-py3-none-any.whl.metadata (9.9 kB)
2026-10-07T03:24:00.8484652Z Collecting aiofiles (from tldw_chatbook==0.2.3)
2026-10-07T03:24:00.8491416Z   Using cached aiofiles-25.1.0-py3-none-any.whl.metadata (6.3 kB)
2026-10-07T03:24:00.8803882Z Collecting croniter>=1.4.0 (from tldw_chatbook==0.2.3)
2026-10-07T03:24:00.8817648Z   Using cached croniter-6.2.4-py3-none-any.whl.metadata (23 kB)
2026-10-07T03:24:00.8991399Z Collecting textual-image (from tldw_chatbook==0.2.3)
2026-10-07T03:24:00.8998537Z   Using cached textual_image-0.14.1-py3-none-any.whl.metadata (14 kB)
2026-10-07T03:24:00.9507278Z Collecting tiktoken==0.14.0 (from tldw_chatbook==0.2.3)
2026-10-07T03:24:00.9515327Z   Using cached tiktoken-0.14.0-cp312-cp312-manylinux_2_28_x86_64.whl.metadata (6.7 kB)
2026-10-07T03:24:00.9855439Z Collecting defusedxml (from tldw_chatbook==0.2.3)
2026-10-07T03:24:00.9862574Z   Using cached defusedxml-0.7.1-py2.py3-none-any.whl.metadata (32 kB)
2026-10-07T03:24:01.0153977Z Collecting html5lib<2,>=1.1 (from tldw_chatbook==0.2.3)
2026-10-07T03:24:01.0161255Z   Using cached html5lib-1.1-py2.py3-none-any.whl.metadata (16 kB)
2026-10-07T03:24:01.0595315Z Collecting tinycss2<2,>=1.4 (from tldw_chatbook==0.2.3)
2026-10-07T03:24:01.0602855Z   Using cached tinycss2-1.5.1-py3-none-any.whl.metadata (3.0 kB)
2026-10-07T03:24:01.3556665Z Collecting aiohttp<4,>=3.9 (from tldw_chatbook==0.2.3)
2026-10-07T03:24:01.3567204Z   Using cached aiohttp-3.14.4-cp312-cp312-manylinux2014_x86_64.manylinux_2_17_x86_64.manylinux_2_28_x86_64.whl.metadata (8.3 kB)
2026-10-07T03:24:01.4124275Z Collecting sherpa-onnx<2,>=1.13 (from tldw_chatbook==0.2.3)
2026-10-07T03:24:01.4132513Z   Using cached sherpa_onnx-1.13.8-cp312-cp312-manylinux2014_x86_64.manylinux_2_17_x86_64.whl.metadata (53 kB)
2026-10-07T03:24:01.5227201Z Collecting numpy (from tldw_chatbook==0.2.3)
2026-10-07T03:24:01.5237004Z   Using cached numpy-2.5.3-cp312-cp312-manylinux_2_27_x86_64.manylinux_2_28_x86_64.whl.metadata (6.6 kB)
2026-10-07T03:24:01.5906396Z Collecting markdown-it-py>=2.1.0 (from markdown-it-py[linkify]>=2.1.0->textual==8.2.8->tldw_chatbook==0.2.3)
2026-10-07T03:24:01.5913734Z   Using cached markdown_it_py-4.2.0-py3-none-any.whl.metadata (7.4 kB)
2026-10-07T03:24:01.6099967Z Collecting mdit-py-plugins (from textual==8.2.8->tldw_chatbook==0.2.3)
2026-10-07T03:24:01.6107276Z   Using cached mdit_py_plugins-0.6.1-py3-none-any.whl.metadata (2.9 kB)
2026-10-07T03:24:01.6320274Z Collecting platformdirs<5,>=3.6.0 (from textual==8.2.8->tldw_chatbook==0.2.3)
2026-10-07T03:24:01.6327849Z   Using cached platformdirs-4.12.3-py3-none-any.whl.metadata (5.5 kB)
2026-10-07T03:24:01.6451782Z Collecting pygments<3.0.0,>=2.19.2 (from textual==8.2.8->tldw_chatbook==0.2.3)
2026-10-07T03:24:01.6459101Z   Using cached pygments-2.21.0-py3-none-any.whl.metadata (2.5 kB)
2026-10-07T03:24:01.6587246Z Collecting typing-extensions<5.0.0,>=4.4.0 (from textual==8.2.8->tldw_chatbook==0.2.3)
2026-10-07T03:24:01.6594507Z   Using cached typing_extensions-4.16.0-py3-none-any.whl.metadata (3.3 kB)
2026-10-07T03:24:01.6800803Z Collecting aiohappyeyeballs>=2.5.0 (from aiohttp<4,>=3.9->tldw_chatbook==0.2.3)
2026-10-07T03:24:01.6808183Z   Using cached aiohappyeyeballs-2.7.1-py3-none-any.whl.metadata (5.9 kB)
2026-10-07T03:24:01.6902921Z Collecting aiosignal>=1.4.0 (from aiohttp<4,>=3.9->tldw_chatbook==0.2.3)
2026-10-07T03:24:01.6910054Z   Using cached aiosignal-1.4.0-py3-none-any.whl.metadata (3.7 kB)
2026-10-07T03:24:01.7017204Z Collecting attrs>=17.3.0 (from aiohttp<4,>=3.9->tldw_chatbook==0.2.3)
2026-10-07T03:24:01.7024491Z   Using cached attrs-26.1.0-py3-none-any.whl.metadata (8.8 kB)
2026-10-07T03:24:01.7362828Z Collecting frozenlist>=1.1.1 (from aiohttp<4,>=3.9->tldw_chatbook==0.2.3)
2026-10-07T03:24:01.7370405Z   Using cached frozenlist-1.8.0-cp312-cp312-manylinux1_x86_64.manylinux_2_28_x86_64.manylinux_2_5_x86_64.whl.metadata (20 kB)
2026-10-07T03:24:01.8563573Z Collecting multidict<7.0,>=4.5 (from aiohttp<4,>=3.9->tldw_chatbook==0.2.3)
2026-10-07T03:24:01.8573442Z   Using cached multidict-6.9.1-cp312-cp312-manylinux2014_x86_64.manylinux_2_17_x86_64.manylinux_2_28_x86_64.whl.metadata (5.3 kB)
2026-10-07T03:24:01.8927608Z Collecting propcache>=0.2.0 (from aiohttp<4,>=3.9->tldw_chatbook==0.2.3)
2026-10-07T03:24:01.8935478Z   Using cached propcache-0.5.4-cp312-cp312-manylinux2014_x86_64.manylinux_2_17_x86_64.manylinux_2_28_x86_64.whl.metadata (25 kB)
2026-10-07T03:24:02.0155187Z Collecting yarl<2.0,>=1.25.1 (from aiohttp<4,>=3.9->tldw_chatbook==0.2.3)
2026-10-07T03:24:02.0165531Z   Using cached yarl-1.25.1-cp312-cp312-manylinux2014_x86_64.manylinux_2_17_x86_64.manylinux_2_28_x86_64.whl.metadata (111 kB)
2026-10-07T03:24:02.0697560Z Collecting six>=1.9 (from html5lib<2,>=1.1->tldw_chatbook==0.2.3)
2026-10-07T03:24:02.0706414Z   Using cached six-1.17.0-py2.py3-none-any.whl.metadata (1.7 kB)
2026-10-07T03:24:02.0802470Z Collecting webencodings (from html5lib<2,>=1.1->tldw_chatbook==0.2.3)
2026-10-07T03:24:02.0809944Z   Using cached webencodings-0.6.1-py3-none-any.whl.metadata (3.4 kB)
2026-10-07T03:24:02.0932994Z Collecting jsonschema-specifications>=2023.03.6 (from jsonschema<5,>=4.26->tldw_chatbook==0.2.3)
2026-10-07T03:24:02.0940612Z   Using cached jsonschema_specifications-2025.9.1-py3-none-any.whl.metadata (2.9 kB)
2026-10-07T03:24:02.2309120Z Collecting rpds-py>=0.25.0 (from jsonschema<5,>=4.26->tldw_chatbook==0.2.3)
2026-10-07T03:24:02.2319295Z   Using cached rpds_py-2026.9.1-cp312-cp312-manylinux_2_17_x86_64.manylinux2014_x86_64.whl.metadata (4.1 kB)
2026-10-07T03:24:02.2467753Z Collecting annotated-types>=0.6.0 (from pydantic<3,>=2.4->tldw_chatbook==0.2.3)
2026-10-07T03:24:02.2475407Z   Using cached annotated_types-0.8.0-py3-none-any.whl.metadata (15 kB)
2026-10-07T03:24:02.6409409Z Collecting pydantic-core==2.46.5 (from pydantic<3,>=2.4->tldw_chatbook==0.2.3)
2026-10-07T03:24:02.6420554Z   Using cached pydantic_core-2.46.5-cp312-cp312-manylinux_2_17_x86_64.manylinux2014_x86_64.whl.metadata (6.6 kB)
2026-10-07T03:24:02.6528371Z Collecting typing-inspection>=0.4.2 (from pydantic<3,>=2.4->tldw_chatbook==0.2.3)
2026-10-07T03:24:02.6536243Z   Using cached typing_inspection-0.4.4-py3-none-any.whl.metadata (2.6 kB)
2026-10-07T03:24:02.6751919Z Collecting sherpa-onnx-core==1.13.8 (from sherpa-onnx<2,>=1.13->tldw_chatbook==0.2.3)
2026-10-07T03:24:02.6759449Z   Using cached sherpa_onnx_core-1.13.8-py3-none-manylinux2014_x86_64.whl.metadata (628 bytes)
2026-10-07T03:24:02.6886964Z Collecting idna>=2.0 (from yarl<2.0,>=1.25.1->aiohttp<4,>=3.9->tldw_chatbook==0.2.3)
2026-10-07T03:24:02.6894261Z   Using cached idna-3.20-py3-none-any.whl.metadata (7.2 kB)
2026-10-07T03:24:02.7030893Z Collecting iniconfig>=1.0.1 (from pytest)
2026-10-07T03:24:02.7627332Z   Downloading iniconfig-2.3.1-py3-none-any.whl.metadata (2.8 kB)
2026-10-07T03:24:02.7745035Z Collecting pluggy<2,>=1.5 (from pytest)
2026-10-07T03:24:02.7753071Z   Using cached pluggy-1.6.0-py3-none-any.whl.metadata (4.8 kB)
2026-10-07T03:24:02.7927981Z Collecting python-dateutil (from croniter>=1.4.0->tldw_chatbook==0.2.3)
2026-10-07T03:24:02.7935364Z   Using cached python_dateutil-2.9.0.post0-py2.py3-none-any.whl.metadata (8.4 kB)
2026-10-07T03:24:02.8060341Z Collecting mdurl~=0.1 (from markdown-it-py>=2.1.0->markdown-it-py[linkify]>=2.1.0->textual==8.2.8->tldw_chatbook==0.2.3)
2026-10-07T03:24:02.8067437Z   Using cached mdurl-0.1.2-py3-none-any.whl.metadata (1.6 kB)
2026-10-07T03:24:02.8172286Z Collecting linkify-it-py<3,>=1 (from markdown-it-py[linkify]>=2.1.0->textual==8.2.8->tldw_chatbook==0.2.3)
2026-10-07T03:24:02.8179493Z   Using cached linkify_it_py-2.2.0-py3-none-any.whl.metadata (8.6 kB)
2026-10-07T03:24:02.8763164Z Collecting cffi>=2.0.0 (from cryptography->tldw_chatbook==0.2.3)
2026-10-07T03:24:02.8770907Z   Using cached cffi-2.1.1-cp312-cp312-manylinux2014_x86_64.manylinux_2_17_x86_64.whl.metadata (2.5 kB)
2026-10-07T03:24:02.8872552Z Collecting pycparser (from cffi>=2.0.0->cryptography->tldw_chatbook==0.2.3)
2026-10-07T03:24:02.8879802Z   Using cached pycparser-3.0-py3-none-any.whl.metadata (8.2 kB)
2026-10-07T03:24:02.9020868Z Collecting anyio (from httpx->tldw_chatbook==0.2.3)
2026-10-07T03:24:02.9028156Z   Using cached anyio-4.15.1-py3-none-any.whl.metadata (4.7 kB)
2026-10-07T03:24:02.9158458Z Collecting certifi (from httpx->tldw_chatbook==0.2.3)
2026-10-07T03:24:02.9165640Z   Using cached certifi-2026.7.22-py3-none-any.whl.metadata (2.5 kB)
2026-10-07T03:24:02.9280231Z Collecting httpcore==1.* (from httpx->tldw_chatbook==0.2.3)
2026-10-07T03:24:02.9288095Z   Using cached httpcore-1.0.9-py3-none-any.whl.metadata (21 kB)
2026-10-07T03:24:02.9489172Z Collecting h11>=0.16 (from httpcore==1.*->httpx->tldw_chatbook==0.2.3)
2026-10-07T03:24:02.9496217Z   Using cached h11-0.16.0-py3-none-any.whl.metadata (8.3 kB)
2026-10-07T03:24:02.9827566Z Collecting MarkupSafe>=2.0 (from jinja2->tldw_chatbook==0.2.3)
2026-10-07T03:24:02.9836377Z   Using cached markupsafe-3.0.4-cp312-cp312-manylinux2014_x86_64.manylinux_2_17_x86_64.manylinux_2_28_x86_64.whl.metadata (2.7 kB)
2026-10-07T03:24:02.9944468Z Collecting SecretStorage>=3.2 (from keyring->tldw_chatbook==0.2.3)
2026-10-07T03:24:02.9951765Z   Using cached secretstorage-3.5.0-py3-none-any.whl.metadata (4.0 kB)
2026-10-07T03:24:03.0053499Z Collecting jeepney>=0.4.2 (from keyring->tldw_chatbook==0.2.3)
2026-10-07T03:24:03.0060888Z   Using cached jeepney-0.9.0-py3-none-any.whl.metadata (1.2 kB)
2026-10-07T03:24:03.0164093Z Collecting jaraco.classes (from keyring->tldw_chatbook==0.2.3)
2026-10-07T03:24:03.0171764Z   Using cached jaraco.classes-3.4.0-py3-none-any.whl.metadata (2.6 kB)
2026-10-07T03:24:03.0297008Z Collecting jaraco.functools (from keyring->tldw_chatbook==0.2.3)
2026-10-07T03:24:03.0304617Z   Using cached jaraco_functools-4.6.0-py3-none-any.whl.metadata (2.9 kB)
2026-10-07T03:24:03.0420419Z Collecting jaraco.context (from keyring->tldw_chatbook==0.2.3)
2026-10-07T03:24:03.0427804Z   Using cached jaraco_context-6.1.2-py3-none-any.whl.metadata (4.2 kB)
2026-10-07T03:24:03.0640323Z Collecting more-itertools (from jaraco.classes->keyring->tldw_chatbook==0.2.3)
2026-10-07T03:24:03.0648182Z   Using cached more_itertools-11.1.0-py3-none-any.whl.metadata (41 kB)
2026-10-07T03:24:03.0822900Z Collecting beautifulsoup4<5,>=4.9 (from markdownify->tldw_chatbook==0.2.3)
2026-10-07T03:24:03.0830288Z   Using cached beautifulsoup4-4.15.0-py3-none-any.whl.metadata (3.8 kB)
2026-10-07T03:24:03.0967202Z Collecting soupsieve>=1.6.1 (from beautifulsoup4<5,>=4.9->markdownify->tldw_chatbook==0.2.3)
2026-10-07T03:24:03.0974453Z   Using cached soupsieve-2.10-py3-none-any.whl.metadata (4.4 kB)
2026-10-07T03:24:03.1992998Z Collecting charset_normalizer<4,>=2 (from requests->tldw_chatbook==0.2.3)
2026-10-07T03:24:03.2002912Z   Using cached charset_normalizer-3.5.2-cp312-cp312-manylinux2014_x86_64.manylinux_2_17_x86_64.manylinux_2_28_x86_64.whl.metadata (46 kB)
2026-10-07T03:24:03.2705947Z Collecting urllib3<3,>=1.26 (from requests->tldw_chatbook==0.2.3)
2026-10-07T03:24:03.2715017Z   Using cached urllib3-2.8.0-py3-none-any.whl.metadata (7.4 kB)
2026-10-07T03:24:03.2784735Z Using cached portalocker-3.2.0-py3-none-any.whl (22 kB)
2026-10-07T03:24:03.2791591Z Using cached pyte-0.8.2-py3-none-any.whl (31 kB)
2026-10-07T03:24:03.2799037Z Using cached regex-2026.4.4-cp312-cp312-manylinux2014_x86_64.manylinux_2_17_x86_64.manylinux_2_28_x86_64.whl (801 kB)
2026-10-07T03:24:03.2807774Z Using cached rfc8785-0.1.4-py3-none-any.whl (9.2 kB)
2026-10-07T03:24:03.2814465Z Using cached textual-8.2.8-py3-none-any.whl (731 kB)
2026-10-07T03:24:03.2822872Z Using cached textual_diff_view-0.1.5-py3-none-any.whl (25 kB)
2026-10-07T03:24:03.2829491Z Using cached tiktoken-0.14.0-cp312-cp312-manylinux_2_28_x86_64.whl (1.2 MB)
2026-10-07T03:24:03.2839199Z Using cached aiohttp-3.14.4-cp312-cp312-manylinux2014_x86_64.manylinux_2_17_x86_64.manylinux_2_28_x86_64.whl (1.9 MB)
2026-10-07T03:24:03.2850462Z Using cached chardet-5.2.0-py3-none-any.whl (199 kB)
2026-10-07T03:24:03.2857373Z Using cached html5lib-1.1-py2.py3-none-any.whl (112 kB)
2026-10-07T03:24:03.2864261Z Using cached jsonschema-4.26.0-py3-none-any.whl (90 kB)
2026-10-07T03:24:03.2870942Z Using cached multidict-6.9.1-cp312-cp312-manylinux2014_x86_64.manylinux_2_17_x86_64.manylinux_2_28_x86_64.whl (336 kB)
2026-10-07T03:24:03.2878300Z Using cached platformdirs-4.12.3-py3-none-any.whl (32 kB)
2026-10-07T03:24:03.2884635Z Using cached pydantic-2.13.5-py3-none-any.whl (472 kB)
2026-10-07T03:24:03.2892937Z Using cached pydantic_core-2.46.5-cp312-cp312-manylinux_2_17_x86_64.manylinux2014_x86_64.whl (2.1 MB)
2026-10-07T03:24:03.2903318Z Using cached pygments-2.21.0-py3-none-any.whl (1.3 MB)
2026-10-07T03:24:03.2912452Z Using cached referencing-0.37.0-py3-none-any.whl (26 kB)
2026-10-07T03:24:03.2919061Z Using cached sherpa_onnx-1.13.8-cp312-cp312-manylinux2014_x86_64.manylinux_2_17_x86_64.whl (4.4 MB)
2026-10-07T03:24:03.2937376Z Using cached sherpa_onnx_core-1.13.8-py3-none-manylinux2014_x86_64.whl (10.6 MB)
2026-10-07T03:24:03.2968047Z Using cached tinycss2-1.5.1-py3-none-any.whl (28 kB)
2026-10-07T03:24:03.2974295Z Using cached typing_extensions-4.16.0-py3-none-any.whl (45 kB)
2026-10-07T03:24:03.2980818Z Using cached wcwidth-0.9.2-cp310-abi3-manylinux2014_x86_64.manylinux_2_17_x86_64.whl (769 kB)
2026-10-07T03:24:03.2989057Z Using cached yarl-1.25.1-cp312-cp312-manylinux2014_x86_64.manylinux_2_17_x86_64.manylinux_2_28_x86_64.whl (117 kB)
2026-10-07T03:24:03.2995600Z Using cached pytest-9.1.1-py3-none-any.whl (386 kB)
2026-10-07T03:24:03.3002837Z Using cached pluggy-1.6.0-py3-none-any.whl (20 kB)
2026-10-07T03:24:03.3009084Z Using cached pytest_asyncio-1.4.0-py3-none-any.whl (16 kB)
2026-10-07T03:24:03.3015494Z Using cached pytest_timeout-2.4.0-py3-none-any.whl (14 kB)
2026-10-07T03:24:03.3021610Z Using cached packaging-26.3-py3-none-any.whl (129 kB)
2026-10-07T03:24:03.3028216Z Using cached aiohappyeyeballs-2.7.1-py3-none-any.whl (15 kB)
2026-10-07T03:24:03.3034425Z Using cached aiosignal-1.4.0-py3-none-any.whl (7.5 kB)
2026-10-07T03:24:03.3040610Z Using cached annotated_types-0.8.0-py3-none-any.whl (13 kB)
2026-10-07T03:24:03.3046928Z Using cached attrs-26.1.0-py3-none-any.whl (67 kB)
2026-10-07T03:24:03.3053176Z Using cached croniter-6.2.4-py3-none-any.whl (46 kB)
2026-10-07T03:24:03.3059861Z Using cached frozenlist-1.8.0-cp312-cp312-manylinux1_x86_64.manylinux_2_28_x86_64.manylinux_2_5_x86_64.whl (242 kB)
2026-10-07T03:24:03.3066599Z Using cached idna-3.20-py3-none-any.whl (69 kB)
2026-10-07T03:24:03.3134608Z Downloading iniconfig-2.3.1-py3-none-any.whl (7.6 kB)
2026-10-07T03:24:03.3168746Z Using cached jsonschema_specifications-2025.9.1-py3-none-any.whl (18 kB)
2026-10-07T03:24:03.3175285Z Using cached markdown_it_py-4.2.0-py3-none-any.whl (91 kB)
2026-10-07T03:24:03.3181736Z Using cached mdurl-0.1.2-py3-none-any.whl (10.0 kB)
2026-10-07T03:24:03.3188285Z Using cached linkify_it_py-2.2.0-py3-none-any.whl (21 kB)
2026-10-07T03:24:03.3194935Z Using cached pillow-12.3.0-cp312-cp312-manylinux_2_27_x86_64.manylinux_2_28_x86_64.whl (6.9 MB)
2026-10-07T03:24:03.3218689Z Using cached propcache-0.5.4-cp312-cp312-manylinux2014_x86_64.manylinux_2_17_x86_64.manylinux_2_28_x86_64.whl (250 kB)
2026-10-07T03:24:03.3225551Z Using cached rich-15.0.0-py3-none-any.whl (310 kB)
2026-10-07T03:24:03.3232455Z Using cached rich_pixels-3.0.1-py3-none-any.whl (6.0 kB)
2026-10-07T03:24:03.3238986Z Using cached rpds_py-2026.9.1-cp312-cp312-manylinux_2_17_x86_64.manylinux2014_x86_64.whl (371 kB)
2026-10-07T03:24:03.3246406Z Using cached six-1.17.0-py2.py3-none-any.whl (11 kB)
2026-10-07T03:24:03.3252756Z Using cached typing_inspection-0.4.4-py3-none-any.whl (14 kB)
2026-10-07T03:24:03.3259003Z Using cached webencodings-0.6.1-py3-none-any.whl (8.7 kB)
2026-10-07T03:24:03.3265307Z Using cached aiofiles-25.1.0-py3-none-any.whl (14 kB)
2026-10-07T03:24:03.3271669Z Using cached cryptography-50.0.2-cp311-abi3-manylinux_2_34_x86_64.whl (4.8 MB)
2026-10-07T03:24:03.3288831Z Using cached cffi-2.1.1-cp312-cp312-manylinux2014_x86_64.manylinux_2_17_x86_64.whl (221 kB)
2026-10-07T03:24:03.3295631Z Using cached defusedxml-0.7.1-py2.py3-none-any.whl (25 kB)
2026-10-07T03:24:03.3301820Z Using cached emoji-2.16.0-py3-none-any.whl (610 kB)
2026-10-07T03:24:03.3309522Z Using cached httpx-0.28.1-py3-none-any.whl (73 kB)
2026-10-07T03:24:03.3316008Z Using cached httpcore-1.0.9-py3-none-any.whl (78 kB)
2026-10-07T03:24:03.3322361Z Using cached h11-0.16.0-py3-none-any.whl (37 kB)
2026-10-07T03:24:03.3328717Z Using cached anyio-4.15.1-py3-none-any.whl (132 kB)
2026-10-07T03:24:03.3335303Z Using cached certifi-2026.7.22-py3-none-any.whl (136 kB)
2026-10-07T03:24:03.3341736Z Using cached jinja2-3.1.6-py3-none-any.whl (134 kB)
2026-10-07T03:24:03.3348560Z Using cached markupsafe-3.0.4-cp312-cp312-manylinux2014_x86_64.manylinux_2_17_x86_64.manylinux_2_28_x86_64.whl (22 kB)
2026-10-07T03:24:03.3354782Z Using cached keyring-25.7.0-py3-none-any.whl (39 kB)
2026-10-07T03:24:03.3360944Z Using cached jeepney-0.9.0-py3-none-any.whl (49 kB)
2026-10-07T03:24:03.3367676Z Using cached secretstorage-3.5.0-py3-none-any.whl (15 kB)
2026-10-07T03:24:03.3374077Z Using cached jaraco.classes-3.4.0-py3-none-any.whl (6.8 kB)
2026-10-07T03:24:03.3380030Z Using cached jaraco_context-6.1.2-py3-none-any.whl (7.9 kB)
2026-10-07T03:24:03.3386350Z Using cached jaraco_functools-4.6.0-py3-none-any.whl (11 kB)
2026-10-07T03:24:03.3392394Z Using cached loguru-0.7.3-py3-none-any.whl (61 kB)
2026-10-07T03:24:03.3398797Z Using cached markdownify-1.2.3-py3-none-any.whl (15 kB)
2026-10-07T03:24:03.3405185Z Using cached beautifulsoup4-4.15.0-py3-none-any.whl (109 kB)
2026-10-07T03:24:03.3411497Z Using cached soupsieve-2.10-py3-none-any.whl (38 kB)
2026-10-07T03:24:03.3417838Z Using cached mdit_py_plugins-0.6.1-py3-none-any.whl (66 kB)
2026-10-07T03:24:03.3424161Z Using cached more_itertools-11.1.0-py3-none-any.whl (72 kB)
2026-10-07T03:24:03.3430555Z Using cached numpy-2.5.3-cp312-cp312-manylinux_2_27_x86_64.manylinux_2_28_x86_64.whl (16.7 MB)
2026-10-07T03:24:03.3476359Z Using cached psutil-7.2.2-cp36-abi3-manylinux2010_x86_64.manylinux_2_12_x86_64.manylinux_2_28_x86_64.whl (155 kB)
2026-10-07T03:24:03.3483021Z Using cached pycparser-3.0-py3-none-any.whl (48 kB)
2026-10-07T03:24:03.3490137Z Using cached pycryptodomex-3.24.0-cp37-abi3-manylinux2014_x86_64.manylinux_2_17_x86_64.whl (2.3 MB)
2026-10-07T03:24:03.3502454Z Using cached pyperclip-1.11.0-py3-none-any.whl (11 kB)
2026-10-07T03:24:03.3508824Z Using cached python_dateutil-2.9.0.post0-py2.py3-none-any.whl (229 kB)
2026-10-07T03:24:03.3516031Z Using cached pyyaml-6.0.3-cp312-cp312-manylinux2014_x86_64.manylinux_2_17_x86_64.manylinux_2_28_x86_64.whl (807 kB)
2026-10-07T03:24:03.3524270Z Using cached requests-2.34.2-py3-none-any.whl (73 kB)
2026-10-07T03:24:03.3530803Z Using cached charset_normalizer-3.5.2-cp312-cp312-manylinux2014_x86_64.manylinux_2_17_x86_64.manylinux_2_28_x86_64.whl (257 kB)
2026-10-07T03:24:03.3537657Z Using cached urllib3-2.8.0-py3-none-any.whl (135 kB)
2026-10-07T03:24:03.3544515Z Using cached textual_image-0.14.1-py3-none-any.whl (183 kB)
2026-10-07T03:24:03.3551119Z Using cached toml-0.10.2-py2.py3-none-any.whl (16 kB)
2026-10-07T03:24:03.5009878Z Building wheels for collected packages: tldw_chatbook
2026-10-07T03:24:03.5016378Z   Building editable for tldw_chatbook (pyproject.toml): started
2026-10-07T03:24:03.8548089Z   Building editable for tldw_chatbook (pyproject.toml): finished with status 'done'
2026-10-07T03:24:03.8551524Z   Created wheel for tldw_chatbook: filename=tldw_chatbook-0.2.3-0.editable-py3-none-any.whl size=29155 sha256=11db3e6ae3b1ddc57e7422b6be8e435fd239b2b382a8f13385a5f951ee2e4f3c
2026-10-07T03:24:03.8552448Z   Stored in directory: /tmp/pip-ephem-wheel-cache-2mu3pfdb/wheels/24/4b/39/86b9fd25be7c432a62d8b220df51cdb18f8f5b9d989fcea420
2026-10-07T03:24:03.8585983Z Successfully built tldw_chatbook
2026-10-07T03:24:03.9405328Z Installing collected packages: sherpa-onnx-core, pyperclip, webencodings, wcwidth, urllib3, typing-extensions, toml, soupsieve, six, sherpa-onnx, rpds-py, rfc8785, regex, PyYAML, pygments, pycryptodomex, pycparser, psutil, propcache, portalocker, pluggy, platformdirs, pillow, packaging, numpy, multidict, more-itertools, mdurl, MarkupSafe, loguru, linkify-it-py, jeepney, jaraco.context, iniconfig, idna, h11, frozenlist, emoji, defusedxml, charset_normalizer, chardet, certifi, attrs, annotated-types, aiohappyeyeballs, aiofiles, yarl, typing-inspection, tinycss2, requests, referencing, python-dateutil, pytest, pyte, pydantic-core, markdown-it-py, jinja2, jaraco.functools, jaraco.classes, httpcore, html5lib, cffi, beautifulsoup4, anyio, aiosignal, tiktoken, rich, pytest-timeout, pytest-asyncio, pydantic, mdit-py-plugins, markdownify, jsonschema-specifications, httpx, cryptography, croniter, aiohttp, textual-image, textual, SecretStorage, rich-pixels, jsonschema, textual-diff-view, keyring, tldw_chatbook
2026-10-07T03:24:09.4149302Z
2026-10-07T03:24:09.4188938Z Successfully installed MarkupSafe-3.0.4 PyYAML-6.0.3 SecretStorage-3.5.0 aiofiles-25.1.0 aiohappyeyeballs-2.7.1 aiohttp-3.14.4 aiosignal-1.4.0 annotated-types-0.8.0 anyio-4.15.1 attrs-26.1.0 beautifulsoup4-4.15.0 certifi-2026.7.22 cffi-2.1.1 chardet-5.2.0 charset_normalizer-3.5.2 croniter-6.2.4 cryptography-50.0.2 defusedxml-0.7.1 emoji-2.16.0 frozenlist-1.8.0 h11-0.16.0 html5lib-1.1 httpcore-1.0.9 httpx-0.28.1 idna-3.20 iniconfig-2.3.1 jaraco.classes-3.4.0 jaraco.context-6.1.2 jaraco.functools-4.6.0 jeepney-0.9.0 jinja2-3.1.6 jsonschema-4.26.0 jsonschema-specifications-2025.9.1 keyring-25.7.0 linkify-it-py-2.2.0 loguru-0.7.3 markdown-it-py-4.2.0 markdownify-1.2.3 mdit-py-plugins-0.6.1 mdurl-0.1.2 more-itertools-11.1.0 multidict-6.9.1 numpy-2.5.3 packaging-26.3 pillow-12.3.0 platformdirs-4.12.3 pluggy-1.6.0 portalocker-3.2.0 propcache-0.5.4 psutil-7.2.2 pycparser-3.0 pycryptodomex-3.24.0 pydantic-2.13.5 pydantic-core-2.46.5 pygments-2.21.0 pyperclip-1.11.0 pyte-0.8.2 pytest-9.1.1 pytest-asyncio-1.4.0 pytest-timeout-2.4.0 python-dateutil-2.9.0.post0 referencing-0.37.0 regex-2026.4.4 requests-2.34.2 rfc8785-0.1.4 rich-15.0.0 rich-pixels-3.0.1 rpds-py-2026.9.1 sherpa-onnx-1.13.8 sherpa-onnx-core-1.13.8 six-1.17.0 soupsieve-2.10 textual-8.2.8 textual-diff-view-0.1.5 textual-image-0.14.1 tiktoken-0.14.0 tinycss2-1.5.1 tldw_chatbook-0.2.3 toml-0.10.2 typing-extensions-4.16.0 typing-inspection-0.4.4 urllib3-2.8.0 wcwidth-0.9.2 webencodings-0.6.1 yarl-1.25.1
2026-10-07T03:24:09.6187992Z ##[group]Run # Census order is the run order; see the checker for why it may not
2026-10-07T03:24:09.6188303Z [36;1m# Census order is the run order; see the checker for why it may not[0m
2026-10-07T03:24:09.6188559Z [36;1m# silently shrink. Written to a file first so a failing checker fails[0m
2026-10-07T03:24:09.6188799Z [36;1m# the step (bash -e) instead of yielding an empty list.[0m
2026-10-07T03:24:09.6189013Z [36;1mpython scripts/check_ui_pr_gate_census.py --shard \[0m
2026-10-07T03:24:09.6189186Z [36;1m  "3" "4" \[0m
2026-10-07T03:24:09.6189321Z [36;1m  > "$RUNNER_TEMP/ui-shard.txt"[0m
2026-10-07T03:24:09.6189493Z [36;1mmapfile -t SHARD < "$RUNNER_TEMP/ui-shard.txt"[0m
2026-10-07T03:24:09.6189706Z [36;1m# An empty shard would make bare `pytest` collect the whole tree.[0m
2026-10-07T03:24:09.6189910Z [36;1mtest "${#SHARD[@]}" -gt 0[0m
2026-10-07T03:24:09.6190094Z [36;1mecho "Gating shard $(( 3 + 1 ))/4: ${#SHARD[@]} Tests/UI files."[0m
2026-10-07T03:24:09.6190316Z [36;1mpytest "${SHARD[@]}" \[0m
2026-10-07T03:24:09.6190453Z [36;1m  --timeout=180 \[0m
2026-10-07T03:24:09.6190581Z [36;1m  --tb=short[0m
2026-10-07T03:24:09.6257250Z shell: /usr/bin/bash -e {0}
2026-10-07T03:24:09.6257391Z env:
2026-10-07T03:24:09.6257548Z   pythonLocation: /opt/hostedtoolcache/Python/3.12.15/x64
2026-10-07T03:24:09.6257807Z   PKG_CONFIG_PATH: /opt/hostedtoolcache/Python/3.12.15/x64/lib/pkgconfig
2026-10-07T03:24:09.6258034Z   Python_ROOT_DIR: /opt/hostedtoolcache/Python/3.12.15/x64
2026-10-07T03:24:09.6258238Z   Python2_ROOT_DIR: /opt/hostedtoolcache/Python/3.12.15/x64
2026-10-07T03:24:09.6258456Z   Python3_ROOT_DIR: /opt/hostedtoolcache/Python/3.12.15/x64
2026-10-07T03:24:09.6258662Z   LD_LIBRARY_PATH: /opt/hostedtoolcache/Python/3.12.15/x64/lib
2026-10-07T03:24:09.6258843Z ##[endgroup]
2026-10-07T03:24:09.6509014Z Gating shard 4/4: 38 Tests/UI files.
2026-10-07T03:24:35.4459130Z ============================= test session starts ==============================
2026-10-07T03:24:35.4459636Z platform linux -- Python 3.12.15, pytest-9.1.1, pluggy-1.6.0
2026-10-07T03:24:35.4459993Z rootdir: /home/runner/work/tldw_chatbook/tldw_chatbook
2026-10-07T03:24:35.4460304Z configfile: pyproject.toml
2026-10-07T03:24:35.4460630Z plugins: asyncio-1.4.0, timeout-2.4.0, platformdirs-4.12.3, anyio-4.15.1
2026-10-07T03:24:35.4461167Z asyncio: mode=Mode.AUTO, debug=False, asyncio_default_fixture_loop_scope=None, asyncio_default_test_loop_scope=function
2026-10-07T03:24:35.4461609Z timeout: 180.0s
2026-10-07T03:24:35.4461799Z timeout method: signal
2026-10-07T03:24:35.4461990Z timeout func_only: False
2026-10-07T03:24:35.4462186Z collected 241 items
2026-10-07T03:24:35.4462308Z
2026-10-07T03:24:45.7756322Z Tests/UI/test_approval_action_ownership.py .........................     [ 10%]
2026-10-07T03:24:47.6497352Z Tests/UI/test_buddy_entry_points.py ...                                  [ 11%]
2026-10-07T03:24:48.8062145Z Tests/UI/test_character_navigation_diagnostics.py ....                   [ 13%]
2026-10-07T03:24:49.3816929Z Tests/UI/test_chatbook_wizard_open_folder.py ..                          [ 14%]
2026-10-07T03:24:50.8008108Z Tests/UI/test_console_archive_publication.py .....                       [ 16%]
2026-10-07T03:24:52.3321409Z Tests/UI/test_console_browser_search_echo.py ...                         [ 17%]
2026-10-07T03:24:53.1444108Z Tests/UI/test_console_dictionaries_inspector.py ..                       [ 18%]
2026-10-07T03:25:12.9896875Z Tests/UI/test_console_first_chat_first_mount.py ..                       [ 19%]
2026-10-07T03:25:16.0567915Z Tests/UI/test_console_library_search_modal.py .........                  [ 22%]
2026-10-07T03:26:34.1104759Z Tests/UI/test_console_pending_interrupt_projection.py ............F      [ 28%]
2026-10-07T03:26:39.0370536Z Tests/UI/test_console_rail_section_layout.py ...............             [ 34%]
2026-10-07T03:29:05.8786801Z Tests/UI/test_console_session_tab_close.py ...                           [ 35%]
2026-10-07T03:29:40.7052581Z Tests/UI/test_console_settings_model_change.py ..................        [ 43%]
2026-10-07T03:29:46.2236119Z Tests/UI/test_console_toast_clears_header.py --- _setup_logging START (from Logging_Config.py) ---
2026-10-07T03:29:46.2237389Z Loguru: All pre-existing sinks removed.
2026-10-07T03:29:46.2238055Z Loguru: Configured to forward its messages to standard Python logging system.
2026-10-07T03:29:46.7956823Z .                           [ 43%]
2026-10-07T03:30:01.8654529Z Tests/UI/test_console_visible_turn_attention.py --- _setup_logging START (from Logging_Config.py) ---
2026-10-07T03:30:01.8655007Z Loguru: All pre-existing sinks removed.
2026-10-07T03:30:01.8655358Z Loguru: Configured to forward its messages to standard Python logging system.
2026-10-07T03:30:17.0722030Z .--- _setup_logging START (from Logging_Config.py) ---
2026-10-07T03:30:17.0722412Z Loguru: All pre-existing sinks removed.
2026-10-07T03:30:17.0722944Z Loguru: Configured to forward its messages to standard Python logging system.
2026-10-07T03:30:28.8257409Z .--- _setup_logging START (from Logging_Config.py) ---
2026-10-07T03:30:28.8257803Z Loguru: All pre-existing sinks removed.
2026-10-07T03:30:28.8258164Z Loguru: Configured to forward its messages to standard Python logging system.
2026-10-07T03:30:40.6621320Z .--- _setup_logging START (from Logging_Config.py) ---
2026-10-07T03:30:40.6622585Z Loguru: All pre-existing sinks removed.
2026-10-07T03:30:40.6623141Z Loguru: Configured to forward its messages to standard Python logging system.
2026-10-07T03:30:52.6290400Z .--- _setup_logging START (from Logging_Config.py) ---
2026-10-07T03:30:52.6290703Z Loguru: All pre-existing sinks removed.
2026-10-07T03:30:52.6290927Z Loguru: Configured to forward its messages to standard Python logging system.
2026-10-07T03:30:53.3694146Z .                    [ 45%]
2026-10-07T03:30:54.1284893Z Tests/UI/test_design_style_utilities.py .                                [ 46%]
2026-10-07T03:30:58.0858186Z Tests/UI/test_enhanced_file_dialog_bundle_css.py ....                    [ 47%]
2026-10-07T03:31:02.9423710Z Tests/UI/test_first_run_wizard_cancel_route.py ......                    [ 50%]
2026-10-07T03:31:04.6980509Z Tests/UI/test_fspicker_path_highlight.py ..                              [ 51%]
2026-10-07T03:31:08.9501151Z Tests/UI/test_lab_rail_store.py ......                                   [ 53%]
2026-10-07T03:31:32.7950242Z Tests/UI/test_library_conversation_reader_freshness.py ..........        [ 57%]
2026-10-07T03:31:46.3017670Z Tests/UI/test_library_export_replace_confirm.py ..                       [ 58%]
2026-10-07T03:31:55.0267454Z Tests/UI/test_library_notes_sync_delete_restore.py --- _setup_logging START (from Logging_Config.py) ---
2026-10-07T03:31:55.0267787Z Loguru: All pre-existing sinks removed.
2026-10-07T03:31:55.0268137Z Loguru: Configured to forward its messages to standard Python logging system.
2026-10-07T03:31:55.9348488Z .                     [ 58%]
2026-10-07T03:32:00.7147687Z Tests/UI/test_library_rag_legacy_chunk_report.py .....                   [ 60%]
2026-10-07T03:32:04.7650107Z Tests/UI/test_markdown_hygiene_1995.py .....                             [ 63%]
2026-10-07T03:32:07.3037678Z Tests/UI/test_notes_scope_models.py ...                                  [ 64%]
2026-10-07T03:32:13.9179713Z Tests/UI/test_personas_dictionary_validation.py ........                 [ 67%]
2026-10-07T03:32:17.9916664Z Tests/UI/test_personas_workbench_foundation.py .....                     [ 69%]
2026-10-07T03:32:18.9450898Z Tests/UI/test_product_maturity_phase6_release_closeout.py .              [ 70%]
2026-10-07T03:32:23.9681295Z Tests/UI/test_research_mode_strip.py ....                                [ 71%]
2026-10-07T03:32:31.6449182Z Tests/UI/test_review_set_picker_dialog.py ........                       [ 75%]
2026-10-07T03:32:34.9946442Z Tests/UI/test_selection_dialogs.py ...                                   [ 76%]
2026-10-07T03:32:41.9348579Z Tests/UI/test_settings_network_defaults.py ........                      [ 79%]
2026-10-07T03:32:46.7453699Z Tests/UI/test_speech_axis_row.py .....                                   [ 81%]
2026-10-07T03:32:51.7774578Z Tests/UI/test_speech_playground_model.py ......                          [ 84%]
2026-10-07T03:32:54.0842271Z Tests/UI/test_speech_settings_save_equivalence.py ..                     [ 85%]
2026-10-07T03:33:16.1040939Z Tests/UI/test_console_fixture_ownership.py ..................            [ 92%]
2026-10-07T03:33:40.5652919Z Tests/UI/test_backup_restore_setup_entry.py ..................           [100%]
2026-10-07T03:33:40.5653255Z
2026-10-07T03:33:40.5653385Z =================================== FAILURES ===================================
2026-10-07T03:33:40.5653771Z ________________ test_session_owned_pending_projection_journeys ________________
2026-10-07T03:33:40.5654307Z /opt/hostedtoolcache/Python/3.12.15/x64/lib/python3.12/site-packages/pytest_asyncio/plugin.py:569: in runtest
2026-10-07T03:33:40.5654617Z     super().runtest()
2026-10-07T03:33:40.5655027Z /opt/hostedtoolcache/Python/3.12.15/x64/lib/python3.12/site-packages/pytest_asyncio/plugin.py:905: in inner
2026-10-07T03:33:40.5655490Z     runner.run(coro, context=context)
2026-10-07T03:33:40.5655975Z /opt/hostedtoolcache/Python/3.12.15/x64/lib/python3.12/asyncio/runners.py:118: in run
2026-10-07T03:33:40.5656407Z     return self._loop.run_until_complete(task)
2026-10-07T03:33:40.5656704Z            ^^^^^^^^^^^^^^^^^^^^^^^^^^^^^^^^^^^
2026-10-07T03:33:40.5657220Z /opt/hostedtoolcache/Python/3.12.15/x64/lib/python3.12/asyncio/base_events.py:691: in run_until_complete
2026-10-07T03:33:40.5657719Z     return future.result()
2026-10-07T03:33:40.5657952Z            ^^^^^^^^^^^^^^^
2026-10-07T03:33:40.5658192Z Tests/private_profile.py:158: in wrapped
2026-10-07T03:33:40.5658463Z     pytest.fail(
2026-10-07T03:33:40.5658899Z E   Failed: /tmp/pytest-of-runner/pytest-0/test_session_owned_pending_pro0/private-profile-process/pytest.log
2026-10-07T03:33:40.5659434Z E   --- child failure: AssertionError: assert 0 == 1
2026-10-07T03:33:40.5660452Z E    +  where 0 = ConsoleInspectorState(rows=(ConsoleDisplayRow(label='Selected conversation', value='Chat 1', status='ready', recovery=...son='', run_blocked_reason='', staged_source_count=0, pending_approval_count=0, scope_item_count=None, ephemeral=False).pending_approval_count
2026-10-07T03:33:40.5661871Z E    +    where ConsoleInspectorState(rows=(ConsoleDisplayRow(label='Selected conversation', value='Chat 1', status='ready', recovery=...son='', run_blocked_reason='', staged_source_count=0, pending_approval_count=0, scope_item_count=None, ephemeral=False) = ConsoleRunInspector(id='console-run-inspector-state', classes='h-auto').state
2026-10-07T03:33:40.5662890Z E   request = <FixtureRequest for <Coroutine test_session_owned_pending_projection_journeys>>
2026-10-07T03:33:40.5663581Z E   tmp_path = PosixPath('/tmp/pytest-of-runner/pytest-0/test_session_owned_pending_pro0/private-profile-process/pytest/test_session_owned_pending_pro0')
2026-10-07T03:33:40.5664246Z E
2026-10-07T03:33:40.5664432Z E       @pytest.mark.asyncio
2026-10-07T03:33:40.5664635Z E       @private_profile_test
2026-10-07T03:33:40.5664841Z E       async def test_session_owned_pending_projection_journeys(
2026-10-07T03:33:40.5665092Z E           request: pytest.FixtureRequest, tmp_path: Path
2026-10-07T03:33:40.5665334Z E       ) -> None:
2026-10-07T03:33:40.5665681Z E           """Run every mounted projection journey with fresh app and worker ownership.
2026-10-07T03:33:40.5666168Z E
2026-10-07T03:33:40.5666348Z E           Args:
2026-10-07T03:33:40.5666654Z E               request: Pytest request selecting the one isolated private-profile child.
2026-10-07T03:33:40.5667023Z E               tmp_path: Parent directory for each journey's separate database fixture.
2026-10-07T03:33:40.5667555Z E           """
2026-10-07T03:33:40.5667678Z E           journeys = (
2026-10-07T03:33:40.5667872Z E               _verify_question_and_approval_copy_survives_sibling_view_and_remount,
2026-10-07T03:33:40.5668267Z E               _verify_inspector_counts_queued_approval_rounds_for_its_own_session,
2026-10-07T03:33:40.5668553Z E               _verify_review_routes_reach_visible_skill_confirm_before_queued_approval,
2026-10-07T03:33:40.5668831Z E               _verify_chat_create_confirmation_has_its_own_kind_and_review_route,
2026-10-07T03:33:40.5669097Z E               _verify_late_chat_create_projection_spares_the_active_sibling,
2026-10-07T03:33:40.5669334Z E               _verify_legacy_tool_approval_counts_in_the_mounted_view,
2026-10-07T03:33:40.5669522Z E           )
2026-10-07T03:33:40.5669659Z E           for index, journey in enumerate(journeys):
2026-10-07T03:33:40.5669842Z E               case_path = tmp_path / str(index)
2026-10-07T03:33:40.5670020Z E               case_path.mkdir()
2026-10-07T03:33:40.5670163Z E               try:
2026-10-07T03:33:40.5670304Z E   >               await journey(request, case_path)
2026-10-07T03:33:40.5670458Z E
2026-10-07T03:33:40.5670611Z E   Tests/UI/test_console_pending_interrupt_projection.py:797:
2026-10-07T03:33:40.5670855Z E   _ _ _ _ _ _ _ _ _ _ _ _ _ _ _ _ _ _ _ _ _ _ _ _ _ _ _ _ _ _ _ _ _ _ _ _ _ _ _ _
2026-10-07T03:33:40.5671031Z E
2026-10-07T03:33:40.5671230Z E   request = <FixtureRequest for <Coroutine test_session_owned_pending_projection_journeys>>
2026-10-07T03:33:40.5671690Z E   tmp_path = PosixPath('/tmp/pytest-of-runner/pytest-0/test_session_owned_pending_pro0/private-profile-process/pytest/test_session_owned_pending_pro0/5')
2026-10-07T03:33:40.5672044Z E
2026-10-07T03:33:40.5672234Z E       async def _verify_legacy_tool_approval_counts_in_the_mounted_view(request, tmp_path):
2026-10-07T03:33:40.5672540Z E           """Count a real unscoped tool card on every generic approval-count surface.
2026-10-07T03:33:40.5672970Z E
2026-10-07T03:33:40.5673078Z E           Args:
2026-10-07T03:33:40.5673245Z E               request: Existing isolated private-profile collection owner.
2026-10-07T03:33:40.5673499Z E               tmp_path: Separate database directory for this fresh mounted Console.
2026-10-07T03:33:40.5673706Z E           """
2026-10-07T03:33:40.5673833Z E           app = _build_app(tmp_path)
2026-10-07T03:33:40.5673980Z E           workers = []
2026-10-07T03:33:40.5674139Z E           async with app.run_test(size=(160, 48)) as pilot:
2026-10-07T03:33:40.5674423Z E               console, controller, store, session_id = await _seed_console(app, pilot)
2026-10-07T03:33:40.5674675Z E               _start_live_turn(console, controller, store, session_id)
2026-10-07T03:33:40.5674885Z E               try:
2026-10-07T03:33:40.5675056Z E                   worker, result = _arm(controller, None, call=_risk_row())
2026-10-07T03:33:40.5675256Z E                   workers.append(worker)
2026-10-07T03:33:40.5675409Z E                   await _wait(
2026-10-07T03:33:40.5675550Z E                       pilot,
2026-10-07T03:33:40.5675689Z E                       lambda: (
2026-10-07T03:33:40.5675889Z E                           bool(list(console.query("#chat-approval-card")))
2026-10-07T03:33:40.5676130Z E                           and console.query_one("#chat-approval-card").display
2026-10-07T03:33:40.5676392Z E                           and bool(console.query_one("#chat-approval-card")._batch_round_id)
2026-10-07T03:33:40.5676610Z E                       ),
2026-10-07T03:33:40.5676735Z E                   )
2026-10-07T03:33:40.5676924Z E                   round_id = console.query_one("#chat-approval-card")._batch_round_id
2026-10-07T03:33:40.5677179Z E                   assert round_id in controller._pending_approval_rounds
2026-10-07T03:33:40.5677384Z E                   assert worker.is_alive()
2026-10-07T03:33:40.5677602Z E                   # Legacy calls have a host round, but deliberately no kind/badge entry.
2026-10-07T03:33:40.5677962Z E                   assert controller.pending_round_count(session_id) == 0
2026-10-07T03:33:40.5678227Z E                   assert console._task_resume_state.pending_approval["round_id"] == round_id
2026-10-07T03:33:40.5678570Z E                   assert console._console_pending_approval_count() == 1
2026-10-07T03:33:40.5678783Z E                   console._sync_console_rail_and_controls()
2026-10-07T03:33:40.5678959Z E                   await pilot.pause()
2026-10-07T03:33:40.5679127Z E                   inspector = console.query_one(
2026-10-07T03:33:40.5679332Z E                       "#console-run-inspector-state", ConsoleRunInspector
2026-10-07T03:33:40.5679518Z E                   )
2026-10-07T03:33:40.5679680Z E   >               assert inspector.state.pending_approval_count == 1
2026-10-07T03:33:40.5679882Z E   E               AssertionError: assert 0 == 1
2026-10-07T03:33:40.5680476Z E   E                +  where 0 = ConsoleInspectorState(rows=(ConsoleDisplayRow(label='Selected conversation', value='Chat 1', status='ready', recovery=...son='', run_blocked_reason='', staged_source_count=0, pending_approval_count=0, scope_item_count=None, ephemeral=False).pending_approval_count
2026-10-07T03:33:40.5681580Z E   E                +    where ConsoleInspectorState(rows=(ConsoleDisplayRow(label='Selected conversation', value='Chat 1', status='ready', recovery=...son='', run_blocked_reason='', staged_source_count=0, pending_approval_count=0, scope_item_count=None, ephemeral=False) = ConsoleRunInspector(id='console-run-inspector-state', classes='h-auto').state
2026-10-07T03:33:40.5682225Z E
2026-10-07T03:33:40.5682396Z E   Tests/UI/test_console_pending_interrupt_projection.py:751: AssertionError
2026-10-07T03:33:40.5682725Z E   --- child log tail ---
2026-10-07T03:33:40.5683000Z E   igration completed successfully for DB: db_sha256=0513e9aa7246.
2026-10-07T03:33:40.5683576Z E   2026-10-07 03:25:25.006 | DEBUG    | tldw_chatbook.DB.ChaChaNotes_DB:_enter_transaction:24138 - Entered nested transaction level 2 on thread 140020563573632.
2026-10-07T03:33:40.5684376Z E   2026-10-07 03:25:25.009 | DEBUG    | tldw_chatbook.DB.ChaChaNotes_DB:_enter_transaction:24138 - Entered nested transaction level 2 on thread 140020563573632.
2026-10-07T03:33:40.5685256Z E   2026-10-07 03:25:25.014 | INFO     | tldw_chatbook.DB.ChaChaNotes_DB:_migrate_from_v52_to_v53:6962 - Migrating schema from V52 to V53 for 'rag_char_chat_schema' in DB: db_sha256=0513e9aa7246...
2026-10-07T03:33:40.5686150Z E   2026-10-07 03:25:25.015 | DEBUG    | tldw_chatbook.DB.ChaChaNotes_DB:_enter_transaction:24138 - Entered nested transaction level 2 on thread 140020563573632.
2026-10-07T03:33:40.5687785Z E   2026-10-07 03:25:25.015 | INFO     | tldw_chatbook.DB.ChaChaNotes_DB:_migrate_from_v52_to_v53:7027 - [rag_char_chat_schema V52→V53] Migration completed for DB: db_sha256=0513e9aa7246 (examined 0, compacted 0, skipped 0 unreadable).
2026-10-07T03:33:40.5688476Z E   2026-10-07 03:25:25.015 | DEBUG    | tldw_chatbook.DB.ChaChaNotes_DB:_enter_transaction:24138 - Entered nested transaction level 2 on thread 140020563573632.
2026-10-07T03:33:40.5689009Z E   2026-10-07 03:25:25.017 | DEBUG    | tldw_chatbook.DB.ChaChaNotes_DB:_enter_transaction:24138 - Entered nested transaction level 2 on thread 140020563573632.
2026-10-07T03:33:40.5689517Z E   2026-10-07 03:25:25.018 | DEBUG    | tldw_chatbook.DB.ChaChaNotes_DB:_enter_transaction:24138 - Entered nested transaction level 2 on thread 140020563573632.
2026-10-07T03:33:40.5690023Z E   2026-10-07 03:25:25.026 | DEBUG    | tldw_chatbook.DB.ChaChaNotes_DB:_enter_transaction:24138 - Entered nested transaction level 2 on thread 140020563573632.
2026-10-07T03:33:40.5690528Z E   2026-10-07 03:25:25.028 | DEBUG    | tldw_chatbook.DB.ChaChaNotes_DB:_enter_transaction:24138 - Entered nested transaction level 2 on thread 140020563573632.
2026-10-07T03:33:40.5691026Z E   2026-10-07 03:25:25.038 | DEBUG    | tldw_chatbook.DB.ChaChaNotes_DB:_enter_transaction:24138 - Entered nested transaction level 2 on thread 140020563573632.
2026-10-07T03:33:40.5691679Z E   2026-10-07 03:25:25.039 | DEBUG    | tldw_chatbook.DB.ChaChaNotes_DB:_enter_transaction:24138 - Entered nested transaction level 2 on thread 140020563573632.
2026-10-07T03:33:40.5692274Z E   2026-10-07 03:25:25.040 | DEBUG    | tldw_chatbook.DB.ChaChaNotes_DB:_enter_transaction:24138 - Entered nested transaction level 2 on thread 140020563573632.
2026-10-07T03:33:40.5692955Z E   2026-10-07 03:25:25.041 | DEBUG    | tldw_chatbook.DB.ChaChaNotes_DB:_enter_transaction:24138 - Entered nested transaction level 2 on thread 140020563573632.
2026-10-07T03:33:40.5693469Z E   2026-10-07 03:25:25.053 | DEBUG    | tldw_chatbook.DB.ChaChaNotes_DB:_enter_transaction:24138 - Entered nested transaction level 2 on thread 140020563573632.
2026-10-07T03:33:40.5693981Z E   2026-10-07 03:25:25.056 | DEBUG    | tldw_chatbook.DB.ChaChaNotes_DB:_enter_transaction:24138 - Entered nested transaction level 2 on thread 140020563573632.
2026-10-07T03:33:40.5694486Z E   2026-10-07 03:25:25.068 | DEBUG    | tldw_chatbook.DB.ChaChaNotes_DB:_enter_transaction:24138 - Entered nested transaction level 2 on thread 140020563573632.
2026-10-07T03:33:40.5695003Z E   2026-10-07 03:25:25.069 | DEBUG    | tldw_chatbook.DB.ChaChaNotes_DB:_enter_transaction:24138 - Entered nested transaction level 2 on thread 140020563573632.
2026-10-07T03:33:40.5695512Z E   2026-10-07 03:25:25.072 | DEBUG    | tldw_chatbook.DB.ChaChaNotes_DB:_enter_transaction:24138 - Entered nested transaction level 3 on thread 140020563573632.
2026-10-07T03:33:40.5696040Z E   2026-10-07 03:25:25.072 | DEBUG    | tldw_chatbook.DB.ChaChaNotes_DB:_enter_transaction:24138 - Entered nested transaction level 3 on thread 140020563573632.
2026-10-07T03:33:40.5696552Z E   2026-10-07 03:25:25.073 | DEBUG    | tldw_chatbook.DB.ChaChaNotes_DB:_enter_transaction:24138 - Entered nested transaction level 2 on thread 140020563573632.
2026-10-07T03:33:40.5697064Z E   2026-10-07 03:25:25.075 | DEBUG    | tldw_chatbook.DB.ChaChaNotes_DB:_enter_transaction:24138 - Entered nested transaction level 2 on thread 140020563573632.
2026-10-07T03:33:40.5697577Z E   2026-10-07 03:25:25.089 | DEBUG    | tldw_chatbook.DB.ChaChaNotes_DB:_enter_transaction:24138 - Entered nested transaction level 2 on thread 140020563573632.
2026-10-07T03:33:40.5698084Z E   2026-10-07 03:25:25.090 | DEBUG    | tldw_chatbook.DB.ChaChaNotes_DB:_enter_transaction:24138 - Entered nested transaction level 2 on thread 140020563573632.
2026-10-07T03:33:40.5698591Z E   2026-10-07 03:25:25.091 | DEBUG    | tldw_chatbook.DB.ChaChaNotes_DB:_enter_transaction:24138 - Entered nested transaction level 2 on thread 140020563573632.
2026-10-07T03:33:40.5699099Z E   2026-10-07 03:25:25.096 | DEBUG    | tldw_chatbook.DB.ChaChaNotes_DB:_enter_transaction:24138 - Entered nested transaction level 2 on thread 140020563573632.
2026-10-07T03:33:40.5699603Z E   2026-10-07 03:25:25.105 | DEBUG    | tldw_chatbook.DB.ChaChaNotes_DB:_enter_transaction:24138 - Entered nested transaction level 2 on thread 140020563573632.
2026-10-07T03:33:40.5700117Z E   2026-10-07 03:25:25.106 | DEBUG    | tldw_chatbook.DB.ChaChaNotes_DB:_enter_transaction:24138 - Entered nested transaction level 2 on thread 140020563573632.
2026-10-07T03:33:40.5700625Z E   2026-10-07 03:25:25.110 | DEBUG    | tldw_chatbook.DB.ChaChaNotes_DB:_enter_transaction:24138 - Entered nested transaction level 2 on thread 140020563573632.
2026-10-07T03:33:40.5701164Z E   2026-10-07 03:25:25.111 | DEBUG    | tldw_chatbook.DB.ChaChaNotes_DB:_enter_transaction:24138 - Entered nested transaction level 2 on thread 140020563573632.
2026-10-07T03:33:40.5701677Z E   2026-10-07 03:25:25.111 | DEBUG    | tldw_chatbook.DB.ChaChaNotes_DB:_enter_transaction:24138 - Entered nested transaction level 2 on thread 140020563573632.
2026-10-07T03:33:40.5702181Z E   2026-10-07 03:25:25.125 | DEBUG    | tldw_chatbook.DB.ChaChaNotes_DB:_enter_transaction:24138 - Entered nested transaction level 2 on thread 140020563573632.
2026-10-07T03:33:40.5702892Z E   2026-10-07 03:25:25.126 | INFO     | tldw_chatbook.DB.ChaChaNotes_DB:_initialize_schema:8319 - Database schema 'rag_char_chat_schema' successfully initialized/migrated to version 78.
2026-10-07T03:33:40.5703654Z E   2026-10-07 03:25:25.128 | DEBUG    | tldw_chatbook.DB.ChaChaNotes_DB:_exit_transaction:24234 - Transaction (outermost) committed successfully on thread 140020563573632.
2026-10-07T03:33:40.5704202Z E   2026-10-07 03:25:25.128 | DEBUG    | tldw_chatbook.DB.ChaChaNotes_DB:__init__:2908 - CharactersRAGDB initialization completed successfully db_sha256=0513e9aa7246
2026-10-07T03:33:40.5705020Z E   2026-10-07 03:25:25.145 | INFO     | tldw_chatbook.config:_apply_literal_settings_transaction_locked:8748 - Attempting to apply literal settings mutation: sets={"('first_run',)": ['setup_completed'], "('splash_screen',)": ['enabled'], "('chat_defaults',)": ['provider', 'model'], "('api_settings', 'llama_cpp')": ['api_url', 'model']}, deletes={}
2026-10-07T03:33:40.5706035Z E   2026-10-07 03:25:25.163 | SUCCESS  | tldw_chatbook.config:_apply_literal_settings_transaction_locked:8803 - Successfully replaced settings file at /tmp/pytest-of-runner/pytest-0/test_session_owned_pending_pro0/private-profile-process/profile/config/config.toml
2026-10-07T03:33:40.5706819Z E   2026-10-07 03:25:25.167 | INFO     | tldw_chatbook.config:_load_settings_uncached:2213 - Determined ACTUAL_PROJECT_ROOT for general paths: /home/runner/work/tldw_chatbook/tldw_chatbook/tldw_chatbook
2026-10-07T03:33:40.5707465Z E   2026-10-07 03:25:25.167 | INFO     | tldw_chatbook.config:_load_settings_uncached:2216 - Determined APP_COMPONENT_ROOT for config files: /home/runner/work/tldw_chatbook/tldw_chatbook/tldw_chatbook
2026-10-07T03:33:40.5708056Z E   2026-10-07 03:25:25.168 | DEBUG    | tldw_chatbook.config:_load_settings_uncached:2239 - load_settings: Configuration loaded from disk (cache miss or forced reload)
2026-10-07T03:33:40.5708794Z E   2026-10-07 03:25:25.192 | DEBUG    | tldw_chatbook.config:_load_settings_uncached:3803 - Ensured chat dictionaries folder exists: /tmp/pytest-of-runner/pytest-0/test_session_owned_pending_pro0/private-profile-process/profile/home/.local/share/tldw_cli/default_user/chat_dicts
2026-10-07T03:33:40.5709499Z E   2026-10-07 03:25:25.192 | DEBUG    | tldw_chatbook.config:_load_settings_uncached:3834 - load_settings: Configuration cached for future use
2026-10-07T03:33:40.5709988Z E   2026-10-07 03:25:25.193 | INFO     | tldw_chatbook.config:_apply_literal_settings_transaction_locked:8831 - Global configuration caches invalidated and reloaded.
2026-10-07T03:33:40.5710571Z E   2026-10-07 03:25:25.201 | INFO     | tldw_chatbook.config:_load_settings_uncached:2213 - Determined ACTUAL_PROJECT_ROOT for general paths: /home/runner/work/tldw_chatbook/tldw_chatbook/tldw_chatbook
2026-10-07T03:33:40.5711206Z E   2026-10-07 03:25:25.201 | INFO     | tldw_chatbook.config:_load_settings_uncached:2216 - Determined APP_COMPONENT_ROOT for config files: /home/runner/work/tldw_chatbook/tldw_chatbook/tldw_chatbook
2026-10-07T03:33:40.5711940Z E   2026-10-07 03:25:25.204 | INFO     | tldw_chatbook.config:_load_cli_config_bootstrap_unlocked:6942 - Attempting to load CLI config from: /tmp/pytest-of-runner/pytest-0/test_session_owned_pending_pro0/private-profile-process/profile/config/config.toml
2026-10-07T03:33:40.5712968Z E   2026-10-07 03:25:25.213 | INFO     | tldw_chatbook.config:_load_cli_config_bootstrap_unlocked:6963 - Successfully loaded and merged CLI config from /tmp/pytest-of-runner/pytest-0/test_session_owned_pending_pro0/private-profile-process/profile/config/config.toml
2026-10-07T03:33:40.5715138Z E   2026-10-07 03:25:25.213 | DEBUG    | tldw_chatbook.config:_load_cli_config_bootstrap_unlocked:7047 - load_cli_config_and_ensure_existence returning config with top-level keys: ['config_schema_version', 'general', 'console', 'console_ssh', 'hooks', 'skills', 'tamagotchi', 'appearance', 'acp', 'tldw_api', 'library', 'caching', 'agents', 'splash_screen', 'logging', 'metrics', 'database', 'webhooks', 'scheduling', 'media_cleanup', 'api_endpoints', 'providers', 'model_catalog', 'api_settings', 'chat_defaults', 'chat', 'web_security', 'network', 'image_generation', 'character_defaults', 'analysis_defaults', 'permission_summary', 'llm_management', 'llamacpp_snapshots', 'notes', 'Prompts', 'prompts', 'embedding_config', 'rag_citations', 'rag', 'rag_search', 'chunking', 'model_capabilities', 'tools', 'SearchSettings', 'webfetch', 'SearchEngines', 'media_processing', 'meetings', 'dictation', 'transcription', 'diarization', 'local_ingestion', 'mcp', 'subscriptions', 'github', 'briefings_feed_server', 'canvas', 'web_server', 'first_run']
2026-10-07T03:33:40.5718285Z E   2026-10-07 03:25:25.213 | DEBUG    | tldw_chatbook.config:_load_cli_config_bootstrap_unlocked:7051 -   'api_settings' found with keys: ['openai', 'anthropic', 'cohere', 'deepseek', 'groq', 'google', 'huggingface', 'mistralai', 'openrouter', 'moonshot', 'qwencloud', 'zai', 'databricks', 'together', 'fireworks', 'cerebras', 'sambanova', 'nvidia', 'deepinfra', 'nebius', 'novita', 'minimax', 'mimo', 'tokenhub', 'byteplus', 'stepfun', 'vercel', 'zenmux', 'kilo', 'siliconflow', 'baseten', 'gmi', 'ollama_cloud', 'upstage', 'arcee', 'qianfan', 'nous', 'venice', 'meta', 'azure', 'wandb', 'cloudflare', 'opencode_zen', 'commandcode', 'llama_cpp', 'oobabooga', 'koboldcpp', 'ollama', 'vllm', 'aphrodite', 'tabbyapi', 'custom', 'custom_2', 'local-llm', 'local_llamafile', 'local_llamacpp', 'local_vllm', 'local_ollama', 'local_onnx', 'local_transformers', 'local_mlx_lm']
2026-10-07T03:33:40.5719841Z E   2026-10-07 03:25:25.214 | DEBUG    | tldw_chatbook.config:_load_settings_uncached:2239 - load_settings: Configuration loaded from disk (cache miss or forced reload)
2026-10-07T03:33:40.5720580Z E   2026-10-07 03:25:25.237 | DEBUG    | tldw_chatbook.config:_load_settings_uncached:3803 - Ensured chat dictionaries folder exists: /tmp/pytest-of-runner/pytest-0/test_session_owned_pending_pro0/private-profile-process/profile/home/.local/share/tldw_cli/default_user/chat_dicts
2026-10-07T03:33:40.5721283Z E   2026-10-07 03:25:25.237 | DEBUG    | tldw_chatbook.config:_load_settings_uncached:3834 - load_settings: Configuration cached for future use
2026-10-07T03:33:40.5721746Z E   2026-10-07 03:25:31 [WARNING ] tldw_chatbook.Chat.console_interrupt_rounds:651 - Arming a revocable interrupt round without a run owner
2026-10-07T03:33:40.5722153Z E   2026-10-07 03:25:38 [WARNING ] root:1495 - Prompts service not initialized, self.prompts_db set to None.
2026-10-07T03:33:40.5722536Z E   2026-10-07 03:25:38 [ERROR   ] root:1516 - ChaChaNotesDB (CharactersRAGDB) instance not found/assigned in app.__init__.
2026-10-07T03:33:40.5723118Z E   2026-10-07 03:25:43 [WARNING ] tldw_chatbook.Chat.console_interrupt_rounds:651 - Arming a revocable interrupt round without a run owner
2026-10-07T03:33:40.5723567Z E   2026-10-07 03:25:43 [WARNING ] tldw_chatbook.Chat.console_interrupt_rounds:651 - Arming a revocable interrupt round without a run owner
2026-10-07T03:33:40.5723979Z E   2026-10-07 03:25:47 [WARNING ] root:1495 - Prompts service not initialized, self.prompts_db set to None.
2026-10-07T03:33:40.5724355Z E   2026-10-07 03:25:47 [ERROR   ] root:1516 - ChaChaNotesDB (CharactersRAGDB) instance not found/assigned in app.__init__.
2026-10-07T03:33:40.5724783Z E   2026-10-07 03:25:52 [WARNING ] tldw_chatbook.Chat.console_interrupt_rounds:651 - Arming a revocable interrupt round without a run owner
2026-10-07T03:33:40.5725179Z E   2026-10-07 03:25:57 [WARNING ] root:1495 - Prompts service not initialized, self.prompts_db set to None.
2026-10-07T03:33:40.5725544Z E   2026-10-07 03:25:57 [ERROR   ] root:1516 - ChaChaNotesDB (CharactersRAGDB) instance not found/assigned in app.__init__.
2026-10-07T03:33:40.5725998Z E   2026-10-07 03:26:02 [WARNING ] tldw_chatbook.Chat.console_interrupt_rounds:651 - Arming a revocable interrupt round without a run owner
2026-10-07T03:33:40.5726394Z E   2026-10-07 03:26:06 [WARNING ] root:1495 - Prompts service not initialized, self.prompts_db set to None.
2026-10-07T03:33:40.5726759Z E   2026-10-07 03:26:06 [ERROR   ] root:1516 - ChaChaNotesDB (CharactersRAGDB) instance not found/assigned in app.__init__.
2026-10-07T03:33:40.5727459Z E   2026-10-07 03:26:12 [WARNING ] root:1495 - Prompts service not initialized, self.prompts_db set to None.
2026-10-07T03:33:40.5727919Z E   2026-10-07 03:26:12 [ERROR   ] root:1516 - ChaChaNotesDB (CharactersRAGDB) instance not found/assigned in app.__init__.
2026-10-07T03:33:40.5728286Z E   2026-10-07 03:26:20 [WARNING ] root:1495 - Prompts service not initialized, self.prompts_db set to None.
2026-10-07T03:33:40.5728654Z E   2026-10-07 03:26:20 [ERROR   ] root:1516 - ChaChaNotesDB (CharactersRAGDB) instance not found/assigned in app.__init__.
2026-10-07T03:33:40.5729075Z E   2026-10-07 03:26:24 [WARNING ] tldw_chatbook.Chat.console_interrupt_rounds:651 - Arming a revocable interrupt round without a run owner
2026-10-07T03:33:40.5729435Z E   ------------------------------ Captured log call -------------------------------
2026-10-07T03:33:40.5729703Z E   INFO     root:app.py:1390 App __init__: Determined initial tab value: chat
2026-10-07T03:33:40.5730003Z E   WARNING  root:app.py:1495 Prompts service not initialized, self.prompts_db set to None.
2026-10-07T03:33:40.5730344Z E   ERROR    root:app.py:1516 ChaChaNotesDB (CharactersRAGDB) instance not found/assigned in app.__init__.
2026-10-07T03:33:40.5730636Z E   INFO     root:app.py:2285 Splash screen enabled: False
2026-10-07T03:33:40.5730930Z E   INFO     tldw_chatbook.diagnostics.app:persistent_diagnostics.py:256 event=app_started component=app
2026-10-07T03:33:40.5731436Z E   INFO     tldw_chatbook.diagnostics.dictation:persistent_diagnostics.py:256 event=speech_stack_available component=dictation model=provider-default provider=none status=degraded
2026-10-07T03:33:40.5731909Z E   INFO     root:Logging_Config.py:809 --- _setup_logging START (from Logging_Config.py) ---
2026-10-07T03:33:40.5732202Z E   INFO     root:Logging_Config.py:821 Loguru: All pre-existing sinks removed.
2026-10-07T03:33:40.5732533Z E   INFO     root:Logging_Config.py:850 Loguru: Configured to forward its messages to standard Python logging system.
2026-10-07T03:33:40.5732996Z E   --------------------------- Captured stderr teardown ---------------------------
2026-10-07T03:33:40.5733631Z E   [fd_leak_sentinel] open file descriptors grew by 202 over the test session (start=14, end=216, limit=200) — possible fd leak; bisect with TLDW_TEST_GC_EVERY=1 and mark offending tests @pytest.mark.requires_cleanup
2026-10-07T03:33:40.5734095Z E   =============================== warnings summary ===============================
2026-10-07T03:33:40.5734479Z E   Tests/UI/test_console_pending_interrupt_projection.py::test_session_owned_pending_projection_journeys
2026-10-07T03:33:40.5735351Z E     /home/runner/work/tldw_chatbook/tldw_chatbook/Tests/conftest.py:609: UserWarning: open file descriptors grew by 202 over the test session (start=14, end=216, limit=200) — possible fd leak; bisect with TLDW_TEST_GC_EVERY=1 and mark offending tests @pytest.mark.requires_cleanup
2026-10-07T03:33:40.5735927Z E       warnings.warn(message, UserWarning, stacklevel=0)
2026-10-07T03:33:40.5736104Z E
2026-10-07T03:33:40.5736295Z E   -- Docs: https://docs.pytest.org/en/stable/how-to/capture-warnings.html
2026-10-07T03:33:40.5736549Z E   ============================= slowest 25 durations =============================
2026-10-07T03:33:40.5736873Z E   63.16s call     Tests/UI/test_console_pending_interrupt_projection.py::test_session_owned_pending_projection_journeys
2026-10-07T03:33:40.5737148Z E
2026-10-07T03:33:40.5737262Z E   (2 durations < 1s hidden.)
2026-10-07T03:33:40.5737438Z E   =========================== short test summary info ============================
2026-10-07T03:33:40.5737804Z E   FAILED Tests/UI/test_console_pending_interrupt_projection.py::test_session_owned_pending_projection_journeys - AssertionError: assert 0 == 1
2026-10-07T03:33:40.5738737Z E    +  where 0 = ConsoleInspectorState(rows=(ConsoleDisplayRow(label='Selected conversation', value='Chat 1', status='ready', recovery=...son='', run_blocked_reason='', staged_source_count=0, pending_approval_count=0, scope_item_count=None, ephemeral=False).pending_approval_count
2026-10-07T03:33:40.5739977Z E    +    where ConsoleInspectorState(rows=(ConsoleDisplayRow(label='Selected conversation', value='Chat 1', status='ready', recovery=...son='', run_blocked_reason='', staged_source_count=0, pending_approval_count=0, scope_item_count=None, ephemeral=False) = ConsoleRunInspector(id='console-run-inspector-state', classes='h-auto').state
2026-10-07T03:33:40.5740630Z E   1 failed, 1 warning in 66.78s (0:01:06)
2026-10-07T03:33:40.5740836Z =============================== warnings summary ===============================
2026-10-07T03:33:40.5741176Z Tests/UI/test_first_run_wizard_cancel_route.py::test_completed_exit_route_still_navigates_regression_pin
2026-10-07T03:33:40.5741726Z   /home/runner/work/tldw_chatbook/tldw_chatbook/tldw_chatbook/app.py:4148: RuntimeWarning: coroutine 'TldwCli._continue_first_run_wizard_result.<locals>.navigate_then_schedule_catalog_consent' was never awaited
2026-10-07T03:33:40.5742168Z     self.run_worker(
2026-10-07T03:33:40.5742349Z   Enable tracemalloc to get traceback where the object was allocated.
2026-10-07T03:33:40.5742791Z   See https://docs.pytest.org/en/stable/how-to/capture-warnings.html#resource-warnings for more info.
2026-10-07T03:33:40.5743018Z
2026-10-07T03:33:40.5743186Z Tests/UI/test_backup_restore_setup_entry.py::test_a_typed_path_with_an_unknown_home_never_takes_the_app_down
2026-10-07T03:33:40.5743947Z   /home/runner/work/tldw_chatbook/tldw_chatbook/Tests/conftest.py:609: UserWarning: open file descriptors grew by 316 over the test session (start=16, end=332, limit=200) — possible fd leak; bisect with TLDW_TEST_GC_EVERY=1 and mark offending tests @pytest.mark.requires_cleanup
2026-10-07T03:33:40.5744511Z     warnings.warn(message, UserWarning, stacklevel=0)
2026-10-07T03:33:40.5744639Z
2026-10-07T03:33:40.5744755Z -- Docs: https://docs.pytest.org/en/stable/how-to/capture-warnings.html
2026-10-07T03:33:40.5745028Z ============================= slowest 25 durations =============================
2026-10-07T03:33:40.5745328Z 84.54s call     Tests/UI/test_console_session_tab_close.py::test_session_close_pending_race_and_fleet_journeys
2026-10-07T03:33:40.5745717Z 73.41s call     Tests/UI/test_console_pending_interrupt_projection.py::test_session_owned_pending_projection_journeys
2026-10-07T03:33:40.5746101Z 38.49s call     Tests/UI/test_console_session_tab_close.py::test_session_close_failure_and_retry_journeys
2026-10-07T03:33:40.5746437Z 22.82s call     Tests/UI/test_console_session_tab_close.py::test_session_close_navigation_journeys
2026-10-07T03:33:40.5746837Z 15.07s call     Tests/UI/test_console_visible_turn_attention.py::test_turns_finishing_in_the_visible_tab_raise_no_hidden_notice[start_chatting]
2026-10-07T03:33:40.5747307Z 14.71s call     Tests/UI/test_console_visible_turn_attention.py::test_turns_finishing_in_the_visible_tab_raise_no_hidden_notice[explore_home]
2026-10-07T03:33:40.5747766Z 11.29s call     Tests/UI/test_console_visible_turn_attention.py::test_a_turn_finishing_under_a_modal_over_console_raises_no_hidden_notice
2026-10-07T03:33:40.5748219Z 11.18s call     Tests/UI/test_console_visible_turn_attention.py::test_a_turn_finishing_while_console_is_off_screen_still_notifies_once
2026-10-07T03:33:40.5748675Z 11.18s call     Tests/UI/test_console_visible_turn_attention.py::test_a_turn_finishing_in_a_background_tab_notifies_once_while_console_shows
2026-10-07T03:33:40.5749122Z 9.96s call     Tests/UI/test_console_first_chat_first_mount.py::test_start_chatting_through_consoles_first_mount_warns_nothing
2026-10-07T03:33:40.5749548Z 9.19s call     Tests/UI/test_console_first_chat_first_mount.py::test_a_default_changed_after_start_chatting_names_the_model_in_use
2026-10-07T03:33:40.5749978Z 8.72s call     Tests/UI/test_library_notes_sync_delete_restore.py::test_delete_holds_the_folder_and_undo_returns_it_to_up_to_date
2026-10-07T03:33:40.5750421Z 5.99s call     Tests/UI/test_library_export_replace_confirm.py::test_note_export_onto_an_existing_file_asks_escape_keeps_it_replace_writes
2026-10-07T03:33:40.5751044Z 5.63s call     Tests/UI/test_library_export_replace_confirm.py::test_prompt_export_onto_an_existing_file_asks_escape_keeps_it_replace_writes
2026-10-07T03:33:40.5751568Z 5.52s call     Tests/UI/test_console_toast_clears_header.py::test_console_toast_paints_below_the_nav_header_and_status_rows
2026-10-07T03:33:40.5751989Z 3.15s call     Tests/UI/test_console_settings_model_change.py::test_change_opens_pick_mode_and_the_pick_rebases_without_applying
2026-10-07T03:33:40.5752418Z 2.72s call     Tests/UI/test_console_settings_model_change.py::test_no_provider_picker_or_model_search_and_a_typed_id_still_picks
2026-10-07T03:33:40.5752909Z 2.72s call     Tests/UI/test_console_settings_model_change.py::test_new_endpoint_lands_on_a_pair_never_on_a_provider_alone
2026-10-07T03:33:40.5753335Z 2.70s call     Tests/UI/test_console_settings_model_change.py::test_a_pick_during_the_paid_test_cancels_it_and_keeps_the_billing_warning
2026-10-07T03:33:40.5753749Z 2.64s call     Tests/UI/test_console_settings_model_change.py::test_a_listing_feeds_pick_mode_but_never_picks
2026-10-07T03:33:40.5754151Z 2.46s call     Tests/UI/test_console_settings_model_change.py::test_the_consoles_pick_opener_never_rebases_and_its_committer_refuses
2026-10-07T03:33:40.5754576Z 2.14s call     Tests/UI/test_console_settings_model_change.py::test_tab_order_runs_change_then_core_then_disclosures_to_apply
2026-10-07T03:33:40.5755008Z 1.65s call     Tests/UI/test_library_conversation_reader_freshness.py::test_recheck_superseded_by_another_selection_never_reloads_it
2026-10-07T03:33:40.5755426Z 1.64s call     Tests/UI/test_library_conversation_reader_freshness.py::test_reload_keeps_info_mode_and_the_find_query
2026-10-07T03:33:40.5755857Z 1.57s call     Tests/UI/test_library_conversation_reader_freshness.py::test_failed_recheck_keeps_the_loaded_transcript
2026-10-07T03:33:40.5756171Z =========================== short test summary info ============================
2026-10-07T03:33:40.5756678Z FAILED Tests/UI/test_console_pending_interrupt_projection.py::test_session_owned_pending_projection_journeys - Failed: /tmp/pytest-of-runner/pytest-0/test_session_owned_pending_pro0/private-profile-process/pytest.log
2026-10-07T03:33:40.5757170Z --- child failure: AssertionError: assert 0 == 1
2026-10-07T03:33:40.5757732Z  +  where 0 = ConsoleInspectorState(rows=(ConsoleDisplayRow(label='Selected conversation', value='Chat 1', status='ready', recovery=...son='', run_blocked_reason='', staged_source_count=0, pending_approval_count=0, scope_item_count=None, ephemeral=False).pending_approval_count
2026-10-07T03:33:40.5758752Z  +    where ConsoleInspectorState(rows=(ConsoleDisplayRow(label='Selected conversation', value='Chat 1', status='ready', recovery=...son='', run_blocked_reason='', staged_source_count=0, pending_approval_count=0, scope_item_count=None, ephemeral=False) = ConsoleRunInspector(id='console-run-inspector-state', classes='h-auto').state
2026-10-07T03:33:40.5759467Z request = <FixtureRequest for <Coroutine test_session_owned_pending_projection_journeys>>
2026-10-07T03:33:40.5759912Z tmp_path = PosixPath('/tmp/pytest-of-runner/pytest-0/test_session_owned_pending_pro0/private-profile-process/pytest/test_session_owned_pending_pro0')
2026-10-07T03:33:40.5760211Z
2026-10-07T03:33:40.5760268Z     @pytest.mark.asyncio
2026-10-07T03:33:40.5760404Z     @private_profile_test
2026-10-07T03:33:40.5760575Z     async def test_session_owned_pending_projection_journeys(
2026-10-07T03:33:40.5760791Z         request: pytest.FixtureRequest, tmp_path: Path
2026-10-07T03:33:40.5760959Z     ) -> None:
2026-10-07T03:33:40.5761140Z         """Run every mounted projection journey with fresh app and worker ownership.
2026-10-07T03:33:40.5761345Z
2026-10-07T03:33:40.5761449Z         Args:
2026-10-07T03:33:40.5761634Z             request: Pytest request selecting the one isolated private-profile child.
2026-10-07T03:33:40.5761906Z             tmp_path: Parent directory for each journey's separate database fixture.
2026-10-07T03:33:40.5762203Z         """
2026-10-07T03:33:40.5762317Z         journeys = (
2026-10-07T03:33:40.5762500Z             _verify_question_and_approval_copy_survives_sibling_view_and_remount,
2026-10-07T03:33:40.5762915Z             _verify_inspector_counts_queued_approval_rounds_for_its_own_session,
2026-10-07T03:33:40.5763180Z             _verify_review_routes_reach_visible_skill_confirm_before_queued_approval,
2026-10-07T03:33:40.5763449Z             _verify_chat_create_confirmation_has_its_own_kind_and_review_route,
2026-10-07T03:33:40.5763696Z             _verify_late_chat_create_projection_spares_the_active_sibling,
2026-10-07T03:33:40.5763927Z             _verify_legacy_tool_approval_counts_in_the_mounted_view,
2026-10-07T03:33:40.5764107Z         )
2026-10-07T03:33:40.5764234Z         for index, journey in enumerate(journeys):
2026-10-07T03:33:40.5764410Z             case_path = tmp_path / str(index)
2026-10-07T03:33:40.5764570Z             case_path.mkdir()
2026-10-07T03:33:40.5764703Z             try:
2026-10-07T03:33:40.5764840Z >               await journey(request, case_path)
2026-10-07T03:33:40.5764949Z
2026-10-07T03:33:40.5765042Z Tests/UI/test_console_pending_interrupt_projection.py:797:
2026-10-07T03:33:40.5765260Z _ _ _ _ _ _ _ _ _ _ _ _ _ _ _ _ _ _ _ _ _ _ _ _ _ _ _ _ _ _ _ _ _ _ _ _ _ _ _ _
2026-10-07T03:33:40.5765391Z
2026-10-07T03:33:40.5765526Z request = <FixtureRequest for <Coroutine test_session_owned_pending_projection_journeys>>
2026-10-07T03:33:40.5765978Z tmp_path = PosixPath('/tmp/pytest-of-runner/pytest-0/test_session_owned_pending_pro0/private-profile-process/pytest/test_session_owned_pending_pro0/5')
2026-10-07T03:33:40.5766279Z
2026-10-07T03:33:40.5766413Z     async def _verify_legacy_tool_approval_counts_in_the_mounted_view(request, tmp_path):
2026-10-07T03:33:40.5766715Z         """Count a real unscoped tool card on every generic approval-count surface.
2026-10-07T03:33:40.5766923Z
2026-10-07T03:33:40.5767025Z         Args:
2026-10-07T03:33:40.5767184Z             request: Existing isolated private-profile collection owner.
2026-10-07T03:33:40.5767441Z             tmp_path: Separate database directory for this fresh mounted Console.
2026-10-07T03:33:40.5767640Z         """
2026-10-07T03:33:40.5767765Z         app = _build_app(tmp_path)
2026-10-07T03:33:40.5767909Z         workers = []
2026-10-07T03:33:40.5768062Z         async with app.run_test(size=(160, 48)) as pilot:
2026-10-07T03:33:40.5768296Z             console, controller, store, session_id = await _seed_console(app, pilot)
2026-10-07T03:33:40.5768544Z             _start_live_turn(console, controller, store, session_id)
2026-10-07T03:33:40.5768721Z             try:
2026-10-07T03:33:40.5768879Z                 worker, result = _arm(controller, None, call=_risk_row())
2026-10-07T03:33:40.5769078Z                 workers.append(worker)
2026-10-07T03:33:40.5769230Z                 await _wait(
2026-10-07T03:33:40.5769364Z                     pilot,
2026-10-07T03:33:40.5769495Z                     lambda: (
2026-10-07T03:33:40.5769670Z                         bool(list(console.query("#chat-approval-card")))
2026-10-07T03:33:40.5769893Z                         and console.query_one("#chat-approval-card").display
2026-10-07T03:33:40.5770144Z                         and bool(console.query_one("#chat-approval-card")._batch_round_id)
2026-10-07T03:33:40.5770351Z                     ),
2026-10-07T03:33:40.5770469Z                 )
2026-10-07T03:33:40.5770645Z                 round_id = console.query_one("#chat-approval-card")._batch_round_id
2026-10-07T03:33:40.5770888Z                 assert round_id in controller._pending_approval_rounds
2026-10-07T03:33:40.5771083Z                 assert worker.is_alive()
2026-10-07T03:33:40.5771288Z                 # Legacy calls have a host round, but deliberately no kind/badge entry.
2026-10-07T03:33:40.5771534Z                 assert controller.pending_round_count(session_id) == 0
2026-10-07T03:33:40.5771791Z                 assert console._task_resume_state.pending_approval["round_id"] == round_id
2026-10-07T03:33:40.5772149Z                 assert console._console_pending_approval_count() == 1
2026-10-07T03:33:40.5772351Z                 console._sync_console_rail_and_controls()
2026-10-07T03:33:40.5772584Z                 await pilot.pause()
2026-10-07T03:33:40.5772811Z                 inspector = console.query_one(
2026-10-07T03:33:40.5773012Z                     "#console-run-inspector-state", ConsoleRunInspector
2026-10-07T03:33:40.5773190Z                 )
2026-10-07T03:33:40.5773343Z >               assert inspector.state.pending_approval_count == 1
2026-10-07T03:33:40.5773533Z E               AssertionError: assert 0 == 1
2026-10-07T03:33:40.5774100Z E                +  where 0 = ConsoleInspectorState(rows=(ConsoleDisplayRow(label='Selected conversation', value='Chat 1', status='ready', recovery=...son='', run_blocked_reason='', staged_source_count=0, pending_approval_count=0, scope_item_count=None, ephemeral=False).pending_approval_count
2026-10-07T03:33:40.5775150Z E                +    where ConsoleInspectorState(rows=(ConsoleDisplayRow(label='Selected conversation', value='Chat 1', status='ready', recovery=...son='', run_blocked_reason='', staged_source_count=0, pending_approval_count=0, scope_item_count=None, ephemeral=False) = ConsoleRunInspector(id='console-run-inspector-state', classes='h-auto').state
2026-10-07T03:33:40.5775749Z
2026-10-07T03:33:40.5775861Z Tests/UI/test_console_pending_interrupt_projection.py:751: AssertionError
2026-10-07T03:33:40.5776073Z --- child log tail ---
2026-10-07T03:33:40.5776248Z igration completed successfully for DB: db_sha256=0513e9aa7246.
2026-10-07T03:33:40.5776628Z 2026-10-07 03:25:25.006 | DEBUG    | tldw_chatbook.DB.ChaChaNotes_DB:_enter_transaction:24138 - Entered nested transaction level 2 on thread 140020563573632.
2026-10-07T03:33:40.5777140Z 2026-10-07 03:25:25.009 | DEBUG    | tldw_chatbook.DB.ChaChaNotes_DB:_enter_transaction:24138 - Entered nested transaction level 2 on thread 140020563573632.
2026-10-07T03:33:40.5777703Z 2026-10-07 03:25:25.014 | INFO     | tldw_chatbook.DB.ChaChaNotes_DB:_migrate_from_v52_to_v53:6962 - Migrating schema from V52 to V53 for 'rag_char_chat_schema' in DB: db_sha256=0513e9aa7246...
2026-10-07T03:33:40.5778604Z 2026-10-07 03:25:25.015 | DEBUG    | tldw_chatbook.DB.ChaChaNotes_DB:_enter_transaction:24138 - Entered nested transaction level 2 on thread 140020563573632.
2026-10-07T03:33:40.5779427Z 2026-10-07 03:25:25.015 | INFO     | tldw_chatbook.DB.ChaChaNotes_DB:_migrate_from_v52_to_v53:7027 - [rag_char_chat_schema V52→V53] Migration completed for DB: db_sha256=0513e9aa7246 (examined 0, compacted 0, skipped 0 unreadable).
2026-10-07T03:33:40.5780224Z 2026-10-07 03:25:25.015 | DEBUG    | tldw_chatbook.DB.ChaChaNotes_DB:_enter_transaction:24138 - Entered nested transaction level 2 on thread 140020563573632.
2026-10-07T03:33:40.5780809Z 2026-10-07 03:25:25.017 | DEBUG    | tldw_chatbook.DB.ChaChaNotes_DB:_enter_transaction:24138 - Entered nested transaction level 2 on thread 140020563573632.
2026-10-07T03:33:40.5781412Z 2026-10-07 03:25:25.018 | DEBUG    | tldw_chatbook.DB.ChaChaNotes_DB:_enter_transaction:24138 - Entered nested transaction level 2 on thread 140020563573632.
2026-10-07T03:33:40.5782007Z 2026-10-07 03:25:25.026 | DEBUG    | tldw_chatbook.DB.ChaChaNotes_DB:_enter_transaction:24138 - Entered nested transaction level 2 on thread 140020563573632.
2026-10-07T03:33:40.5797474Z 2026-10-07 03:25:25.028 | DEBUG    | tldw_chatbook.DB.ChaChaNotes_DB:_enter_transaction:24138 - Entered nested transaction level 2 on thread 140020563573632.
2026-10-07T03:33:40.5798551Z 2026-10-07 03:25:25.038 | DEBUG    | tldw_chatbook.DB.ChaChaNotes_DB:_enter_transaction:24138 - Entered nested transaction level 2 on thread 140020563573632.
2026-10-07T03:33:40.5799186Z 2026-10-07 03:25:25.039 | DEBUG    | tldw_chatbook.DB.ChaChaNotes_DB:_enter_transaction:24138 - Entered nested transaction level 2 on thread 140020563573632.
2026-10-07T03:33:40.5799696Z 2026-10-07 03:25:25.040 | DEBUG    | tldw_chatbook.DB.ChaChaNotes_DB:_enter_transaction:24138 - Entered nested transaction level 2 on thread 140020563573632.
2026-10-07T03:33:40.5800433Z 2026-10-07 03:25:25.041 | DEBUG    | tldw_chatbook.DB.ChaChaNotes_DB:_enter_transaction:24138 - Entered nested transaction level 2 on thread 140020563573632.
2026-10-07T03:33:40.5800971Z 2026-10-07 03:25:25.053 | DEBUG    | tldw_chatbook.DB.ChaChaNotes_DB:_enter_transaction:24138 - Entered nested transaction level 2 on thread 140020563573632.
2026-10-07T03:33:40.5801486Z 2026-10-07 03:25:25.056 | DEBUG    | tldw_chatbook.DB.ChaChaNotes_DB:_enter_transaction:24138 - Entered nested transaction level 2 on thread 140020563573632.
2026-10-07T03:33:40.5801991Z 2026-10-07 03:25:25.068 | DEBUG    | tldw_chatbook.DB.ChaChaNotes_DB:_enter_transaction:24138 - Entered nested transaction level 2 on thread 140020563573632.
2026-10-07T03:33:40.5802491Z 2026-10-07 03:25:25.069 | DEBUG    | tldw_chatbook.DB.ChaChaNotes_DB:_enter_transaction:24138 - Entered nested transaction level 2 on thread 140020563573632.
2026-10-07T03:33:40.5803075Z 2026-10-07 03:25:25.072 | DEBUG    | tldw_chatbook.DB.ChaChaNotes_DB:_enter_transaction:24138 - Entered nested transaction level 3 on thread 140020563573632.
2026-10-07T03:33:40.5803577Z 2026-10-07 03:25:25.072 | DEBUG    | tldw_chatbook.DB.ChaChaNotes_DB:_enter_transaction:24138 - Entered nested transaction level 3 on thread 140020563573632.
2026-10-07T03:33:40.5804090Z 2026-10-07 03:25:25.073 | DEBUG    | tldw_chatbook.DB.ChaChaNotes_DB:_enter_transaction:24138 - Entered nested transaction level 2 on thread 140020563573632.
2026-10-07T03:33:40.5804606Z 2026-10-07 03:25:25.075 | DEBUG    | tldw_chatbook.DB.ChaChaNotes_DB:_enter_transaction:24138 - Entered nested transaction level 2 on thread 140020563573632.
2026-10-07T03:33:40.5805139Z 2026-10-07 03:25:25.089 | DEBUG    | tldw_chatbook.DB.ChaChaNotes_DB:_enter_transaction:24138 - Entered nested transaction level 2 on thread 140020563573632.
2026-10-07T03:33:40.5805642Z 2026-10-07 03:25:25.090 | DEBUG    | tldw_chatbook.DB.ChaChaNotes_DB:_enter_transaction:24138 - Entered nested transaction level 2 on thread 140020563573632.
2026-10-07T03:33:40.5806152Z 2026-10-07 03:25:25.091 | DEBUG    | tldw_chatbook.DB.ChaChaNotes_DB:_enter_transaction:24138 - Entered nested transaction level 2 on thread 140020563573632.
2026-10-07T03:33:40.5806654Z 2026-10-07 03:25:25.096 | DEBUG    | tldw_chatbook.DB.ChaChaNotes_DB:_enter_transaction:24138 - Entered nested transaction level 2 on thread 140020563573632.
2026-10-07T03:33:40.5807153Z 2026-10-07 03:25:25.105 | DEBUG    | tldw_chatbook.DB.ChaChaNotes_DB:_enter_transaction:24138 - Entered nested transaction level 2 on thread 140020563573632.
2026-10-07T03:33:40.5807674Z 2026-10-07 03:25:25.106 | DEBUG    | tldw_chatbook.DB.ChaChaNotes_DB:_enter_transaction:24138 - Entered nested transaction level 2 on thread 140020563573632.
2026-10-07T03:33:40.5808189Z 2026-10-07 03:25:25.110 | DEBUG    | tldw_chatbook.DB.ChaChaNotes_DB:_enter_transaction:24138 - Entered nested transaction level 2 on thread 140020563573632.
2026-10-07T03:33:40.5808708Z 2026-10-07 03:25:25.111 | DEBUG    | tldw_chatbook.DB.ChaChaNotes_DB:_enter_transaction:24138 - Entered nested transaction level 2 on thread 140020563573632.
2026-10-07T03:33:40.5809210Z 2026-10-07 03:25:25.111 | DEBUG    | tldw_chatbook.DB.ChaChaNotes_DB:_enter_transaction:24138 - Entered nested transaction level 2 on thread 140020563573632.
2026-10-07T03:33:40.5809710Z 2026-10-07 03:25:25.125 | DEBUG    | tldw_chatbook.DB.ChaChaNotes_DB:_enter_transaction:24138 - Entered nested transaction level 2 on thread 140020563573632.
2026-10-07T03:33:40.5810254Z 2026-10-07 03:25:25.126 | INFO     | tldw_chatbook.DB.ChaChaNotes_DB:_initialize_schema:8319 - Database schema 'rag_char_chat_schema' successfully initialized/migrated to version 78.
2026-10-07T03:33:40.5810822Z 2026-10-07 03:25:25.128 | DEBUG    | tldw_chatbook.DB.ChaChaNotes_DB:_exit_transaction:24234 - Transaction (outermost) committed successfully on thread 140020563573632.
2026-10-07T03:33:40.5811354Z 2026-10-07 03:25:25.128 | DEBUG    | tldw_chatbook.DB.ChaChaNotes_DB:__init__:2908 - CharactersRAGDB initialization completed successfully db_sha256=0513e9aa7246
2026-10-07T03:33:40.5812367Z 2026-10-07 03:25:25.145 | INFO     | tldw_chatbook.config:_apply_literal_settings_transaction_locked:8748 - Attempting to apply literal settings mutation: sets={"('first_run',)": ['setup_completed'], "('splash_screen',)": ['enabled'], "('chat_defaults',)": ['provider', 'model'], "('api_settings', 'llama_cpp')": ['api_url', 'model']}, deletes={}
2026-10-07T03:33:40.5813417Z 2026-10-07 03:25:25.163 | SUCCESS  | tldw_chatbook.config:_apply_literal_settings_transaction_locked:8803 - Successfully replaced settings file at /tmp/pytest-of-runner/pytest-0/test_session_owned_pending_pro0/private-profile-process/profile/config/config.toml
2026-10-07T03:33:40.5814180Z 2026-10-07 03:25:25.167 | INFO     | tldw_chatbook.config:_load_settings_uncached:2213 - Determined ACTUAL_PROJECT_ROOT for general paths: /home/runner/work/tldw_chatbook/tldw_chatbook/tldw_chatbook
2026-10-07T03:33:40.5814822Z 2026-10-07 03:25:25.167 | INFO     | tldw_chatbook.config:_load_settings_uncached:2216 - Determined APP_COMPONENT_ROOT for config files: /home/runner/work/tldw_chatbook/tldw_chatbook/tldw_chatbook
2026-10-07T03:33:40.5815415Z 2026-10-07 03:25:25.168 | DEBUG    | tldw_chatbook.config:_load_settings_uncached:2239 - load_settings: Configuration loaded from disk (cache miss or forced reload)
2026-10-07T03:33:40.5816153Z 2026-10-07 03:25:25.192 | DEBUG    | tldw_chatbook.config:_load_settings_uncached:3803 - Ensured chat dictionaries folder exists: /tmp/pytest-of-runner/pytest-0/test_session_owned_pending_pro0/private-profile-process/profile/home/.local/share/tldw_cli/default_user/chat_dicts
2026-10-07T03:33:40.5816860Z 2026-10-07 03:25:25.192 | DEBUG    | tldw_chatbook.config:_load_settings_uncached:3834 - load_settings: Configuration cached for future use
2026-10-07T03:33:40.5817349Z 2026-10-07 03:25:25.193 | INFO     | tldw_chatbook.config:_apply_literal_settings_transaction_locked:8831 - Global configuration caches invalidated and reloaded.
2026-10-07T03:33:40.5817967Z 2026-10-07 03:25:25.201 | INFO     | tldw_chatbook.config:_load_settings_uncached:2213 - Determined ACTUAL_PROJECT_ROOT for general paths: /home/runner/work/tldw_chatbook/tldw_chatbook/tldw_chatbook
2026-10-07T03:33:40.5818622Z 2026-10-07 03:25:25.201 | INFO     | tldw_chatbook.config:_load_settings_uncached:2216 - Determined APP_COMPONENT_ROOT for config files: /home/runner/work/tldw_chatbook/tldw_chatbook/tldw_chatbook
2026-10-07T03:33:40.5819370Z 2026-10-07 03:25:25.204 | INFO     | tldw_chatbook.config:_load_cli_config_bootstrap_unlocked:6942 - Attempting to load CLI config from: /tmp/pytest-of-runner/pytest-0/test_session_owned_pending_pro0/private-profile-process/profile/config/config.toml
2026-10-07T03:33:40.5820244Z 2026-10-07 03:25:25.213 | INFO     | tldw_chatbook.config:_load_cli_config_bootstrap_unlocked:6963 - Successfully loaded and merged CLI config from /tmp/pytest-of-runner/pytest-0/test_session_owned_pending_pro0/private-profile-process/profile/config/config.toml
2026-10-07T03:33:40.5822336Z 2026-10-07 03:25:25.213 | DEBUG    | tldw_chatbook.config:_load_cli_config_bootstrap_unlocked:7047 - load_cli_config_and_ensure_existence returning config with top-level keys: ['config_schema_version', 'general', 'console', 'console_ssh', 'hooks', 'skills', 'tamagotchi', 'appearance', 'acp', 'tldw_api', 'library', 'caching', 'agents', 'splash_screen', 'logging', 'metrics', 'database', 'webhooks', 'scheduling', 'media_cleanup', 'api_endpoints', 'providers', 'model_catalog', 'api_settings', 'chat_defaults', 'chat', 'web_security', 'network', 'image_generation', 'character_defaults', 'analysis_defaults', 'permission_summary', 'llm_management', 'llamacpp_snapshots', 'notes', 'Prompts', 'prompts', 'embedding_config', 'rag_citations', 'rag', 'rag_search', 'chunking', 'model_capabilities', 'tools', 'SearchSettings', 'webfetch', 'SearchEngines', 'media_processing', 'meetings', 'dictation', 'transcription', 'diarization', 'local_ingestion', 'mcp', 'subscriptions', 'github', 'briefings_feed_server', 'canvas', 'web_server', 'first_run']
2026-10-07T03:33:40.5825693Z 2026-10-07 03:25:25.213 | DEBUG    | tldw_chatbook.config:_load_cli_config_bootstrap_unlocked:7051 -   'api_settings' found with keys: ['openai', 'anthropic', 'cohere', 'deepseek', 'groq', 'google', 'huggingface', 'mistralai', 'openrouter', 'moonshot', 'qwencloud', 'zai', 'databricks', 'together', 'fireworks', 'cerebras', 'sambanova', 'nvidia', 'deepinfra', 'nebius', 'novita', 'minimax', 'mimo', 'tokenhub', 'byteplus', 'stepfun', 'vercel', 'zenmux', 'kilo', 'siliconflow', 'baseten', 'gmi', 'ollama_cloud', 'upstage', 'arcee', 'qianfan', 'nous', 'venice', 'meta', 'azure', 'wandb', 'cloudflare', 'opencode_zen', 'commandcode', 'llama_cpp', 'oobabooga', 'koboldcpp', 'ollama', 'vllm', 'aphrodite', 'tabbyapi', 'custom', 'custom_2', 'local-llm', 'local_llamafile', 'local_llamacpp', 'local_vllm', 'local_ollama', 'local_onnx', 'local_transformers', 'local_mlx_lm']
2026-10-07T03:33:40.5827293Z 2026-10-07 03:25:25.214 | DEBUG    | tldw_chatbook.config:_load_settings_uncached:2239 - load_settings: Configuration loaded from disk (cache miss or forced reload)
2026-10-07T03:33:40.5828037Z 2026-10-07 03:25:25.237 | DEBUG    | tldw_chatbook.config:_load_settings_uncached:3803 - Ensured chat dictionaries folder exists: /tmp/pytest-of-runner/pytest-0/test_session_owned_pending_pro0/private-profile-process/profile/home/.local/share/tldw_cli/default_user/chat_dicts
2026-10-07T03:33:40.5828740Z 2026-10-07 03:25:25.237 | DEBUG    | tldw_chatbook.config:_load_settings_uncached:3834 - load_settings: Configuration cached for future use
2026-10-07T03:33:40.5829196Z 2026-10-07 03:25:31 [WARNING ] tldw_chatbook.Chat.console_interrupt_rounds:651 - Arming a revocable interrupt round without a run owner
2026-10-07T03:33:40.5829593Z 2026-10-07 03:25:38 [WARNING ] root:1495 - Prompts service not initialized, self.prompts_db set to None.
2026-10-07T03:33:40.5829965Z 2026-10-07 03:25:38 [ERROR   ] root:1516 - ChaChaNotesDB (CharactersRAGDB) instance not found/assigned in app.__init__.
2026-10-07T03:33:40.5830392Z 2026-10-07 03:25:43 [WARNING ] tldw_chatbook.Chat.console_interrupt_rounds:651 - Arming a revocable interrupt round without a run owner
2026-10-07T03:33:40.5830836Z 2026-10-07 03:25:43 [WARNING ] tldw_chatbook.Chat.console_interrupt_rounds:651 - Arming a revocable interrupt round without a run owner
2026-10-07T03:33:40.5831229Z 2026-10-07 03:25:47 [WARNING ] root:1495 - Prompts service not initialized, self.prompts_db set to None.
2026-10-07T03:33:40.5831592Z 2026-10-07 03:25:47 [ERROR   ] root:1516 - ChaChaNotesDB (CharactersRAGDB) instance not found/assigned in app.__init__.
2026-10-07T03:33:40.5832010Z 2026-10-07 03:25:52 [WARNING ] tldw_chatbook.Chat.console_interrupt_rounds:651 - Arming a revocable interrupt round without a run owner
2026-10-07T03:33:40.5832402Z 2026-10-07 03:25:57 [WARNING ] root:1495 - Prompts service not initialized, self.prompts_db set to None.
2026-10-07T03:33:40.5832835Z 2026-10-07 03:25:57 [ERROR   ] root:1516 - ChaChaNotesDB (CharactersRAGDB) instance not found/assigned in app.__init__.
2026-10-07T03:33:40.5833258Z 2026-10-07 03:26:02 [WARNING ] tldw_chatbook.Chat.console_interrupt_rounds:651 - Arming a revocable interrupt round without a run owner
2026-10-07T03:33:40.5833644Z 2026-10-07 03:26:06 [WARNING ] root:1495 - Prompts service not initialized, self.prompts_db set to None.
2026-10-07T03:33:40.5834004Z 2026-10-07 03:26:06 [ERROR   ] root:1516 - ChaChaNotesDB (CharactersRAGDB) instance not found/assigned in app.__init__.
2026-10-07T03:33:40.5834359Z 2026-10-07 03:26:12 [WARNING ] root:1495 - Prompts service not initialized, self.prompts_db set to None.
2026-10-07T03:33:40.5834713Z 2026-10-07 03:26:12 [ERROR   ] root:1516 - ChaChaNotesDB (CharactersRAGDB) instance not found/assigned in app.__init__.
2026-10-07T03:33:40.5835068Z 2026-10-07 03:26:20 [WARNING ] root:1495 - Prompts service not initialized, self.prompts_db set to None.
2026-10-07T03:33:40.5835420Z 2026-10-07 03:26:20 [ERROR   ] root:1516 - ChaChaNotesDB (CharactersRAGDB) instance not found/assigned in app.__init__.
2026-10-07T03:33:40.5836139Z 2026-10-07 03:26:24 [WARNING ] tldw_chatbook.Chat.console_interrupt_rounds:651 - Arming a revocable interrupt round without a run owner
2026-10-07T03:33:40.5836493Z ------------------------------ Captured log call -------------------------------
2026-10-07T03:33:40.5836758Z INFO     root:app.py:1390 App __init__: Determined initial tab value: chat
2026-10-07T03:33:40.5837044Z WARNING  root:app.py:1495 Prompts service not initialized, self.prompts_db set to None.
2026-10-07T03:33:40.5837384Z ERROR    root:app.py:1516 ChaChaNotesDB (CharactersRAGDB) instance not found/assigned in app.__init__.
2026-10-07T03:33:40.5837673Z INFO     root:app.py:2285 Splash screen enabled: False
2026-10-07T03:33:40.5837960Z INFO     tldw_chatbook.diagnostics.app:persistent_diagnostics.py:256 event=app_started component=app
2026-10-07T03:33:40.5838454Z INFO     tldw_chatbook.diagnostics.dictation:persistent_diagnostics.py:256 event=speech_stack_available component=dictation model=provider-default provider=none status=degraded
2026-10-07T03:33:40.5838924Z INFO     root:Logging_Config.py:809 --- _setup_logging START (from Logging_Config.py) ---
2026-10-07T03:33:40.5839216Z INFO     root:Logging_Config.py:821 Loguru: All pre-existing sinks removed.
2026-10-07T03:33:40.5839539Z INFO     root:Logging_Config.py:850 Loguru: Configured to forward its messages to standard Python logging system.
2026-10-07T03:33:40.5839861Z --------------------------- Captured stderr teardown ---------------------------
2026-10-07T03:33:40.5840485Z [fd_leak_sentinel] open file descriptors grew by 202 over the test session (start=14, end=216, limit=200) — possible fd leak; bisect with TLDW_TEST_GC_EVERY=1 and mark offending tests @pytest.mark.requires_cleanup
2026-10-07T03:33:40.5840945Z =============================== warnings summary ===============================
2026-10-07T03:33:40.5841267Z Tests/UI/test_console_pending_interrupt_projection.py::test_session_owned_pending_projection_journeys
2026-10-07T03:33:40.5842024Z   /home/runner/work/tldw_chatbook/tldw_chatbook/Tests/conftest.py:609: UserWarning: open file descriptors grew by 202 over the test session (start=14, end=216, limit=200) — possible fd leak; bisect with TLDW_TEST_GC_EVERY=1 and mark offending tests @pytest.mark.requires_cleanup
2026-10-07T03:33:40.5842584Z     warnings.warn(message, UserWarning, stacklevel=0)
2026-10-07T03:33:40.5842781Z
2026-10-07T03:33:40.5842900Z -- Docs: https://docs.pytest.org/en/stable/how-to/capture-warnings.html
2026-10-07T03:33:40.5843140Z ============================= slowest 25 durations =============================
2026-10-07T03:33:40.5843453Z 63.16s call     Tests/UI/test_console_pending_interrupt_projection.py::test_session_owned_pending_projection_journeys
2026-10-07T03:33:40.5843680Z
2026-10-07T03:33:40.5843740Z (2 durations < 1s hidden.)
2026-10-07T03:33:40.5843909Z =========================== short test summary info ============================
2026-10-07T03:33:40.5844274Z FAILED Tests/UI/test_console_pending_interrupt_projection.py::test_session_owned_pending_projection_journeys - AssertionError: assert 0 == 1
2026-10-07T03:33:40.5845002Z  +  where 0 = ConsoleInspectorState(rows=(ConsoleDisplayRow(label='Selected conversation', value='Chat 1', status='ready', recovery=...son='', run_blocked_reason='', staged_source_count=0, pending_approval_count=0, scope_item_count=None, ephemeral=False).pending_approval_count
2026-10-07T03:33:40.5846027Z  +    where ConsoleInspectorState(rows=(ConsoleDisplayRow(label='Selected conversation', value='Chat 1', status='ready', recovery=...son='', run_blocked_reason='', staged_source_count=0, pending_approval_count=0, scope_item_count=None, ephemeral=False) = ConsoleRunInspector(id='console-run-inspector-state', classes='h-auto').state
2026-10-07T03:33:42.4491633Z 1 failed, 1 warning in 66.78s (0:01:06)
2026-10-07T03:33:42.4492042Z ============ 1 failed, 240 passed, 2 warnings in 568.83s (0:09:28) =============
2026-10-07T03:33:46.7230835Z ##[error]Process completed with exit code 1.
2026-10-07T03:33:46.7321887Z Post job cleanup.
2026-10-07T03:33:46.7867150Z [command]/usr/bin/git version
2026-10-07T03:33:46.7897276Z git version 2.55.0
2026-10-07T03:33:46.7919005Z Temporarily overriding HOME='/home/runner/work/_temp/9981e542-ae56-4500-a27b-313cd7362e0c' before making global git config changes
2026-10-07T03:33:46.7919880Z Adding repository directory to the temporary git global config as a safe directory
2026-10-07T03:33:46.7922446Z [command]/usr/bin/git config --global --add safe.directory /home/runner/work/tldw_chatbook/tldw_chatbook
2026-10-07T03:33:46.7954156Z [command]/usr/bin/git config --local --name-only --get-regexp core\.sshCommand
2026-10-07T03:33:46.7980769Z [command]/usr/bin/git submodule foreach --recursive sh -c "git config --local --name-only --get-regexp 'core\.sshCommand' && git config --local --unset-all 'core.sshCommand' || :"
2026-10-07T03:33:46.8177039Z [command]/usr/bin/git config --local --name-only --get-regexp http\.https\:\/\/github\.com\/\.extraheader
2026-10-07T03:33:46.8202153Z http.https://github.com/.extraheader
2026-10-07T03:33:46.8210674Z [command]/usr/bin/git config --local --unset-all http.https://github.com/.extraheader
2026-10-07T03:33:46.8237661Z [command]/usr/bin/git submodule foreach --recursive sh -c "git config --local --name-only --get-regexp 'http\.https\:\/\/github\.com\/\.extraheader' && git config --local --unset-all 'http.https://github.com/.extraheader' || :"
2026-10-07T03:33:46.8428529Z [command]/usr/bin/git config --local --name-only --get-regexp ^includeIf\.gitdir:
2026-10-07T03:33:46.8455105Z [command]/usr/bin/git submodule foreach --recursive git config --local --show-origin --name-only --get-regexp remote.origin.url
2026-10-07T03:33:46.8774973Z Cleaning up orphan processes
2026-10-07T03:33:46.8993127Z ##[warning]Node.js 20 is deprecated. The following actions target Node.js 20 but are being forced to run on Node.js 24: actions/checkout@v4, actions/setup-python@v5. For more information see: https://github.blog/changelog/2025-09-19-deprecation-of-node-20-on-github-actions-runners/
