....F.FF...........................................FFFFFFFFFFFFFF        [100%]
=================================== FAILURES ===================================
_______ test_console_pre_durable_failure_keeps_newer_typing_and_recovery _______

    @pytest.mark.asyncio
    async def test_console_pre_durable_failure_keeps_newer_typing_and_recovery():
        app = _build_console_send_test_app()
        app.chat_api_provider_value = "llama_cpp"
        app.chat_api_model_value = "test-model"
        app.console_provider_gateway_factory = BlockedGateway
        host = ConsoleHarness(app)
    
        async with host.run_test(size=(160, 48)) as pilot:
            console = host.screen_stack[-1]
>           await _wait_for_selector(console, pilot, "#console-native-composer")

Tests/UI/test_console_send_draft_snapshot.py:245: 
_ _ _ _ _ _ _ _ _ _ _ _ _ _ _ _ _ _ _ _ _ _ _ _ _ _ _ _ _ _ _ _ _ _ _ _ _ _ _ _ 

screen = ChatScreen()
pilot = <Pilot app=ConsoleHarness(title='ConsoleHarness', classes={'-dark-mode'}, pseudo_classes={'nocolor', 'dark', 'focus'})>
selector = '#console-native-composer'

    async def _wait_for_selector(
        screen, pilot, selector: str, *, timeout: float = 2.0
    ) -> None:
        deadline = time.monotonic() + timeout
        while time.monotonic() < deadline:
            if screen.query(selector):
                await pilot.pause()
                return
            await pilot.pause(0.01)
>       raise AssertionError(
            f"Timed out waiting for {selector}. Visible text: {_visible_text(screen)}"
        )
E       AssertionError: Timed out waiting for #console-native-composer. Visible text:

Tests/UI/test_destination_shells.py:1191: AssertionError

During handling of the above exception, another exception occurred:

    @pytest.mark.asyncio
    async def test_console_pre_durable_failure_keeps_newer_typing_and_recovery():
        app = _build_console_send_test_app()
        app.chat_api_provider_value = "llama_cpp"
        app.chat_api_model_value = "test-model"
        app.console_provider_gateway_factory = BlockedGateway
        host = ConsoleHarness(app)
    
>       async with host.run_test(size=(160, 48)) as pilot:
                   ^^^^^^^^^^^^^^^^^^^^^^^^^^^^^

Tests/UI/test_console_send_draft_snapshot.py:243: 
_ _ _ _ _ _ _ _ _ _ _ _ _ _ _ _ _ _ _ _ _ _ _ _ _ _ _ _ _ _ _ _ _ _ _ _ _ _ _ _ 
../../../../.local/share/uv/python/cpython-3.12.11-macos-aarch64-none/lib/python3.12/contextlib.py:231: in __aexit__
    await self.gen.athrow(value)
../../../../Documents/GitHub/tldw_chatbook/.venv/lib/python3.12/site-packages/textual/app.py:2218: in run_test
    raise self._exception
../../../../Documents/GitHub/tldw_chatbook/.venv/lib/python3.12/site-packages/textual/message_pump.py:663: in _process_messages_loop
    await self._dispatch_message(message)
../../../../Documents/GitHub/tldw_chatbook/.venv/lib/python3.12/site-packages/textual/message_pump.py:727: in _dispatch_message
    await self.on_event(message)
../../../../Documents/GitHub/tldw_chatbook/.venv/lib/python3.12/site-packages/textual/message_pump.py:808: in on_event
    await self._on_message(event)
../../../../Documents/GitHub/tldw_chatbook/.venv/lib/python3.12/site-packages/textual/message_pump.py:829: in _on_message
    await invoke(method, message)
../../../../Documents/GitHub/tldw_chatbook/.venv/lib/python3.12/site-packages/textual/_callback.py:96: in invoke
    return await _invoke(callback, *params)
           ^^^^^^^^^^^^^^^^^^^^^^^^^^^^^^^^
../../../../Documents/GitHub/tldw_chatbook/.venv/lib/python3.12/site-packages/textual/_callback.py:56: in _invoke
    result = callback(*params[:parameter_count])
             ^^^^^^^^^^^^^^^^^^^^^^^^^^^^^^^^^^^
tldw_chatbook/UI/Screens/chat_screen.py:22377: in _adapt_console_workspace_to_width
    left_rail = self.query_one("#console-left-rail")
                ^^^^^^^^^^^^^^^^^^^^^^^^^^^^^^^^^^^^
_ _ _ _ _ _ _ _ _ _ _ _ _ _ _ _ _ _ _ _ _ _ _ _ _ _ _ _ _ _ _ _ _ _ _ _ _ _ _ _ 

self = ChatScreen(), selector = '#console-left-rail', expect_type = None

    def query_one(
        self,
        selector: str | type[QueryType],
        expect_type: type[QueryType] | None = None,
    ) -> QueryType | Widget:
        """Get a widget from this widget's children that matches a selector or widget type.
    
        Args:
            selector: A selector or widget type.
            expect_type: Require the object be of the supplied type, or None for any type.
    
        Raises:
            WrongType: If the wrong type was found.
            NoMatches: If no node matches the query.
    
        Returns:
            A widget matching the selector.
        """
        _rich_traceback_omit = True
    
        base_node = self._get_dom_base()
    
        if isinstance(selector, str):
            query_selector = selector
        else:
            query_selector = selector.__name__
    
        if is_id_selector(query_selector):
            cache_key = (base_node._nodes._updates, query_selector, expect_type)
            cached_result = base_node._query_one_cache.get(cache_key)
            if cached_result is not None:
                return cached_result
            if (
                node := walk_breadth_search_id(
                    base_node, query_selector[1:], with_root=False
                )
            ) is not None:
                if expect_type is not None and not isinstance(node, expect_type):
                    raise WrongType(
                        f"Node matching {query_selector!r} is the wrong type; expected type {expect_type.__name__!r}, found {node}"
                    )
                base_node._query_one_cache[cache_key] = node
                return node
>           raise NoMatches(f"No nodes match {query_selector!r} on {base_node!r}")
E           textual.css.query.NoMatches: No nodes match '#console-left-rail' on ChatScreen()

../../../../Documents/GitHub/tldw_chatbook/.venv/lib/python3.12/site-packages/textual/dom.py:1505: NoMatches
----------------------------- Captured stderr call -----------------------------
2026-10-03 19:10:03.052 | INFO     | tldw_chatbook.app:__init__:1251 - Loaded app_config - strip_thinking_tags: True
2026-10-03 19:10:03.088 | INFO     | tldw_chatbook.app:__init__:1359 - Parallel init task 'prompts_service' completed in 0.000s
2026-10-03 19:10:03.090 | INFO     | tldw_chatbook.app:__init__:1359 - Parallel init task 'notes_service' completed in 0.000s
2026-10-03 19:10:03.091 | INFO     | tldw_chatbook.app:__init__:1359 - Parallel init task 'providers_models' completed in 0.000s
2026-10-03 19:10:03.091 | INFO     | tldw_chatbook.app:__init__:1359 - Parallel init task 'media_db' completed in 0.000s
2026-10-03 19:10:03.247 | INFO     | tldw_chatbook.DB.base_db:__init__:989 - LibraryCollectionsDB initialized with path: /private/var/folders/sn/m80n2j152t9gw3w8qwk2nykh0000gn/T/tldw-chatbook-test-_l2nud_r/library_collections.sqlite [Client: tldw_cli_local_instance_v1]
2026-10-03 19:10:03.392 | INFO     | tldw_chatbook.DB.base_db:__init__:989 - WorkspaceDB initialized with path: /private/var/folders/sn/m80n2j152t9gw3w8qwk2nykh0000gn/T/tldw-chatbook-test-_l2nud_r/workspaces.sqlite [Client: tldw_cli_local_instance_v1]
2026-10-03 19:10:03.562 | INFO     | tldw_chatbook.DB.base_db:__init__:989 - SubscriptionsDB initialized with path: /private/var/folders/sn/m80n2j152t9gw3w8qwk2nykh0000gn/T/tldw-chatbook-test-_l2nud_r/subscriptions.sqlite [Client: tldw_cli_local_instance_v1]
2026-10-03 19:10:03.565 | INFO     | tldw_chatbook.DB.base_db:__init__:989 - ClientNotificationsDB initialized with path: :memory: [Client: tldw_cli_local_instance_v1]
2026-10-03 19:10:03.569 | INFO     | tldw_chatbook.DB.base_db:__init__:989 - EventStateRepository initialized with path: /private/var/folders/sn/m80n2j152t9gw3w8qwk2nykh0000gn/T/tldw-chatbook-test-_l2nud_r/tldw_chatbook_event_state.db [Client: tldw_cli_local_instance_v1]
2026-10-03 19:10:03.569 | INFO     | tldw_chatbook.DB.base_db:__init__:989 - SyncStateRepository initialized with path: /private/var/folders/sn/m80n2j152t9gw3w8qwk2nykh0000gn/T/tldw-chatbook-test-_l2nud_r/tldw_chatbook_sync_state.db [Client: tldw_cli_local_instance_v1]
2026-10-03 19:10:03.908 | DEBUG    | tldw_chatbook.Scheduling.db.migrations.v1_to_v2:migrate:75 - Scheduling schema migrated to version 2 (missed_count column)
2026-10-03 19:10:04.023 | DEBUG    | tldw_chatbook.Scheduling.db.migrations.v2_to_v3:migrate:62 - Scheduling schema migrated to version 3 (timeout_seconds column)
2026-10-03 19:10:04.114 | DEBUG    | tldw_chatbook.Scheduling.db.migrations.v3_to_v4:migrate:137 - Scheduling schema migrated to version 4 (automation runs/results)
2026-10-03 19:10:04.203 | DEBUG    | tldw_chatbook.Scheduling.db.migrations.v4_to_v5:migrate:63 - Scheduling schema migrated to version 5 (scheduled_task_runs)
2026-10-03 19:10:04.291 | DEBUG    | tldw_chatbook.Scheduling.db.migrations.v5_to_v6:migrate:68 - Scheduling schema migrated to version 6 (task_incidents)
2026-10-03 19:10:04.461 | DEBUG    | tldw_chatbook.Scheduling.db.migrations.v6_to_v7:migrate:107 - Scheduling schema migrated to version 7 (automation_results server_id unique index)
2026-10-03 19:10:04.463 | INFO     | tldw_chatbook.DB.base_db:__init__:989 - ScheduledTasksDB initialized with path: /private/var/folders/sn/m80n2j152t9gw3w8qwk2nykh0000gn/T/tldw-chatbook-test-_l2nud_r/scheduled_tasks.sqlite [Client: default]
2026-10-03 19:10:04.544 | DEBUG    | tldw_chatbook.app:__init__:1430 - ULTRA EARLY APP INIT: self._media_types_for_ui VALUE: ['All Media']
2026-10-03 19:10:04.550 | DEBUG    | tldw_chatbook.app:__init__:1433 - ULTRA EARLY APP INIT: self._media_types_for_ui TYPE: <class 'list'>
2026-10-03 19:10:04.734 | INFO     | tldw_chatbook.DB.Evals_DB:__init__:193 - EvalsDB initialized with path: /Users/macbook-dev/.codex/worktrees/console-chat-starts/tldw_chatbook/.superpowers/sdd/2026-10-03-console-pr2995-review-and-merge/composer-green-profile-3n7mgiyx/home/.local/share/tldw_cli/default_user/evals.db
2026-10-03 19:10:04.735 | INFO     | tldw_chatbook.Evals.task_loader:__init__:98 - TaskLoader initialized
2026-10-03 19:10:04.762 | DEBUG    | tldw_chatbook.Event_Handlers.worker_handlers.base_handler:register:155 - Registered worker handler: MiscWorkerHandler
2026-10-03 19:10:04.762 | INFO     | tldw_chatbook.app:_init_worker_handlers:2167 - Worker handler registry initialized with all handlers
2026-10-03 19:10:04.762 | INFO     | tldw_chatbook.app:__init__:1615 - === STARTUP TIMING SUMMARY ===
2026-10-03 19:10:04.762 | INFO     | tldw_chatbook.app:__init__:1616 - Total initialization time: 1.765 seconds
2026-10-03 19:10:04.762 | INFO     | tldw_chatbook.app:__init__:1622 -   basic_init: 0.086s (4.9%)
2026-10-03 19:10:04.762 | INFO     | tldw_chatbook.app:__init__:1622 -   attribute_init: 0.000s (0.0%)
2026-10-03 19:10:04.762 | INFO     | tldw_chatbook.app:__init__:1622 -   parallel_init: 0.008s (0.5%)
2026-10-03 19:10:04.762 | INFO     | tldw_chatbook.app:__init__:1635 -     - notes_service: 0.000s (0.0% of parallel_init)
2026-10-03 19:10:04.762 | INFO     | tldw_chatbook.app:__init__:1635 -     - providers_models: 0.000s (0.0% of parallel_init)
2026-10-03 19:10:04.762 | INFO     | tldw_chatbook.app:__init__:1635 -     - media_db: 0.000s (0.0% of parallel_init)
2026-10-03 19:10:04.762 | INFO     | tldw_chatbook.app:__init__:1635 -     - prompts_service: 0.000s (0.0% of parallel_init)
2026-10-03 19:10:04.762 | INFO     | tldw_chatbook.app:__init__:1639 - ==============================
2026-10-03 19:10:04.765 | INFO     | tldw_chatbook.DB.ChaChaNotes_DB:__init__:3376 - Initializing CharactersRAGDB db_sha256=memory [Client ID: test-client]
2026-10-03 19:10:04.769 | DEBUG    | tldw_chatbook.DB.ChaChaNotes_DB:_get_thread_connection:3554 - Opened/Reopened SQLite connection db_sha256=memory thread=8494865792
2026-10-03 19:10:04.769 | DEBUG    | tldw_chatbook.DB.ChaChaNotes_DB:_enter_transaction:24489 - Started outermost transaction on thread 8494865792.
2026-10-03 19:10:04.769 | INFO     | tldw_chatbook.DB.ChaChaNotes_DB:_initialize_schema:8550 - Checking DB schema 'rag_char_chat_schema'. Current version: 0. Code supports: 76
2026-10-03 19:10:04.773 | INFO     | tldw_chatbook.DB.ChaChaNotes_DB:_apply_schema_v4:4437 - Applying schema Version 4 for 'rag_char_chat_schema' to DB: db_sha256=memory...
2026-10-03 19:10:04.774 | DEBUG    | tldw_chatbook.DB.ChaChaNotes_DB:_enter_transaction:24458 - Entered nested transaction level 2 on thread 8494865792.
2026-10-03 19:10:04.793 | DEBUG    | tldw_chatbook.DB.ChaChaNotes_DB:_apply_schema_v4:4478 - [rag_char_chat_schema V4] Full schema script executed.
2026-10-03 19:10:04.793 | INFO     | tldw_chatbook.DB.ChaChaNotes_DB:_apply_schema_v4:4485 - [rag_char_chat_schema V4] Schema 4 applied and version confirmed for DB: db_sha256=memory.
2026-10-03 19:10:04.794 | DEBUG    | tldw_chatbook.DB.ChaChaNotes_DB:_enrich_default_assistant_card_if_bare:4749 - [task-2451] Default Assistant enrichment UPDATE affected 1 row(s) in DB: db_sha256=memory.
2026-10-03 19:10:04.794 | INFO     | tldw_chatbook.DB.ChaChaNotes_DB:_migrate_from_v4_to_v5:4770 - Migrating schema from V4 to V5 for 'rag_char_chat_schema' in DB: db_sha256=memory...
2026-10-03 19:10:04.794 | DEBUG    | tldw_chatbook.DB.ChaChaNotes_DB:_enter_transaction:24458 - Entered nested transaction level 2 on thread 8494865792.
2026-10-03 19:10:04.827 | DEBUG    | tldw_chatbook.DB.ChaChaNotes_DB:_migrate_from_v4_to_v5:4780 - [rag_char_chat_schema V4→V5] Migration script executed.
2026-10-03 19:10:04.827 | INFO     | tldw_chatbook.DB.ChaChaNotes_DB:_migrate_from_v4_to_v5:4789 - [rag_char_chat_schema V4→V5] Migration completed successfully for DB: db_sha256=memory.
2026-10-03 19:10:04.827 | INFO     | tldw_chatbook.DB.ChaChaNotes_DB:_migrate_from_v5_to_v6:4823 - Migrating schema from V5 to V6 for 'rag_char_chat_schema' in DB: db_sha256=memory...
2026-10-03 19:10:04.827 | DEBUG    | tldw_chatbook.DB.ChaChaNotes_DB:_enter_transaction:24458 - Entered nested transaction level 2 on thread 8494865792.
2026-10-03 19:10:04.830 | DEBUG    | tldw_chatbook.DB.ChaChaNotes_DB:_migrate_from_v5_to_v6:4831 - [rag_char_chat_schema V5→V6] Migration script executed.
2026-10-03 19:10:04.830 | INFO     | tldw_chatbook.DB.ChaChaNotes_DB:_migrate_from_v5_to_v6:4840 - [rag_char_chat_schema V5→V6] Migration completed successfully for DB: db_sha256=memory.
2026-10-03 19:10:04.830 | INFO     | tldw_chatbook.DB.ChaChaNotes_DB:_migrate_from_v6_to_v7:4874 - Migrating schema from V6 to V7 for 'rag_char_chat_schema' in DB: db_sha256=memory...
2026-10-03 19:10:04.830 | DEBUG    | tldw_chatbook.DB.ChaChaNotes_DB:_enter_transaction:24458 - Entered nested transaction level 2 on thread 8494865792.
2026-10-03 19:10:04.837 | DEBUG    | tldw_chatbook.DB.ChaChaNotes_DB:_migrate_from_v6_to_v7:4882 - [rag_char_chat_schema V6→V7] Migration script executed.
2026-10-03 19:10:04.837 | INFO     | tldw_chatbook.DB.ChaChaNotes_DB:_migrate_from_v6_to_v7:4891 - [rag_char_chat_schema V6→V7] Migration completed successfully for DB: db_sha256=memory.
2026-10-03 19:10:04.840 | INFO     | tldw_chatbook.DB.ChaChaNotes_DB:_migrate_from_v7_to_v8:8464 - Migrating schema from V7 to V8 for 'rag_char_chat_schema' in DB: db_sha256=memory...
2026-10-03 19:10:04.840 | DEBUG    | tldw_chatbook.DB.ChaChaNotes_DB:_enter_transaction:24458 - Entered nested transaction level 2 on thread 8494865792.
2026-10-03 19:10:04.842 | DEBUG    | tldw_chatbook.DB.ChaChaNotes_DB:_migrate_from_v7_to_v8:8472 - [rag_char_chat_schema V7→V8] Migration script executed.
2026-10-03 19:10:04.843 | INFO     | tldw_chatbook.DB.ChaChaNotes_DB:_migrate_from_v7_to_v8:8481 - [rag_char_chat_schema V7→V8] Migration completed successfully for DB: db_sha256=memory.
2026-10-03 19:10:04.843 | INFO     | tldw_chatbook.DB.ChaChaNotes_DB:_migrate_from_v8_to_v9:4925 - Migrating schema from V8 to V9 for 'rag_char_chat_schema' in DB: db_sha256=memory...
2026-10-03 19:10:04.843 | DEBUG    | tldw_chatbook.DB.ChaChaNotes_DB:_enter_transaction:24458 - Entered nested transaction level 2 on thread 8494865792.
2026-10-03 19:10:04.847 | DEBUG    | tldw_chatbook.DB.ChaChaNotes_DB:_migrate_from_v8_to_v9:4933 - [rag_char_chat_schema V8→V9] Migration script executed.
2026-10-03 19:10:04.847 | INFO     | tldw_chatbook.DB.ChaChaNotes_DB:_migrate_from_v8_to_v9:4942 - [rag_char_chat_schema V8→V9] Migration completed successfully for DB: db_sha256=memory.
2026-10-03 19:10:04.847 | INFO     | tldw_chatbook.DB.ChaChaNotes_DB:_migrate_from_v9_to_v10:4976 - Migrating schema from V9 to V10 for 'rag_char_chat_schema' in DB: db_sha256=memory...
2026-10-03 19:10:04.847 | DEBUG    | tldw_chatbook.DB.ChaChaNotes_DB:_enter_transaction:24458 - Entered nested transaction level 2 on thread 8494865792.
2026-10-03 19:10:04.847 | DEBUG    | tldw_chatbook.DB.ChaChaNotes_DB:_migrate_from_v9_to_v10:4984 - [rag_char_chat_schema V9→V10] Migration script executed.
2026-10-03 19:10:04.848 | INFO     | tldw_chatbook.DB.ChaChaNotes_DB:_migrate_from_v9_to_v10:4993 - [rag_char_chat_schema V9→V10] Migration completed successfully for DB: db_sha256=memory.
2026-10-03 19:10:04.848 | INFO     | tldw_chatbook.DB.ChaChaNotes_DB:_migrate_from_v10_to_v11:5027 - Migrating schema from V10 to V11 for 'rag_char_chat_schema' in DB: db_sha256=memory...
2026-10-03 19:10:04.848 | DEBUG    | tldw_chatbook.DB.ChaChaNotes_DB:_enter_transaction:24458 - Entered nested transaction level 2 on thread 8494865792.
2026-10-03 19:10:04.855 | DEBUG    | tldw_chatbook.DB.ChaChaNotes_DB:_migrate_from_v10_to_v11:5035 - [rag_char_chat_schema V10→V11] Migration script executed.
2026-10-03 19:10:04.855 | INFO     | tldw_chatbook.DB.ChaChaNotes_DB:_migrate_from_v10_to_v11:5044 - [rag_char_chat_schema V10→V11] Migration completed successfully for DB: db_sha256=memory.
2026-10-03 19:10:04.855 | INFO     | tldw_chatbook.DB.ChaChaNotes_DB:_migrate_from_v11_to_v12:5078 - Migrating schema from V11 to V12 for 'rag_char_chat_schema' in DB: db_sha256=memory...
2026-10-03 19:10:04.855 | DEBUG    | tldw_chatbook.DB.ChaChaNotes_DB:_enter_transaction:24458 - Entered nested transaction level 2 on thread 8494865792.
2026-10-03 19:10:04.865 | DEBUG    | tldw_chatbook.DB.ChaChaNotes_DB:_migrate_from_v11_to_v12:5086 - [rag_char_chat_schema V11→V12] Migration script executed.
2026-10-03 19:10:04.865 | INFO     | tldw_chatbook.DB.ChaChaNotes_DB:_migrate_from_v11_to_v12:5095 - [rag_char_chat_schema V11→V12] Migration completed successfully for DB: db_sha256=memory.
2026-10-03 19:10:04.865 | INFO     | tldw_chatbook.DB.ChaChaNotes_DB:_migrate_from_v12_to_v13:5121 - Migrating schema from V12 to V13 for 'rag_char_chat_schema' in DB: db_sha256=memory...
2026-10-03 19:10:04.865 | DEBUG    | tldw_chatbook.DB.ChaChaNotes_DB:_enter_transaction:24458 - Entered nested transaction level 2 on thread 8494865792.
2026-10-03 19:10:04.933 | DEBUG    | tldw_chatbook.DB.ChaChaNotes_DB:_migrate_from_v12_to_v13:5129 - [rag_char_chat_schema V12→V13] Migration script executed.
2026-10-03 19:10:04.934 | INFO     | tldw_chatbook.DB.ChaChaNotes_DB:_migrate_from_v12_to_v13:5137 - [rag_char_chat_schema V12→V13] Migration completed successfully for DB: db_sha256=memory.
2026-10-03 19:10:04.934 | INFO     | tldw_chatbook.DB.ChaChaNotes_DB:_migrate_from_v13_to_v14:5162 - Migrating schema from V13 to V14 for 'rag_char_chat_schema' in DB: db_sha256=memory...
2026-10-03 19:10:04.934 | DEBUG    | tldw_chatbook.DB.ChaChaNotes_DB:_enter_transaction:24458 - Entered nested transaction level 2 on thread 8494865792.
2026-10-03 19:10:04.951 | DEBUG    | tldw_chatbook.DB.ChaChaNotes_DB:_migrate_from_v13_to_v14:5170 - [rag_char_chat_schema V13→V14] Migration script executed.
2026-10-03 19:10:04.951 | INFO     | tldw_chatbook.DB.ChaChaNotes_DB:_migrate_from_v13_to_v14:5178 - [rag_char_chat_schema V13→V14] Migration completed successfully for DB: db_sha256=memory.
2026-10-03 19:10:04.951 | INFO     | tldw_chatbook.DB.ChaChaNotes_DB:_migrate_from_v14_to_v15:5203 - Migrating schema from V14 to V15 for 'rag_char_chat_schema' in DB: db_sha256=memory...
2026-10-03 19:10:04.951 | DEBUG    | tldw_chatbook.DB.ChaChaNotes_DB:_enter_transaction:24458 - Entered nested transaction level 2 on thread 8494865792.
2026-10-03 19:10:04.955 | DEBUG    | tldw_chatbook.DB.ChaChaNotes_DB:_migrate_from_v14_to_v15:5211 - [rag_char_chat_schema V14→V15] Migration script executed.
2026-10-03 19:10:04.955 | INFO     | tldw_chatbook.DB.ChaChaNotes_DB:_migrate_from_v14_to_v15:5219 - [rag_char_chat_schema V14→V15] Migration completed successfully for DB: db_sha256=memory.
2026-10-03 19:10:04.955 | INFO     | tldw_chatbook.DB.ChaChaNotes_DB:_migrate_from_v15_to_v16:5245 - Migrating schema from V15 to V16 for 'rag_char_chat_schema' in DB: db_sha256=memory...
2026-10-03 19:10:04.956 | DEBUG    | tldw_chatbook.DB.ChaChaNotes_DB:_enter_transaction:24458 - Entered nested transaction level 2 on thread 8494865792.
2026-10-03 19:10:04.961 | DEBUG    | tldw_chatbook.DB.ChaChaNotes_DB:_migrate_from_v15_to_v16:5288 - [rag_char_chat_schema V15→V16] Migration script executed.
2026-10-03 19:10:04.964 | INFO     | tldw_chatbook.DB.ChaChaNotes_DB:_migrate_from_v15_to_v16:5298 - [rag_char_chat_schema V15→V16] Migration completed successfully for DB: db_sha256=memory.
2026-10-03 19:10:04.964 | INFO     | tldw_chatbook.DB.ChaChaNotes_DB:_migrate_from_v16_to_v17:5324 - Migrating schema from V16 to V17 for 'rag_char_chat_schema' in DB: db_sha256=memory...
2026-10-03 19:10:04.964 | DEBUG    | tldw_chatbook.DB.ChaChaNotes_DB:_enter_transaction:24458 - Entered nested transaction level 2 on thread 8494865792.
2026-10-03 19:10:04.965 | DEBUG    | tldw_chatbook.DB.ChaChaNotes_DB:_migrate_from_v16_to_v17:5332 - [rag_char_chat_schema V16→V17] Migration script executed.
2026-10-03 19:10:04.965 | INFO     | tldw_chatbook.DB.ChaChaNotes_DB:_migrate_from_v16_to_v17:5340 - [rag_char_chat_schema V16→V17] Migration completed successfully for DB: db_sha256=memory.
2026-10-03 19:10:04.965 | INFO     | tldw_chatbook.DB.ChaChaNotes_DB:_migrate_from_v17_to_v18:5368 - Migrating schema from V17 to V18 for 'rag_char_chat_schema' in DB: db_sha256=memory...
2026-10-03 19:10:04.965 | DEBUG    | tldw_chatbook.DB.ChaChaNotes_DB:_enter_transaction:24458 - Entered nested transaction level 2 on thread 8494865792.
2026-10-03 19:10:04.969 | DEBUG    | tldw_chatbook.DB.ChaChaNotes_DB:_migrate_from_v17_to_v18:5376 - [rag_char_chat_schema V17→V18] Migration script executed.
2026-10-03 19:10:04.980 | INFO     | tldw_chatbook.DB.ChaChaNotes_DB:_migrate_from_v17_to_v18:5384 - [rag_char_chat_schema V17→V18] Migration completed successfully for DB: db_sha256=memory.
2026-10-03 19:10:04.983 | INFO     | tldw_chatbook.DB.ChaChaNotes_DB:_migrate_from_v18_to_v19:8414 - Migrating schema from V18 to V19 for 'rag_char_chat_schema' in DB: db_sha256=memory...
2026-10-03 19:10:04.983 | DEBUG    | tldw_chatbook.DB.ChaChaNotes_DB:_enter_transaction:24458 - Entered nested transaction level 2 on thread 8494865792.
2026-10-03 19:10:04.985 | DEBUG    | tldw_chatbook.DB.ChaChaNotes_DB:_migrate_from_v18_to_v19:8422 - [rag_char_chat_schema V18→V19] Migration script executed.
2026-10-03 19:10:04.992 | INFO     | tldw_chatbook.DB.ChaChaNotes_DB:_migrate_from_v18_to_v19:8430 - [rag_char_chat_schema V18→V19] Migration completed successfully for DB: db_sha256=memory.
2026-10-03 19:10:04.992 | INFO     | tldw_chatbook.DB.ChaChaNotes_DB:_migrate_from_v19_to_v20:5412 - Migrating schema from V19 to V20 for 'rag_char_chat_schema' in DB: db_sha256=memory...
2026-10-03 19:10:04.992 | DEBUG    | tldw_chatbook.DB.ChaChaNotes_DB:_enter_transaction:24458 - Entered nested transaction level 2 on thread 8494865792.
2026-10-03 19:10:05.000 | DEBUG    | tldw_chatbook.DB.ChaChaNotes_DB:_migrate_from_v19_to_v20:5431 - [rag_char_chat_schema V19→V20] Migration script executed.
2026-10-03 19:10:05.000 | INFO     | tldw_chatbook.DB.ChaChaNotes_DB:_migrate_from_v19_to_v20:5439 - [rag_char_chat_schema V19→V20] Migration completed successfully for DB: db_sha256=memory.
2026-10-03 19:10:05.000 | INFO     | tldw_chatbook.DB.ChaChaNotes_DB:_migrate_from_v20_to_v21:5467 - Migrating schema from V20 to V21 for 'rag_char_chat_schema' in DB: db_sha256=memory...
2026-10-03 19:10:05.004 | DEBUG    | tldw_chatbook.DB.ChaChaNotes_DB:_enter_transaction:24458 - Entered nested transaction level 2 on thread 8494865792.
2026-10-03 19:10:05.008 | DEBUG    | tldw_chatbook.DB.ChaChaNotes_DB:_migrate_from_v20_to_v21:5488 - [rag_char_chat_schema V20→V21] Migration script executed.
2026-10-03 19:10:05.011 | INFO     | tldw_chatbook.DB.ChaChaNotes_DB:_migrate_from_v20_to_v21:5496 - [rag_char_chat_schema V20→V21] Migration completed successfully for DB: db_sha256=memory.
2026-10-03 19:10:05.012 | INFO     | tldw_chatbook.DB.ChaChaNotes_DB:_migrate_from_v21_to_v22:5518 - Migrating schema from V21 to V22 for 'rag_char_chat_schema' in DB: db_sha256=memory...
2026-10-03 19:10:05.012 | DEBUG    | tldw_chatbook.DB.ChaChaNotes_DB:_enter_transaction:24458 - Entered nested transaction level 2 on thread 8494865792.
2026-10-03 19:10:05.013 | DEBUG    | tldw_chatbook.DB.ChaChaNotes_DB:_migrate_from_v21_to_v22:5536 - [rag_char_chat_schema V21→V22] Migration script executed.
2026-10-03 19:10:05.013 | INFO     | tldw_chatbook.DB.ChaChaNotes_DB:_migrate_from_v21_to_v22:5542 - [rag_char_chat_schema V21→V22] Migration completed successfully for DB: db_sha256=memory.
2026-10-03 19:10:05.013 | INFO     | tldw_chatbook.DB.ChaChaNotes_DB:_migrate_from_v22_to_v23:5564 - Migrating schema from V22 to V23 for 'rag_char_chat_schema' in DB: db_sha256=memory...
2026-10-03 19:10:05.013 | DEBUG    | tldw_chatbook.DB.ChaChaNotes_DB:_enter_transaction:24458 - Entered nested transaction level 2 on thread 8494865792.
2026-10-03 19:10:05.016 | DEBUG    | tldw_chatbook.DB.ChaChaNotes_DB:_migrate_from_v22_to_v23:5572 - [rag_char_chat_schema V22→V23] Migration script executed.
2026-10-03 19:10:05.018 | INFO     | tldw_chatbook.DB.ChaChaNotes_DB:_migrate_from_v22_to_v23:5578 - [rag_char_chat_schema V22→V23] Migration completed successfully for DB: db_sha256=memory.
2026-10-03 19:10:05.018 | INFO     | tldw_chatbook.DB.ChaChaNotes_DB:_migrate_from_v23_to_v24:5601 - Migrating schema from V23 to V24 for 'rag_char_chat_schema' in DB: db_sha256=memory...
2026-10-03 19:10:05.018 | DEBUG    | tldw_chatbook.DB.ChaChaNotes_DB:_enter_transaction:24458 - Entered nested transaction level 2 on thread 8494865792.
2026-10-03 19:10:05.026 | DEBUG    | tldw_chatbook.DB.ChaChaNotes_DB:_migrate_from_v23_to_v24:5619 - [rag_char_chat_schema V23→V24] Migration script executed.
2026-10-03 19:10:05.027 | INFO     | tldw_chatbook.DB.ChaChaNotes_DB:_migrate_from_v23_to_v24:5625 - [rag_char_chat_schema V23→V24] Migration completed successfully for DB: db_sha256=memory.
2026-10-03 19:10:05.033 | INFO     | tldw_chatbook.DB.ChaChaNotes_DB:_migrate_from_v24_to_v25:5648 - Migrating schema from V24 to V25 for 'rag_char_chat_schema' in DB: db_sha256=memory...
2026-10-03 19:10:05.042 | DEBUG    | tldw_chatbook.DB.ChaChaNotes_DB:_enter_transaction:24458 - Entered nested transaction level 2 on thread 8494865792.
2026-10-03 19:10:05.042 | DEBUG    | tldw_chatbook.DB.ChaChaNotes_DB:_migrate_from_v24_to_v25:5656 - [rag_char_chat_schema V24→V25] Migration script executed.
2026-10-03 19:10:05.045 | INFO     | tldw_chatbook.DB.ChaChaNotes_DB:_migrate_from_v24_to_v25:5662 - [rag_char_chat_schema V24→V25] Migration completed successfully for DB: db_sha256=memory.
2026-10-03 19:10:05.045 | INFO     | tldw_chatbook.DB.ChaChaNotes_DB:_migrate_from_v25_to_v26:5686 - Migrating schema from V25 to V26 for 'rag_char_chat_schema' in DB: db_sha256=memory...
2026-10-03 19:10:05.045 | DEBUG    | tldw_chatbook.DB.ChaChaNotes_DB:_enter_transaction:24458 - Entered nested transaction level 2 on thread 8494865792.
2026-10-03 19:10:05.059 | DEBUG    | tldw_chatbook.DB.ChaChaNotes_DB:_migrate_from_v25_to_v26:5708 - [rag_char_chat_schema V25→V26] Migration script executed.
2026-10-03 19:10:05.060 | INFO     | tldw_chatbook.DB.ChaChaNotes_DB:_migrate_from_v25_to_v26:5714 - [rag_char_chat_schema V25→V26] Migration completed successfully for DB: db_sha256=memory.
2026-10-03 19:10:05.060 | DEBUG    | tldw_chatbook.DB.ChaChaNotes_DB:_enter_transaction:24458 - Entered nested transaction level 2 on thread 8494865792.
2026-10-03 19:10:05.072 | DEBUG    | tldw_chatbook.DB.ChaChaNotes_DB:_enter_transaction:24458 - Entered nested transaction level 2 on thread 8494865792.
2026-10-03 19:10:05.072 | DEBUG    | tldw_chatbook.DB.ChaChaNotes_DB:_enter_transaction:24458 - Entered nested transaction level 3 on thread 8494865792.
2026-10-03 19:10:05.079 | INFO     | tldw_chatbook.DB.ChaChaNotes_DB:_migrate_from_v28_to_v29:5901 - Migrating schema from V28 to V29 for 'rag_char_chat_schema' in DB: db_sha256=memory...
2026-10-03 19:10:05.079 | DEBUG    | tldw_chatbook.DB.ChaChaNotes_DB:_enter_transaction:24458 - Entered nested transaction level 2 on thread 8494865792.
2026-10-03 19:10:05.081 | DEBUG    | tldw_chatbook.DB.ChaChaNotes_DB:_migrate_from_v28_to_v29:5909 - [rag_char_chat_schema V28→V29] Migration script executed.
2026-10-03 19:10:05.081 | INFO     | tldw_chatbook.DB.ChaChaNotes_DB:_migrate_from_v28_to_v29:5917 - [rag_char_chat_schema V28→V29] Migration completed successfully for DB: db_sha256=memory.
2026-10-03 19:10:05.081 | INFO     | tldw_chatbook.DB.ChaChaNotes_DB:_migrate_from_v29_to_v30:5944 - Migrating schema from V29 to V30 for 'rag_char_chat_schema' in DB: db_sha256=memory...
2026-10-03 19:10:05.081 | DEBUG    | tldw_chatbook.DB.ChaChaNotes_DB:_enter_transaction:24458 - Entered nested transaction level 2 on thread 8494865792.
2026-10-03 19:10:05.087 | DEBUG    | tldw_chatbook.DB.ChaChaNotes_DB:_migrate_from_v29_to_v30:5970 - [rag_char_chat_schema V29→V30] Migration script executed.
2026-10-03 19:10:05.087 | INFO     | tldw_chatbook.DB.ChaChaNotes_DB:_migrate_from_v29_to_v30:5994 - [rag_char_chat_schema V29→V30] Migration completed successfully for DB: db_sha256=memory.
2026-10-03 19:10:05.087 | INFO     | tldw_chatbook.DB.ChaChaNotes_DB:_migrate_from_v30_to_v31:6021 - Migrating schema from V30 to V31 for 'rag_char_chat_schema' in DB: db_sha256=memory...
2026-10-03 19:10:05.087 | DEBUG    | tldw_chatbook.DB.ChaChaNotes_DB:_enter_transaction:24458 - Entered nested transaction level 2 on thread 8494865792.
2026-10-03 19:10:05.092 | DEBUG    | tldw_chatbook.DB.ChaChaNotes_DB:_migrate_from_v30_to_v31:6047 - [rag_char_chat_schema V30→V31] Migration script executed.
2026-10-03 19:10:05.096 | INFO     | tldw_chatbook.DB.ChaChaNotes_DB:_migrate_from_v30_to_v31:6071 - [rag_char_chat_schema V30→V31] Migration completed successfully for DB: db_sha256=memory.
2026-10-03 19:10:05.097 | INFO     | tldw_chatbook.DB.ChaChaNotes_DB:_migrate_from_v31_to_v32:6104 - Migrating schema from V31 to V32 for 'rag_char_chat_schema' in DB: db_sha256=memory...
2026-10-03 19:10:05.098 | DEBUG    | tldw_chatbook.DB.ChaChaNotes_DB:_enrich_default_assistant_card_if_bare:4749 - [task-2451] Default Assistant enrichment UPDATE affected 0 row(s) in DB: db_sha256=memory.
2026-10-03 19:10:05.098 | INFO     | tldw_chatbook.DB.ChaChaNotes_DB:_migrate_from_v31_to_v32:6130 - [rag_char_chat_schema V31→V32] Migration completed successfully for DB: db_sha256=memory.
2026-10-03 19:10:05.104 | DEBUG    | tldw_chatbook.DB.ChaChaNotes_DB:_enter_transaction:24458 - Entered nested transaction level 2 on thread 8494865792.
2026-10-03 19:10:05.116 | DEBUG    | tldw_chatbook.DB.ChaChaNotes_DB:_enter_transaction:24458 - Entered nested transaction level 2 on thread 8494865792.
2026-10-03 19:10:05.125 | DEBUG    | tldw_chatbook.DB.ChaChaNotes_DB:_enter_transaction:24458 - Entered nested transaction level 2 on thread 8494865792.
2026-10-03 19:10:05.127 | DEBUG    | tldw_chatbook.DB.ChaChaNotes_DB:_enter_transaction:24458 - Entered nested transaction level 2 on thread 8494865792.
2026-10-03 19:10:05.129 | DEBUG    | tldw_chatbook.DB.ChaChaNotes_DB:_enter_transaction:24458 - Entered nested transaction level 2 on thread 8494865792.
2026-10-03 19:10:05.139 | DEBUG    | tldw_chatbook.DB.ChaChaNotes_DB:_enter_transaction:24458 - Entered nested transaction level 2 on thread 8494865792.
2026-10-03 19:10:05.140 | DEBUG    | tldw_chatbook.DB.ChaChaNotes_DB:_enter_transaction:24458 - Entered nested transaction level 2 on thread 8494865792.
2026-10-03 19:10:05.143 | DEBUG    | tldw_chatbook.DB.ChaChaNotes_DB:_enter_transaction:24458 - Entered nested transaction level 2 on thread 8494865792.
2026-10-03 19:10:05.144 | DEBUG    | tldw_chatbook.DB.ChaChaNotes_DB:_enter_transaction:24458 - Entered nested transaction level 2 on thread 8494865792.
2026-10-03 19:10:05.146 | INFO     | tldw_chatbook.DB.ChaChaNotes_DB:_migrate_from_v41_to_v42:6450 - Migrating schema from V41 to V42 for 'rag_char_chat_schema' in DB: db_sha256=memory...
2026-10-03 19:10:05.148 | INFO     | tldw_chatbook.DB.ChaChaNotes_DB:_migrate_from_v41_to_v42:6514 - [rag_char_chat_schema V41→V42] conversations.console_project_context_json already present; applying the version bump only.
2026-10-03 19:10:05.154 | INFO     | tldw_chatbook.DB.ChaChaNotes_DB:_migrate_from_v42_to_v43:6564 - Migrating schema from V42 to V43 for 'rag_char_chat_schema' in DB: db_sha256=memory...
2026-10-03 19:10:05.155 | DEBUG    | tldw_chatbook.DB.ChaChaNotes_DB:_enter_transaction:24458 - Entered nested transaction level 2 on thread 8494865792.
2026-10-03 19:10:05.156 | INFO     | tldw_chatbook.DB.ChaChaNotes_DB:_migrate_from_v42_to_v43:6703 - [rag_char_chat_schema V42→V43] Migration completed successfully for DB: db_sha256=memory.
2026-10-03 19:10:05.160 | INFO     | tldw_chatbook.DB.ChaChaNotes_DB:_migrate_from_v43_to_v44:6733 - Migrating schema from V43 to V44 for 'rag_char_chat_schema' in DB: db_sha256=memory...
2026-10-03 19:10:05.160 | DEBUG    | tldw_chatbook.DB.ChaChaNotes_DB:_enter_transaction:24458 - Entered nested transaction level 2 on thread 8494865792.
2026-10-03 19:10:05.182 | INFO     | tldw_chatbook.DB.ChaChaNotes_DB:_migrate_from_v43_to_v44:6773 - [rag_char_chat_schema V43→V44] Migration completed successfully for DB: db_sha256=memory.
2026-10-03 19:10:05.182 | INFO     | tldw_chatbook.DB.ChaChaNotes_DB:_migrate_from_v44_to_v45:6842 - Actor Pack schema migration started: chachanotes_v44_to_v45
2026-10-03 19:10:05.182 | DEBUG    | tldw_chatbook.DB.ChaChaNotes_DB:_enter_transaction:24458 - Entered nested transaction level 2 on thread 8494865792.
2026-10-03 19:10:05.183 | INFO     | tldw_chatbook.DB.ChaChaNotes_DB:_migrate_from_v44_to_v45:6875 - Actor Pack schema migration completed: chachanotes_v44_to_v45
2026-10-03 19:10:05.183 | INFO     | tldw_chatbook.DB.ChaChaNotes_DB:_migrate_from_v45_to_v46:6919 - Migrating schema from V45 to V46 for 'rag_char_chat_schema' in DB: db_sha256=memory...
2026-10-03 19:10:05.183 | DEBUG    | tldw_chatbook.DB.ChaChaNotes_DB:_enter_transaction:24458 - Entered nested transaction level 2 on thread 8494865792.
2026-10-03 19:10:05.193 | INFO     | tldw_chatbook.DB.ChaChaNotes_DB:_migrate_from_v45_to_v46:6965 - [rag_char_chat_schema V45→V46] Migration completed successfully for DB: db_sha256=memory. Purged 0 unreachable sync_log row(s) of 1.
2026-10-03 19:10:05.194 | INFO     | tldw_chatbook.DB.ChaChaNotes_DB:_migrate_from_v46_to_v47:7007 - Migrating schema from V46 to V47 for 'rag_char_chat_schema' in DB: db_sha256=memory...
2026-10-03 19:10:05.195 | DEBUG    | tldw_chatbook.DB.ChaChaNotes_DB:_enter_transaction:24458 - Entered nested transaction level 2 on thread 8494865792.
2026-10-03 19:10:05.201 | INFO     | tldw_chatbook.DB.ChaChaNotes_DB:_migrate_from_v46_to_v47:7042 - [rag_char_chat_schema V46→V47] Migration completed successfully for DB: db_sha256=memory.
2026-10-03 19:10:05.202 | DEBUG    | tldw_chatbook.DB.ChaChaNotes_DB:_enter_transaction:24458 - Entered nested transaction level 2 on thread 8494865792.
2026-10-03 19:10:05.214 | INFO     | tldw_chatbook.DB.ChaChaNotes_DB:_migrate_from_v48_to_v49:7198 - Migrating schema from V48 to V49 for 'rag_char_chat_schema' in DB: db_sha256=memory...
2026-10-03 19:10:05.216 | DEBUG    | tldw_chatbook.DB.ChaChaNotes_DB:_enter_transaction:24458 - Entered nested transaction level 2 on thread 8494865792.
2026-10-03 19:10:05.219 | INFO     | tldw_chatbook.DB.ChaChaNotes_DB:_migrate_from_v48_to_v49:7233 - [rag_char_chat_schema V48→V49] Migration completed successfully for DB: db_sha256=memory.
2026-10-03 19:10:05.221 | INFO     | tldw_chatbook.DB.ChaChaNotes_DB:_migrate_from_v49_to_v50:7281 - Migrating schema from V49 to V50 for 'rag_char_chat_schema' in DB: db_sha256=memory...
2026-10-03 19:10:05.224 | DEBUG    | tldw_chatbook.DB.ChaChaNotes_DB:_enter_transaction:24458 - Entered nested transaction level 2 on thread 8494865792.
2026-10-03 19:10:05.225 | INFO     | tldw_chatbook.DB.ChaChaNotes_DB:_migrate_from_v49_to_v50:7315 - [rag_char_chat_schema V49→V50] Migration completed successfully for DB: db_sha256=memory.
2026-10-03 19:10:05.229 | DEBUG    | tldw_chatbook.DB.ChaChaNotes_DB:_enter_transaction:24458 - Entered nested transaction level 2 on thread 8494865792.
2026-10-03 19:10:05.240 | DEBUG    | tldw_chatbook.DB.ChaChaNotes_DB:_enter_transaction:24458 - Entered nested transaction level 2 on thread 8494865792.
2026-10-03 19:10:05.258 | INFO     | tldw_chatbook.DB.ChaChaNotes_DB:_migrate_from_v52_to_v53:7440 - Migrating schema from V52 to V53 for 'rag_char_chat_schema' in DB: db_sha256=memory...
2026-10-03 19:10:05.259 | DEBUG    | tldw_chatbook.DB.ChaChaNotes_DB:_enter_transaction:24458 - Entered nested transaction level 2 on thread 8494865792.
2026-10-03 19:10:05.260 | INFO     | tldw_chatbook.DB.ChaChaNotes_DB:_migrate_from_v52_to_v53:7505 - [rag_char_chat_schema V52→V53] Migration completed for DB: db_sha256=memory (examined 0, compacted 0, skipped 0 unreadable).
2026-10-03 19:10:05.264 | DEBUG    | tldw_chatbook.DB.ChaChaNotes_DB:_enter_transaction:24458 - Entered nested transaction level 2 on thread 8494865792.
2026-10-03 19:10:05.270 | DEBUG    | tldw_chatbook.DB.ChaChaNotes_DB:_enter_transaction:24458 - Entered nested transaction level 2 on thread 8494865792.
2026-10-03 19:10:05.273 | DEBUG    | tldw_chatbook.DB.ChaChaNotes_DB:_enter_transaction:24458 - Entered nested transaction level 2 on thread 8494865792.
2026-10-03 19:10:05.298 | DEBUG    | tldw_chatbook.DB.ChaChaNotes_DB:_enter_transaction:24458 - Entered nested transaction level 2 on thread 8494865792.
2026-10-03 19:10:05.301 | DEBUG    | tldw_chatbook.DB.ChaChaNotes_DB:_enter_transaction:24458 - Entered nested transaction level 2 on thread 8494865792.
2026-10-03 19:10:05.340 | DEBUG    | tldw_chatbook.DB.ChaChaNotes_DB:_enter_transaction:24458 - Entered nested transaction level 2 on thread 8494865792.
2026-10-03 19:10:05.341 | DEBUG    | tldw_chatbook.DB.ChaChaNotes_DB:_enter_transaction:24458 - Entered nested transaction level 2 on thread 8494865792.
2026-10-03 19:10:05.342 | DEBUG    | tldw_chatbook.DB.ChaChaNotes_DB:_enter_transaction:24458 - Entered nested transaction level 2 on thread 8494865792.
2026-10-03 19:10:05.346 | DEBUG    | tldw_chatbook.DB.ChaChaNotes_DB:_enter_transaction:24458 - Entered nested transaction level 2 on thread 8494865792.
2026-10-03 19:10:05.394 | DEBUG    | tldw_chatbook.DB.ChaChaNotes_DB:_enter_transaction:24458 - Entered nested transaction level 2 on thread 8494865792.
2026-10-03 19:10:05.402 | DEBUG    | tldw_chatbook.DB.ChaChaNotes_DB:_enter_transaction:24458 - Entered nested transaction level 2 on thread 8494865792.
2026-10-03 19:10:05.446 | DEBUG    | tldw_chatbook.DB.ChaChaNotes_DB:_enter_transaction:24458 - Entered nested transaction level 2 on thread 8494865792.
2026-10-03 19:10:05.448 | DEBUG    | tldw_chatbook.DB.ChaChaNotes_DB:_enter_transaction:24458 - Entered nested transaction level 2 on thread 8494865792.
2026-10-03 19:10:05.455 | DEBUG    | tldw_chatbook.DB.ChaChaNotes_DB:_enter_transaction:24458 - Entered nested transaction level 3 on thread 8494865792.
2026-10-03 19:10:05.455 | DEBUG    | tldw_chatbook.DB.ChaChaNotes_DB:_enter_transaction:24458 - Entered nested transaction level 3 on thread 8494865792.
2026-10-03 19:10:05.457 | DEBUG    | tldw_chatbook.DB.ChaChaNotes_DB:_enter_transaction:24458 - Entered nested transaction level 2 on thread 8494865792.
2026-10-03 19:10:05.463 | DEBUG    | tldw_chatbook.DB.ChaChaNotes_DB:_enter_transaction:24458 - Entered nested transaction level 2 on thread 8494865792.
2026-10-03 19:10:05.500 | DEBUG    | tldw_chatbook.DB.ChaChaNotes_DB:_enter_transaction:24458 - Entered nested transaction level 2 on thread 8494865792.
2026-10-03 19:10:05.502 | DEBUG    | tldw_chatbook.DB.ChaChaNotes_DB:_enter_transaction:24458 - Entered nested transaction level 2 on thread 8494865792.
2026-10-03 19:10:05.504 | DEBUG    | tldw_chatbook.DB.ChaChaNotes_DB:_enter_transaction:24458 - Entered nested transaction level 2 on thread 8494865792.
2026-10-03 19:10:05.518 | DEBUG    | tldw_chatbook.DB.ChaChaNotes_DB:_enter_transaction:24458 - Entered nested transaction level 2 on thread 8494865792.
2026-10-03 19:10:05.550 | DEBUG    | tldw_chatbook.DB.ChaChaNotes_DB:_enter_transaction:24458 - Entered nested transaction level 2 on thread 8494865792.
2026-10-03 19:10:05.551 | DEBUG    | tldw_chatbook.DB.ChaChaNotes_DB:_enter_transaction:24458 - Entered nested transaction level 2 on thread 8494865792.
2026-10-03 19:10:05.562 | DEBUG    | tldw_chatbook.DB.ChaChaNotes_DB:_enter_transaction:24458 - Entered nested transaction level 2 on thread 8494865792.
2026-10-03 19:10:05.564 | DEBUG    | tldw_chatbook.DB.ChaChaNotes_DB:_enter_transaction:24458 - Entered nested transaction level 2 on thread 8494865792.
2026-10-03 19:10:05.611 | INFO     | tldw_chatbook.DB.ChaChaNotes_DB:_initialize_schema:8685 - Database schema 'rag_char_chat_schema' successfully initialized/migrated to version 76.
2026-10-03 19:10:05.611 | DEBUG    | tldw_chatbook.DB.ChaChaNotes_DB:_exit_transaction:24552 - Transaction (outermost) committed successfully on thread 8494865792.
2026-10-03 19:10:05.611 | DEBUG    | tldw_chatbook.DB.ChaChaNotes_DB:__init__:3399 - CharactersRAGDB initialization completed successfully db_sha256=memory
2026-10-03 19:10:05.647 | DEBUG    | tldw_chatbook.UI.Navigation.base_app_screen:__init__:89 - Initializing ChatScreen screen: chat
2026-10-03 19:10:05.701 | DEBUG    | tldw_chatbook.DB.ChaChaNotes_DB:_enter_transaction:24489 - Started outermost transaction on thread 8494865792.
2026-10-03 19:10:05.701 | DEBUG    | tldw_chatbook.DB.ChaChaNotes_DB:_exit_transaction:24552 - Transaction (outermost) committed successfully on thread 8494865792.
2026-10-03 19:10:05.726 | DEBUG    | tldw_chatbook.Chat.chat_persistence_service:__init__:271 - Recovered-media message source is unavailable.
2026-10-03 19:10:05.789 | ERROR    | tldw_chatbook.UI.Navigation.base_app_screen:_compose_content_or_failure:446 - Screen content failed to compose (screen='chat', exception_category=AttributeError).
Traceback (most recent call last):
  File "<frozen runpy>", line 198, in _run_module_as_main
  File "<frozen runpy>", line 88, in _run_code
  File "/Users/macbook-dev/Documents/GitHub/tldw_chatbook/.venv/lib/python3.12/site-packages/pytest/__main__.py", line 9, in <module>
    raise SystemExit(pytest.console_main())
  File "/Users/macbook-dev/Documents/GitHub/tldw_chatbook/.venv/lib/python3.12/site-packages/_pytest/config/__init__.py", line 201, in console_main
    code = main()
  File "/Users/macbook-dev/Documents/GitHub/tldw_chatbook/.venv/lib/python3.12/site-packages/_pytest/config/__init__.py", line 175, in main
    ret: ExitCode | int = config.hook.pytest_cmdline_main(config=config)
  File "/Users/macbook-dev/Documents/GitHub/tldw_chatbook/.venv/lib/python3.12/site-packages/pluggy/_hooks.py", line 512, in __call__
    return self._hookexec(self.name, self._hookimpls.copy(), kwargs, firstresult)
  File "/Users/macbook-dev/Documents/GitHub/tldw_chatbook/.venv/lib/python3.12/site-packages/pluggy/_manager.py", line 120, in _hookexec
    return self._inner_hookexec(hook_name, methods, kwargs, firstresult)
  File "/Users/macbook-dev/Documents/GitHub/tldw_chatbook/.venv/lib/python3.12/site-packages/pluggy/_callers.py", line 121, in _multicall
    res = hook_impl.function(*args)
  File "/Users/macbook-dev/Documents/GitHub/tldw_chatbook/.venv/lib/python3.12/site-packages/_pytest/main.py", line 336, in pytest_cmdline_main
    return wrap_session(config, _main)
  File "/Users/macbook-dev/Documents/GitHub/tldw_chatbook/.venv/lib/python3.12/site-packages/_pytest/main.py", line 289, in wrap_session
    session.exitstatus = doit(config, session) or 0
  File "/Users/macbook-dev/Documents/GitHub/tldw_chatbook/.venv/lib/python3.12/site-packages/_pytest/main.py", line 343, in _main
    config.hook.pytest_runtestloop(session=session)
  File "/Users/macbook-dev/Documents/GitHub/tldw_chatbook/.venv/lib/python3.12/site-packages/pluggy/_hooks.py", line 512, in __call__
    return self._hookexec(self.name, self._hookimpls.copy(), kwargs, firstresult)
  File "/Users/macbook-dev/Documents/GitHub/tldw_chatbook/.venv/lib/python3.12/site-packages/pluggy/_manager.py", line 120, in _hookexec
    return self._inner_hookexec(hook_name, methods, kwargs, firstresult)
  File "/Users/macbook-dev/Documents/GitHub/tldw_chatbook/.venv/lib/python3.12/site-packages/pluggy/_callers.py", line 121, in _multicall
    res = hook_impl.function(*args)
  File "/Users/macbook-dev/Documents/GitHub/tldw_chatbook/.venv/lib/python3.12/site-packages/_pytest/main.py", line 367, in pytest_runtestloop
    item.config.hook.pytest_runtest_protocol(item=item, nextitem=nextitem)
  File "/Users/macbook-dev/Documents/GitHub/tldw_chatbook/.venv/lib/python3.12/site-packages/pluggy/_hooks.py", line 512, in __call__
    return self._hookexec(self.name, self._hookimpls.copy(), kwargs, firstresult)
  File "/Users/macbook-dev/Documents/GitHub/tldw_chatbook/.venv/lib/python3.12/site-packages/pluggy/_manager.py", line 120, in _hookexec
    return self._inner_hookexec(hook_name, methods, kwargs, firstresult)
  File "/Users/macbook-dev/Documents/GitHub/tldw_chatbook/.venv/lib/python3.12/site-packages/pluggy/_callers.py", line 121, in _multicall
    res = hook_impl.function(*args)
  File "/Users/macbook-dev/Documents/GitHub/tldw_chatbook/.venv/lib/python3.12/site-packages/_pytest/runner.py", line 117, in pytest_runtest_protocol
    runtestprotocol(item, nextitem=nextitem)
  File "/Users/macbook-dev/Documents/GitHub/tldw_chatbook/.venv/lib/python3.12/site-packages/_pytest/runner.py", line 136, in runtestprotocol
    reports.append(call_and_report(item, "call", log))
  File "/Users/macbook-dev/Documents/GitHub/tldw_chatbook/.venv/lib/python3.12/site-packages/_pytest/runner.py", line 245, in call_and_report
    call = CallInfo.from_call(
  File "/Users/macbook-dev/Documents/GitHub/tldw_chatbook/.venv/lib/python3.12/site-packages/_pytest/runner.py", line 344, in from_call
    result: TResult | None = func()
  File "/Users/macbook-dev/Documents/GitHub/tldw_chatbook/.venv/lib/python3.12/site-packages/_pytest/runner.py", line 246, in <lambda>
    lambda: runtest_hook(item=item, **kwds), when=when, reraise=reraise
  File "/Users/macbook-dev/Documents/GitHub/tldw_chatbook/.venv/lib/python3.12/site-packages/pluggy/_hooks.py", line 512, in __call__
    return self._hookexec(self.name, self._hookimpls.copy(), kwargs, firstresult)
  File "/Users/macbook-dev/Documents/GitHub/tldw_chatbook/.venv/lib/python3.12/site-packages/pluggy/_manager.py", line 120, in _hookexec
    return self._inner_hookexec(hook_name, methods, kwargs, firstresult)
  File "/Users/macbook-dev/Documents/GitHub/tldw_chatbook/.venv/lib/python3.12/site-packages/pluggy/_callers.py", line 121, in _multicall
    res = hook_impl.function(*args)
  File "/Users/macbook-dev/Documents/GitHub/tldw_chatbook/.venv/lib/python3.12/site-packages/_pytest/runner.py", line 178, in pytest_runtest_call
    item.runtest()
  File "/Users/macbook-dev/Documents/GitHub/tldw_chatbook/.venv/lib/python3.12/site-packages/pytest_asyncio/plugin.py", line 474, in runtest
    super().runtest()
  File "/Users/macbook-dev/Documents/GitHub/tldw_chatbook/.venv/lib/python3.12/site-packages/_pytest/python.py", line 1671, in runtest
    self.ihook.pytest_pyfunc_call(pyfuncitem=self)
  File "/Users/macbook-dev/Documents/GitHub/tldw_chatbook/.venv/lib/python3.12/site-packages/pluggy/_hooks.py", line 512, in __call__
    return self._hookexec(self.name, self._hookimpls.copy(), kwargs, firstresult)
  File "/Users/macbook-dev/Documents/GitHub/tldw_chatbook/.venv/lib/python3.12/site-packages/pluggy/_manager.py", line 120, in _hookexec
    return self._inner_hookexec(hook_name, methods, kwargs, firstresult)
  File "/Users/macbook-dev/Documents/GitHub/tldw_chatbook/.venv/lib/python3.12/site-packages/pluggy/_callers.py", line 121, in _multicall
    res = hook_impl.function(*args)
  File "/Users/macbook-dev/Documents/GitHub/tldw_chatbook/.venv/lib/python3.12/site-packages/_pytest/python.py", line 157, in pytest_pyfunc_call
    result = testfunction(**testargs)
  File "/Users/macbook-dev/Documents/GitHub/tldw_chatbook/.venv/lib/python3.12/site-packages/pytest_asyncio/plugin.py", line 721, in inner
    runner.run(coro, context=context)
  File "/Users/macbook-dev/.local/share/uv/python/cpython-3.12.11-macos-aarch64-none/lib/python3.12/asyncio/runners.py", line 118, in run
    return self._loop.run_until_complete(task)
  File "/Users/macbook-dev/.local/share/uv/python/cpython-3.12.11-macos-aarch64-none/lib/python3.12/asyncio/base_events.py", line 678, in run_until_complete
    self.run_forever()
  File "/Users/macbook-dev/.local/share/uv/python/cpython-3.12.11-macos-aarch64-none/lib/python3.12/asyncio/base_events.py", line 645, in run_forever
    self._run_once()
  File "/Users/macbook-dev/.local/share/uv/python/cpython-3.12.11-macos-aarch64-none/lib/python3.12/asyncio/base_events.py", line 1999, in _run_once
    handle._run()
  File "/Users/macbook-dev/.local/share/uv/python/cpython-3.12.11-macos-aarch64-none/lib/python3.12/asyncio/events.py", line 88, in _run
    self._context.run(self._callback, *self._args)
  File "/Users/macbook-dev/Documents/GitHub/tldw_chatbook/.venv/lib/python3.12/site-packages/textual/message_pump.py", line 566, in _process_messages
    if not await self._pre_process():
  File "/Users/macbook-dev/Documents/GitHub/tldw_chatbook/.venv/lib/python3.12/site-packages/textual/message_pump.py", line 599, in _pre_process
    await self._dispatch_message(events.Compose())
  File "/Users/macbook-dev/Documents/GitHub/tldw_chatbook/.venv/lib/python3.12/site-packages/textual/message_pump.py", line 727, in _dispatch_message
    await self.on_event(message)
  File "/Users/macbook-dev/Documents/GitHub/tldw_chatbook/.venv/lib/python3.12/site-packages/textual/message_pump.py", line 808, in on_event
    await self._on_message(event)
  File "/Users/macbook-dev/Documents/GitHub/tldw_chatbook/.venv/lib/python3.12/site-packages/textual/message_pump.py", line 829, in _on_message
    await invoke(method, message)
  File "/Users/macbook-dev/Documents/GitHub/tldw_chatbook/.venv/lib/python3.12/site-packages/textual/_callback.py", line 96, in invoke
    return await _invoke(callback, *params)
  File "/Users/macbook-dev/Documents/GitHub/tldw_chatbook/.venv/lib/python3.12/site-packages/textual/_callback.py", line 58, in _invoke
    result = await result
  File "/Users/macbook-dev/Documents/GitHub/tldw_chatbook/.venv/lib/python3.12/site-packages/textual/widget.py", line 4714, in _on_compose
    await self._compose()
  File "/Users/macbook-dev/Documents/GitHub/tldw_chatbook/.venv/lib/python3.12/site-packages/textual/screen.py", line 1486, in _compose
    await super()._compose()
  File "/Users/macbook-dev/Documents/GitHub/tldw_chatbook/.venv/lib/python3.12/site-packages/textual/widget.py", line 4718, in _compose
    widgets = [*self._pending_children, *compose(self)]
  File "/Users/macbook-dev/Documents/GitHub/tldw_chatbook/.venv/lib/python3.12/site-packages/textual/compose.py", line 54, in compose
    child = next(iter_compose)
  File "/Users/macbook-dev/.codex/worktrees/console-chat-starts/tldw_chatbook/tldw_chatbook/UI/Navigation/base_app_screen.py", line 391, in compose
    yield from self._compose_content_or_failure()
> File "/Users/macbook-dev/.codex/worktrees/console-chat-starts/tldw_chatbook/tldw_chatbook/UI/Navigation/base_app_screen.py", line 444, in _compose_content_or_failure
    yield from self.compose_content()
  File "/Users/macbook-dev/.codex/worktrees/console-chat-starts/tldw_chatbook/tldw_chatbook/UI/Screens/chat_screen.py", line 16198, in compose_content
    settings_summary_state = self._build_console_settings_summary_state()
  File "/Users/macbook-dev/.codex/worktrees/console-chat-starts/tldw_chatbook/tldw_chatbook/UI/Screens/chat_screen.py", line 8432, in _build_console_settings_summary_state
    estimate = self._active_console_settings_context_estimate()
  File "/Users/macbook-dev/.codex/worktrees/console-chat-starts/tldw_chatbook/tldw_chatbook/UI/Screens/chat_screen.py", line 8144, in _active_console_settings_context_estimate
    return self._console_settings_context_estimate_for_session(session_id)
  File "/Users/macbook-dev/.codex/worktrees/console-chat-starts/tldw_chatbook/tldw_chatbook/UI/Screens/chat_screen.py", line 8270, in _console_settings_context_estimate_for_session
    self._ensure_console_provider_gateway().cached_context_window(settings)
AttributeError: 'BlockedGateway' object has no attribute 'cached_context_window'
2026-10-03 19:10:05.830 | DEBUG    | tldw_chatbook.UI.Console_Modules.workspace:_persisted_console_browser_rows:3825 - Local persisted conversation service is unavailable
2026-10-03 19:10:05.834 | DEBUG    | tldw_chatbook.UI.Screens.chat_screen:_sync_console_workspace_context:14058 - No Console workspace context tray available for sync
2026-10-03 19:10:05.835 | WARNING  | tldw_chatbook.Chat.console_fleet_wake:recover:1001 - wake recovery failed (exception_type=AttributeError)
2026-10-03 19:10:06.081 | DEBUG    | tldw_chatbook.UI.Screens.chat_screen:_sync_console_workspace_context:14058 - No Console workspace context tray available for sync
2026-10-03 19:10:06.169 | DEBUG    | tldw_chatbook.Widgets.compact_model_bar:handle_compact_temp_change:203 - Sidebar temperature input not found for sync
2026-10-03 19:10:06.278 | INFO     | tldw_chatbook.UI.Navigation.base_app_screen:on_mount:532 - Screen chat mounted
2026-10-03 19:10:06.282 | DEBUG    | tldw_chatbook.DB.ChaChaNotes_DB:_enter_transaction:24489 - Started outermost transaction on thread 8494865792.
2026-10-03 19:10:06.283 | DEBUG    | tldw_chatbook.DB.ChaChaNotes_DB:_exit_transaction:24552 - Transaction (outermost) committed successfully on thread 8494865792.
2026-10-03 19:10:06.286 | DEBUG    | tldw_chatbook.UI.Screens.chat_screen:on_screen_resume:23581 - Chat screen resuming
2026-10-03 19:10:08.324 | DEBUG    | tldw_chatbook.DB.ChaChaNotes_DB:_enter_transaction:24489 - Started outermost transaction on thread 8494865792.
2026-10-03 19:10:08.324 | DEBUG    | tldw_chatbook.DB.ChaChaNotes_DB:_exit_transaction:24552 - Transaction (outermost) committed successfully on thread 8494865792.
2026-10-03 19:10:08.327 | INFO     | tldw_chatbook.UI.Navigation.base_app_screen:on_unmount:563 - Screen chat unmounted
2026-10-03 19:10:08.362 | WARNING  | tldw_chatbook.UI.Screens.chat_screen:_build_console_cost_state:11766 - cost_chip_state_failed
Traceback (most recent call last):
  File "<frozen runpy>", line 198, in _run_module_as_main
  File "<frozen runpy>", line 88, in _run_code
  File "/Users/macbook-dev/Documents/GitHub/tldw_chatbook/.venv/lib/python3.12/site-packages/pytest/__main__.py", line 9, in <module>
    raise SystemExit(pytest.console_main())
  File "/Users/macbook-dev/Documents/GitHub/tldw_chatbook/.venv/lib/python3.12/site-packages/_pytest/config/__init__.py", line 201, in console_main
    code = main()
  File "/Users/macbook-dev/Documents/GitHub/tldw_chatbook/.venv/lib/python3.12/site-packages/_pytest/config/__init__.py", line 175, in main
    ret: ExitCode | int = config.hook.pytest_cmdline_main(config=config)
  File "/Users/macbook-dev/Documents/GitHub/tldw_chatbook/.venv/lib/python3.12/site-packages/pluggy/_hooks.py", line 512, in __call__
    return self._hookexec(self.name, self._hookimpls.copy(), kwargs, firstresult)
  File "/Users/macbook-dev/Documents/GitHub/tldw_chatbook/.venv/lib/python3.12/site-packages/pluggy/_manager.py", line 120, in _hookexec
    return self._inner_hookexec(hook_name, methods, kwargs, firstresult)
  File "/Users/macbook-dev/Documents/GitHub/tldw_chatbook/.venv/lib/python3.12/site-packages/pluggy/_callers.py", line 121, in _multicall
    res = hook_impl.function(*args)
  File "/Users/macbook-dev/Documents/GitHub/tldw_chatbook/.venv/lib/python3.12/site-packages/_pytest/main.py", line 336, in pytest_cmdline_main
    return wrap_session(config, _main)
  File "/Users/macbook-dev/Documents/GitHub/tldw_chatbook/.venv/lib/python3.12/site-packages/_pytest/main.py", line 289, in wrap_session
    session.exitstatus = doit(config, session) or 0
  File "/Users/macbook-dev/Documents/GitHub/tldw_chatbook/.venv/lib/python3.12/site-packages/_pytest/main.py", line 343, in _main
    config.hook.pytest_runtestloop(session=session)
  File "/Users/macbook-dev/Documents/GitHub/tldw_chatbook/.venv/lib/python3.12/site-packages/pluggy/_hooks.py", line 512, in __call__
    return self._hookexec(self.name, self._hookimpls.copy(), kwargs, firstresult)
  File "/Users/macbook-dev/Documents/GitHub/tldw_chatbook/.venv/lib/python3.12/site-packages/pluggy/_manager.py", line 120, in _hookexec
    return self._inner_hookexec(hook_name, methods, kwargs, firstresult)
  File "/Users/macbook-dev/Documents/GitHub/tldw_chatbook/.venv/lib/python3.12/site-packages/pluggy/_callers.py", line 121, in _multicall
    res = hook_impl.function(*args)
  File "/Users/macbook-dev/Documents/GitHub/tldw_chatbook/.venv/lib/python3.12/site-packages/_pytest/main.py", line 367, in pytest_runtestloop
    item.config.hook.pytest_runtest_protocol(item=item, nextitem=nextitem)
  File "/Users/macbook-dev/Documents/GitHub/tldw_chatbook/.venv/lib/python3.12/site-packages/pluggy/_hooks.py", line 512, in __call__
    return self._hookexec(self.name, self._hookimpls.copy(), kwargs, firstresult)
  File "/Users/macbook-dev/Documents/GitHub/tldw_chatbook/.venv/lib/python3.12/site-packages/pluggy/_manager.py", line 120, in _hookexec
    return self._inner_hookexec(hook_name, methods, kwargs, firstresult)
  File "/Users/macbook-dev/Documents/GitHub/tldw_chatbook/.venv/lib/python3.12/site-packages/pluggy/_callers.py", line 121, in _multicall
    res = hook_impl.function(*args)
  File "/Users/macbook-dev/Documents/GitHub/tldw_chatbook/.venv/lib/python3.12/site-packages/_pytest/runner.py", line 117, in pytest_runtest_protocol
    runtestprotocol(item, nextitem=nextitem)
  File "/Users/macbook-dev/Documents/GitHub/tldw_chatbook/.venv/lib/python3.12/site-packages/_pytest/runner.py", line 136, in runtestprotocol
    reports.append(call_and_report(item, "call", log))
  File "/Users/macbook-dev/Documents/GitHub/tldw_chatbook/.venv/lib/python3.12/site-packages/_pytest/runner.py", line 245, in call_and_report
    call = CallInfo.from_call(
  File "/Users/macbook-dev/Documents/GitHub/tldw_chatbook/.venv/lib/python3.12/site-packages/_pytest/runner.py", line 344, in from_call
    result: TResult | None = func()
  File "/Users/macbook-dev/Documents/GitHub/tldw_chatbook/.venv/lib/python3.12/site-packages/_pytest/runner.py", line 246, in <lambda>
    lambda: runtest_hook(item=item, **kwds), when=when, reraise=reraise
  File "/Users/macbook-dev/Documents/GitHub/tldw_chatbook/.venv/lib/python3.12/site-packages/pluggy/_hooks.py", line 512, in __call__
    return self._hookexec(self.name, self._hookimpls.copy(), kwargs, firstresult)
  File "/Users/macbook-dev/Documents/GitHub/tldw_chatbook/.venv/lib/python3.12/site-packages/pluggy/_manager.py", line 120, in _hookexec
    return self._inner_hookexec(hook_name, methods, kwargs, firstresult)
  File "/Users/macbook-dev/Documents/GitHub/tldw_chatbook/.venv/lib/python3.12/site-packages/pluggy/_callers.py", line 121, in _multicall
    res = hook_impl.function(*args)
  File "/Users/macbook-dev/Documents/GitHub/tldw_chatbook/.venv/lib/python3.12/site-packages/_pytest/runner.py", line 178, in pytest_runtest_call
    item.runtest()
  File "/Users/macbook-dev/Documents/GitHub/tldw_chatbook/.venv/lib/python3.12/site-packages/pytest_asyncio/plugin.py", line 474, in runtest
    super().runtest()
  File "/Users/macbook-dev/Documents/GitHub/tldw_chatbook/.venv/lib/python3.12/site-packages/_pytest/python.py", line 1671, in runtest
    self.ihook.pytest_pyfunc_call(pyfuncitem=self)
  File "/Users/macbook-dev/Documents/GitHub/tldw_chatbook/.venv/lib/python3.12/site-packages/pluggy/_hooks.py", line 512, in __call__
    return self._hookexec(self.name, self._hookimpls.copy(), kwargs, firstresult)
  File "/Users/macbook-dev/Documents/GitHub/tldw_chatbook/.venv/lib/python3.12/site-packages/pluggy/_manager.py", line 120, in _hookexec
    return self._inner_hookexec(hook_name, methods, kwargs, firstresult)
  File "/Users/macbook-dev/Documents/GitHub/tldw_chatbook/.venv/lib/python3.12/site-packages/pluggy/_callers.py", line 121, in _multicall
    res = hook_impl.function(*args)
  File "/Users/macbook-dev/Documents/GitHub/tldw_chatbook/.venv/lib/python3.12/site-packages/_pytest/python.py", line 157, in pytest_pyfunc_call
    result = testfunction(**testargs)
  File "/Users/macbook-dev/Documents/GitHub/tldw_chatbook/.venv/lib/python3.12/site-packages/pytest_asyncio/plugin.py", line 721, in inner
    runner.run(coro, context=context)
  File "/Users/macbook-dev/.local/share/uv/python/cpython-3.12.11-macos-aarch64-none/lib/python3.12/asyncio/runners.py", line 118, in run
    return self._loop.run_until_complete(task)
  File "/Users/macbook-dev/.local/share/uv/python/cpython-3.12.11-macos-aarch64-none/lib/python3.12/asyncio/base_events.py", line 678, in run_until_complete
    self.run_forever()
  File "/Users/macbook-dev/.local/share/uv/python/cpython-3.12.11-macos-aarch64-none/lib/python3.12/asyncio/base_events.py", line 645, in run_forever
    self._run_once()
  File "/Users/macbook-dev/.local/share/uv/python/cpython-3.12.11-macos-aarch64-none/lib/python3.12/asyncio/base_events.py", line 1999, in _run_once
    handle._run()
  File "/Users/macbook-dev/.local/share/uv/python/cpython-3.12.11-macos-aarch64-none/lib/python3.12/asyncio/events.py", line 88, in _run
    self._context.run(self._callback, *self._args)
  File "/Users/macbook-dev/Documents/GitHub/tldw_chatbook/.venv/lib/python3.12/site-packages/textual/message_pump.py", line 582, in _process_messages
    await self._message_loop_exit()
  File "/Users/macbook-dev/Documents/GitHub/tldw_chatbook/.venv/lib/python3.12/site-packages/textual/screen.py", line 1303, in _message_loop_exit
    await super()._message_loop_exit()
  File "/Users/macbook-dev/Documents/GitHub/tldw_chatbook/.venv/lib/python3.12/site-packages/textual/widget.py", line 4525, in _message_loop_exit
    await self._dispatch_message(events.Unmount())
  File "/Users/macbook-dev/Documents/GitHub/tldw_chatbook/.venv/lib/python3.12/site-packages/textual/message_pump.py", line 741, in _dispatch_message
    await self._flush_next_callbacks()
  File "/Users/macbook-dev/Documents/GitHub/tldw_chatbook/.venv/lib/python3.12/site-packages/textual/message_pump.py", line 702, in _flush_next_callbacks
    await invoke(callback.callback)
  File "/Users/macbook-dev/Documents/GitHub/tldw_chatbook/.venv/lib/python3.12/site-packages/textual/_callback.py", line 96, in invoke
    return await _invoke(callback, *params)
  File "/Users/macbook-dev/Documents/GitHub/tldw_chatbook/.venv/lib/python3.12/site-packages/textual/_callback.py", line 58, in _invoke
    result = await result
  File "/Users/macbook-dev/Documents/GitHub/tldw_chatbook/.venv/lib/python3.12/site-packages/textual/screen.py", line 1272, in _invoke_and_clear_callbacks
    await invoke(callback)
  File "/Users/macbook-dev/Documents/GitHub/tldw_chatbook/.venv/lib/python3.12/site-packages/textual/_callback.py", line 96, in invoke
    return await _invoke(callback, *params)
  File "/Users/macbook-dev/Documents/GitHub/tldw_chatbook/.venv/lib/python3.12/site-packages/textual/_callback.py", line 56, in _invoke
    result = callback(*params[:parameter_count])
  File "/Users/macbook-dev/.codex/worktrees/console-chat-starts/tldw_chatbook/tldw_chatbook/UI/Screens/chat_screen.py", line 21625, in _run_coalesced_control_bar_sync
    self._sync_console_control_bar()
  File "/Users/macbook-dev/.codex/worktrees/console-chat-starts/tldw_chatbook/tldw_chatbook/UI/Screens/chat_screen.py", line 21645, in _sync_console_control_bar
    return self._run_console_config_sync(
  File "/Users/macbook-dev/.codex/worktrees/console-chat-starts/tldw_chatbook/tldw_chatbook/UI/Screens/chat_screen.py", line 21676, in _run_console_config_sync
    sync()
  File "/Users/macbook-dev/.codex/worktrees/console-chat-starts/tldw_chatbook/tldw_chatbook/UI/Screens/chat_screen.py", line 21646, in <lambda>
    lambda: self._sync_console_control_bar_under_config(rail_state)
  File "/Users/macbook-dev/.codex/worktrees/console-chat-starts/tldw_chatbook/tldw_chatbook/UI/Screens/chat_screen.py", line 21764, in _sync_console_control_bar_under_config
    self._sync_console_cost_chip()
  File "/Users/macbook-dev/.codex/worktrees/console-chat-starts/tldw_chatbook/tldw_chatbook/UI/Screens/chat_screen.py", line 11780, in _sync_console_cost_chip
    cost_state = self._build_console_cost_state()
> File "/Users/macbook-dev/.codex/worktrees/console-chat-starts/tldw_chatbook/tldw_chatbook/UI/Screens/chat_screen.py", line 11745, in _build_console_cost_state
    context_state = self._active_console_context_control_state()
  File "/Users/macbook-dev/.codex/worktrees/console-chat-starts/tldw_chatbook/tldw_chatbook/UI/Screens/chat_screen.py", line 8376, in _active_console_context_control_state
    return self._console_context_control_state_for_session(
  File "/Users/macbook-dev/.codex/worktrees/console-chat-starts/tldw_chatbook/tldw_chatbook/UI/Screens/chat_screen.py", line 8395, in _console_context_control_state_for_session
    estimate = estimate or self._console_settings_context_estimate_for_session(
  File "/Users/macbook-dev/.codex/worktrees/console-chat-starts/tldw_chatbook/tldw_chatbook/UI/Screens/chat_screen.py", line 8270, in _console_settings_context_estimate_for_session
    self._ensure_console_provider_gateway().cached_context_window(settings)
AttributeError: 'BlockedGateway' object has no attribute 'cached_context_window'
2026-10-03 19:10:08.364 | DEBUG    | tldw_chatbook.DB.ChaChaNotes_DB:_get_thread_connection:3554 - Opened/Reopened SQLite connection db_sha256=memory thread=6137589760
2026-10-03 19:10:08.365 | DEBUG    | tldw_chatbook.DB.ChaChaNotes_DB:_enter_transaction:24489 - Started outermost transaction on thread 6137589760.
2026-10-03 19:10:08.365 | DEBUG    | tldw_chatbook.DB.ChaChaNotes_DB:_exit_transaction:24589 - Transaction (outermost) rolled back due to exception (OperationalError) on thread 6137589760.
2026-10-03 19:10:08.379 | DEBUG    | tldw_chatbook.DB.ChaChaNotes_DB:_enter_transaction:24489 - Started outermost transaction on thread 6137589760.
2026-10-03 19:10:08.379 | DEBUG    | tldw_chatbook.DB.ChaChaNotes_DB:_exit_transaction:24589 - Transaction (outermost) rolled back due to exception (OperationalError) on thread 6137589760.
2026-10-03 19:10:08.413 | DEBUG    | tldw_chatbook.UI.Screens.chat_screen:_reconcile_console_after_attach:16704 - Console attach reconciliation will retry (exception_type=AttributeError)
2026-10-03 19:10:08.414 | DEBUG    | tldw_chatbook.DB.ChaChaNotes_DB:_enter_transaction:24489 - Started outermost transaction on thread 6137589760.
2026-10-03 19:10:08.415 | DEBUG    | tldw_chatbook.DB.ChaChaNotes_DB:_exit_transaction:24589 - Transaction (outermost) rolled back due to exception (OperationalError) on thread 6137589760.
2026-10-03 19:10:08.419 | DEBUG    | tldw_chatbook.DB.ChaChaNotes_DB:_enter_transaction:24489 - Started outermost transaction on thread 6137589760.
2026-10-03 19:10:08.419 | DEBUG    | tldw_chatbook.DB.ChaChaNotes_DB:_exit_transaction:24589 - Transaction (outermost) rolled back due to exception (OperationalError) on thread 6137589760.
2026-10-03 19:10:08.523 | DEBUG    | tldw_chatbook.UI.Screens.chat_screen:_reconcile_console_after_attach:16704 - Console attach reconciliation will retry (exception_type=AttributeError)
2026-10-03 19:10:08.540 | WARNING  | tldw_chatbook.UI.Screens.chat_screen:_build_console_cost_state:11766 - cost_chip_state_failed
Traceback (most recent call last):
  File "<frozen runpy>", line 198, in _run_module_as_main
  File "<frozen runpy>", line 88, in _run_code
  File "/Users/macbook-dev/Documents/GitHub/tldw_chatbook/.venv/lib/python3.12/site-packages/pytest/__main__.py", line 9, in <module>
    raise SystemExit(pytest.console_main())
  File "/Users/macbook-dev/Documents/GitHub/tldw_chatbook/.venv/lib/python3.12/site-packages/_pytest/config/__init__.py", line 201, in console_main
    code = main()
  File "/Users/macbook-dev/Documents/GitHub/tldw_chatbook/.venv/lib/python3.12/site-packages/_pytest/config/__init__.py", line 175, in main
    ret: ExitCode | int = config.hook.pytest_cmdline_main(config=config)
  File "/Users/macbook-dev/Documents/GitHub/tldw_chatbook/.venv/lib/python3.12/site-packages/pluggy/_hooks.py", line 512, in __call__
    return self._hookexec(self.name, self._hookimpls.copy(), kwargs, firstresult)
  File "/Users/macbook-dev/Documents/GitHub/tldw_chatbook/.venv/lib/python3.12/site-packages/pluggy/_manager.py", line 120, in _hookexec
    return self._inner_hookexec(hook_name, methods, kwargs, firstresult)
  File "/Users/macbook-dev/Documents/GitHub/tldw_chatbook/.venv/lib/python3.12/site-packages/pluggy/_callers.py", line 121, in _multicall
    res = hook_impl.function(*args)
  File "/Users/macbook-dev/Documents/GitHub/tldw_chatbook/.venv/lib/python3.12/site-packages/_pytest/main.py", line 336, in pytest_cmdline_main
    return wrap_session(config, _main)
  File "/Users/macbook-dev/Documents/GitHub/tldw_chatbook/.venv/lib/python3.12/site-packages/_pytest/main.py", line 289, in wrap_session
    session.exitstatus = doit(config, session) or 0
  File "/Users/macbook-dev/Documents/GitHub/tldw_chatbook/.venv/lib/python3.12/site-packages/_pytest/main.py", line 343, in _main
    config.hook.pytest_runtestloop(session=session)
  File "/Users/macbook-dev/Documents/GitHub/tldw_chatbook/.venv/lib/python3.12/site-packages/pluggy/_hooks.py", line 512, in __call__
    return self._hookexec(self.name, self._hookimpls.copy(), kwargs, firstresult)
  File "/Users/macbook-dev/Documents/GitHub/tldw_chatbook/.venv/lib/python3.12/site-packages/pluggy/_manager.py", line 120, in _hookexec
    return self._inner_hookexec(hook_name, methods, kwargs, firstresult)
  File "/Users/macbook-dev/Documents/GitHub/tldw_chatbook/.venv/lib/python3.12/site-packages/pluggy/_callers.py", line 121, in _multicall
    res = hook_impl.function(*args)
  File "/Users/macbook-dev/Documents/GitHub/tldw_chatbook/.venv/lib/python3.12/site-packages/_pytest/main.py", line 367, in pytest_runtestloop
    item.config.hook.pytest_runtest_protocol(item=item, nextitem=nextitem)
  File "/Users/macbook-dev/Documents/GitHub/tldw_chatbook/.venv/lib/python3.12/site-packages/pluggy/_hooks.py", line 512, in __call__
    return self._hookexec(self.name, self._hookimpls.copy(), kwargs, firstresult)
  File "/Users/macbook-dev/Documents/GitHub/tldw_chatbook/.venv/lib/python3.12/site-packages/pluggy/_manager.py", line 120, in _hookexec
    return self._inner_hookexec(hook_name, methods, kwargs, firstresult)
  File "/Users/macbook-dev/Documents/GitHub/tldw_chatbook/.venv/lib/python3.12/site-packages/pluggy/_callers.py", line 121, in _multicall
    res = hook_impl.function(*args)
  File "/Users/macbook-dev/Documents/GitHub/tldw_chatbook/.venv/lib/python3.12/site-packages/_pytest/runner.py", line 117, in pytest_runtest_protocol
    runtestprotocol(item, nextitem=nextitem)
  File "/Users/macbook-dev/Documents/GitHub/tldw_chatbook/.venv/lib/python3.12/site-packages/_pytest/runner.py", line 136, in runtestprotocol
    reports.append(call_and_report(item, "call", log))
  File "/Users/macbook-dev/Documents/GitHub/tldw_chatbook/.venv/lib/python3.12/site-packages/_pytest/runner.py", line 245, in call_and_report
    call = CallInfo.from_call(
  File "/Users/macbook-dev/Documents/GitHub/tldw_chatbook/.venv/lib/python3.12/site-packages/_pytest/runner.py", line 344, in from_call
    result: TResult | None = func()
  File "/Users/macbook-dev/Documents/GitHub/tldw_chatbook/.venv/lib/python3.12/site-packages/_pytest/runner.py", line 246, in <lambda>
    lambda: runtest_hook(item=item, **kwds), when=when, reraise=reraise
  File "/Users/macbook-dev/Documents/GitHub/tldw_chatbook/.venv/lib/python3.12/site-packages/pluggy/_hooks.py", line 512, in __call__
    return self._hookexec(self.name, self._hookimpls.copy(), kwargs, firstresult)
  File "/Users/macbook-dev/Documents/GitHub/tldw_chatbook/.venv/lib/python3.12/site-packages/pluggy/_manager.py", line 120, in _hookexec
    return self._inner_hookexec(hook_name, methods, kwargs, firstresult)
  File "/Users/macbook-dev/Documents/GitHub/tldw_chatbook/.venv/lib/python3.12/site-packages/pluggy/_callers.py", line 121, in _multicall
    res = hook_impl.function(*args)
  File "/Users/macbook-dev/Documents/GitHub/tldw_chatbook/.venv/lib/python3.12/site-packages/_pytest/runner.py", line 178, in pytest_runtest_call
    item.runtest()
  File "/Users/macbook-dev/Documents/GitHub/tldw_chatbook/.venv/lib/python3.12/site-packages/pytest_asyncio/plugin.py", line 474, in runtest
    super().runtest()
  File "/Users/macbook-dev/Documents/GitHub/tldw_chatbook/.venv/lib/python3.12/site-packages/_pytest/python.py", line 1671, in runtest
    self.ihook.pytest_pyfunc_call(pyfuncitem=self)
  File "/Users/macbook-dev/Documents/GitHub/tldw_chatbook/.venv/lib/python3.12/site-packages/pluggy/_hooks.py", line 512, in __call__
    return self._hookexec(self.name, self._hookimpls.copy(), kwargs, firstresult)
  File "/Users/macbook-dev/Documents/GitHub/tldw_chatbook/.venv/lib/python3.12/site-packages/pluggy/_manager.py", line 120, in _hookexec
    return self._inner_hookexec(hook_name, methods, kwargs, firstresult)
  File "/Users/macbook-dev/Documents/GitHub/tldw_chatbook/.venv/lib/python3.12/site-packages/pluggy/_callers.py", line 121, in _multicall
    res = hook_impl.function(*args)
  File "/Users/macbook-dev/Documents/GitHub/tldw_chatbook/.venv/lib/python3.12/site-packages/_pytest/python.py", line 157, in pytest_pyfunc_call
    result = testfunction(**testargs)
  File "/Users/macbook-dev/Documents/GitHub/tldw_chatbook/.venv/lib/python3.12/site-packages/pytest_asyncio/plugin.py", line 721, in inner
    runner.run(coro, context=context)
  File "/Users/macbook-dev/.local/share/uv/python/cpython-3.12.11-macos-aarch64-none/lib/python3.12/asyncio/runners.py", line 118, in run
    return self._loop.run_until_complete(task)
  File "/Users/macbook-dev/.local/share/uv/python/cpython-3.12.11-macos-aarch64-none/lib/python3.12/asyncio/base_events.py", line 678, in run_until_complete
    self.run_forever()
  File "/Users/macbook-dev/.local/share/uv/python/cpython-3.12.11-macos-aarch64-none/lib/python3.12/asyncio/base_events.py", line 645, in run_forever
    self._run_once()
  File "/Users/macbook-dev/.local/share/uv/python/cpython-3.12.11-macos-aarch64-none/lib/python3.12/asyncio/base_events.py", line 1999, in _run_once
    handle._run()
  File "/Users/macbook-dev/.local/share/uv/python/cpython-3.12.11-macos-aarch64-none/lib/python3.12/asyncio/events.py", line 88, in _run
    self._context.run(self._callback, *self._args)
  File "/Users/macbook-dev/Documents/GitHub/tldw_chatbook/.venv/lib/python3.12/site-packages/textual/worker.py", line 370, in _run
    self._result = await self.run()
  File "/Users/macbook-dev/Documents/GitHub/tldw_chatbook/.venv/lib/python3.12/site-packages/textual/worker.py", line 354, in run
    return await (
  File "/Users/macbook-dev/Documents/GitHub/tldw_chatbook/.venv/lib/python3.12/site-packages/textual/worker.py", line 339, in _run_async
    return await self._work()
  File "/Users/macbook-dev/.codex/worktrees/console-chat-starts/tldw_chatbook/tldw_chatbook/UI/Screens/chat_screen.py", line 19125, in _refresh_console_hooks
    await self._hooks.refresh()
  File "/Users/macbook-dev/.codex/worktrees/console-chat-starts/tldw_chatbook/tldw_chatbook/UI/Console_Modules/hooks.py", line 143, in refresh
    self._on_state(snapshot)
  File "/Users/macbook-dev/.codex/worktrees/console-chat-starts/tldw_chatbook/tldw_chatbook/UI/Console_Modules/wiring.py", line 2316, in <lambda>
    on_state=lambda snapshot: screen._apply_console_hooks_state(snapshot),
  File "/Users/macbook-dev/.codex/worktrees/console-chat-starts/tldw_chatbook/tldw_chatbook/UI/Screens/chat_screen.py", line 19129, in _apply_console_hooks_state
    self._sync_console_control_bar()
  File "/Users/macbook-dev/.codex/worktrees/console-chat-starts/tldw_chatbook/tldw_chatbook/UI/Screens/chat_screen.py", line 21645, in _sync_console_control_bar
    return self._run_console_config_sync(
  File "/Users/macbook-dev/.codex/worktrees/console-chat-starts/tldw_chatbook/tldw_chatbook/UI/Screens/chat_screen.py", line 21676, in _run_console_config_sync
    sync()
  File "/Users/macbook-dev/.codex/worktrees/console-chat-starts/tldw_chatbook/tldw_chatbook/UI/Screens/chat_screen.py", line 21646, in <lambda>
    lambda: self._sync_console_control_bar_under_config(rail_state)
  File "/Users/macbook-dev/.codex/worktrees/console-chat-starts/tldw_chatbook/tldw_chatbook/UI/Screens/chat_screen.py", line 21764, in _sync_console_control_bar_under_config
    self._sync_console_cost_chip()
  File "/Users/macbook-dev/.codex/worktrees/console-chat-starts/tldw_chatbook/tldw_chatbook/UI/Screens/chat_screen.py", line 11780, in _sync_console_cost_chip
    cost_state = self._build_console_cost_state()
> File "/Users/macbook-dev/.codex/worktrees/console-chat-starts/tldw_chatbook/tldw_chatbook/UI/Screens/chat_screen.py", line 11745, in _build_console_cost_state
    context_state = self._active_console_context_control_state()
  File "/Users/macbook-dev/.codex/worktrees/console-chat-starts/tldw_chatbook/tldw_chatbook/UI/Screens/chat_screen.py", line 8376, in _active_console_context_control_state
    return self._console_context_control_state_for_session(
  File "/Users/macbook-dev/.codex/worktrees/console-chat-starts/tldw_chatbook/tldw_chatbook/UI/Screens/chat_screen.py", line 8395, in _console_context_control_state_for_session
    estimate = estimate or self._console_settings_context_estimate_for_session(
  File "/Users/macbook-dev/.codex/worktrees/console-chat-starts/tldw_chatbook/tldw_chatbook/UI/Screens/chat_screen.py", line 8270, in _console_settings_context_estimate_for_session
    self._ensure_console_provider_gateway().cached_context_window(settings)
AttributeError: 'BlockedGateway' object has no attribute 'cached_context_window'
╭───────────────────── Traceback (most recent call last) ──────────────────────╮
│ /Users/macbook-dev/.codex/worktrees/console-chat-starts/tldw_chatbook/tldw_c │
│ hatbook/UI/Screens/chat_screen.py:22377 in _adapt_console_workspace_to_width │
│                                                                              │
│   22374 │   │   except QueryError:                                           │
│   22375 │   │   │   return                                                   │
│   22376 │   │   focused = self.app.focused                                   │
│ ❱ 22377 │   │   left_rail = self.query_one("#console-left-rail")             │
│   22378 │   │   right_rail = self.query_one("#console-right-rail")           │
│   22379 │   │   left_handle = self.query_one("#console-context-rail-handle") │
│   22380 │   │   right_handle = self.query_one("#console-inspector-rail-handl │
│                                                                              │
│ ╭──────────────────────────── locals ─────────────────────────────╮          │
│ │    band = 'standard'                                            │          │
│ │   event = Resize(size=Size(width=160, height=48))               │          │
│ │ focused = NavigationButton(                                     │          │
│ │           │   id='nav-home',                                    │          │
│ │           │   classes='-style-default nav-button ascii-nav-tab' │          │
│ │           )                                                     │          │
│ │    self = ChatScreen()                                          │          │
│ ╰─────────────────────────────────────────────────────────────────╯          │
╰──────────────────────────────────────────────────────────────────────────────╯
NoMatches: No nodes match '#console-left-rail' on ChatScreen()
------------------------------ Captured log call -------------------------------
INFO     root:app.py:1385 App __init__: Determined initial tab value: chat
WARNING  root:app.py:1492 Prompts service not initialized, self.prompts_db set to None.
ERROR    root:app.py:1513 ChaChaNotesDB (CharactersRAGDB) instance not found/assigned in app.__init__.
______ test_console_armed_unknown_mouse_send_snapshots_before_skill_await ______

monkeypatch = <_pytest.monkeypatch.MonkeyPatch object at 0x122bc52e0>

    @pytest.mark.asyncio
    async def test_console_armed_unknown_mouse_send_snapshots_before_skill_await(
        monkeypatch,
    ):
        """Typing during the unknown-command check belongs to the next draft."""
    
        app = _ready_openai_app(monkeypatch, "unused")
        host = ConsoleHarness(app)
    
        async with host.run_test(size=(160, 48)) as pilot:
            console = host.screen_stack[-1]
            await _wait_for_selector(console, pilot, "#console-native-composer")
            monkeypatch.setattr(
                console._prompt_queue, "_blocked_reason_accessor", lambda: ""
            )
            composer = console.query_one("#console-native-composer", ConsoleComposerBar)
            store = console._ensure_console_chat_store()
            session = store.ensure_session()
            console._session._sync_console_session_draft()
            armed = "/nosuchcommand"
            composer.load_draft(armed)
            store.set_session_draft(session.id, armed)
            console._console_unknown_send_armed = armed
    
            entered = asyncio.Event()
            release = asyncio.Event()
    
            async def delayed_skill_context():
                entered.set()
                await release.wait()
                return object()
    
            async def no_blocked_match(_name, _summaries):
                return False
    
            monkeypatch.setattr(
                console._skill, "_fetch_console_skill_context", delayed_skill_context
            )
            monkeypatch.setattr(
                console._skill, "_console_skill_blocked_summaries", lambda _context: ()
            )
            monkeypatch.setattr(
                console._skill,
                "_console_skill_blocked_match_response",
                no_blocked_match,
            )
            requests: list[object] = []
    
            def record_accept(request):
                requests.append(request)
                return request.turn_id
    
            monkeypatch.setattr(console._console_runtime(), "accept_turn", record_accept)
            send_button = console.query_one("#console-send-message", Button)
            send_task = asyncio.create_task(
                console.handle_console_send_message(Button.Pressed(send_button))
            )
    
            await entered.wait()
            composer.insert_text(" suffix")
            release.set()
    
>           assert await send_task
E           assert False

Tests/UI/test_console_send_draft_snapshot.py:363: AssertionError
----------------------------- Captured stderr call -----------------------------
2026-10-03 19:10:23.200 | INFO     | tldw_chatbook.app:__init__:1251 - Loaded app_config - strip_thinking_tags: True
2026-10-03 19:10:23.241 | INFO     | tldw_chatbook.app:__init__:1359 - Parallel init task 'providers_models' completed in 0.000s
2026-10-03 19:10:23.243 | INFO     | tldw_chatbook.app:__init__:1359 - Parallel init task 'notes_service' completed in 0.000s
2026-10-03 19:10:23.243 | INFO     | tldw_chatbook.app:__init__:1359 - Parallel init task 'prompts_service' completed in 0.000s
2026-10-03 19:10:23.243 | INFO     | tldw_chatbook.app:__init__:1359 - Parallel init task 'media_db' completed in 0.000s
2026-10-03 19:10:23.357 | INFO     | tldw_chatbook.DB.base_db:__init__:989 - LibraryCollectionsDB initialized with path: /private/var/folders/sn/m80n2j152t9gw3w8qwk2nykh0000gn/T/tldw-chatbook-test-bey7iubm/library_collections.sqlite [Client: tldw_cli_local_instance_v1]
2026-10-03 19:10:23.535 | INFO     | tldw_chatbook.DB.base_db:__init__:989 - WorkspaceDB initialized with path: /private/var/folders/sn/m80n2j152t9gw3w8qwk2nykh0000gn/T/tldw-chatbook-test-bey7iubm/workspaces.sqlite [Client: tldw_cli_local_instance_v1]
2026-10-03 19:10:23.831 | INFO     | tldw_chatbook.DB.base_db:__init__:989 - SubscriptionsDB initialized with path: /private/var/folders/sn/m80n2j152t9gw3w8qwk2nykh0000gn/T/tldw-chatbook-test-bey7iubm/subscriptions.sqlite [Client: tldw_cli_local_instance_v1]
2026-10-03 19:10:23.842 | INFO     | tldw_chatbook.DB.base_db:__init__:989 - ClientNotificationsDB initialized with path: :memory: [Client: tldw_cli_local_instance_v1]
2026-10-03 19:10:23.843 | INFO     | tldw_chatbook.DB.base_db:__init__:989 - EventStateRepository initialized with path: /private/var/folders/sn/m80n2j152t9gw3w8qwk2nykh0000gn/T/tldw-chatbook-test-bey7iubm/tldw_chatbook_event_state.db [Client: tldw_cli_local_instance_v1]
2026-10-03 19:10:23.843 | INFO     | tldw_chatbook.DB.base_db:__init__:989 - SyncStateRepository initialized with path: /private/var/folders/sn/m80n2j152t9gw3w8qwk2nykh0000gn/T/tldw-chatbook-test-bey7iubm/tldw_chatbook_sync_state.db [Client: tldw_cli_local_instance_v1]
2026-10-03 19:10:24.141 | DEBUG    | tldw_chatbook.Scheduling.db.migrations.v1_to_v2:migrate:75 - Scheduling schema migrated to version 2 (missed_count column)
2026-10-03 19:10:24.260 | DEBUG    | tldw_chatbook.Scheduling.db.migrations.v2_to_v3:migrate:62 - Scheduling schema migrated to version 3 (timeout_seconds column)
2026-10-03 19:10:24.456 | DEBUG    | tldw_chatbook.Scheduling.db.migrations.v3_to_v4:migrate:137 - Scheduling schema migrated to version 4 (automation runs/results)
2026-10-03 19:10:24.557 | DEBUG    | tldw_chatbook.Scheduling.db.migrations.v4_to_v5:migrate:63 - Scheduling schema migrated to version 5 (scheduled_task_runs)
2026-10-03 19:10:24.694 | DEBUG    | tldw_chatbook.Scheduling.db.migrations.v5_to_v6:migrate:68 - Scheduling schema migrated to version 6 (task_incidents)
2026-10-03 19:10:24.872 | DEBUG    | tldw_chatbook.Scheduling.db.migrations.v6_to_v7:migrate:107 - Scheduling schema migrated to version 7 (automation_results server_id unique index)
2026-10-03 19:10:24.877 | INFO     | tldw_chatbook.DB.base_db:__init__:989 - ScheduledTasksDB initialized with path: /private/var/folders/sn/m80n2j152t9gw3w8qwk2nykh0000gn/T/tldw-chatbook-test-bey7iubm/scheduled_tasks.sqlite [Client: default]
2026-10-03 19:10:25.731 | DEBUG    | tldw_chatbook.app:__init__:1430 - ULTRA EARLY APP INIT: self._media_types_for_ui VALUE: ['All Media']
2026-10-03 19:10:25.743 | DEBUG    | tldw_chatbook.app:__init__:1433 - ULTRA EARLY APP INIT: self._media_types_for_ui TYPE: <class 'list'>
2026-10-03 19:10:25.884 | INFO     | tldw_chatbook.DB.Evals_DB:__init__:193 - EvalsDB initialized with path: /Users/macbook-dev/.codex/worktrees/console-chat-starts/tldw_chatbook/.superpowers/sdd/2026-10-03-console-pr2995-review-and-merge/composer-green-profile-3n7mgiyx/home/.local/share/tldw_cli/default_user/evals.db
2026-10-03 19:10:25.888 | INFO     | tldw_chatbook.Evals.task_loader:__init__:98 - TaskLoader initialized
2026-10-03 19:10:25.918 | DEBUG    | tldw_chatbook.Event_Handlers.worker_handlers.base_handler:register:155 - Registered worker handler: MiscWorkerHandler
2026-10-03 19:10:25.934 | INFO     | tldw_chatbook.app:_init_worker_handlers:2167 - Worker handler registry initialized with all handlers
2026-10-03 19:10:25.935 | INFO     | tldw_chatbook.app:__init__:1615 - === STARTUP TIMING SUMMARY ===
2026-10-03 19:10:25.941 | INFO     | tldw_chatbook.app:__init__:1616 - Total initialization time: 2.806 seconds
2026-10-03 19:10:25.942 | INFO     | tldw_chatbook.app:__init__:1622 -   basic_init: 0.108s (3.8%)
2026-10-03 19:10:25.942 | INFO     | tldw_chatbook.app:__init__:1622 -   attribute_init: 0.000s (0.0%)
2026-10-03 19:10:25.942 | INFO     | tldw_chatbook.app:__init__:1622 -   parallel_init: 0.006s (0.2%)
2026-10-03 19:10:25.942 | INFO     | tldw_chatbook.app:__init__:1635 -     - providers_models: 0.000s (0.1% of parallel_init)
2026-10-03 19:10:25.942 | INFO     | tldw_chatbook.app:__init__:1635 -     - notes_service: 0.000s (0.1% of parallel_init)
2026-10-03 19:10:25.942 | INFO     | tldw_chatbook.app:__init__:1635 -     - media_db: 0.000s (0.0% of parallel_init)
2026-10-03 19:10:25.942 | INFO     | tldw_chatbook.app:__init__:1635 -     - prompts_service: 0.000s (0.0% of parallel_init)
2026-10-03 19:10:25.942 | INFO     | tldw_chatbook.app:__init__:1639 - ==============================
2026-10-03 19:10:25.943 | INFO     | tldw_chatbook.DB.ChaChaNotes_DB:__init__:3376 - Initializing CharactersRAGDB db_sha256=memory [Client ID: test-client]
2026-10-03 19:10:25.943 | DEBUG    | tldw_chatbook.DB.ChaChaNotes_DB:_get_thread_connection:3554 - Opened/Reopened SQLite connection db_sha256=memory thread=8494865792
2026-10-03 19:10:25.949 | DEBUG    | tldw_chatbook.DB.ChaChaNotes_DB:_enter_transaction:24489 - Started outermost transaction on thread 8494865792.
2026-10-03 19:10:25.949 | INFO     | tldw_chatbook.DB.ChaChaNotes_DB:_initialize_schema:8550 - Checking DB schema 'rag_char_chat_schema'. Current version: 0. Code supports: 76
2026-10-03 19:10:25.949 | INFO     | tldw_chatbook.DB.ChaChaNotes_DB:_apply_schema_v4:4437 - Applying schema Version 4 for 'rag_char_chat_schema' to DB: db_sha256=memory...
2026-10-03 19:10:25.950 | DEBUG    | tldw_chatbook.DB.ChaChaNotes_DB:_enter_transaction:24458 - Entered nested transaction level 2 on thread 8494865792.
2026-10-03 19:10:25.963 | DEBUG    | tldw_chatbook.DB.ChaChaNotes_DB:_apply_schema_v4:4478 - [rag_char_chat_schema V4] Full schema script executed.
2026-10-03 19:10:25.968 | INFO     | tldw_chatbook.DB.ChaChaNotes_DB:_apply_schema_v4:4485 - [rag_char_chat_schema V4] Schema 4 applied and version confirmed for DB: db_sha256=memory.
2026-10-03 19:10:25.976 | DEBUG    | tldw_chatbook.DB.ChaChaNotes_DB:_enrich_default_assistant_card_if_bare:4749 - [task-2451] Default Assistant enrichment UPDATE affected 1 row(s) in DB: db_sha256=memory.
2026-10-03 19:10:25.978 | INFO     | tldw_chatbook.DB.ChaChaNotes_DB:_migrate_from_v4_to_v5:4770 - Migrating schema from V4 to V5 for 'rag_char_chat_schema' in DB: db_sha256=memory...
2026-10-03 19:10:25.981 | DEBUG    | tldw_chatbook.DB.ChaChaNotes_DB:_enter_transaction:24458 - Entered nested transaction level 2 on thread 8494865792.
2026-10-03 19:10:25.998 | DEBUG    | tldw_chatbook.DB.ChaChaNotes_DB:_migrate_from_v4_to_v5:4780 - [rag_char_chat_schema V4→V5] Migration script executed.
2026-10-03 19:10:25.998 | INFO     | tldw_chatbook.DB.ChaChaNotes_DB:_migrate_from_v4_to_v5:4789 - [rag_char_chat_schema V4→V5] Migration completed successfully for DB: db_sha256=memory.
2026-10-03 19:10:25.999 | INFO     | tldw_chatbook.DB.ChaChaNotes_DB:_migrate_from_v5_to_v6:4823 - Migrating schema from V5 to V6 for 'rag_char_chat_schema' in DB: db_sha256=memory...
2026-10-03 19:10:25.999 | DEBUG    | tldw_chatbook.DB.ChaChaNotes_DB:_enter_transaction:24458 - Entered nested transaction level 2 on thread 8494865792.
2026-10-03 19:10:26.000 | DEBUG    | tldw_chatbook.DB.ChaChaNotes_DB:_migrate_from_v5_to_v6:4831 - [rag_char_chat_schema V5→V6] Migration script executed.
2026-10-03 19:10:26.000 | INFO     | tldw_chatbook.DB.ChaChaNotes_DB:_migrate_from_v5_to_v6:4840 - [rag_char_chat_schema V5→V6] Migration completed successfully for DB: db_sha256=memory.
2026-10-03 19:10:26.005 | INFO     | tldw_chatbook.DB.ChaChaNotes_DB:_migrate_from_v6_to_v7:4874 - Migrating schema from V6 to V7 for 'rag_char_chat_schema' in DB: db_sha256=memory...
2026-10-03 19:10:26.010 | DEBUG    | tldw_chatbook.DB.ChaChaNotes_DB:_enter_transaction:24458 - Entered nested transaction level 2 on thread 8494865792.
2026-10-03 19:10:26.020 | DEBUG    | tldw_chatbook.DB.ChaChaNotes_DB:_migrate_from_v6_to_v7:4882 - [rag_char_chat_schema V6→V7] Migration script executed.
2026-10-03 19:10:26.021 | INFO     | tldw_chatbook.DB.ChaChaNotes_DB:_migrate_from_v6_to_v7:4891 - [rag_char_chat_schema V6→V7] Migration completed successfully for DB: db_sha256=memory.
2026-10-03 19:10:26.025 | INFO     | tldw_chatbook.DB.ChaChaNotes_DB:_migrate_from_v7_to_v8:8464 - Migrating schema from V7 to V8 for 'rag_char_chat_schema' in DB: db_sha256=memory...
2026-10-03 19:10:26.025 | DEBUG    | tldw_chatbook.DB.ChaChaNotes_DB:_enter_transaction:24458 - Entered nested transaction level 2 on thread 8494865792.
2026-10-03 19:10:26.029 | DEBUG    | tldw_chatbook.DB.ChaChaNotes_DB:_migrate_from_v7_to_v8:8472 - [rag_char_chat_schema V7→V8] Migration script executed.
2026-10-03 19:10:26.035 | INFO     | tldw_chatbook.DB.ChaChaNotes_DB:_migrate_from_v7_to_v8:8481 - [rag_char_chat_schema V7→V8] Migration completed successfully for DB: db_sha256=memory.
2026-10-03 19:10:26.036 | INFO     | tldw_chatbook.DB.ChaChaNotes_DB:_migrate_from_v8_to_v9:4925 - Migrating schema from V8 to V9 for 'rag_char_chat_schema' in DB: db_sha256=memory...
2026-10-03 19:10:26.036 | DEBUG    | tldw_chatbook.DB.ChaChaNotes_DB:_enter_transaction:24458 - Entered nested transaction level 2 on thread 8494865792.
2026-10-03 19:10:26.043 | DEBUG    | tldw_chatbook.DB.ChaChaNotes_DB:_migrate_from_v8_to_v9:4933 - [rag_char_chat_schema V8→V9] Migration script executed.
2026-10-03 19:10:26.047 | INFO     | tldw_chatbook.DB.ChaChaNotes_DB:_migrate_from_v8_to_v9:4942 - [rag_char_chat_schema V8→V9] Migration completed successfully for DB: db_sha256=memory.
2026-10-03 19:10:26.047 | INFO     | tldw_chatbook.DB.ChaChaNotes_DB:_migrate_from_v9_to_v10:4976 - Migrating schema from V9 to V10 for 'rag_char_chat_schema' in DB: db_sha256=memory...
2026-10-03 19:10:26.047 | DEBUG    | tldw_chatbook.DB.ChaChaNotes_DB:_enter_transaction:24458 - Entered nested transaction level 2 on thread 8494865792.
2026-10-03 19:10:26.048 | DEBUG    | tldw_chatbook.DB.ChaChaNotes_DB:_migrate_from_v9_to_v10:4984 - [rag_char_chat_schema V9→V10] Migration script executed.
2026-10-03 19:10:26.053 | INFO     | tldw_chatbook.DB.ChaChaNotes_DB:_migrate_from_v9_to_v10:4993 - [rag_char_chat_schema V9→V10] Migration completed successfully for DB: db_sha256=memory.
2026-10-03 19:10:26.056 | INFO     | tldw_chatbook.DB.ChaChaNotes_DB:_migrate_from_v10_to_v11:5027 - Migrating schema from V10 to V11 for 'rag_char_chat_schema' in DB: db_sha256=memory...
2026-10-03 19:10:26.058 | DEBUG    | tldw_chatbook.DB.ChaChaNotes_DB:_enter_transaction:24458 - Entered nested transaction level 2 on thread 8494865792.
2026-10-03 19:10:26.066 | DEBUG    | tldw_chatbook.DB.ChaChaNotes_DB:_migrate_from_v10_to_v11:5035 - [rag_char_chat_schema V10→V11] Migration script executed.
2026-10-03 19:10:26.067 | INFO     | tldw_chatbook.DB.ChaChaNotes_DB:_migrate_from_v10_to_v11:5044 - [rag_char_chat_schema V10→V11] Migration completed successfully for DB: db_sha256=memory.
2026-10-03 19:10:26.069 | INFO     | tldw_chatbook.DB.ChaChaNotes_DB:_migrate_from_v11_to_v12:5078 - Migrating schema from V11 to V12 for 'rag_char_chat_schema' in DB: db_sha256=memory...
2026-10-03 19:10:26.071 | DEBUG    | tldw_chatbook.DB.ChaChaNotes_DB:_enter_transaction:24458 - Entered nested transaction level 2 on thread 8494865792.
2026-10-03 19:10:26.092 | DEBUG    | tldw_chatbook.DB.ChaChaNotes_DB:_migrate_from_v11_to_v12:5086 - [rag_char_chat_schema V11→V12] Migration script executed.
2026-10-03 19:10:26.096 | INFO     | tldw_chatbook.DB.ChaChaNotes_DB:_migrate_from_v11_to_v12:5095 - [rag_char_chat_schema V11→V12] Migration completed successfully for DB: db_sha256=memory.
2026-10-03 19:10:26.096 | INFO     | tldw_chatbook.DB.ChaChaNotes_DB:_migrate_from_v12_to_v13:5121 - Migrating schema from V12 to V13 for 'rag_char_chat_schema' in DB: db_sha256=memory...
2026-10-03 19:10:26.096 | DEBUG    | tldw_chatbook.DB.ChaChaNotes_DB:_enter_transaction:24458 - Entered nested transaction level 2 on thread 8494865792.
2026-10-03 19:10:26.145 | DEBUG    | tldw_chatbook.DB.ChaChaNotes_DB:_migrate_from_v12_to_v13:5129 - [rag_char_chat_schema V12→V13] Migration script executed.
2026-10-03 19:10:26.147 | INFO     | tldw_chatbook.DB.ChaChaNotes_DB:_migrate_from_v12_to_v13:5137 - [rag_char_chat_schema V12→V13] Migration completed successfully for DB: db_sha256=memory.
2026-10-03 19:10:26.148 | INFO     | tldw_chatbook.DB.ChaChaNotes_DB:_migrate_from_v13_to_v14:5162 - Migrating schema from V13 to V14 for 'rag_char_chat_schema' in DB: db_sha256=memory...
2026-10-03 19:10:26.148 | DEBUG    | tldw_chatbook.DB.ChaChaNotes_DB:_enter_transaction:24458 - Entered nested transaction level 2 on thread 8494865792.
2026-10-03 19:10:26.159 | DEBUG    | tldw_chatbook.DB.ChaChaNotes_DB:_migrate_from_v13_to_v14:5170 - [rag_char_chat_schema V13→V14] Migration script executed.
2026-10-03 19:10:26.177 | INFO     | tldw_chatbook.DB.ChaChaNotes_DB:_migrate_from_v13_to_v14:5178 - [rag_char_chat_schema V13→V14] Migration completed successfully for DB: db_sha256=memory.
2026-10-03 19:10:26.180 | INFO     | tldw_chatbook.DB.ChaChaNotes_DB:_migrate_from_v14_to_v15:5203 - Migrating schema from V14 to V15 for 'rag_char_chat_schema' in DB: db_sha256=memory...
2026-10-03 19:10:26.180 | DEBUG    | tldw_chatbook.DB.ChaChaNotes_DB:_enter_transaction:24458 - Entered nested transaction level 2 on thread 8494865792.
2026-10-03 19:10:26.182 | DEBUG    | tldw_chatbook.DB.ChaChaNotes_DB:_migrate_from_v14_to_v15:5211 - [rag_char_chat_schema V14→V15] Migration script executed.
2026-10-03 19:10:26.185 | INFO     | tldw_chatbook.DB.ChaChaNotes_DB:_migrate_from_v14_to_v15:5219 - [rag_char_chat_schema V14→V15] Migration completed successfully for DB: db_sha256=memory.
2026-10-03 19:10:26.186 | INFO     | tldw_chatbook.DB.ChaChaNotes_DB:_migrate_from_v15_to_v16:5245 - Migrating schema from V15 to V16 for 'rag_char_chat_schema' in DB: db_sha256=memory...
2026-10-03 19:10:26.187 | DEBUG    | tldw_chatbook.DB.ChaChaNotes_DB:_enter_transaction:24458 - Entered nested transaction level 2 on thread 8494865792.
2026-10-03 19:10:26.191 | DEBUG    | tldw_chatbook.DB.ChaChaNotes_DB:_migrate_from_v15_to_v16:5288 - [rag_char_chat_schema V15→V16] Migration script executed.
2026-10-03 19:10:26.194 | INFO     | tldw_chatbook.DB.ChaChaNotes_DB:_migrate_from_v15_to_v16:5298 - [rag_char_chat_schema V15→V16] Migration completed successfully for DB: db_sha256=memory.
2026-10-03 19:10:26.194 | INFO     | tldw_chatbook.DB.ChaChaNotes_DB:_migrate_from_v16_to_v17:5324 - Migrating schema from V16 to V17 for 'rag_char_chat_schema' in DB: db_sha256=memory...
2026-10-03 19:10:26.195 | DEBUG    | tldw_chatbook.DB.ChaChaNotes_DB:_enter_transaction:24458 - Entered nested transaction level 2 on thread 8494865792.
2026-10-03 19:10:26.195 | DEBUG    | tldw_chatbook.DB.ChaChaNotes_DB:_migrate_from_v16_to_v17:5332 - [rag_char_chat_schema V16→V17] Migration script executed.
2026-10-03 19:10:26.195 | INFO     | tldw_chatbook.DB.ChaChaNotes_DB:_migrate_from_v16_to_v17:5340 - [rag_char_chat_schema V16→V17] Migration completed successfully for DB: db_sha256=memory.
2026-10-03 19:10:26.195 | INFO     | tldw_chatbook.DB.ChaChaNotes_DB:_migrate_from_v17_to_v18:5368 - Migrating schema from V17 to V18 for 'rag_char_chat_schema' in DB: db_sha256=memory...
2026-10-03 19:10:26.195 | DEBUG    | tldw_chatbook.DB.ChaChaNotes_DB:_enter_transaction:24458 - Entered nested transaction level 2 on thread 8494865792.
2026-10-03 19:10:26.199 | DEBUG    | tldw_chatbook.DB.ChaChaNotes_DB:_migrate_from_v17_to_v18:5376 - [rag_char_chat_schema V17→V18] Migration script executed.
2026-10-03 19:10:26.199 | INFO     | tldw_chatbook.DB.ChaChaNotes_DB:_migrate_from_v17_to_v18:5384 - [rag_char_chat_schema V17→V18] Migration completed successfully for DB: db_sha256=memory.
2026-10-03 19:10:26.199 | INFO     | tldw_chatbook.DB.ChaChaNotes_DB:_migrate_from_v18_to_v19:8414 - Migrating schema from V18 to V19 for 'rag_char_chat_schema' in DB: db_sha256=memory...
2026-10-03 19:10:26.199 | DEBUG    | tldw_chatbook.DB.ChaChaNotes_DB:_enter_transaction:24458 - Entered nested transaction level 2 on thread 8494865792.
2026-10-03 19:10:26.199 | DEBUG    | tldw_chatbook.DB.ChaChaNotes_DB:_migrate_from_v18_to_v19:8422 - [rag_char_chat_schema V18→V19] Migration script executed.
2026-10-03 19:10:26.199 | INFO     | tldw_chatbook.DB.ChaChaNotes_DB:_migrate_from_v18_to_v19:8430 - [rag_char_chat_schema V18→V19] Migration completed successfully for DB: db_sha256=memory.
2026-10-03 19:10:26.199 | INFO     | tldw_chatbook.DB.ChaChaNotes_DB:_migrate_from_v19_to_v20:5412 - Migrating schema from V19 to V20 for 'rag_char_chat_schema' in DB: db_sha256=memory...
2026-10-03 19:10:26.199 | DEBUG    | tldw_chatbook.DB.ChaChaNotes_DB:_enter_transaction:24458 - Entered nested transaction level 2 on thread 8494865792.
2026-10-03 19:10:26.203 | DEBUG    | tldw_chatbook.DB.ChaChaNotes_DB:_migrate_from_v19_to_v20:5431 - [rag_char_chat_schema V19→V20] Migration script executed.
2026-10-03 19:10:26.203 | INFO     | tldw_chatbook.DB.ChaChaNotes_DB:_migrate_from_v19_to_v20:5439 - [rag_char_chat_schema V19→V20] Migration completed successfully for DB: db_sha256=memory.
2026-10-03 19:10:26.203 | INFO     | tldw_chatbook.DB.ChaChaNotes_DB:_migrate_from_v20_to_v21:5467 - Migrating schema from V20 to V21 for 'rag_char_chat_schema' in DB: db_sha256=memory...
2026-10-03 19:10:26.203 | DEBUG    | tldw_chatbook.DB.ChaChaNotes_DB:_enter_transaction:24458 - Entered nested transaction level 2 on thread 8494865792.
2026-10-03 19:10:26.205 | DEBUG    | tldw_chatbook.DB.ChaChaNotes_DB:_migrate_from_v20_to_v21:5488 - [rag_char_chat_schema V20→V21] Migration script executed.
2026-10-03 19:10:26.205 | INFO     | tldw_chatbook.DB.ChaChaNotes_DB:_migrate_from_v20_to_v21:5496 - [rag_char_chat_schema V20→V21] Migration completed successfully for DB: db_sha256=memory.
2026-10-03 19:10:26.205 | INFO     | tldw_chatbook.DB.ChaChaNotes_DB:_migrate_from_v21_to_v22:5518 - Migrating schema from V21 to V22 for 'rag_char_chat_schema' in DB: db_sha256=memory...
2026-10-03 19:10:26.206 | DEBUG    | tldw_chatbook.DB.ChaChaNotes_DB:_enter_transaction:24458 - Entered nested transaction level 2 on thread 8494865792.
2026-10-03 19:10:26.207 | DEBUG    | tldw_chatbook.DB.ChaChaNotes_DB:_migrate_from_v21_to_v22:5536 - [rag_char_chat_schema V21→V22] Migration script executed.
2026-10-03 19:10:26.207 | INFO     | tldw_chatbook.DB.ChaChaNotes_DB:_migrate_from_v21_to_v22:5542 - [rag_char_chat_schema V21→V22] Migration completed successfully for DB: db_sha256=memory.
2026-10-03 19:10:26.207 | INFO     | tldw_chatbook.DB.ChaChaNotes_DB:_migrate_from_v22_to_v23:5564 - Migrating schema from V22 to V23 for 'rag_char_chat_schema' in DB: db_sha256=memory...
2026-10-03 19:10:26.207 | DEBUG    | tldw_chatbook.DB.ChaChaNotes_DB:_enter_transaction:24458 - Entered nested transaction level 2 on thread 8494865792.
2026-10-03 19:10:26.207 | DEBUG    | tldw_chatbook.DB.ChaChaNotes_DB:_migrate_from_v22_to_v23:5572 - [rag_char_chat_schema V22→V23] Migration script executed.
2026-10-03 19:10:26.208 | INFO     | tldw_chatbook.DB.ChaChaNotes_DB:_migrate_from_v22_to_v23:5578 - [rag_char_chat_schema V22→V23] Migration completed successfully for DB: db_sha256=memory.
2026-10-03 19:10:26.208 | INFO     | tldw_chatbook.DB.ChaChaNotes_DB:_migrate_from_v23_to_v24:5601 - Migrating schema from V23 to V24 for 'rag_char_chat_schema' in DB: db_sha256=memory...
2026-10-03 19:10:26.208 | DEBUG    | tldw_chatbook.DB.ChaChaNotes_DB:_enter_transaction:24458 - Entered nested transaction level 2 on thread 8494865792.
2026-10-03 19:10:26.213 | DEBUG    | tldw_chatbook.DB.ChaChaNotes_DB:_migrate_from_v23_to_v24:5619 - [rag_char_chat_schema V23→V24] Migration script executed.
2026-10-03 19:10:26.214 | INFO     | tldw_chatbook.DB.ChaChaNotes_DB:_migrate_from_v23_to_v24:5625 - [rag_char_chat_schema V23→V24] Migration completed successfully for DB: db_sha256=memory.
2026-10-03 19:10:26.214 | INFO     | tldw_chatbook.DB.ChaChaNotes_DB:_migrate_from_v24_to_v25:5648 - Migrating schema from V24 to V25 for 'rag_char_chat_schema' in DB: db_sha256=memory...
2026-10-03 19:10:26.214 | DEBUG    | tldw_chatbook.DB.ChaChaNotes_DB:_enter_transaction:24458 - Entered nested transaction level 2 on thread 8494865792.
2026-10-03 19:10:26.215 | DEBUG    | tldw_chatbook.DB.ChaChaNotes_DB:_migrate_from_v24_to_v25:5656 - [rag_char_chat_schema V24→V25] Migration script executed.
2026-10-03 19:10:26.215 | INFO     | tldw_chatbook.DB.ChaChaNotes_DB:_migrate_from_v24_to_v25:5662 - [rag_char_chat_schema V24→V25] Migration completed successfully for DB: db_sha256=memory.
2026-10-03 19:10:26.215 | INFO     | tldw_chatbook.DB.ChaChaNotes_DB:_migrate_from_v25_to_v26:5686 - Migrating schema from V25 to V26 for 'rag_char_chat_schema' in DB: db_sha256=memory...
2026-10-03 19:10:26.215 | DEBUG    | tldw_chatbook.DB.ChaChaNotes_DB:_enter_transaction:24458 - Entered nested transaction level 2 on thread 8494865792.
2026-10-03 19:10:26.220 | DEBUG    | tldw_chatbook.DB.ChaChaNotes_DB:_migrate_from_v25_to_v26:5708 - [rag_char_chat_schema V25→V26] Migration script executed.
2026-10-03 19:10:26.221 | INFO     | tldw_chatbook.DB.ChaChaNotes_DB:_migrate_from_v25_to_v26:5714 - [rag_char_chat_schema V25→V26] Migration completed successfully for DB: db_sha256=memory.
2026-10-03 19:10:26.221 | DEBUG    | tldw_chatbook.DB.ChaChaNotes_DB:_enter_transaction:24458 - Entered nested transaction level 2 on thread 8494865792.
2026-10-03 19:10:26.228 | DEBUG    | tldw_chatbook.DB.ChaChaNotes_DB:_enter_transaction:24458 - Entered nested transaction level 2 on thread 8494865792.
2026-10-03 19:10:26.228 | DEBUG    | tldw_chatbook.DB.ChaChaNotes_DB:_enter_transaction:24458 - Entered nested transaction level 3 on thread 8494865792.
2026-10-03 19:10:26.233 | INFO     | tldw_chatbook.DB.ChaChaNotes_DB:_migrate_from_v28_to_v29:5901 - Migrating schema from V28 to V29 for 'rag_char_chat_schema' in DB: db_sha256=memory...
2026-10-03 19:10:26.236 | DEBUG    | tldw_chatbook.DB.ChaChaNotes_DB:_enter_transaction:24458 - Entered nested transaction level 2 on thread 8494865792.
2026-10-03 19:10:26.237 | DEBUG    | tldw_chatbook.DB.ChaChaNotes_DB:_migrate_from_v28_to_v29:5909 - [rag_char_chat_schema V28→V29] Migration script executed.
2026-10-03 19:10:26.237 | INFO     | tldw_chatbook.DB.ChaChaNotes_DB:_migrate_from_v28_to_v29:5917 - [rag_char_chat_schema V28→V29] Migration completed successfully for DB: db_sha256=memory.
2026-10-03 19:10:26.240 | INFO     | tldw_chatbook.DB.ChaChaNotes_DB:_migrate_from_v29_to_v30:5944 - Migrating schema from V29 to V30 for 'rag_char_chat_schema' in DB: db_sha256=memory...
2026-10-03 19:10:26.240 | DEBUG    | tldw_chatbook.DB.ChaChaNotes_DB:_enter_transaction:24458 - Entered nested transaction level 2 on thread 8494865792.
2026-10-03 19:10:26.245 | DEBUG    | tldw_chatbook.DB.ChaChaNotes_DB:_migrate_from_v29_to_v30:5970 - [rag_char_chat_schema V29→V30] Migration script executed.
2026-10-03 19:10:26.248 | INFO     | tldw_chatbook.DB.ChaChaNotes_DB:_migrate_from_v29_to_v30:5994 - [rag_char_chat_schema V29→V30] Migration completed successfully for DB: db_sha256=memory.
2026-10-03 19:10:26.248 | INFO     | tldw_chatbook.DB.ChaChaNotes_DB:_migrate_from_v30_to_v31:6021 - Migrating schema from V30 to V31 for 'rag_char_chat_schema' in DB: db_sha256=memory...
2026-10-03 19:10:26.248 | DEBUG    | tldw_chatbook.DB.ChaChaNotes_DB:_enter_transaction:24458 - Entered nested transaction level 2 on thread 8494865792.
2026-10-03 19:10:26.252 | DEBUG    | tldw_chatbook.DB.ChaChaNotes_DB:_migrate_from_v30_to_v31:6047 - [rag_char_chat_schema V30→V31] Migration script executed.
2026-10-03 19:10:26.252 | INFO     | tldw_chatbook.DB.ChaChaNotes_DB:_migrate_from_v30_to_v31:6071 - [rag_char_chat_schema V30→V31] Migration completed successfully for DB: db_sha256=memory.
2026-10-03 19:10:26.267 | INFO     | tldw_chatbook.DB.ChaChaNotes_DB:_migrate_from_v31_to_v32:6104 - Migrating schema from V31 to V32 for 'rag_char_chat_schema' in DB: db_sha256=memory...
2026-10-03 19:10:26.268 | DEBUG    | tldw_chatbook.DB.ChaChaNotes_DB:_enrich_default_assistant_card_if_bare:4749 - [task-2451] Default Assistant enrichment UPDATE affected 0 row(s) in DB: db_sha256=memory.
2026-10-03 19:10:26.272 | INFO     | tldw_chatbook.DB.ChaChaNotes_DB:_migrate_from_v31_to_v32:6130 - [rag_char_chat_schema V31→V32] Migration completed successfully for DB: db_sha256=memory.
2026-10-03 19:10:26.272 | DEBUG    | tldw_chatbook.DB.ChaChaNotes_DB:_enter_transaction:24458 - Entered nested transaction level 2 on thread 8494865792.
2026-10-03 19:10:26.274 | DEBUG    | tldw_chatbook.DB.ChaChaNotes_DB:_enter_transaction:24458 - Entered nested transaction level 2 on thread 8494865792.
2026-10-03 19:10:26.281 | DEBUG    | tldw_chatbook.DB.ChaChaNotes_DB:_enter_transaction:24458 - Entered nested transaction level 2 on thread 8494865792.
2026-10-03 19:10:26.288 | DEBUG    | tldw_chatbook.DB.ChaChaNotes_DB:_enter_transaction:24458 - Entered nested transaction level 2 on thread 8494865792.
2026-10-03 19:10:26.292 | DEBUG    | tldw_chatbook.DB.ChaChaNotes_DB:_enter_transaction:24458 - Entered nested transaction level 2 on thread 8494865792.
2026-10-03 19:10:26.304 | DEBUG    | tldw_chatbook.DB.ChaChaNotes_DB:_enter_transaction:24458 - Entered nested transaction level 2 on thread 8494865792.
2026-10-03 19:10:26.309 | DEBUG    | tldw_chatbook.DB.ChaChaNotes_DB:_enter_transaction:24458 - Entered nested transaction level 2 on thread 8494865792.
2026-10-03 19:10:26.313 | DEBUG    | tldw_chatbook.DB.ChaChaNotes_DB:_enter_transaction:24458 - Entered nested transaction level 2 on thread 8494865792.
2026-10-03 19:10:26.316 | DEBUG    | tldw_chatbook.DB.ChaChaNotes_DB:_enter_transaction:24458 - Entered nested transaction level 2 on thread 8494865792.
2026-10-03 19:10:26.322 | INFO     | tldw_chatbook.DB.ChaChaNotes_DB:_migrate_from_v41_to_v42:6450 - Migrating schema from V41 to V42 for 'rag_char_chat_schema' in DB: db_sha256=memory...
2026-10-03 19:10:26.324 | INFO     | tldw_chatbook.DB.ChaChaNotes_DB:_migrate_from_v41_to_v42:6514 - [rag_char_chat_schema V41→V42] conversations.console_project_context_json already present; applying the version bump only.
2026-10-03 19:10:26.324 | INFO     | tldw_chatbook.DB.ChaChaNotes_DB:_migrate_from_v42_to_v43:6564 - Migrating schema from V42 to V43 for 'rag_char_chat_schema' in DB: db_sha256=memory...
2026-10-03 19:10:26.324 | DEBUG    | tldw_chatbook.DB.ChaChaNotes_DB:_enter_transaction:24458 - Entered nested transaction level 2 on thread 8494865792.
2026-10-03 19:10:26.325 | INFO     | tldw_chatbook.DB.ChaChaNotes_DB:_migrate_from_v42_to_v43:6703 - [rag_char_chat_schema V42→V43] Migration completed successfully for DB: db_sha256=memory.
2026-10-03 19:10:26.328 | INFO     | tldw_chatbook.DB.ChaChaNotes_DB:_migrate_from_v43_to_v44:6733 - Migrating schema from V43 to V44 for 'rag_char_chat_schema' in DB: db_sha256=memory...
2026-10-03 19:10:26.329 | DEBUG    | tldw_chatbook.DB.ChaChaNotes_DB:_enter_transaction:24458 - Entered nested transaction level 2 on thread 8494865792.
2026-10-03 19:10:26.347 | INFO     | tldw_chatbook.DB.ChaChaNotes_DB:_migrate_from_v43_to_v44:6773 - [rag_char_chat_schema V43→V44] Migration completed successfully for DB: db_sha256=memory.
2026-10-03 19:10:26.350 | INFO     | tldw_chatbook.DB.ChaChaNotes_DB:_migrate_from_v44_to_v45:6842 - Actor Pack schema migration started: chachanotes_v44_to_v45
2026-10-03 19:10:26.350 | DEBUG    | tldw_chatbook.DB.ChaChaNotes_DB:_enter_transaction:24458 - Entered nested transaction level 2 on thread 8494865792.
2026-10-03 19:10:26.355 | INFO     | tldw_chatbook.DB.ChaChaNotes_DB:_migrate_from_v44_to_v45:6875 - Actor Pack schema migration completed: chachanotes_v44_to_v45
2026-10-03 19:10:26.358 | INFO     | tldw_chatbook.DB.ChaChaNotes_DB:_migrate_from_v45_to_v46:6919 - Migrating schema from V45 to V46 for 'rag_char_chat_schema' in DB: db_sha256=memory...
2026-10-03 19:10:26.358 | DEBUG    | tldw_chatbook.DB.ChaChaNotes_DB:_enter_transaction:24458 - Entered nested transaction level 2 on thread 8494865792.
2026-10-03 19:10:26.369 | INFO     | tldw_chatbook.DB.ChaChaNotes_DB:_migrate_from_v45_to_v46:6965 - [rag_char_chat_schema V45→V46] Migration completed successfully for DB: db_sha256=memory. Purged 0 unreachable sync_log row(s) of 1.
2026-10-03 19:10:26.369 | INFO     | tldw_chatbook.DB.ChaChaNotes_DB:_migrate_from_v46_to_v47:7007 - Migrating schema from V46 to V47 for 'rag_char_chat_schema' in DB: db_sha256=memory...
2026-10-03 19:10:26.370 | DEBUG    | tldw_chatbook.DB.ChaChaNotes_DB:_enter_transaction:24458 - Entered nested transaction level 2 on thread 8494865792.
2026-10-03 19:10:26.371 | INFO     | tldw_chatbook.DB.ChaChaNotes_DB:_migrate_from_v46_to_v47:7042 - [rag_char_chat_schema V46→V47] Migration completed successfully for DB: db_sha256=memory.
2026-10-03 19:10:26.373 | DEBUG    | tldw_chatbook.DB.ChaChaNotes_DB:_enter_transaction:24458 - Entered nested transaction level 2 on thread 8494865792.
2026-10-03 19:10:26.381 | INFO     | tldw_chatbook.DB.ChaChaNotes_DB:_migrate_from_v48_to_v49:7198 - Migrating schema from V48 to V49 for 'rag_char_chat_schema' in DB: db_sha256=memory...
2026-10-03 19:10:26.381 | DEBUG    | tldw_chatbook.DB.ChaChaNotes_DB:_enter_transaction:24458 - Entered nested transaction level 2 on thread 8494865792.
2026-10-03 19:10:26.382 | INFO     | tldw_chatbook.DB.ChaChaNotes_DB:_migrate_from_v48_to_v49:7233 - [rag_char_chat_schema V48→V49] Migration completed successfully for DB: db_sha256=memory.
2026-10-03 19:10:26.382 | INFO     | tldw_chatbook.DB.ChaChaNotes_DB:_migrate_from_v49_to_v50:7281 - Migrating schema from V49 to V50 for 'rag_char_chat_schema' in DB: db_sha256=memory...
2026-10-03 19:10:26.385 | DEBUG    | tldw_chatbook.DB.ChaChaNotes_DB:_enter_transaction:24458 - Entered nested transaction level 2 on thread 8494865792.
2026-10-03 19:10:26.386 | INFO     | tldw_chatbook.DB.ChaChaNotes_DB:_migrate_from_v49_to_v50:7315 - [rag_char_chat_schema V49→V50] Migration completed successfully for DB: db_sha256=memory.
2026-10-03 19:10:26.386 | DEBUG    | tldw_chatbook.DB.ChaChaNotes_DB:_enter_transaction:24458 - Entered nested transaction level 2 on thread 8494865792.
2026-10-03 19:10:26.392 | DEBUG    | tldw_chatbook.DB.ChaChaNotes_DB:_enter_transaction:24458 - Entered nested transaction level 2 on thread 8494865792.
2026-10-03 19:10:26.407 | INFO     | tldw_chatbook.DB.ChaChaNotes_DB:_migrate_from_v52_to_v53:7440 - Migrating schema from V52 to V53 for 'rag_char_chat_schema' in DB: db_sha256=memory...
2026-10-03 19:10:26.415 | DEBUG    | tldw_chatbook.DB.ChaChaNotes_DB:_enter_transaction:24458 - Entered nested transaction level 2 on thread 8494865792.
2026-10-03 19:10:26.416 | INFO     | tldw_chatbook.DB.ChaChaNotes_DB:_migrate_from_v52_to_v53:7505 - [rag_char_chat_schema V52→V53] Migration completed for DB: db_sha256=memory (examined 0, compacted 0, skipped 0 unreadable).
2026-10-03 19:10:26.416 | DEBUG    | tldw_chatbook.DB.ChaChaNotes_DB:_enter_transaction:24458 - Entered nested transaction level 2 on thread 8494865792.
2026-10-03 19:10:26.420 | DEBUG    | tldw_chatbook.DB.ChaChaNotes_DB:_enter_transaction:24458 - Entered nested transaction level 2 on thread 8494865792.
2026-10-03 19:10:26.424 | DEBUG    | tldw_chatbook.DB.ChaChaNotes_DB:_enter_transaction:24458 - Entered nested transaction level 2 on thread 8494865792.
2026-10-03 19:10:26.444 | DEBUG    | tldw_chatbook.DB.ChaChaNotes_DB:_enter_transaction:24458 - Entered nested transaction level 2 on thread 8494865792.
2026-10-03 19:10:26.459 | DEBUG    | tldw_chatbook.DB.ChaChaNotes_DB:_enter_transaction:24458 - Entered nested transaction level 2 on thread 8494865792.
2026-10-03 19:10:26.488 | DEBUG    | tldw_chatbook.DB.ChaChaNotes_DB:_enter_transaction:24458 - Entered nested transaction level 2 on thread 8494865792.
2026-10-03 19:10:26.503 | DEBUG    | tldw_chatbook.DB.ChaChaNotes_DB:_enter_transaction:24458 - Entered nested transaction level 2 on thread 8494865792.
2026-10-03 19:10:26.505 | DEBUG    | tldw_chatbook.DB.ChaChaNotes_DB:_enter_transaction:24458 - Entered nested transaction level 2 on thread 8494865792.
2026-10-03 19:10:26.506 | DEBUG    | tldw_chatbook.DB.ChaChaNotes_DB:_enter_transaction:24458 - Entered nested transaction level 2 on thread 8494865792.
2026-10-03 19:10:26.532 | DEBUG    | tldw_chatbook.DB.ChaChaNotes_DB:_enter_transaction:24458 - Entered nested transaction level 2 on thread 8494865792.
2026-10-03 19:10:26.546 | DEBUG    | tldw_chatbook.DB.ChaChaNotes_DB:_enter_transaction:24458 - Entered nested transaction level 2 on thread 8494865792.
2026-10-03 19:10:26.594 | DEBUG    | tldw_chatbook.DB.ChaChaNotes_DB:_enter_transaction:24458 - Entered nested transaction level 2 on thread 8494865792.
2026-10-03 19:10:26.608 | DEBUG    | tldw_chatbook.DB.ChaChaNotes_DB:_enter_transaction:24458 - Entered nested transaction level 2 on thread 8494865792.
2026-10-03 19:10:26.618 | DEBUG    | tldw_chatbook.DB.ChaChaNotes_DB:_enter_transaction:24458 - Entered nested transaction level 3 on thread 8494865792.
2026-10-03 19:10:26.620 | DEBUG    | tldw_chatbook.DB.ChaChaNotes_DB:_enter_transaction:24458 - Entered nested transaction level 3 on thread 8494865792.
2026-10-03 19:10:26.626 | DEBUG    | tldw_chatbook.DB.ChaChaNotes_DB:_enter_transaction:24458 - Entered nested transaction level 2 on thread 8494865792.
2026-10-03 19:10:26.632 | DEBUG    | tldw_chatbook.DB.ChaChaNotes_DB:_enter_transaction:24458 - Entered nested transaction level 2 on thread 8494865792.
2026-10-03 19:10:26.684 | DEBUG    | tldw_chatbook.DB.ChaChaNotes_DB:_enter_transaction:24458 - Entered nested transaction level 2 on thread 8494865792.
2026-10-03 19:10:26.699 | DEBUG    | tldw_chatbook.DB.ChaChaNotes_DB:_enter_transaction:24458 - Entered nested transaction level 2 on thread 8494865792.
2026-10-03 19:10:26.703 | DEBUG    | tldw_chatbook.DB.ChaChaNotes_DB:_enter_transaction:24458 - Entered nested transaction level 2 on thread 8494865792.
2026-10-03 19:10:26.716 | DEBUG    | tldw_chatbook.DB.ChaChaNotes_DB:_enter_transaction:24458 - Entered nested transaction level 2 on thread 8494865792.
2026-10-03 19:10:26.742 | DEBUG    | tldw_chatbook.DB.ChaChaNotes_DB:_enter_transaction:24458 - Entered nested transaction level 2 on thread 8494865792.
2026-10-03 19:10:26.747 | DEBUG    | tldw_chatbook.DB.ChaChaNotes_DB:_enter_transaction:24458 - Entered nested transaction level 2 on thread 8494865792.
2026-10-03 19:10:26.756 | DEBUG    | tldw_chatbook.DB.ChaChaNotes_DB:_enter_transaction:24458 - Entered nested transaction level 2 on thread 8494865792.
2026-10-03 19:10:26.760 | DEBUG    | tldw_chatbook.DB.ChaChaNotes_DB:_enter_transaction:24458 - Entered nested transaction level 2 on thread 8494865792.
2026-10-03 19:10:26.798 | INFO     | tldw_chatbook.DB.ChaChaNotes_DB:_initialize_schema:8685 - Database schema 'rag_char_chat_schema' successfully initialized/migrated to version 76.
2026-10-03 19:10:26.802 | DEBUG    | tldw_chatbook.DB.ChaChaNotes_DB:_exit_transaction:24552 - Transaction (outermost) committed successfully on thread 8494865792.
2026-10-03 19:10:26.805 | DEBUG    | tldw_chatbook.DB.ChaChaNotes_DB:__init__:3399 - CharactersRAGDB initialization completed successfully db_sha256=memory
2026-10-03 19:10:26.832 | INFO     | tldw_chatbook.config:_apply_literal_settings_transaction_locked:8612 - Attempting to apply literal settings mutation: sets={"('console',)": ['exchange_capture']}, deletes={}
2026-10-03 19:10:26.878 | SUCCESS  | tldw_chatbook.config:_apply_literal_settings_transaction_locked:8670 - Successfully replaced settings file at /Users/macbook-dev/.codex/worktrees/console-chat-starts/tldw_chatbook/.superpowers/sdd/2026-10-03-console-pr2995-review-and-merge/composer-green-profile-3n7mgiyx/config/config.toml
2026-10-03 19:10:26.886 | INFO     | tldw_chatbook.config:_load_settings_uncached:2134 - Determined ACTUAL_PROJECT_ROOT for general paths: /Users/macbook-dev/.codex/worktrees/console-chat-starts/tldw_chatbook/tldw_chatbook
2026-10-03 19:10:26.891 | INFO     | tldw_chatbook.config:_load_settings_uncached:2137 - Determined APP_COMPONENT_ROOT for config files: /Users/macbook-dev/.codex/worktrees/console-chat-starts/tldw_chatbook/tldw_chatbook
2026-10-03 19:10:26.892 | DEBUG    | tldw_chatbook.config:_load_settings_uncached:2160 - load_settings: Configuration loaded from disk (cache miss or forced reload)
2026-10-03 19:10:26.896 | DEBUG    | tldw_chatbook.config:_load_settings_uncached:2482 - Darwin platform-preferred STT provider resolved to: faster-whisper
2026-10-03 19:10:26.966 | DEBUG    | tldw_chatbook.config:_load_settings_uncached:3712 - Ensured chat dictionaries folder exists: /Users/macbook-dev/.codex/worktrees/console-chat-starts/tldw_chatbook/.superpowers/sdd/2026-10-03-console-pr2995-review-and-merge/composer-green-profile-3n7mgiyx/home/.local/share/tldw_cli/default_user/chat_dicts
2026-10-03 19:10:26.967 | DEBUG    | tldw_chatbook.config:_load_settings_uncached:3743 - load_settings: Configuration cached for future use
2026-10-03 19:10:26.992 | INFO     | tldw_chatbook.config:_apply_literal_settings_transaction_locked:8698 - Global configuration caches invalidated and reloaded.
2026-10-03 19:10:27.035 | INFO     | tldw_chatbook.config:_apply_literal_settings_transaction_locked:8612 - Attempting to apply literal settings mutation: sets={"('first_run',)": ['setup_completed'], "('chat_defaults',)": ['provider', 'model'], "('api_settings', 'openai')": ['api_key']}, deletes={}
2026-10-03 19:10:27.077 | SUCCESS  | tldw_chatbook.config:_apply_literal_settings_transaction_locked:8670 - Successfully replaced settings file at /Users/macbook-dev/.codex/worktrees/console-chat-starts/tldw_chatbook/.superpowers/sdd/2026-10-03-console-pr2995-review-and-merge/composer-green-profile-3n7mgiyx/config/config.toml
2026-10-03 19:10:27.081 | INFO     | tldw_chatbook.config:_load_settings_uncached:2134 - Determined ACTUAL_PROJECT_ROOT for general paths: /Users/macbook-dev/.codex/worktrees/console-chat-starts/tldw_chatbook/tldw_chatbook
2026-10-03 19:10:27.101 | INFO     | tldw_chatbook.config:_load_settings_uncached:2137 - Determined APP_COMPONENT_ROOT for config files: /Users/macbook-dev/.codex/worktrees/console-chat-starts/tldw_chatbook/tldw_chatbook
2026-10-03 19:10:27.102 | DEBUG    | tldw_chatbook.config:_load_settings_uncached:2160 - load_settings: Configuration loaded from disk (cache miss or forced reload)
2026-10-03 19:10:27.105 | DEBUG    | tldw_chatbook.config:_load_settings_uncached:2482 - Darwin platform-preferred STT provider resolved to: faster-whisper
2026-10-03 19:10:27.169 | DEBUG    | tldw_chatbook.config:_load_settings_uncached:3712 - Ensured chat dictionaries folder exists: /Users/macbook-dev/.codex/worktrees/console-chat-starts/tldw_chatbook/.superpowers/sdd/2026-10-03-console-pr2995-review-and-merge/composer-green-profile-3n7mgiyx/home/.local/share/tldw_cli/default_user/chat_dicts
2026-10-03 19:10:27.184 | DEBUG    | tldw_chatbook.config:_load_settings_uncached:3743 - load_settings: Configuration cached for future use
2026-10-03 19:10:27.190 | INFO     | tldw_chatbook.config:_apply_literal_settings_transaction_locked:8698 - Global configuration caches invalidated and reloaded.
2026-10-03 19:10:27.217 | INFO     | tldw_chatbook.config:_load_settings_uncached:2134 - Determined ACTUAL_PROJECT_ROOT for general paths: /Users/macbook-dev/.codex/worktrees/console-chat-starts/tldw_chatbook/tldw_chatbook
2026-10-03 19:10:27.220 | INFO     | tldw_chatbook.config:_load_settings_uncached:2137 - Determined APP_COMPONENT_ROOT for config files: /Users/macbook-dev/.codex/worktrees/console-chat-starts/tldw_chatbook/tldw_chatbook
2026-10-03 19:10:27.227 | INFO     | tldw_chatbook.config:_load_cli_config_bootstrap_unlocked:6847 - Attempting to load CLI config from: /Users/macbook-dev/.codex/worktrees/console-chat-starts/tldw_chatbook/.superpowers/sdd/2026-10-03-console-pr2995-review-and-merge/composer-green-profile-3n7mgiyx/config/config.toml
2026-10-03 19:10:27.258 | INFO     | tldw_chatbook.config:_load_cli_config_bootstrap_unlocked:6868 - Successfully loaded and merged CLI config from /Users/macbook-dev/.codex/worktrees/console-chat-starts/tldw_chatbook/.superpowers/sdd/2026-10-03-console-pr2995-review-and-merge/composer-green-profile-3n7mgiyx/config/config.toml
2026-10-03 19:10:27.258 | DEBUG    | tldw_chatbook.config:_load_cli_config_bootstrap_unlocked:6952 - load_cli_config_and_ensure_existence returning config with top-level keys: ['config_schema_version', 'general', 'console', 'console_ssh', 'hooks', 'skills', 'tamagotchi', 'appearance', 'acp', 'tldw_api', 'library', 'caching', 'agents', 'splash_screen', 'logging', 'metrics', 'database', 'webhooks', 'scheduling', 'media_cleanup', 'api_endpoints', 'providers', 'model_catalog', 'api_settings', 'chat_defaults', 'chat', 'web_security', 'network', 'image_generation', 'character_defaults', 'analysis_defaults', 'permission_summary', 'llm_management', 'llamacpp_snapshots', 'notes', 'Prompts', 'prompts', 'embedding_config', 'rag_citations', 'rag', 'rag_search', 'chunking', 'model_capabilities', 'tools', 'SearchSettings', 'webfetch', 'SearchEngines', 'media_processing', 'meetings', 'dictation', 'transcription', 'diarization', 'local_ingestion', 'mcp', 'subscriptions', 'github', 'briefings_feed_server', 'canvas', 'web_server', 'first_run']
2026-10-03 19:10:27.258 | DEBUG    | tldw_chatbook.config:_load_cli_config_bootstrap_unlocked:6956 -   'api_settings' found with keys: ['openai', 'anthropic', 'cohere', 'deepseek', 'groq', 'google', 'huggingface', 'mistralai', 'openrouter', 'moonshot', 'qwencloud', 'zai', 'databricks', 'together', 'fireworks', 'cerebras', 'sambanova', 'nvidia', 'deepinfra', 'nebius', 'novita', 'minimax', 'mimo', 'tokenhub', 'byteplus', 'stepfun', 'vercel', 'zenmux', 'kilo', 'siliconflow', 'baseten', 'gmi', 'ollama_cloud', 'upstage', 'arcee', 'qianfan', 'nous', 'venice', 'meta', 'azure', 'wandb', 'cloudflare', 'opencode_zen', 'commandcode', 'llama_cpp', 'oobabooga', 'koboldcpp', 'ollama', 'vllm', 'aphrodite', 'tabbyapi', 'custom', 'custom_2', 'local-llm', 'local_llamafile', 'local_llamacpp', 'local_vllm', 'local_ollama', 'local_onnx', 'local_transformers', 'local_mlx_lm']
2026-10-03 19:10:27.259 | DEBUG    | tldw_chatbook.config:_load_settings_uncached:2160 - load_settings: Configuration loaded from disk (cache miss or forced reload)
2026-10-03 19:10:27.259 | DEBUG    | tldw_chatbook.config:_load_settings_uncached:2482 - Darwin platform-preferred STT provider resolved to: faster-whisper
2026-10-03 19:10:27.324 | DEBUG    | tldw_chatbook.config:_load_settings_uncached:3712 - Ensured chat dictionaries folder exists: /Users/macbook-dev/.codex/worktrees/console-chat-starts/tldw_chatbook/.superpowers/sdd/2026-10-03-console-pr2995-review-and-merge/composer-green-profile-3n7mgiyx/home/.local/share/tldw_cli/default_user/chat_dicts
2026-10-03 19:10:27.324 | DEBUG    | tldw_chatbook.config:_load_settings_uncached:3743 - load_settings: Configuration cached for future use
2026-10-03 19:10:27.353 | DEBUG    | tldw_chatbook.UI.Navigation.base_app_screen:__init__:89 - Initializing ChatScreen screen: chat
2026-10-03 19:10:27.424 | DEBUG    | tldw_chatbook.DB.ChaChaNotes_DB:_enter_transaction:24489 - Started outermost transaction on thread 8494865792.
2026-10-03 19:10:27.424 | DEBUG    | tldw_chatbook.DB.ChaChaNotes_DB:_exit_transaction:24552 - Transaction (outermost) committed successfully on thread 8494865792.
2026-10-03 19:10:27.468 | DEBUG    | tldw_chatbook.Chat.chat_persistence_service:__init__:271 - Recovered-media message source is unavailable.
2026-10-03 19:10:27.646 | DEBUG    | tldw_chatbook.UI.Console_Modules.workspace:_persisted_console_browser_rows:3825 - Local persisted conversation service is unavailable
2026-10-03 19:10:27.648 | DEBUG    | tldw_chatbook.UI.Screens.chat_screen:_sync_console_workspace_context:14058 - No Console workspace context tray available for sync
2026-10-03 19:10:27.652 | WARNING  | tldw_chatbook.Chat.console_fleet_wake:recover:1001 - wake recovery failed (exception_type=AttributeError)
2026-10-03 19:10:28.501 | DEBUG    | tldw_chatbook.DB.ChaChaNotes_DB:_get_thread_connection:3554 - Opened/Reopened SQLite connection db_sha256=memory thread=6153842688
2026-10-03 19:10:28.504 | DEBUG    | tldw_chatbook.DB.ChaChaNotes_DB:_enter_transaction:24489 - Started outermost transaction on thread 6153842688.
2026-10-03 19:10:28.529 | DEBUG    | tldw_chatbook.DB.ChaChaNotes_DB:_exit_transaction:24589 - Transaction (outermost) rolled back due to exception (OperationalError) on thread 6153842688.
2026-10-03 19:10:28.574 | DEBUG    | tldw_chatbook.Widgets.compact_model_bar:handle_compact_temp_change:203 - Sidebar temperature input not found for sync
2026-10-03 19:10:28.596 | DEBUG    | tldw_chatbook.DB.ChaChaNotes_DB:_get_thread_connection:3554 - Opened/Reopened SQLite connection db_sha256=memory thread=6137016320
2026-10-03 19:10:28.599 | DEBUG    | tldw_chatbook.DB.ChaChaNotes_DB:_enter_transaction:24489 - Started outermost transaction on thread 6137016320.
2026-10-03 19:10:28.601 | DEBUG    | tldw_chatbook.DB.ChaChaNotes_DB:_exit_transaction:24589 - Transaction (outermost) rolled back due to exception (OperationalError) on thread 6137016320.
2026-10-03 19:10:28.738 | INFO     | tldw_chatbook.UI.Navigation.base_app_screen:on_mount:532 - Screen chat mounted
2026-10-03 19:10:28.739 | DEBUG    | tldw_chatbook.DB.ChaChaNotes_DB:_enter_transaction:24489 - Started outermost transaction on thread 8494865792.
2026-10-03 19:10:28.741 | DEBUG    | tldw_chatbook.DB.ChaChaNotes_DB:_exit_transaction:24552 - Transaction (outermost) committed successfully on thread 8494865792.
2026-10-03 19:10:28.742 | DEBUG    | tldw_chatbook.UI.Screens.chat_screen:on_screen_resume:23581 - Chat screen resuming
2026-10-03 19:10:30.036 | DEBUG    | tldw_chatbook.DB.ChaChaNotes_DB:_enter_transaction:24489 - Started outermost transaction on thread 6137016320.
2026-10-03 19:10:30.054 | DEBUG    | tldw_chatbook.DB.ChaChaNotes_DB:_exit_transaction:24589 - Transaction (outermost) rolled back due to exception (OperationalError) on thread 6137016320.
2026-10-03 19:10:30.088 | DEBUG    | tldw_chatbook.DB.ChaChaNotes_DB:_enter_transaction:24489 - Started outermost transaction on thread 6137016320.
2026-10-03 19:10:30.104 | DEBUG    | tldw_chatbook.DB.ChaChaNotes_DB:_exit_transaction:24589 - Transaction (outermost) rolled back due to exception (OperationalError) on thread 6137016320.
2026-10-03 19:10:30.304 | DEBUG    | tldw_chatbook.DB.ChaChaNotes_DB:_enter_transaction:24489 - Started outermost transaction on thread 8494865792.
2026-10-03 19:10:30.306 | DEBUG    | tldw_chatbook.DB.ChaChaNotes_DB:_exit_transaction:24552 - Transaction (outermost) committed successfully on thread 8494865792.
2026-10-03 19:10:30.307 | DEBUG    | tldw_chatbook.UI.Screens.chat_screen:on_screen_resume:23581 - Chat screen resuming
2026-10-03 19:10:30.365 | DEBUG    | tldw_chatbook.DB.ChaChaNotes_DB:list_all_active_conversations:11274 - Listing all active conversations: limit=1000, offset=0
2026-10-03 19:10:30.365 | DEBUG    | tldw_chatbook.DB.ChaChaNotes_DB:execute_query:4046 - Executing SQL (script=False): 
                SELECT id,                        root_id,                        character_id,                        assistant_kind,                        assistant_id,                        assistant_authority_id,                        runtime_backend,                        discovery_owner, ... Params: (test-client, 1000, 0)
2026-10-03 19:10:30.366 | ERROR    | tldw_chatbook.DB.ChaChaNotes_DB:execute_query:4122 - Query execution failed: 
                SELECT id,                        root_id,                        character_id,                        assistant_kind,                        assistant_id,                        assistant_authority_id,                        runtime_backend,                        discovery_owner, ... Error: exception_type=OperationalError
2026-10-03 19:10:30.366 | ERROR    | tldw_chatbook.DB.ChaChaNotes_DB:list_all_active_conversations:11332 - Database error listing all active conversations: exception_type=CharactersRAGDBError
2026-10-03 19:10:30.366 | WARNING  | tldw_chatbook.UI.Screens.chat_screen:_prune_console_rail_preferences:13097 - Console rail preference prune skipped: Query execution failed: no such table: conversations
2026-10-03 19:10:30.436 | DEBUG    | tldw_chatbook.DB.ChaChaNotes_DB:_enter_transaction:24489 - Started outermost transaction on thread 6137016320.
2026-10-03 19:10:30.451 | DEBUG    | tldw_chatbook.DB.ChaChaNotes_DB:_exit_transaction:24589 - Transaction (outermost) rolled back due to exception (OperationalError) on thread 6137016320.
2026-10-03 19:10:30.597 | DEBUG    | tldw_chatbook.DB.ChaChaNotes_DB:_get_thread_connection:3554 - Opened/Reopened SQLite connection db_sha256=memory thread=6171242496
2026-10-03 19:10:30.606 | DEBUG    | tldw_chatbook.DB.ChaChaNotes_DB:_enter_transaction:24489 - Started outermost transaction on thread 6171242496.
2026-10-03 19:10:30.620 | DEBUG    | tldw_chatbook.DB.ChaChaNotes_DB:_exit_transaction:24589 - Transaction (outermost) rolled back due to exception (OperationalError) on thread 6171242496.
2026-10-03 19:10:30.624 | DEBUG    | tldw_chatbook.UI.Screens.chat_screen:_restore_collapsible_states:25203 - No collapsible states to restore
2026-10-03 19:10:30.905 | DEBUG    | tldw_chatbook.DB.ChaChaNotes_DB:_enter_transaction:24489 - Started outermost transaction on thread 6171242496.
2026-10-03 19:10:30.907 | DEBUG    | tldw_chatbook.DB.ChaChaNotes_DB:_exit_transaction:24589 - Transaction (outermost) rolled back due to exception (OperationalError) on thread 6171242496.
2026-10-03 19:10:30.971 | DEBUG    | tldw_chatbook.DB.ChaChaNotes_DB:_enter_transaction:24489 - Started outermost transaction on thread 6171242496.
2026-10-03 19:10:30.978 | DEBUG    | tldw_chatbook.DB.ChaChaNotes_DB:_exit_transaction:24589 - Transaction (outermost) rolled back due to exception (OperationalError) on thread 6171242496.
2026-10-03 19:10:31.500 | DEBUG    | tldw_chatbook.DB.ChaChaNotes_DB:_enter_transaction:24489 - Started outermost transaction on thread 8494865792.
2026-10-03 19:10:31.503 | DEBUG    | tldw_chatbook.DB.ChaChaNotes_DB:_exit_transaction:24552 - Transaction (outermost) committed successfully on thread 8494865792.
2026-10-03 19:10:31.503 | INFO     | tldw_chatbook.UI.Navigation.base_app_screen:on_unmount:563 - Screen chat unmounted
------------------------------ Captured log call -------------------------------
INFO     root:app.py:1385 App __init__: Determined initial tab value: chat
WARNING  root:app.py:1492 Prompts service not initialized, self.prompts_db set to None.
ERROR    root:app.py:1513 ChaChaNotesDB (CharactersRAGDB) instance not found/assigned in app.__init__.
INFO     tldw_chatbook.diagnostics.console:persistent_diagnostics.py:256 event=console_send_stage app_version=0.2.3 attempt_id=f7be94c8b9e1436db69ac700f46bce1d component=console duration_ms=0 phase=ui_action python_version=3.12.11 sqlite_version=3.49.1 status=entered
INFO     tldw_chatbook.diagnostics.console:persistent_diagnostics.py:256 event=console_send_stage attempt_id=f7be94c8b9e1436db69ac700f46bce1d component=console duration_ms=11 phase=ui_dispatch status=entered
INFO     tldw_chatbook.diagnostics.console:persistent_diagnostics.py:256 event=console_send_stage attempt_id=f7be94c8b9e1436db69ac700f46bce1d component=console duration_ms=124 phase=ui_dispatch status=refused
INFO     tldw_chatbook.diagnostics.console:persistent_diagnostics.py:256 event=console_send_stage attempt_id=f7be94c8b9e1436db69ac700f46bce1d component=console duration_ms=124 phase=ui_action status=not_dispatched
____ test_console_blocked_send_retains_exact_recovery_after_runtime_custody ____

    @pytest.mark.asyncio
    async def test_console_blocked_send_retains_exact_recovery_after_runtime_custody():
        app = _build_console_send_test_app()
        app.chat_api_provider_value = "llama_cpp"
        app.chat_api_model_value = "test-model"
        app.console_provider_gateway_factory = BlockedGateway
        host = ConsoleHarness(app)
    
        async with host.run_test(size=(160, 48)) as pilot:
            console = host.screen_stack[-1]
>           await _wait_for_selector(console, pilot, "#console-native-composer")

Tests/UI/test_console_send_draft_snapshot.py:380: 
_ _ _ _ _ _ _ _ _ _ _ _ _ _ _ _ _ _ _ _ _ _ _ _ _ _ _ _ _ _ _ _ _ _ _ _ _ _ _ _ 

screen = ChatScreen()
pilot = <Pilot app=ConsoleHarness(title='ConsoleHarness', classes={'-dark-mode'}, pseudo_classes={'nocolor', 'dark', 'focus'})>
selector = '#console-native-composer'

    async def _wait_for_selector(
        screen, pilot, selector: str, *, timeout: float = 2.0
    ) -> None:
        deadline = time.monotonic() + timeout
        while time.monotonic() < deadline:
            if screen.query(selector):
                await pilot.pause()
                return
            await pilot.pause(0.01)
>       raise AssertionError(
            f"Timed out waiting for {selector}. Visible text: {_visible_text(screen)}"
        )
E       AssertionError: Timed out waiting for #console-native-composer. Visible text:

Tests/UI/test_destination_shells.py:1191: AssertionError

During handling of the above exception, another exception occurred:

    @pytest.mark.asyncio
    async def test_console_blocked_send_retains_exact_recovery_after_runtime_custody():
        app = _build_console_send_test_app()
        app.chat_api_provider_value = "llama_cpp"
        app.chat_api_model_value = "test-model"
        app.console_provider_gateway_factory = BlockedGateway
        host = ConsoleHarness(app)
    
>       async with host.run_test(size=(160, 48)) as pilot:
                   ^^^^^^^^^^^^^^^^^^^^^^^^^^^^^

Tests/UI/test_console_send_draft_snapshot.py:378: 
_ _ _ _ _ _ _ _ _ _ _ _ _ _ _ _ _ _ _ _ _ _ _ _ _ _ _ _ _ _ _ _ _ _ _ _ _ _ _ _ 
../../../../.local/share/uv/python/cpython-3.12.11-macos-aarch64-none/lib/python3.12/contextlib.py:231: in __aexit__
    await self.gen.athrow(value)
../../../../Documents/GitHub/tldw_chatbook/.venv/lib/python3.12/site-packages/textual/app.py:2218: in run_test
    raise self._exception
../../../../Documents/GitHub/tldw_chatbook/.venv/lib/python3.12/site-packages/textual/message_pump.py:663: in _process_messages_loop
    await self._dispatch_message(message)
../../../../Documents/GitHub/tldw_chatbook/.venv/lib/python3.12/site-packages/textual/message_pump.py:727: in _dispatch_message
    await self.on_event(message)
../../../../Documents/GitHub/tldw_chatbook/.venv/lib/python3.12/site-packages/textual/message_pump.py:808: in on_event
    await self._on_message(event)
../../../../Documents/GitHub/tldw_chatbook/.venv/lib/python3.12/site-packages/textual/message_pump.py:829: in _on_message
    await invoke(method, message)
../../../../Documents/GitHub/tldw_chatbook/.venv/lib/python3.12/site-packages/textual/_callback.py:96: in invoke
    return await _invoke(callback, *params)
           ^^^^^^^^^^^^^^^^^^^^^^^^^^^^^^^^
../../../../Documents/GitHub/tldw_chatbook/.venv/lib/python3.12/site-packages/textual/_callback.py:56: in _invoke
    result = callback(*params[:parameter_count])
             ^^^^^^^^^^^^^^^^^^^^^^^^^^^^^^^^^^^
tldw_chatbook/UI/Screens/chat_screen.py:22377: in _adapt_console_workspace_to_width
    left_rail = self.query_one("#console-left-rail")
                ^^^^^^^^^^^^^^^^^^^^^^^^^^^^^^^^^^^^
_ _ _ _ _ _ _ _ _ _ _ _ _ _ _ _ _ _ _ _ _ _ _ _ _ _ _ _ _ _ _ _ _ _ _ _ _ _ _ _ 

self = ChatScreen(), selector = '#console-left-rail', expect_type = None

    def query_one(
        self,
        selector: str | type[QueryType],
        expect_type: type[QueryType] | None = None,
    ) -> QueryType | Widget:
        """Get a widget from this widget's children that matches a selector or widget type.
    
        Args:
            selector: A selector or widget type.
            expect_type: Require the object be of the supplied type, or None for any type.
    
        Raises:
            WrongType: If the wrong type was found.
            NoMatches: If no node matches the query.
    
        Returns:
            A widget matching the selector.
        """
        _rich_traceback_omit = True
    
        base_node = self._get_dom_base()
    
        if isinstance(selector, str):
            query_selector = selector
        else:
            query_selector = selector.__name__
    
        if is_id_selector(query_selector):
            cache_key = (base_node._nodes._updates, query_selector, expect_type)
            cached_result = base_node._query_one_cache.get(cache_key)
            if cached_result is not None:
                return cached_result
            if (
                node := walk_breadth_search_id(
                    base_node, query_selector[1:], with_root=False
                )
            ) is not None:
                if expect_type is not None and not isinstance(node, expect_type):
                    raise WrongType(
                        f"Node matching {query_selector!r} is the wrong type; expected type {expect_type.__name__!r}, found {node}"
                    )
                base_node._query_one_cache[cache_key] = node
                return node
>           raise NoMatches(f"No nodes match {query_selector!r} on {base_node!r}")
E           textual.css.query.NoMatches: No nodes match '#console-left-rail' on ChatScreen()

../../../../Documents/GitHub/tldw_chatbook/.venv/lib/python3.12/site-packages/textual/dom.py:1505: NoMatches
----------------------------- Captured stderr call -----------------------------
2026-10-03 19:10:32.014 | INFO     | tldw_chatbook.app:__init__:1251 - Loaded app_config - strip_thinking_tags: True
2026-10-03 19:10:32.040 | INFO     | tldw_chatbook.app:__init__:1359 - Parallel init task 'notes_service' completed in 0.000s
2026-10-03 19:10:32.041 | INFO     | tldw_chatbook.app:__init__:1359 - Parallel init task 'providers_models' completed in 0.000s
2026-10-03 19:10:32.041 | INFO     | tldw_chatbook.app:__init__:1359 - Parallel init task 'prompts_service' completed in 0.000s
2026-10-03 19:10:32.041 | INFO     | tldw_chatbook.app:__init__:1359 - Parallel init task 'media_db' completed in 0.000s
2026-10-03 19:10:32.174 | INFO     | tldw_chatbook.DB.base_db:__init__:989 - LibraryCollectionsDB initialized with path: /private/var/folders/sn/m80n2j152t9gw3w8qwk2nykh0000gn/T/tldw-chatbook-test-zwovtheg/library_collections.sqlite [Client: tldw_cli_local_instance_v1]
2026-10-03 19:10:32.331 | INFO     | tldw_chatbook.DB.base_db:__init__:989 - WorkspaceDB initialized with path: /private/var/folders/sn/m80n2j152t9gw3w8qwk2nykh0000gn/T/tldw-chatbook-test-zwovtheg/workspaces.sqlite [Client: tldw_cli_local_instance_v1]
2026-10-03 19:10:32.806 | INFO     | tldw_chatbook.DB.base_db:__init__:989 - SubscriptionsDB initialized with path: /private/var/folders/sn/m80n2j152t9gw3w8qwk2nykh0000gn/T/tldw-chatbook-test-zwovtheg/subscriptions.sqlite [Client: tldw_cli_local_instance_v1]
2026-10-03 19:10:32.808 | INFO     | tldw_chatbook.DB.base_db:__init__:989 - ClientNotificationsDB initialized with path: :memory: [Client: tldw_cli_local_instance_v1]
2026-10-03 19:10:32.809 | INFO     | tldw_chatbook.DB.base_db:__init__:989 - EventStateRepository initialized with path: /private/var/folders/sn/m80n2j152t9gw3w8qwk2nykh0000gn/T/tldw-chatbook-test-zwovtheg/tldw_chatbook_event_state.db [Client: tldw_cli_local_instance_v1]
2026-10-03 19:10:32.809 | INFO     | tldw_chatbook.DB.base_db:__init__:989 - SyncStateRepository initialized with path: /private/var/folders/sn/m80n2j152t9gw3w8qwk2nykh0000gn/T/tldw-chatbook-test-zwovtheg/tldw_chatbook_sync_state.db [Client: tldw_cli_local_instance_v1]
2026-10-03 19:10:33.068 | DEBUG    | tldw_chatbook.Scheduling.db.migrations.v1_to_v2:migrate:75 - Scheduling schema migrated to version 2 (missed_count column)
2026-10-03 19:10:33.151 | DEBUG    | tldw_chatbook.Scheduling.db.migrations.v2_to_v3:migrate:62 - Scheduling schema migrated to version 3 (timeout_seconds column)
2026-10-03 19:10:33.295 | DEBUG    | tldw_chatbook.Scheduling.db.migrations.v3_to_v4:migrate:137 - Scheduling schema migrated to version 4 (automation runs/results)
2026-10-03 19:10:33.384 | DEBUG    | tldw_chatbook.Scheduling.db.migrations.v4_to_v5:migrate:63 - Scheduling schema migrated to version 5 (scheduled_task_runs)
2026-10-03 19:10:33.470 | DEBUG    | tldw_chatbook.Scheduling.db.migrations.v5_to_v6:migrate:68 - Scheduling schema migrated to version 6 (task_incidents)
2026-10-03 19:10:33.559 | DEBUG    | tldw_chatbook.Scheduling.db.migrations.v6_to_v7:migrate:107 - Scheduling schema migrated to version 7 (automation_results server_id unique index)
2026-10-03 19:10:33.559 | INFO     | tldw_chatbook.DB.base_db:__init__:989 - ScheduledTasksDB initialized with path: /private/var/folders/sn/m80n2j152t9gw3w8qwk2nykh0000gn/T/tldw-chatbook-test-zwovtheg/scheduled_tasks.sqlite [Client: default]
2026-10-03 19:10:33.597 | DEBUG    | tldw_chatbook.app:__init__:1430 - ULTRA EARLY APP INIT: self._media_types_for_ui VALUE: ['All Media']
2026-10-03 19:10:33.597 | DEBUG    | tldw_chatbook.app:__init__:1433 - ULTRA EARLY APP INIT: self._media_types_for_ui TYPE: <class 'list'>
2026-10-03 19:10:33.687 | INFO     | tldw_chatbook.DB.Evals_DB:__init__:193 - EvalsDB initialized with path: /Users/macbook-dev/.codex/worktrees/console-chat-starts/tldw_chatbook/.superpowers/sdd/2026-10-03-console-pr2995-review-and-merge/composer-green-profile-3n7mgiyx/home/.local/share/tldw_cli/default_user/evals.db
2026-10-03 19:10:33.688 | INFO     | tldw_chatbook.Evals.task_loader:__init__:98 - TaskLoader initialized
2026-10-03 19:10:33.721 | DEBUG    | tldw_chatbook.Event_Handlers.worker_handlers.base_handler:register:155 - Registered worker handler: MiscWorkerHandler
2026-10-03 19:10:33.725 | INFO     | tldw_chatbook.app:_init_worker_handlers:2167 - Worker handler registry initialized with all handlers
2026-10-03 19:10:33.725 | INFO     | tldw_chatbook.app:__init__:1615 - === STARTUP TIMING SUMMARY ===
2026-10-03 19:10:33.728 | INFO     | tldw_chatbook.app:__init__:1616 - Total initialization time: 1.738 seconds
2026-10-03 19:10:33.729 | INFO     | tldw_chatbook.app:__init__:1622 -   basic_init: 0.049s (2.8%)
2026-10-03 19:10:33.729 | INFO     | tldw_chatbook.app:__init__:1622 -   attribute_init: 0.000s (0.0%)
2026-10-03 19:10:33.732 | INFO     | tldw_chatbook.app:__init__:1622 -   parallel_init: 0.004s (0.2%)
2026-10-03 19:10:33.732 | INFO     | tldw_chatbook.app:__init__:1635 -     - notes_service: 0.000s (0.1% of parallel_init)
2026-10-03 19:10:33.732 | INFO     | tldw_chatbook.app:__init__:1635 -     - providers_models: 0.000s (0.1% of parallel_init)
2026-10-03 19:10:33.733 | INFO     | tldw_chatbook.app:__init__:1635 -     - media_db: 0.000s (0.1% of parallel_init)
2026-10-03 19:10:33.733 | INFO     | tldw_chatbook.app:__init__:1635 -     - prompts_service: 0.000s (0.0% of parallel_init)
2026-10-03 19:10:33.733 | INFO     | tldw_chatbook.app:__init__:1639 - ==============================
2026-10-03 19:10:33.734 | INFO     | tldw_chatbook.DB.ChaChaNotes_DB:__init__:3376 - Initializing CharactersRAGDB db_sha256=memory [Client ID: test-client]
2026-10-03 19:10:33.738 | DEBUG    | tldw_chatbook.DB.ChaChaNotes_DB:_get_thread_connection:3554 - Opened/Reopened SQLite connection db_sha256=memory thread=8494865792
2026-10-03 19:10:33.741 | DEBUG    | tldw_chatbook.DB.ChaChaNotes_DB:_enter_transaction:24489 - Started outermost transaction on thread 8494865792.
2026-10-03 19:10:33.745 | INFO     | tldw_chatbook.DB.ChaChaNotes_DB:_initialize_schema:8550 - Checking DB schema 'rag_char_chat_schema'. Current version: 0. Code supports: 76
2026-10-03 19:10:33.749 | INFO     | tldw_chatbook.DB.ChaChaNotes_DB:_apply_schema_v4:4437 - Applying schema Version 4 for 'rag_char_chat_schema' to DB: db_sha256=memory...
2026-10-03 19:10:33.752 | DEBUG    | tldw_chatbook.DB.ChaChaNotes_DB:_enter_transaction:24458 - Entered nested transaction level 2 on thread 8494865792.
2026-10-03 19:10:33.762 | DEBUG    | tldw_chatbook.DB.ChaChaNotes_DB:_apply_schema_v4:4478 - [rag_char_chat_schema V4] Full schema script executed.
2026-10-03 19:10:33.764 | INFO     | tldw_chatbook.DB.ChaChaNotes_DB:_apply_schema_v4:4485 - [rag_char_chat_schema V4] Schema 4 applied and version confirmed for DB: db_sha256=memory.
2026-10-03 19:10:33.766 | DEBUG    | tldw_chatbook.DB.ChaChaNotes_DB:_enrich_default_assistant_card_if_bare:4749 - [task-2451] Default Assistant enrichment UPDATE affected 1 row(s) in DB: db_sha256=memory.
2026-10-03 19:10:33.769 | INFO     | tldw_chatbook.DB.ChaChaNotes_DB:_migrate_from_v4_to_v5:4770 - Migrating schema from V4 to V5 for 'rag_char_chat_schema' in DB: db_sha256=memory...
2026-10-03 19:10:33.769 | DEBUG    | tldw_chatbook.DB.ChaChaNotes_DB:_enter_transaction:24458 - Entered nested transaction level 2 on thread 8494865792.
2026-10-03 19:10:33.784 | DEBUG    | tldw_chatbook.DB.ChaChaNotes_DB:_migrate_from_v4_to_v5:4780 - [rag_char_chat_schema V4→V5] Migration script executed.
2026-10-03 19:10:33.804 | INFO     | tldw_chatbook.DB.ChaChaNotes_DB:_migrate_from_v4_to_v5:4789 - [rag_char_chat_schema V4→V5] Migration completed successfully for DB: db_sha256=memory.
2026-10-03 19:10:33.805 | INFO     | tldw_chatbook.DB.ChaChaNotes_DB:_migrate_from_v5_to_v6:4823 - Migrating schema from V5 to V6 for 'rag_char_chat_schema' in DB: db_sha256=memory...
2026-10-03 19:10:33.805 | DEBUG    | tldw_chatbook.DB.ChaChaNotes_DB:_enter_transaction:24458 - Entered nested transaction level 2 on thread 8494865792.
2026-10-03 19:10:33.810 | DEBUG    | tldw_chatbook.DB.ChaChaNotes_DB:_migrate_from_v5_to_v6:4831 - [rag_char_chat_schema V5→V6] Migration script executed.
2026-10-03 19:10:33.813 | INFO     | tldw_chatbook.DB.ChaChaNotes_DB:_migrate_from_v5_to_v6:4840 - [rag_char_chat_schema V5→V6] Migration completed successfully for DB: db_sha256=memory.
2026-10-03 19:10:33.814 | INFO     | tldw_chatbook.DB.ChaChaNotes_DB:_migrate_from_v6_to_v7:4874 - Migrating schema from V6 to V7 for 'rag_char_chat_schema' in DB: db_sha256=memory...
2026-10-03 19:10:33.817 | DEBUG    | tldw_chatbook.DB.ChaChaNotes_DB:_enter_transaction:24458 - Entered nested transaction level 2 on thread 8494865792.
2026-10-03 19:10:33.819 | DEBUG    | tldw_chatbook.DB.ChaChaNotes_DB:_migrate_from_v6_to_v7:4882 - [rag_char_chat_schema V6→V7] Migration script executed.
2026-10-03 19:10:33.821 | INFO     | tldw_chatbook.DB.ChaChaNotes_DB:_migrate_from_v6_to_v7:4891 - [rag_char_chat_schema V6→V7] Migration completed successfully for DB: db_sha256=memory.
2026-10-03 19:10:33.822 | INFO     | tldw_chatbook.DB.ChaChaNotes_DB:_migrate_from_v7_to_v8:8464 - Migrating schema from V7 to V8 for 'rag_char_chat_schema' in DB: db_sha256=memory...
2026-10-03 19:10:33.822 | DEBUG    | tldw_chatbook.DB.ChaChaNotes_DB:_enter_transaction:24458 - Entered nested transaction level 2 on thread 8494865792.
2026-10-03 19:10:33.825 | DEBUG    | tldw_chatbook.DB.ChaChaNotes_DB:_migrate_from_v7_to_v8:8472 - [rag_char_chat_schema V7→V8] Migration script executed.
2026-10-03 19:10:33.825 | INFO     | tldw_chatbook.DB.ChaChaNotes_DB:_migrate_from_v7_to_v8:8481 - [rag_char_chat_schema V7→V8] Migration completed successfully for DB: db_sha256=memory.
2026-10-03 19:10:33.825 | INFO     | tldw_chatbook.DB.ChaChaNotes_DB:_migrate_from_v8_to_v9:4925 - Migrating schema from V8 to V9 for 'rag_char_chat_schema' in DB: db_sha256=memory...
2026-10-03 19:10:33.825 | DEBUG    | tldw_chatbook.DB.ChaChaNotes_DB:_enter_transaction:24458 - Entered nested transaction level 2 on thread 8494865792.
2026-10-03 19:10:33.832 | DEBUG    | tldw_chatbook.DB.ChaChaNotes_DB:_migrate_from_v8_to_v9:4933 - [rag_char_chat_schema V8→V9] Migration script executed.
2026-10-03 19:10:33.832 | INFO     | tldw_chatbook.DB.ChaChaNotes_DB:_migrate_from_v8_to_v9:4942 - [rag_char_chat_schema V8→V9] Migration completed successfully for DB: db_sha256=memory.
2026-10-03 19:10:33.832 | INFO     | tldw_chatbook.DB.ChaChaNotes_DB:_migrate_from_v9_to_v10:4976 - Migrating schema from V9 to V10 for 'rag_char_chat_schema' in DB: db_sha256=memory...
2026-10-03 19:10:33.832 | DEBUG    | tldw_chatbook.DB.ChaChaNotes_DB:_enter_transaction:24458 - Entered nested transaction level 2 on thread 8494865792.
2026-10-03 19:10:33.833 | DEBUG    | tldw_chatbook.DB.ChaChaNotes_DB:_migrate_from_v9_to_v10:4984 - [rag_char_chat_schema V9→V10] Migration script executed.
2026-10-03 19:10:33.833 | INFO     | tldw_chatbook.DB.ChaChaNotes_DB:_migrate_from_v9_to_v10:4993 - [rag_char_chat_schema V9→V10] Migration completed successfully for DB: db_sha256=memory.
2026-10-03 19:10:33.833 | INFO     | tldw_chatbook.DB.ChaChaNotes_DB:_migrate_from_v10_to_v11:5027 - Migrating schema from V10 to V11 for 'rag_char_chat_schema' in DB: db_sha256=memory...
2026-10-03 19:10:33.833 | DEBUG    | tldw_chatbook.DB.ChaChaNotes_DB:_enter_transaction:24458 - Entered nested transaction level 2 on thread 8494865792.
2026-10-03 19:10:33.839 | DEBUG    | tldw_chatbook.DB.ChaChaNotes_DB:_migrate_from_v10_to_v11:5035 - [rag_char_chat_schema V10→V11] Migration script executed.
2026-10-03 19:10:33.839 | INFO     | tldw_chatbook.DB.ChaChaNotes_DB:_migrate_from_v10_to_v11:5044 - [rag_char_chat_schema V10→V11] Migration completed successfully for DB: db_sha256=memory.
2026-10-03 19:10:33.839 | INFO     | tldw_chatbook.DB.ChaChaNotes_DB:_migrate_from_v11_to_v12:5078 - Migrating schema from V11 to V12 for 'rag_char_chat_schema' in DB: db_sha256=memory...
2026-10-03 19:10:33.840 | DEBUG    | tldw_chatbook.DB.ChaChaNotes_DB:_enter_transaction:24458 - Entered nested transaction level 2 on thread 8494865792.
2026-10-03 19:10:33.850 | DEBUG    | tldw_chatbook.DB.ChaChaNotes_DB:_migrate_from_v11_to_v12:5086 - [rag_char_chat_schema V11→V12] Migration script executed.
2026-10-03 19:10:33.853 | INFO     | tldw_chatbook.DB.ChaChaNotes_DB:_migrate_from_v11_to_v12:5095 - [rag_char_chat_schema V11→V12] Migration completed successfully for DB: db_sha256=memory.
2026-10-03 19:10:33.853 | INFO     | tldw_chatbook.DB.ChaChaNotes_DB:_migrate_from_v12_to_v13:5121 - Migrating schema from V12 to V13 for 'rag_char_chat_schema' in DB: db_sha256=memory...
2026-10-03 19:10:33.853 | DEBUG    | tldw_chatbook.DB.ChaChaNotes_DB:_enter_transaction:24458 - Entered nested transaction level 2 on thread 8494865792.
2026-10-03 19:10:33.897 | DEBUG    | tldw_chatbook.DB.ChaChaNotes_DB:_migrate_from_v12_to_v13:5129 - [rag_char_chat_schema V12→V13] Migration script executed.
2026-10-03 19:10:33.897 | INFO     | tldw_chatbook.DB.ChaChaNotes_DB:_migrate_from_v12_to_v13:5137 - [rag_char_chat_schema V12→V13] Migration completed successfully for DB: db_sha256=memory.
2026-10-03 19:10:33.897 | INFO     | tldw_chatbook.DB.ChaChaNotes_DB:_migrate_from_v13_to_v14:5162 - Migrating schema from V13 to V14 for 'rag_char_chat_schema' in DB: db_sha256=memory...
2026-10-03 19:10:33.897 | DEBUG    | tldw_chatbook.DB.ChaChaNotes_DB:_enter_transaction:24458 - Entered nested transaction level 2 on thread 8494865792.
2026-10-03 19:10:33.907 | DEBUG    | tldw_chatbook.DB.ChaChaNotes_DB:_migrate_from_v13_to_v14:5170 - [rag_char_chat_schema V13→V14] Migration script executed.
2026-10-03 19:10:33.907 | INFO     | tldw_chatbook.DB.ChaChaNotes_DB:_migrate_from_v13_to_v14:5178 - [rag_char_chat_schema V13→V14] Migration completed successfully for DB: db_sha256=memory.
2026-10-03 19:10:33.907 | INFO     | tldw_chatbook.DB.ChaChaNotes_DB:_migrate_from_v14_to_v15:5203 - Migrating schema from V14 to V15 for 'rag_char_chat_schema' in DB: db_sha256=memory...
2026-10-03 19:10:33.907 | DEBUG    | tldw_chatbook.DB.ChaChaNotes_DB:_enter_transaction:24458 - Entered nested transaction level 2 on thread 8494865792.
2026-10-03 19:10:33.910 | DEBUG    | tldw_chatbook.DB.ChaChaNotes_DB:_migrate_from_v14_to_v15:5211 - [rag_char_chat_schema V14→V15] Migration script executed.
2026-10-03 19:10:33.910 | INFO     | tldw_chatbook.DB.ChaChaNotes_DB:_migrate_from_v14_to_v15:5219 - [rag_char_chat_schema V14→V15] Migration completed successfully for DB: db_sha256=memory.
2026-10-03 19:10:33.910 | INFO     | tldw_chatbook.DB.ChaChaNotes_DB:_migrate_from_v15_to_v16:5245 - Migrating schema from V15 to V16 for 'rag_char_chat_schema' in DB: db_sha256=memory...
2026-10-03 19:10:33.911 | DEBUG    | tldw_chatbook.DB.ChaChaNotes_DB:_enter_transaction:24458 - Entered nested transaction level 2 on thread 8494865792.
2026-10-03 19:10:33.911 | DEBUG    | tldw_chatbook.DB.ChaChaNotes_DB:_migrate_from_v15_to_v16:5288 - [rag_char_chat_schema V15→V16] Migration script executed.
2026-10-03 19:10:33.911 | INFO     | tldw_chatbook.DB.ChaChaNotes_DB:_migrate_from_v15_to_v16:5298 - [rag_char_chat_schema V15→V16] Migration completed successfully for DB: db_sha256=memory.
2026-10-03 19:10:33.911 | INFO     | tldw_chatbook.DB.ChaChaNotes_DB:_migrate_from_v16_to_v17:5324 - Migrating schema from V16 to V17 for 'rag_char_chat_schema' in DB: db_sha256=memory...
2026-10-03 19:10:33.911 | DEBUG    | tldw_chatbook.DB.ChaChaNotes_DB:_enter_transaction:24458 - Entered nested transaction level 2 on thread 8494865792.
2026-10-03 19:10:33.912 | DEBUG    | tldw_chatbook.DB.ChaChaNotes_DB:_migrate_from_v16_to_v17:5332 - [rag_char_chat_schema V16→V17] Migration script executed.
2026-10-03 19:10:33.912 | INFO     | tldw_chatbook.DB.ChaChaNotes_DB:_migrate_from_v16_to_v17:5340 - [rag_char_chat_schema V16→V17] Migration completed successfully for DB: db_sha256=memory.
2026-10-03 19:10:33.912 | INFO     | tldw_chatbook.DB.ChaChaNotes_DB:_migrate_from_v17_to_v18:5368 - Migrating schema from V17 to V18 for 'rag_char_chat_schema' in DB: db_sha256=memory...
2026-10-03 19:10:33.912 | DEBUG    | tldw_chatbook.DB.ChaChaNotes_DB:_enter_transaction:24458 - Entered nested transaction level 2 on thread 8494865792.
2026-10-03 19:10:33.923 | DEBUG    | tldw_chatbook.DB.ChaChaNotes_DB:_migrate_from_v17_to_v18:5376 - [rag_char_chat_schema V17→V18] Migration script executed.
2026-10-03 19:10:33.924 | INFO     | tldw_chatbook.DB.ChaChaNotes_DB:_migrate_from_v17_to_v18:5384 - [rag_char_chat_schema V17→V18] Migration completed successfully for DB: db_sha256=memory.
2026-10-03 19:10:33.924 | INFO     | tldw_chatbook.DB.ChaChaNotes_DB:_migrate_from_v18_to_v19:8414 - Migrating schema from V18 to V19 for 'rag_char_chat_schema' in DB: db_sha256=memory...
2026-10-03 19:10:33.924 | DEBUG    | tldw_chatbook.DB.ChaChaNotes_DB:_enter_transaction:24458 - Entered nested transaction level 2 on thread 8494865792.
2026-10-03 19:10:33.925 | DEBUG    | tldw_chatbook.DB.ChaChaNotes_DB:_migrate_from_v18_to_v19:8422 - [rag_char_chat_schema V18→V19] Migration script executed.
2026-10-03 19:10:33.925 | INFO     | tldw_chatbook.DB.ChaChaNotes_DB:_migrate_from_v18_to_v19:8430 - [rag_char_chat_schema V18→V19] Migration completed successfully for DB: db_sha256=memory.
2026-10-03 19:10:33.925 | INFO     | tldw_chatbook.DB.ChaChaNotes_DB:_migrate_from_v19_to_v20:5412 - Migrating schema from V19 to V20 for 'rag_char_chat_schema' in DB: db_sha256=memory...
2026-10-03 19:10:33.925 | DEBUG    | tldw_chatbook.DB.ChaChaNotes_DB:_enter_transaction:24458 - Entered nested transaction level 2 on thread 8494865792.
2026-10-03 19:10:33.930 | DEBUG    | tldw_chatbook.DB.ChaChaNotes_DB:_migrate_from_v19_to_v20:5431 - [rag_char_chat_schema V19→V20] Migration script executed.
2026-10-03 19:10:33.933 | INFO     | tldw_chatbook.DB.ChaChaNotes_DB:_migrate_from_v19_to_v20:5439 - [rag_char_chat_schema V19→V20] Migration completed successfully for DB: db_sha256=memory.
2026-10-03 19:10:33.939 | INFO     | tldw_chatbook.DB.ChaChaNotes_DB:_migrate_from_v20_to_v21:5467 - Migrating schema from V20 to V21 for 'rag_char_chat_schema' in DB: db_sha256=memory...
2026-10-03 19:10:33.939 | DEBUG    | tldw_chatbook.DB.ChaChaNotes_DB:_enter_transaction:24458 - Entered nested transaction level 2 on thread 8494865792.
2026-10-03 19:10:33.940 | DEBUG    | tldw_chatbook.DB.ChaChaNotes_DB:_migrate_from_v20_to_v21:5488 - [rag_char_chat_schema V20→V21] Migration script executed.
2026-10-03 19:10:33.942 | INFO     | tldw_chatbook.DB.ChaChaNotes_DB:_migrate_from_v20_to_v21:5496 - [rag_char_chat_schema V20→V21] Migration completed successfully for DB: db_sha256=memory.
2026-10-03 19:10:33.943 | INFO     | tldw_chatbook.DB.ChaChaNotes_DB:_migrate_from_v21_to_v22:5518 - Migrating schema from V21 to V22 for 'rag_char_chat_schema' in DB: db_sha256=memory...
2026-10-03 19:10:33.943 | DEBUG    | tldw_chatbook.DB.ChaChaNotes_DB:_enter_transaction:24458 - Entered nested transaction level 2 on thread 8494865792.
2026-10-03 19:10:33.944 | DEBUG    | tldw_chatbook.DB.ChaChaNotes_DB:_migrate_from_v21_to_v22:5536 - [rag_char_chat_schema V21→V22] Migration script executed.
2026-10-03 19:10:33.947 | INFO     | tldw_chatbook.DB.ChaChaNotes_DB:_migrate_from_v21_to_v22:5542 - [rag_char_chat_schema V21→V22] Migration completed successfully for DB: db_sha256=memory.
2026-10-03 19:10:33.948 | INFO     | tldw_chatbook.DB.ChaChaNotes_DB:_migrate_from_v22_to_v23:5564 - Migrating schema from V22 to V23 for 'rag_char_chat_schema' in DB: db_sha256=memory...
2026-10-03 19:10:33.951 | DEBUG    | tldw_chatbook.DB.ChaChaNotes_DB:_enter_transaction:24458 - Entered nested transaction level 2 on thread 8494865792.
2026-10-03 19:10:33.953 | DEBUG    | tldw_chatbook.DB.ChaChaNotes_DB:_migrate_from_v22_to_v23:5572 - [rag_char_chat_schema V22→V23] Migration script executed.
2026-10-03 19:10:33.957 | INFO     | tldw_chatbook.DB.ChaChaNotes_DB:_migrate_from_v22_to_v23:5578 - [rag_char_chat_schema V22→V23] Migration completed successfully for DB: db_sha256=memory.
2026-10-03 19:10:33.960 | INFO     | tldw_chatbook.DB.ChaChaNotes_DB:_migrate_from_v23_to_v24:5601 - Migrating schema from V23 to V24 for 'rag_char_chat_schema' in DB: db_sha256=memory...
2026-10-03 19:10:33.961 | DEBUG    | tldw_chatbook.DB.ChaChaNotes_DB:_enter_transaction:24458 - Entered nested transaction level 2 on thread 8494865792.
2026-10-03 19:10:33.968 | DEBUG    | tldw_chatbook.DB.ChaChaNotes_DB:_migrate_from_v23_to_v24:5619 - [rag_char_chat_schema V23→V24] Migration script executed.
2026-10-03 19:10:33.969 | INFO     | tldw_chatbook.DB.ChaChaNotes_DB:_migrate_from_v23_to_v24:5625 - [rag_char_chat_schema V23→V24] Migration completed successfully for DB: db_sha256=memory.
2026-10-03 19:10:33.969 | INFO     | tldw_chatbook.DB.ChaChaNotes_DB:_migrate_from_v24_to_v25:5648 - Migrating schema from V24 to V25 for 'rag_char_chat_schema' in DB: db_sha256=memory...
2026-10-03 19:10:33.969 | DEBUG    | tldw_chatbook.DB.ChaChaNotes_DB:_enter_transaction:24458 - Entered nested transaction level 2 on thread 8494865792.
2026-10-03 19:10:33.971 | DEBUG    | tldw_chatbook.DB.ChaChaNotes_DB:_migrate_from_v24_to_v25:5656 - [rag_char_chat_schema V24→V25] Migration script executed.
2026-10-03 19:10:33.971 | INFO     | tldw_chatbook.DB.ChaChaNotes_DB:_migrate_from_v24_to_v25:5662 - [rag_char_chat_schema V24→V25] Migration completed successfully for DB: db_sha256=memory.
2026-10-03 19:10:33.971 | INFO     | tldw_chatbook.DB.ChaChaNotes_DB:_migrate_from_v25_to_v26:5686 - Migrating schema from V25 to V26 for 'rag_char_chat_schema' in DB: db_sha256=memory...
2026-10-03 19:10:33.971 | DEBUG    | tldw_chatbook.DB.ChaChaNotes_DB:_enter_transaction:24458 - Entered nested transaction level 2 on thread 8494865792.
2026-10-03 19:10:33.978 | DEBUG    | tldw_chatbook.DB.ChaChaNotes_DB:_migrate_from_v25_to_v26:5708 - [rag_char_chat_schema V25→V26] Migration script executed.
2026-10-03 19:10:33.981 | INFO     | tldw_chatbook.DB.ChaChaNotes_DB:_migrate_from_v25_to_v26:5714 - [rag_char_chat_schema V25→V26] Migration completed successfully for DB: db_sha256=memory.
2026-10-03 19:10:33.985 | DEBUG    | tldw_chatbook.DB.ChaChaNotes_DB:_enter_transaction:24458 - Entered nested transaction level 2 on thread 8494865792.
2026-10-03 19:10:33.990 | DEBUG    | tldw_chatbook.DB.ChaChaNotes_DB:_enter_transaction:24458 - Entered nested transaction level 2 on thread 8494865792.
2026-10-03 19:10:33.995 | DEBUG    | tldw_chatbook.DB.ChaChaNotes_DB:_enter_transaction:24458 - Entered nested transaction level 3 on thread 8494865792.
2026-10-03 19:10:34.004 | INFO     | tldw_chatbook.DB.ChaChaNotes_DB:_migrate_from_v28_to_v29:5901 - Migrating schema from V28 to V29 for 'rag_char_chat_schema' in DB: db_sha256=memory...
2026-10-03 19:10:34.004 | DEBUG    | tldw_chatbook.DB.ChaChaNotes_DB:_enter_transaction:24458 - Entered nested transaction level 2 on thread 8494865792.
2026-10-03 19:10:34.004 | DEBUG    | tldw_chatbook.DB.ChaChaNotes_DB:_migrate_from_v28_to_v29:5909 - [rag_char_chat_schema V28→V29] Migration script executed.
2026-10-03 19:10:34.007 | INFO     | tldw_chatbook.DB.ChaChaNotes_DB:_migrate_from_v28_to_v29:5917 - [rag_char_chat_schema V28→V29] Migration completed successfully for DB: db_sha256=memory.
2026-10-03 19:10:34.008 | INFO     | tldw_chatbook.DB.ChaChaNotes_DB:_migrate_from_v29_to_v30:5944 - Migrating schema from V29 to V30 for 'rag_char_chat_schema' in DB: db_sha256=memory...
2026-10-03 19:10:34.008 | DEBUG    | tldw_chatbook.DB.ChaChaNotes_DB:_enter_transaction:24458 - Entered nested transaction level 2 on thread 8494865792.
2026-10-03 19:10:34.013 | DEBUG    | tldw_chatbook.DB.ChaChaNotes_DB:_migrate_from_v29_to_v30:5970 - [rag_char_chat_schema V29→V30] Migration script executed.
2026-10-03 19:10:34.019 | INFO     | tldw_chatbook.DB.ChaChaNotes_DB:_migrate_from_v29_to_v30:5994 - [rag_char_chat_schema V29→V30] Migration completed successfully for DB: db_sha256=memory.
2026-10-03 19:10:34.019 | INFO     | tldw_chatbook.DB.ChaChaNotes_DB:_migrate_from_v30_to_v31:6021 - Migrating schema from V30 to V31 for 'rag_char_chat_schema' in DB: db_sha256=memory...
2026-10-03 19:10:34.023 | DEBUG    | tldw_chatbook.DB.ChaChaNotes_DB:_enter_transaction:24458 - Entered nested transaction level 2 on thread 8494865792.
2026-10-03 19:10:34.031 | DEBUG    | tldw_chatbook.DB.ChaChaNotes_DB:_migrate_from_v30_to_v31:6047 - [rag_char_chat_schema V30→V31] Migration script executed.
2026-10-03 19:10:34.031 | INFO     | tldw_chatbook.DB.ChaChaNotes_DB:_migrate_from_v30_to_v31:6071 - [rag_char_chat_schema V30→V31] Migration completed successfully for DB: db_sha256=memory.
2026-10-03 19:10:34.031 | INFO     | tldw_chatbook.DB.ChaChaNotes_DB:_migrate_from_v31_to_v32:6104 - Migrating schema from V31 to V32 for 'rag_char_chat_schema' in DB: db_sha256=memory...
2026-10-03 19:10:34.032 | DEBUG    | tldw_chatbook.DB.ChaChaNotes_DB:_enrich_default_assistant_card_if_bare:4749 - [task-2451] Default Assistant enrichment UPDATE affected 0 row(s) in DB: db_sha256=memory.
2026-10-03 19:10:34.032 | INFO     | tldw_chatbook.DB.ChaChaNotes_DB:_migrate_from_v31_to_v32:6130 - [rag_char_chat_schema V31→V32] Migration completed successfully for DB: db_sha256=memory.
2026-10-03 19:10:34.032 | DEBUG    | tldw_chatbook.DB.ChaChaNotes_DB:_enter_transaction:24458 - Entered nested transaction level 2 on thread 8494865792.
2026-10-03 19:10:34.034 | DEBUG    | tldw_chatbook.DB.ChaChaNotes_DB:_enter_transaction:24458 - Entered nested transaction level 2 on thread 8494865792.
2026-10-03 19:10:34.038 | DEBUG    | tldw_chatbook.DB.ChaChaNotes_DB:_enter_transaction:24458 - Entered nested transaction level 2 on thread 8494865792.
2026-10-03 19:10:34.042 | DEBUG    | tldw_chatbook.DB.ChaChaNotes_DB:_enter_transaction:24458 - Entered nested transaction level 2 on thread 8494865792.
2026-10-03 19:10:34.065 | DEBUG    | tldw_chatbook.DB.ChaChaNotes_DB:_enter_transaction:24458 - Entered nested transaction level 2 on thread 8494865792.
2026-10-03 19:10:34.073 | DEBUG    | tldw_chatbook.DB.ChaChaNotes_DB:_enter_transaction:24458 - Entered nested transaction level 2 on thread 8494865792.
2026-10-03 19:10:34.080 | DEBUG    | tldw_chatbook.DB.ChaChaNotes_DB:_enter_transaction:24458 - Entered nested transaction level 2 on thread 8494865792.
2026-10-03 19:10:34.084 | DEBUG    | tldw_chatbook.DB.ChaChaNotes_DB:_enter_transaction:24458 - Entered nested transaction level 2 on thread 8494865792.
2026-10-03 19:10:34.088 | DEBUG    | tldw_chatbook.DB.ChaChaNotes_DB:_enter_transaction:24458 - Entered nested transaction level 2 on thread 8494865792.
2026-10-03 19:10:34.089 | INFO     | tldw_chatbook.DB.ChaChaNotes_DB:_migrate_from_v41_to_v42:6450 - Migrating schema from V41 to V42 for 'rag_char_chat_schema' in DB: db_sha256=memory...
2026-10-03 19:10:34.090 | INFO     | tldw_chatbook.DB.ChaChaNotes_DB:_migrate_from_v41_to_v42:6514 - [rag_char_chat_schema V41→V42] conversations.console_project_context_json already present; applying the version bump only.
2026-10-03 19:10:34.093 | INFO     | tldw_chatbook.DB.ChaChaNotes_DB:_migrate_from_v42_to_v43:6564 - Migrating schema from V42 to V43 for 'rag_char_chat_schema' in DB: db_sha256=memory...
2026-10-03 19:10:34.093 | DEBUG    | tldw_chatbook.DB.ChaChaNotes_DB:_enter_transaction:24458 - Entered nested transaction level 2 on thread 8494865792.
2026-10-03 19:10:34.094 | INFO     | tldw_chatbook.DB.ChaChaNotes_DB:_migrate_from_v42_to_v43:6703 - [rag_char_chat_schema V42→V43] Migration completed successfully for DB: db_sha256=memory.
2026-10-03 19:10:34.094 | INFO     | tldw_chatbook.DB.ChaChaNotes_DB:_migrate_from_v43_to_v44:6733 - Migrating schema from V43 to V44 for 'rag_char_chat_schema' in DB: db_sha256=memory...
2026-10-03 19:10:34.094 | DEBUG    | tldw_chatbook.DB.ChaChaNotes_DB:_enter_transaction:24458 - Entered nested transaction level 2 on thread 8494865792.
2026-10-03 19:10:34.108 | INFO     | tldw_chatbook.DB.ChaChaNotes_DB:_migrate_from_v43_to_v44:6773 - [rag_char_chat_schema V43→V44] Migration completed successfully for DB: db_sha256=memory.
2026-10-03 19:10:34.110 | INFO     | tldw_chatbook.DB.ChaChaNotes_DB:_migrate_from_v44_to_v45:6842 - Actor Pack schema migration started: chachanotes_v44_to_v45
2026-10-03 19:10:34.115 | DEBUG    | tldw_chatbook.DB.ChaChaNotes_DB:_enter_transaction:24458 - Entered nested transaction level 2 on thread 8494865792.
2026-10-03 19:10:34.120 | INFO     | tldw_chatbook.DB.ChaChaNotes_DB:_migrate_from_v44_to_v45:6875 - Actor Pack schema migration completed: chachanotes_v44_to_v45
2026-10-03 19:10:34.124 | INFO     | tldw_chatbook.DB.ChaChaNotes_DB:_migrate_from_v45_to_v46:6919 - Migrating schema from V45 to V46 for 'rag_char_chat_schema' in DB: db_sha256=memory...
2026-10-03 19:10:34.124 | DEBUG    | tldw_chatbook.DB.ChaChaNotes_DB:_enter_transaction:24458 - Entered nested transaction level 2 on thread 8494865792.
2026-10-03 19:10:34.132 | INFO     | tldw_chatbook.DB.ChaChaNotes_DB:_migrate_from_v45_to_v46:6965 - [rag_char_chat_schema V45→V46] Migration completed successfully for DB: db_sha256=memory. Purged 0 unreachable sync_log row(s) of 1.
2026-10-03 19:10:34.132 | INFO     | tldw_chatbook.DB.ChaChaNotes_DB:_migrate_from_v46_to_v47:7007 - Migrating schema from V46 to V47 for 'rag_char_chat_schema' in DB: db_sha256=memory...
2026-10-03 19:10:34.132 | DEBUG    | tldw_chatbook.DB.ChaChaNotes_DB:_enter_transaction:24458 - Entered nested transaction level 2 on thread 8494865792.
2026-10-03 19:10:34.133 | INFO     | tldw_chatbook.DB.ChaChaNotes_DB:_migrate_from_v46_to_v47:7042 - [rag_char_chat_schema V46→V47] Migration completed successfully for DB: db_sha256=memory.
2026-10-03 19:10:34.144 | DEBUG    | tldw_chatbook.DB.ChaChaNotes_DB:_enter_transaction:24458 - Entered nested transaction level 2 on thread 8494865792.
2026-10-03 19:10:34.156 | INFO     | tldw_chatbook.DB.ChaChaNotes_DB:_migrate_from_v48_to_v49:7198 - Migrating schema from V48 to V49 for 'rag_char_chat_schema' in DB: db_sha256=memory...
2026-10-03 19:10:34.156 | DEBUG    | tldw_chatbook.DB.ChaChaNotes_DB:_enter_transaction:24458 - Entered nested transaction level 2 on thread 8494865792.
2026-10-03 19:10:34.157 | INFO     | tldw_chatbook.DB.ChaChaNotes_DB:_migrate_from_v48_to_v49:7233 - [rag_char_chat_schema V48→V49] Migration completed successfully for DB: db_sha256=memory.
2026-10-03 19:10:34.163 | INFO     | tldw_chatbook.DB.ChaChaNotes_DB:_migrate_from_v49_to_v50:7281 - Migrating schema from V49 to V50 for 'rag_char_chat_schema' in DB: db_sha256=memory...
2026-10-03 19:10:34.166 | DEBUG    | tldw_chatbook.DB.ChaChaNotes_DB:_enter_transaction:24458 - Entered nested transaction level 2 on thread 8494865792.
2026-10-03 19:10:34.167 | INFO     | tldw_chatbook.DB.ChaChaNotes_DB:_migrate_from_v49_to_v50:7315 - [rag_char_chat_schema V49→V50] Migration completed successfully for DB: db_sha256=memory.
2026-10-03 19:10:34.167 | DEBUG    | tldw_chatbook.DB.ChaChaNotes_DB:_enter_transaction:24458 - Entered nested transaction level 2 on thread 8494865792.
2026-10-03 19:10:34.174 | DEBUG    | tldw_chatbook.DB.ChaChaNotes_DB:_enter_transaction:24458 - Entered nested transaction level 2 on thread 8494865792.
2026-10-03 19:10:34.189 | INFO     | tldw_chatbook.DB.ChaChaNotes_DB:_migrate_from_v52_to_v53:7440 - Migrating schema from V52 to V53 for 'rag_char_chat_schema' in DB: db_sha256=memory...
2026-10-03 19:10:34.189 | DEBUG    | tldw_chatbook.DB.ChaChaNotes_DB:_enter_transaction:24458 - Entered nested transaction level 2 on thread 8494865792.
2026-10-03 19:10:34.189 | INFO     | tldw_chatbook.DB.ChaChaNotes_DB:_migrate_from_v52_to_v53:7505 - [rag_char_chat_schema V52→V53] Migration completed for DB: db_sha256=memory (examined 0, compacted 0, skipped 0 unreadable).
2026-10-03 19:10:34.189 | DEBUG    | tldw_chatbook.DB.ChaChaNotes_DB:_enter_transaction:24458 - Entered nested transaction level 2 on thread 8494865792.
2026-10-03 19:10:34.194 | DEBUG    | tldw_chatbook.DB.ChaChaNotes_DB:_enter_transaction:24458 - Entered nested transaction level 2 on thread 8494865792.
2026-10-03 19:10:34.196 | DEBUG    | tldw_chatbook.DB.ChaChaNotes_DB:_enter_transaction:24458 - Entered nested transaction level 2 on thread 8494865792.
2026-10-03 19:10:34.215 | DEBUG    | tldw_chatbook.DB.ChaChaNotes_DB:_enter_transaction:24458 - Entered nested transaction level 2 on thread 8494865792.
2026-10-03 19:10:34.218 | DEBUG    | tldw_chatbook.DB.ChaChaNotes_DB:_enter_transaction:24458 - Entered nested transaction level 2 on thread 8494865792.
2026-10-03 19:10:34.257 | DEBUG    | tldw_chatbook.DB.ChaChaNotes_DB:_enter_transaction:24458 - Entered nested transaction level 2 on thread 8494865792.
2026-10-03 19:10:34.259 | DEBUG    | tldw_chatbook.DB.ChaChaNotes_DB:_enter_transaction:24458 - Entered nested transaction level 2 on thread 8494865792.
2026-10-03 19:10:34.260 | DEBUG    | tldw_chatbook.DB.ChaChaNotes_DB:_enter_transaction:24458 - Entered nested transaction level 2 on thread 8494865792.
2026-10-03 19:10:34.260 | DEBUG    | tldw_chatbook.DB.ChaChaNotes_DB:_enter_transaction:24458 - Entered nested transaction level 2 on thread 8494865792.
2026-10-03 19:10:34.293 | DEBUG    | tldw_chatbook.DB.ChaChaNotes_DB:_enter_transaction:24458 - Entered nested transaction level 2 on thread 8494865792.
2026-10-03 19:10:34.317 | DEBUG    | tldw_chatbook.DB.ChaChaNotes_DB:_enter_transaction:24458 - Entered nested transaction level 2 on thread 8494865792.
2026-10-03 19:10:34.348 | DEBUG    | tldw_chatbook.DB.ChaChaNotes_DB:_enter_transaction:24458 - Entered nested transaction level 2 on thread 8494865792.
2026-10-03 19:10:34.352 | DEBUG    | tldw_chatbook.DB.ChaChaNotes_DB:_enter_transaction:24458 - Entered nested transaction level 2 on thread 8494865792.
2026-10-03 19:10:34.359 | DEBUG    | tldw_chatbook.DB.ChaChaNotes_DB:_enter_transaction:24458 - Entered nested transaction level 3 on thread 8494865792.
2026-10-03 19:10:34.363 | DEBUG    | tldw_chatbook.DB.ChaChaNotes_DB:_enter_transaction:24458 - Entered nested transaction level 3 on thread 8494865792.
2026-10-03 19:10:34.369 | DEBUG    | tldw_chatbook.DB.ChaChaNotes_DB:_enter_transaction:24458 - Entered nested transaction level 2 on thread 8494865792.
2026-10-03 19:10:34.377 | DEBUG    | tldw_chatbook.DB.ChaChaNotes_DB:_enter_transaction:24458 - Entered nested transaction level 2 on thread 8494865792.
2026-10-03 19:10:34.424 | DEBUG    | tldw_chatbook.DB.ChaChaNotes_DB:_enter_transaction:24458 - Entered nested transaction level 2 on thread 8494865792.
2026-10-03 19:10:34.427 | DEBUG    | tldw_chatbook.DB.ChaChaNotes_DB:_enter_transaction:24458 - Entered nested transaction level 2 on thread 8494865792.
2026-10-03 19:10:34.431 | DEBUG    | tldw_chatbook.DB.ChaChaNotes_DB:_enter_transaction:24458 - Entered nested transaction level 2 on thread 8494865792.
2026-10-03 19:10:34.443 | DEBUG    | tldw_chatbook.DB.ChaChaNotes_DB:_enter_transaction:24458 - Entered nested transaction level 2 on thread 8494865792.
2026-10-03 19:10:34.466 | DEBUG    | tldw_chatbook.DB.ChaChaNotes_DB:_enter_transaction:24458 - Entered nested transaction level 2 on thread 8494865792.
2026-10-03 19:10:34.472 | DEBUG    | tldw_chatbook.DB.ChaChaNotes_DB:_enter_transaction:24458 - Entered nested transaction level 2 on thread 8494865792.
2026-10-03 19:10:34.489 | DEBUG    | tldw_chatbook.DB.ChaChaNotes_DB:_enter_transaction:24458 - Entered nested transaction level 2 on thread 8494865792.
2026-10-03 19:10:34.490 | DEBUG    | tldw_chatbook.DB.ChaChaNotes_DB:_enter_transaction:24458 - Entered nested transaction level 2 on thread 8494865792.
2026-10-03 19:10:34.549 | INFO     | tldw_chatbook.DB.ChaChaNotes_DB:_initialize_schema:8685 - Database schema 'rag_char_chat_schema' successfully initialized/migrated to version 76.
2026-10-03 19:10:34.549 | DEBUG    | tldw_chatbook.DB.ChaChaNotes_DB:_exit_transaction:24552 - Transaction (outermost) committed successfully on thread 8494865792.
2026-10-03 19:10:34.549 | DEBUG    | tldw_chatbook.DB.ChaChaNotes_DB:__init__:3399 - CharactersRAGDB initialization completed successfully db_sha256=memory
2026-10-03 19:10:34.572 | DEBUG    | tldw_chatbook.UI.Navigation.base_app_screen:__init__:89 - Initializing ChatScreen screen: chat
2026-10-03 19:10:34.603 | DEBUG    | tldw_chatbook.DB.ChaChaNotes_DB:_enter_transaction:24489 - Started outermost transaction on thread 8494865792.
2026-10-03 19:10:34.604 | DEBUG    | tldw_chatbook.DB.ChaChaNotes_DB:_exit_transaction:24552 - Transaction (outermost) committed successfully on thread 8494865792.
2026-10-03 19:10:34.621 | DEBUG    | tldw_chatbook.Chat.chat_persistence_service:__init__:271 - Recovered-media message source is unavailable.
2026-10-03 19:10:34.660 | ERROR    | tldw_chatbook.UI.Navigation.base_app_screen:_compose_content_or_failure:446 - Screen content failed to compose (screen='chat', exception_category=AttributeError).
Traceback (most recent call last):
  File "<frozen runpy>", line 198, in _run_module_as_main
  File "<frozen runpy>", line 88, in _run_code
  File "/Users/macbook-dev/Documents/GitHub/tldw_chatbook/.venv/lib/python3.12/site-packages/pytest/__main__.py", line 9, in <module>
    raise SystemExit(pytest.console_main())
  File "/Users/macbook-dev/Documents/GitHub/tldw_chatbook/.venv/lib/python3.12/site-packages/_pytest/config/__init__.py", line 201, in console_main
    code = main()
  File "/Users/macbook-dev/Documents/GitHub/tldw_chatbook/.venv/lib/python3.12/site-packages/_pytest/config/__init__.py", line 175, in main
    ret: ExitCode | int = config.hook.pytest_cmdline_main(config=config)
  File "/Users/macbook-dev/Documents/GitHub/tldw_chatbook/.venv/lib/python3.12/site-packages/pluggy/_hooks.py", line 512, in __call__
    return self._hookexec(self.name, self._hookimpls.copy(), kwargs, firstresult)
  File "/Users/macbook-dev/Documents/GitHub/tldw_chatbook/.venv/lib/python3.12/site-packages/pluggy/_manager.py", line 120, in _hookexec
    return self._inner_hookexec(hook_name, methods, kwargs, firstresult)
  File "/Users/macbook-dev/Documents/GitHub/tldw_chatbook/.venv/lib/python3.12/site-packages/pluggy/_callers.py", line 121, in _multicall
    res = hook_impl.function(*args)
  File "/Users/macbook-dev/Documents/GitHub/tldw_chatbook/.venv/lib/python3.12/site-packages/_pytest/main.py", line 336, in pytest_cmdline_main
    return wrap_session(config, _main)
  File "/Users/macbook-dev/Documents/GitHub/tldw_chatbook/.venv/lib/python3.12/site-packages/_pytest/main.py", line 289, in wrap_session
    session.exitstatus = doit(config, session) or 0
  File "/Users/macbook-dev/Documents/GitHub/tldw_chatbook/.venv/lib/python3.12/site-packages/_pytest/main.py", line 343, in _main
    config.hook.pytest_runtestloop(session=session)
  File "/Users/macbook-dev/Documents/GitHub/tldw_chatbook/.venv/lib/python3.12/site-packages/pluggy/_hooks.py", line 512, in __call__
    return self._hookexec(self.name, self._hookimpls.copy(), kwargs, firstresult)
  File "/Users/macbook-dev/Documents/GitHub/tldw_chatbook/.venv/lib/python3.12/site-packages/pluggy/_manager.py", line 120, in _hookexec
    return self._inner_hookexec(hook_name, methods, kwargs, firstresult)
  File "/Users/macbook-dev/Documents/GitHub/tldw_chatbook/.venv/lib/python3.12/site-packages/pluggy/_callers.py", line 121, in _multicall
    res = hook_impl.function(*args)
  File "/Users/macbook-dev/Documents/GitHub/tldw_chatbook/.venv/lib/python3.12/site-packages/_pytest/main.py", line 367, in pytest_runtestloop
    item.config.hook.pytest_runtest_protocol(item=item, nextitem=nextitem)
  File "/Users/macbook-dev/Documents/GitHub/tldw_chatbook/.venv/lib/python3.12/site-packages/pluggy/_hooks.py", line 512, in __call__
    return self._hookexec(self.name, self._hookimpls.copy(), kwargs, firstresult)
  File "/Users/macbook-dev/Documents/GitHub/tldw_chatbook/.venv/lib/python3.12/site-packages/pluggy/_manager.py", line 120, in _hookexec
    return self._inner_hookexec(hook_name, methods, kwargs, firstresult)
  File "/Users/macbook-dev/Documents/GitHub/tldw_chatbook/.venv/lib/python3.12/site-packages/pluggy/_callers.py", line 121, in _multicall
    res = hook_impl.function(*args)
  File "/Users/macbook-dev/Documents/GitHub/tldw_chatbook/.venv/lib/python3.12/site-packages/_pytest/runner.py", line 117, in pytest_runtest_protocol
    runtestprotocol(item, nextitem=nextitem)
  File "/Users/macbook-dev/Documents/GitHub/tldw_chatbook/.venv/lib/python3.12/site-packages/_pytest/runner.py", line 136, in runtestprotocol
    reports.append(call_and_report(item, "call", log))
  File "/Users/macbook-dev/Documents/GitHub/tldw_chatbook/.venv/lib/python3.12/site-packages/_pytest/runner.py", line 245, in call_and_report
    call = CallInfo.from_call(
  File "/Users/macbook-dev/Documents/GitHub/tldw_chatbook/.venv/lib/python3.12/site-packages/_pytest/runner.py", line 344, in from_call
    result: TResult | None = func()
  File "/Users/macbook-dev/Documents/GitHub/tldw_chatbook/.venv/lib/python3.12/site-packages/_pytest/runner.py", line 246, in <lambda>
    lambda: runtest_hook(item=item, **kwds), when=when, reraise=reraise
  File "/Users/macbook-dev/Documents/GitHub/tldw_chatbook/.venv/lib/python3.12/site-packages/pluggy/_hooks.py", line 512, in __call__
    return self._hookexec(self.name, self._hookimpls.copy(), kwargs, firstresult)
  File "/Users/macbook-dev/Documents/GitHub/tldw_chatbook/.venv/lib/python3.12/site-packages/pluggy/_manager.py", line 120, in _hookexec
    return self._inner_hookexec(hook_name, methods, kwargs, firstresult)
  File "/Users/macbook-dev/Documents/GitHub/tldw_chatbook/.venv/lib/python3.12/site-packages/pluggy/_callers.py", line 121, in _multicall
    res = hook_impl.function(*args)
  File "/Users/macbook-dev/Documents/GitHub/tldw_chatbook/.venv/lib/python3.12/site-packages/_pytest/runner.py", line 178, in pytest_runtest_call
    item.runtest()
  File "/Users/macbook-dev/Documents/GitHub/tldw_chatbook/.venv/lib/python3.12/site-packages/pytest_asyncio/plugin.py", line 474, in runtest
    super().runtest()
  File "/Users/macbook-dev/Documents/GitHub/tldw_chatbook/.venv/lib/python3.12/site-packages/_pytest/python.py", line 1671, in runtest
    self.ihook.pytest_pyfunc_call(pyfuncitem=self)
  File "/Users/macbook-dev/Documents/GitHub/tldw_chatbook/.venv/lib/python3.12/site-packages/pluggy/_hooks.py", line 512, in __call__
    return self._hookexec(self.name, self._hookimpls.copy(), kwargs, firstresult)
  File "/Users/macbook-dev/Documents/GitHub/tldw_chatbook/.venv/lib/python3.12/site-packages/pluggy/_manager.py", line 120, in _hookexec
    return self._inner_hookexec(hook_name, methods, kwargs, firstresult)
  File "/Users/macbook-dev/Documents/GitHub/tldw_chatbook/.venv/lib/python3.12/site-packages/pluggy/_callers.py", line 121, in _multicall
    res = hook_impl.function(*args)
  File "/Users/macbook-dev/Documents/GitHub/tldw_chatbook/.venv/lib/python3.12/site-packages/_pytest/python.py", line 157, in pytest_pyfunc_call
    result = testfunction(**testargs)
  File "/Users/macbook-dev/Documents/GitHub/tldw_chatbook/.venv/lib/python3.12/site-packages/pytest_asyncio/plugin.py", line 721, in inner
    runner.run(coro, context=context)
  File "/Users/macbook-dev/.local/share/uv/python/cpython-3.12.11-macos-aarch64-none/lib/python3.12/asyncio/runners.py", line 118, in run
    return self._loop.run_until_complete(task)
  File "/Users/macbook-dev/.local/share/uv/python/cpython-3.12.11-macos-aarch64-none/lib/python3.12/asyncio/base_events.py", line 678, in run_until_complete
    self.run_forever()
  File "/Users/macbook-dev/.local/share/uv/python/cpython-3.12.11-macos-aarch64-none/lib/python3.12/asyncio/base_events.py", line 645, in run_forever
    self._run_once()
  File "/Users/macbook-dev/.local/share/uv/python/cpython-3.12.11-macos-aarch64-none/lib/python3.12/asyncio/base_events.py", line 1999, in _run_once
    handle._run()
  File "/Users/macbook-dev/.local/share/uv/python/cpython-3.12.11-macos-aarch64-none/lib/python3.12/asyncio/events.py", line 88, in _run
    self._context.run(self._callback, *self._args)
  File "/Users/macbook-dev/Documents/GitHub/tldw_chatbook/.venv/lib/python3.12/site-packages/textual/message_pump.py", line 566, in _process_messages
    if not await self._pre_process():
  File "/Users/macbook-dev/Documents/GitHub/tldw_chatbook/.venv/lib/python3.12/site-packages/textual/message_pump.py", line 599, in _pre_process
    await self._dispatch_message(events.Compose())
  File "/Users/macbook-dev/Documents/GitHub/tldw_chatbook/.venv/lib/python3.12/site-packages/textual/message_pump.py", line 727, in _dispatch_message
    await self.on_event(message)
  File "/Users/macbook-dev/Documents/GitHub/tldw_chatbook/.venv/lib/python3.12/site-packages/textual/message_pump.py", line 808, in on_event
    await self._on_message(event)
  File "/Users/macbook-dev/Documents/GitHub/tldw_chatbook/.venv/lib/python3.12/site-packages/textual/message_pump.py", line 829, in _on_message
    await invoke(method, message)
  File "/Users/macbook-dev/Documents/GitHub/tldw_chatbook/.venv/lib/python3.12/site-packages/textual/_callback.py", line 96, in invoke
    return await _invoke(callback, *params)
  File "/Users/macbook-dev/Documents/GitHub/tldw_chatbook/.venv/lib/python3.12/site-packages/textual/_callback.py", line 58, in _invoke
    result = await result
  File "/Users/macbook-dev/Documents/GitHub/tldw_chatbook/.venv/lib/python3.12/site-packages/textual/widget.py", line 4714, in _on_compose
    await self._compose()
  File "/Users/macbook-dev/Documents/GitHub/tldw_chatbook/.venv/lib/python3.12/site-packages/textual/screen.py", line 1486, in _compose
    await super()._compose()
  File "/Users/macbook-dev/Documents/GitHub/tldw_chatbook/.venv/lib/python3.12/site-packages/textual/widget.py", line 4718, in _compose
    widgets = [*self._pending_children, *compose(self)]
  File "/Users/macbook-dev/Documents/GitHub/tldw_chatbook/.venv/lib/python3.12/site-packages/textual/compose.py", line 54, in compose
    child = next(iter_compose)
  File "/Users/macbook-dev/.codex/worktrees/console-chat-starts/tldw_chatbook/tldw_chatbook/UI/Navigation/base_app_screen.py", line 391, in compose
    yield from self._compose_content_or_failure()
> File "/Users/macbook-dev/.codex/worktrees/console-chat-starts/tldw_chatbook/tldw_chatbook/UI/Navigation/base_app_screen.py", line 444, in _compose_content_or_failure
    yield from self.compose_content()
  File "/Users/macbook-dev/.codex/worktrees/console-chat-starts/tldw_chatbook/tldw_chatbook/UI/Screens/chat_screen.py", line 16198, in compose_content
    settings_summary_state = self._build_console_settings_summary_state()
  File "/Users/macbook-dev/.codex/worktrees/console-chat-starts/tldw_chatbook/tldw_chatbook/UI/Screens/chat_screen.py", line 8432, in _build_console_settings_summary_state
    estimate = self._active_console_settings_context_estimate()
  File "/Users/macbook-dev/.codex/worktrees/console-chat-starts/tldw_chatbook/tldw_chatbook/UI/Screens/chat_screen.py", line 8144, in _active_console_settings_context_estimate
    return self._console_settings_context_estimate_for_session(session_id)
  File "/Users/macbook-dev/.codex/worktrees/console-chat-starts/tldw_chatbook/tldw_chatbook/UI/Screens/chat_screen.py", line 8270, in _console_settings_context_estimate_for_session
    self._ensure_console_provider_gateway().cached_context_window(settings)
AttributeError: 'BlockedGateway' object has no attribute 'cached_context_window'
2026-10-03 19:10:34.675 | DEBUG    | tldw_chatbook.UI.Console_Modules.workspace:_persisted_console_browser_rows:3825 - Local persisted conversation service is unavailable
2026-10-03 19:10:34.675 | DEBUG    | tldw_chatbook.UI.Screens.chat_screen:_sync_console_workspace_context:14058 - No Console workspace context tray available for sync
2026-10-03 19:10:34.675 | WARNING  | tldw_chatbook.Chat.console_fleet_wake:recover:1001 - wake recovery failed (exception_type=AttributeError)
2026-10-03 19:10:34.959 | DEBUG    | tldw_chatbook.UI.Screens.chat_screen:_sync_console_workspace_context:14058 - No Console workspace context tray available for sync
2026-10-03 19:10:35.052 | DEBUG    | tldw_chatbook.Widgets.compact_model_bar:handle_compact_temp_change:203 - Sidebar temperature input not found for sync
2026-10-03 19:10:35.151 | INFO     | tldw_chatbook.UI.Navigation.base_app_screen:on_mount:532 - Screen chat mounted
2026-10-03 19:10:35.152 | DEBUG    | tldw_chatbook.DB.ChaChaNotes_DB:_enter_transaction:24489 - Started outermost transaction on thread 8494865792.
2026-10-03 19:10:35.153 | DEBUG    | tldw_chatbook.DB.ChaChaNotes_DB:_exit_transaction:24552 - Transaction (outermost) committed successfully on thread 8494865792.
2026-10-03 19:10:35.153 | DEBUG    | tldw_chatbook.UI.Screens.chat_screen:on_screen_resume:23581 - Chat screen resuming
2026-10-03 19:10:36.652 | DEBUG    | tldw_chatbook.DB.ChaChaNotes_DB:_enter_transaction:24489 - Started outermost transaction on thread 8494865792.
2026-10-03 19:10:36.656 | DEBUG    | tldw_chatbook.DB.ChaChaNotes_DB:_exit_transaction:24552 - Transaction (outermost) committed successfully on thread 8494865792.
2026-10-03 19:10:36.692 | INFO     | tldw_chatbook.UI.Navigation.base_app_screen:on_unmount:563 - Screen chat unmounted
2026-10-03 19:10:36.706 | WARNING  | tldw_chatbook.UI.Screens.chat_screen:_build_console_cost_state:11766 - cost_chip_state_failed
Traceback (most recent call last):
  File "<frozen runpy>", line 198, in _run_module_as_main
  File "<frozen runpy>", line 88, in _run_code
  File "/Users/macbook-dev/Documents/GitHub/tldw_chatbook/.venv/lib/python3.12/site-packages/pytest/__main__.py", line 9, in <module>
    raise SystemExit(pytest.console_main())
  File "/Users/macbook-dev/Documents/GitHub/tldw_chatbook/.venv/lib/python3.12/site-packages/_pytest/config/__init__.py", line 201, in console_main
    code = main()
  File "/Users/macbook-dev/Documents/GitHub/tldw_chatbook/.venv/lib/python3.12/site-packages/_pytest/config/__init__.py", line 175, in main
    ret: ExitCode | int = config.hook.pytest_cmdline_main(config=config)
  File "/Users/macbook-dev/Documents/GitHub/tldw_chatbook/.venv/lib/python3.12/site-packages/pluggy/_hooks.py", line 512, in __call__
    return self._hookexec(self.name, self._hookimpls.copy(), kwargs, firstresult)
  File "/Users/macbook-dev/Documents/GitHub/tldw_chatbook/.venv/lib/python3.12/site-packages/pluggy/_manager.py", line 120, in _hookexec
    return self._inner_hookexec(hook_name, methods, kwargs, firstresult)
  File "/Users/macbook-dev/Documents/GitHub/tldw_chatbook/.venv/lib/python3.12/site-packages/pluggy/_callers.py", line 121, in _multicall
    res = hook_impl.function(*args)
  File "/Users/macbook-dev/Documents/GitHub/tldw_chatbook/.venv/lib/python3.12/site-packages/_pytest/main.py", line 336, in pytest_cmdline_main
    return wrap_session(config, _main)
  File "/Users/macbook-dev/Documents/GitHub/tldw_chatbook/.venv/lib/python3.12/site-packages/_pytest/main.py", line 289, in wrap_session
    session.exitstatus = doit(config, session) or 0
  File "/Users/macbook-dev/Documents/GitHub/tldw_chatbook/.venv/lib/python3.12/site-packages/_pytest/main.py", line 343, in _main
    config.hook.pytest_runtestloop(session=session)
  File "/Users/macbook-dev/Documents/GitHub/tldw_chatbook/.venv/lib/python3.12/site-packages/pluggy/_hooks.py", line 512, in __call__
    return self._hookexec(self.name, self._hookimpls.copy(), kwargs, firstresult)
  File "/Users/macbook-dev/Documents/GitHub/tldw_chatbook/.venv/lib/python3.12/site-packages/pluggy/_manager.py", line 120, in _hookexec
    return self._inner_hookexec(hook_name, methods, kwargs, firstresult)
  File "/Users/macbook-dev/Documents/GitHub/tldw_chatbook/.venv/lib/python3.12/site-packages/pluggy/_callers.py", line 121, in _multicall
    res = hook_impl.function(*args)
  File "/Users/macbook-dev/Documents/GitHub/tldw_chatbook/.venv/lib/python3.12/site-packages/_pytest/main.py", line 367, in pytest_runtestloop
    item.config.hook.pytest_runtest_protocol(item=item, nextitem=nextitem)
  File "/Users/macbook-dev/Documents/GitHub/tldw_chatbook/.venv/lib/python3.12/site-packages/pluggy/_hooks.py", line 512, in __call__
    return self._hookexec(self.name, self._hookimpls.copy(), kwargs, firstresult)
  File "/Users/macbook-dev/Documents/GitHub/tldw_chatbook/.venv/lib/python3.12/site-packages/pluggy/_manager.py", line 120, in _hookexec
    return self._inner_hookexec(hook_name, methods, kwargs, firstresult)
  File "/Users/macbook-dev/Documents/GitHub/tldw_chatbook/.venv/lib/python3.12/site-packages/pluggy/_callers.py", line 121, in _multicall
    res = hook_impl.function(*args)
  File "/Users/macbook-dev/Documents/GitHub/tldw_chatbook/.venv/lib/python3.12/site-packages/_pytest/runner.py", line 117, in pytest_runtest_protocol
    runtestprotocol(item, nextitem=nextitem)
  File "/Users/macbook-dev/Documents/GitHub/tldw_chatbook/.venv/lib/python3.12/site-packages/_pytest/runner.py", line 136, in runtestprotocol
    reports.append(call_and_report(item, "call", log))
  File "/Users/macbook-dev/Documents/GitHub/tldw_chatbook/.venv/lib/python3.12/site-packages/_pytest/runner.py", line 245, in call_and_report
    call = CallInfo.from_call(
  File "/Users/macbook-dev/Documents/GitHub/tldw_chatbook/.venv/lib/python3.12/site-packages/_pytest/runner.py", line 344, in from_call
    result: TResult | None = func()
  File "/Users/macbook-dev/Documents/GitHub/tldw_chatbook/.venv/lib/python3.12/site-packages/_pytest/runner.py", line 246, in <lambda>
    lambda: runtest_hook(item=item, **kwds), when=when, reraise=reraise
  File "/Users/macbook-dev/Documents/GitHub/tldw_chatbook/.venv/lib/python3.12/site-packages/pluggy/_hooks.py", line 512, in __call__
    return self._hookexec(self.name, self._hookimpls.copy(), kwargs, firstresult)
  File "/Users/macbook-dev/Documents/GitHub/tldw_chatbook/.venv/lib/python3.12/site-packages/pluggy/_manager.py", line 120, in _hookexec
    return self._inner_hookexec(hook_name, methods, kwargs, firstresult)
  File "/Users/macbook-dev/Documents/GitHub/tldw_chatbook/.venv/lib/python3.12/site-packages/pluggy/_callers.py", line 121, in _multicall
    res = hook_impl.function(*args)
  File "/Users/macbook-dev/Documents/GitHub/tldw_chatbook/.venv/lib/python3.12/site-packages/_pytest/runner.py", line 178, in pytest_runtest_call
    item.runtest()
  File "/Users/macbook-dev/Documents/GitHub/tldw_chatbook/.venv/lib/python3.12/site-packages/pytest_asyncio/plugin.py", line 474, in runtest
    super().runtest()
  File "/Users/macbook-dev/Documents/GitHub/tldw_chatbook/.venv/lib/python3.12/site-packages/_pytest/python.py", line 1671, in runtest
    self.ihook.pytest_pyfunc_call(pyfuncitem=self)
  File "/Users/macbook-dev/Documents/GitHub/tldw_chatbook/.venv/lib/python3.12/site-packages/pluggy/_hooks.py", line 512, in __call__
    return self._hookexec(self.name, self._hookimpls.copy(), kwargs, firstresult)
  File "/Users/macbook-dev/Documents/GitHub/tldw_chatbook/.venv/lib/python3.12/site-packages/pluggy/_manager.py", line 120, in _hookexec
    return self._inner_hookexec(hook_name, methods, kwargs, firstresult)
  File "/Users/macbook-dev/Documents/GitHub/tldw_chatbook/.venv/lib/python3.12/site-packages/pluggy/_callers.py", line 121, in _multicall
    res = hook_impl.function(*args)
  File "/Users/macbook-dev/Documents/GitHub/tldw_chatbook/.venv/lib/python3.12/site-packages/_pytest/python.py", line 157, in pytest_pyfunc_call
    result = testfunction(**testargs)
  File "/Users/macbook-dev/Documents/GitHub/tldw_chatbook/.venv/lib/python3.12/site-packages/pytest_asyncio/plugin.py", line 721, in inner
    runner.run(coro, context=context)
  File "/Users/macbook-dev/.local/share/uv/python/cpython-3.12.11-macos-aarch64-none/lib/python3.12/asyncio/runners.py", line 118, in run
    return self._loop.run_until_complete(task)
  File "/Users/macbook-dev/.local/share/uv/python/cpython-3.12.11-macos-aarch64-none/lib/python3.12/asyncio/base_events.py", line 678, in run_until_complete
    self.run_forever()
  File "/Users/macbook-dev/.local/share/uv/python/cpython-3.12.11-macos-aarch64-none/lib/python3.12/asyncio/base_events.py", line 645, in run_forever
    self._run_once()
  File "/Users/macbook-dev/.local/share/uv/python/cpython-3.12.11-macos-aarch64-none/lib/python3.12/asyncio/base_events.py", line 1999, in _run_once
    handle._run()
  File "/Users/macbook-dev/.local/share/uv/python/cpython-3.12.11-macos-aarch64-none/lib/python3.12/asyncio/events.py", line 88, in _run
    self._context.run(self._callback, *self._args)
  File "/Users/macbook-dev/Documents/GitHub/tldw_chatbook/.venv/lib/python3.12/site-packages/textual/message_pump.py", line 582, in _process_messages
    await self._message_loop_exit()
  File "/Users/macbook-dev/Documents/GitHub/tldw_chatbook/.venv/lib/python3.12/site-packages/textual/screen.py", line 1303, in _message_loop_exit
    await super()._message_loop_exit()
  File "/Users/macbook-dev/Documents/GitHub/tldw_chatbook/.venv/lib/python3.12/site-packages/textual/widget.py", line 4525, in _message_loop_exit
    await self._dispatch_message(events.Unmount())
  File "/Users/macbook-dev/Documents/GitHub/tldw_chatbook/.venv/lib/python3.12/site-packages/textual/message_pump.py", line 741, in _dispatch_message
    await self._flush_next_callbacks()
  File "/Users/macbook-dev/Documents/GitHub/tldw_chatbook/.venv/lib/python3.12/site-packages/textual/message_pump.py", line 702, in _flush_next_callbacks
    await invoke(callback.callback)
  File "/Users/macbook-dev/Documents/GitHub/tldw_chatbook/.venv/lib/python3.12/site-packages/textual/_callback.py", line 96, in invoke
    return await _invoke(callback, *params)
  File "/Users/macbook-dev/Documents/GitHub/tldw_chatbook/.venv/lib/python3.12/site-packages/textual/_callback.py", line 58, in _invoke
    result = await result
  File "/Users/macbook-dev/Documents/GitHub/tldw_chatbook/.venv/lib/python3.12/site-packages/textual/screen.py", line 1272, in _invoke_and_clear_callbacks
    await invoke(callback)
  File "/Users/macbook-dev/Documents/GitHub/tldw_chatbook/.venv/lib/python3.12/site-packages/textual/_callback.py", line 96, in invoke
    return await _invoke(callback, *params)
  File "/Users/macbook-dev/Documents/GitHub/tldw_chatbook/.venv/lib/python3.12/site-packages/textual/_callback.py", line 56, in _invoke
    result = callback(*params[:parameter_count])
  File "/Users/macbook-dev/.codex/worktrees/console-chat-starts/tldw_chatbook/tldw_chatbook/UI/Screens/chat_screen.py", line 21625, in _run_coalesced_control_bar_sync
    self._sync_console_control_bar()
  File "/Users/macbook-dev/.codex/worktrees/console-chat-starts/tldw_chatbook/tldw_chatbook/UI/Screens/chat_screen.py", line 21645, in _sync_console_control_bar
    return self._run_console_config_sync(
  File "/Users/macbook-dev/.codex/worktrees/console-chat-starts/tldw_chatbook/tldw_chatbook/UI/Screens/chat_screen.py", line 21676, in _run_console_config_sync
    sync()
  File "/Users/macbook-dev/.codex/worktrees/console-chat-starts/tldw_chatbook/tldw_chatbook/UI/Screens/chat_screen.py", line 21646, in <lambda>
    lambda: self._sync_console_control_bar_under_config(rail_state)
  File "/Users/macbook-dev/.codex/worktrees/console-chat-starts/tldw_chatbook/tldw_chatbook/UI/Screens/chat_screen.py", line 21764, in _sync_console_control_bar_under_config
    self._sync_console_cost_chip()
  File "/Users/macbook-dev/.codex/worktrees/console-chat-starts/tldw_chatbook/tldw_chatbook/UI/Screens/chat_screen.py", line 11780, in _sync_console_cost_chip
    cost_state = self._build_console_cost_state()
> File "/Users/macbook-dev/.codex/worktrees/console-chat-starts/tldw_chatbook/tldw_chatbook/UI/Screens/chat_screen.py", line 11745, in _build_console_cost_state
    context_state = self._active_console_context_control_state()
  File "/Users/macbook-dev/.codex/worktrees/console-chat-starts/tldw_chatbook/tldw_chatbook/UI/Screens/chat_screen.py", line 8376, in _active_console_context_control_state
    return self._console_context_control_state_for_session(
  File "/Users/macbook-dev/.codex/worktrees/console-chat-starts/tldw_chatbook/tldw_chatbook/UI/Screens/chat_screen.py", line 8395, in _console_context_control_state_for_session
    estimate = estimate or self._console_settings_context_estimate_for_session(
  File "/Users/macbook-dev/.codex/worktrees/console-chat-starts/tldw_chatbook/tldw_chatbook/UI/Screens/chat_screen.py", line 8270, in _console_settings_context_estimate_for_session
    self._ensure_console_provider_gateway().cached_context_window(settings)
AttributeError: 'BlockedGateway' object has no attribute 'cached_context_window'
2026-10-03 19:10:36.730 | DEBUG    | tldw_chatbook.DB.ChaChaNotes_DB:_get_thread_connection:3554 - Opened/Reopened SQLite connection db_sha256=memory thread=6137016320
2026-10-03 19:10:36.732 | DEBUG    | tldw_chatbook.DB.ChaChaNotes_DB:_enter_transaction:24489 - Started outermost transaction on thread 6137016320.
2026-10-03 19:10:36.733 | DEBUG    | tldw_chatbook.DB.ChaChaNotes_DB:_exit_transaction:24589 - Transaction (outermost) rolled back due to exception (OperationalError) on thread 6137016320.
2026-10-03 19:10:36.736 | DEBUG    | tldw_chatbook.DB.ChaChaNotes_DB:_enter_transaction:24489 - Started outermost transaction on thread 6137016320.
2026-10-03 19:10:36.738 | DEBUG    | tldw_chatbook.DB.ChaChaNotes_DB:_exit_transaction:24589 - Transaction (outermost) rolled back due to exception (OperationalError) on thread 6137016320.
2026-10-03 19:10:36.748 | DEBUG    | tldw_chatbook.UI.Screens.chat_screen:_reconcile_console_after_attach:16704 - Console attach reconciliation will retry (exception_type=AttributeError)
2026-10-03 19:10:36.750 | DEBUG    | tldw_chatbook.DB.ChaChaNotes_DB:_enter_transaction:24489 - Started outermost transaction on thread 6137016320.
2026-10-03 19:10:36.750 | DEBUG    | tldw_chatbook.DB.ChaChaNotes_DB:_exit_transaction:24589 - Transaction (outermost) rolled back due to exception (OperationalError) on thread 6137016320.
2026-10-03 19:10:36.754 | DEBUG    | tldw_chatbook.DB.ChaChaNotes_DB:_enter_transaction:24489 - Started outermost transaction on thread 6137016320.
2026-10-03 19:10:36.754 | DEBUG    | tldw_chatbook.DB.ChaChaNotes_DB:_exit_transaction:24589 - Transaction (outermost) rolled back due to exception (OperationalError) on thread 6137016320.
2026-10-03 19:10:36.816 | DEBUG    | tldw_chatbook.UI.Screens.chat_screen:_reconcile_console_after_attach:16704 - Console attach reconciliation will retry (exception_type=AttributeError)
2026-10-03 19:10:36.829 | WARNING  | tldw_chatbook.UI.Screens.chat_screen:_build_console_cost_state:11766 - cost_chip_state_failed
Traceback (most recent call last):
  File "<frozen runpy>", line 198, in _run_module_as_main
  File "<frozen runpy>", line 88, in _run_code
  File "/Users/macbook-dev/Documents/GitHub/tldw_chatbook/.venv/lib/python3.12/site-packages/pytest/__main__.py", line 9, in <module>
    raise SystemExit(pytest.console_main())
  File "/Users/macbook-dev/Documents/GitHub/tldw_chatbook/.venv/lib/python3.12/site-packages/_pytest/config/__init__.py", line 201, in console_main
    code = main()
  File "/Users/macbook-dev/Documents/GitHub/tldw_chatbook/.venv/lib/python3.12/site-packages/_pytest/config/__init__.py", line 175, in main
    ret: ExitCode | int = config.hook.pytest_cmdline_main(config=config)
  File "/Users/macbook-dev/Documents/GitHub/tldw_chatbook/.venv/lib/python3.12/site-packages/pluggy/_hooks.py", line 512, in __call__
    return self._hookexec(self.name, self._hookimpls.copy(), kwargs, firstresult)
  File "/Users/macbook-dev/Documents/GitHub/tldw_chatbook/.venv/lib/python3.12/site-packages/pluggy/_manager.py", line 120, in _hookexec
    return self._inner_hookexec(hook_name, methods, kwargs, firstresult)
  File "/Users/macbook-dev/Documents/GitHub/tldw_chatbook/.venv/lib/python3.12/site-packages/pluggy/_callers.py", line 121, in _multicall
    res = hook_impl.function(*args)
  File "/Users/macbook-dev/Documents/GitHub/tldw_chatbook/.venv/lib/python3.12/site-packages/_pytest/main.py", line 336, in pytest_cmdline_main
    return wrap_session(config, _main)
  File "/Users/macbook-dev/Documents/GitHub/tldw_chatbook/.venv/lib/python3.12/site-packages/_pytest/main.py", line 289, in wrap_session
    session.exitstatus = doit(config, session) or 0
  File "/Users/macbook-dev/Documents/GitHub/tldw_chatbook/.venv/lib/python3.12/site-packages/_pytest/main.py", line 343, in _main
    config.hook.pytest_runtestloop(session=session)
  File "/Users/macbook-dev/Documents/GitHub/tldw_chatbook/.venv/lib/python3.12/site-packages/pluggy/_hooks.py", line 512, in __call__
    return self._hookexec(self.name, self._hookimpls.copy(), kwargs, firstresult)
  File "/Users/macbook-dev/Documents/GitHub/tldw_chatbook/.venv/lib/python3.12/site-packages/pluggy/_manager.py", line 120, in _hookexec
    return self._inner_hookexec(hook_name, methods, kwargs, firstresult)
  File "/Users/macbook-dev/Documents/GitHub/tldw_chatbook/.venv/lib/python3.12/site-packages/pluggy/_callers.py", line 121, in _multicall
    res = hook_impl.function(*args)
  File "/Users/macbook-dev/Documents/GitHub/tldw_chatbook/.venv/lib/python3.12/site-packages/_pytest/main.py", line 367, in pytest_runtestloop
    item.config.hook.pytest_runtest_protocol(item=item, nextitem=nextitem)
  File "/Users/macbook-dev/Documents/GitHub/tldw_chatbook/.venv/lib/python3.12/site-packages/pluggy/_hooks.py", line 512, in __call__
    return self._hookexec(self.name, self._hookimpls.copy(), kwargs, firstresult)
  File "/Users/macbook-dev/Documents/GitHub/tldw_chatbook/.venv/lib/python3.12/site-packages/pluggy/_manager.py", line 120, in _hookexec
    return self._inner_hookexec(hook_name, methods, kwargs, firstresult)
  File "/Users/macbook-dev/Documents/GitHub/tldw_chatbook/.venv/lib/python3.12/site-packages/pluggy/_callers.py", line 121, in _multicall
    res = hook_impl.function(*args)
  File "/Users/macbook-dev/Documents/GitHub/tldw_chatbook/.venv/lib/python3.12/site-packages/_pytest/runner.py", line 117, in pytest_runtest_protocol
    runtestprotocol(item, nextitem=nextitem)
  File "/Users/macbook-dev/Documents/GitHub/tldw_chatbook/.venv/lib/python3.12/site-packages/_pytest/runner.py", line 136, in runtestprotocol
    reports.append(call_and_report(item, "call", log))
  File "/Users/macbook-dev/Documents/GitHub/tldw_chatbook/.venv/lib/python3.12/site-packages/_pytest/runner.py", line 245, in call_and_report
    call = CallInfo.from_call(
  File "/Users/macbook-dev/Documents/GitHub/tldw_chatbook/.venv/lib/python3.12/site-packages/_pytest/runner.py", line 344, in from_call
    result: TResult | None = func()
  File "/Users/macbook-dev/Documents/GitHub/tldw_chatbook/.venv/lib/python3.12/site-packages/_pytest/runner.py", line 246, in <lambda>
    lambda: runtest_hook(item=item, **kwds), when=when, reraise=reraise
  File "/Users/macbook-dev/Documents/GitHub/tldw_chatbook/.venv/lib/python3.12/site-packages/pluggy/_hooks.py", line 512, in __call__
    return self._hookexec(self.name, self._hookimpls.copy(), kwargs, firstresult)
  File "/Users/macbook-dev/Documents/GitHub/tldw_chatbook/.venv/lib/python3.12/site-packages/pluggy/_manager.py", line 120, in _hookexec
    return self._inner_hookexec(hook_name, methods, kwargs, firstresult)
  File "/Users/macbook-dev/Documents/GitHub/tldw_chatbook/.venv/lib/python3.12/site-packages/pluggy/_callers.py", line 121, in _multicall
    res = hook_impl.function(*args)
  File "/Users/macbook-dev/Documents/GitHub/tldw_chatbook/.venv/lib/python3.12/site-packages/_pytest/runner.py", line 178, in pytest_runtest_call
    item.runtest()
  File "/Users/macbook-dev/Documents/GitHub/tldw_chatbook/.venv/lib/python3.12/site-packages/pytest_asyncio/plugin.py", line 474, in runtest
    super().runtest()
  File "/Users/macbook-dev/Documents/GitHub/tldw_chatbook/.venv/lib/python3.12/site-packages/_pytest/python.py", line 1671, in runtest
    self.ihook.pytest_pyfunc_call(pyfuncitem=self)
  File "/Users/macbook-dev/Documents/GitHub/tldw_chatbook/.venv/lib/python3.12/site-packages/pluggy/_hooks.py", line 512, in __call__
    return self._hookexec(self.name, self._hookimpls.copy(), kwargs, firstresult)
  File "/Users/macbook-dev/Documents/GitHub/tldw_chatbook/.venv/lib/python3.12/site-packages/pluggy/_manager.py", line 120, in _hookexec
    return self._inner_hookexec(hook_name, methods, kwargs, firstresult)
  File "/Users/macbook-dev/Documents/GitHub/tldw_chatbook/.venv/lib/python3.12/site-packages/pluggy/_callers.py", line 121, in _multicall
    res = hook_impl.function(*args)
  File "/Users/macbook-dev/Documents/GitHub/tldw_chatbook/.venv/lib/python3.12/site-packages/_pytest/python.py", line 157, in pytest_pyfunc_call
    result = testfunction(**testargs)
  File "/Users/macbook-dev/Documents/GitHub/tldw_chatbook/.venv/lib/python3.12/site-packages/pytest_asyncio/plugin.py", line 721, in inner
    runner.run(coro, context=context)
  File "/Users/macbook-dev/.local/share/uv/python/cpython-3.12.11-macos-aarch64-none/lib/python3.12/asyncio/runners.py", line 118, in run
    return self._loop.run_until_complete(task)
  File "/Users/macbook-dev/.local/share/uv/python/cpython-3.12.11-macos-aarch64-none/lib/python3.12/asyncio/base_events.py", line 678, in run_until_complete
    self.run_forever()
  File "/Users/macbook-dev/.local/share/uv/python/cpython-3.12.11-macos-aarch64-none/lib/python3.12/asyncio/base_events.py", line 645, in run_forever
    self._run_once()
  File "/Users/macbook-dev/.local/share/uv/python/cpython-3.12.11-macos-aarch64-none/lib/python3.12/asyncio/base_events.py", line 1999, in _run_once
    handle._run()
  File "/Users/macbook-dev/.local/share/uv/python/cpython-3.12.11-macos-aarch64-none/lib/python3.12/asyncio/events.py", line 88, in _run
    self._context.run(self._callback, *self._args)
  File "/Users/macbook-dev/Documents/GitHub/tldw_chatbook/.venv/lib/python3.12/site-packages/textual/worker.py", line 370, in _run
    self._result = await self.run()
  File "/Users/macbook-dev/Documents/GitHub/tldw_chatbook/.venv/lib/python3.12/site-packages/textual/worker.py", line 354, in run
    return await (
  File "/Users/macbook-dev/Documents/GitHub/tldw_chatbook/.venv/lib/python3.12/site-packages/textual/worker.py", line 339, in _run_async
    return await self._work()
  File "/Users/macbook-dev/.codex/worktrees/console-chat-starts/tldw_chatbook/tldw_chatbook/UI/Screens/chat_screen.py", line 19125, in _refresh_console_hooks
    await self._hooks.refresh()
  File "/Users/macbook-dev/.codex/worktrees/console-chat-starts/tldw_chatbook/tldw_chatbook/UI/Console_Modules/hooks.py", line 143, in refresh
    self._on_state(snapshot)
  File "/Users/macbook-dev/.codex/worktrees/console-chat-starts/tldw_chatbook/tldw_chatbook/UI/Console_Modules/wiring.py", line 2316, in <lambda>
    on_state=lambda snapshot: screen._apply_console_hooks_state(snapshot),
  File "/Users/macbook-dev/.codex/worktrees/console-chat-starts/tldw_chatbook/tldw_chatbook/UI/Screens/chat_screen.py", line 19129, in _apply_console_hooks_state
    self._sync_console_control_bar()
  File "/Users/macbook-dev/.codex/worktrees/console-chat-starts/tldw_chatbook/tldw_chatbook/UI/Screens/chat_screen.py", line 21645, in _sync_console_control_bar
    return self._run_console_config_sync(
  File "/Users/macbook-dev/.codex/worktrees/console-chat-starts/tldw_chatbook/tldw_chatbook/UI/Screens/chat_screen.py", line 21676, in _run_console_config_sync
    sync()
  File "/Users/macbook-dev/.codex/worktrees/console-chat-starts/tldw_chatbook/tldw_chatbook/UI/Screens/chat_screen.py", line 21646, in <lambda>
    lambda: self._sync_console_control_bar_under_config(rail_state)
  File "/Users/macbook-dev/.codex/worktrees/console-chat-starts/tldw_chatbook/tldw_chatbook/UI/Screens/chat_screen.py", line 21764, in _sync_console_control_bar_under_config
    self._sync_console_cost_chip()
  File "/Users/macbook-dev/.codex/worktrees/console-chat-starts/tldw_chatbook/tldw_chatbook/UI/Screens/chat_screen.py", line 11780, in _sync_console_cost_chip
    cost_state = self._build_console_cost_state()
> File "/Users/macbook-dev/.codex/worktrees/console-chat-starts/tldw_chatbook/tldw_chatbook/UI/Screens/chat_screen.py", line 11745, in _build_console_cost_state
    context_state = self._active_console_context_control_state()
  File "/Users/macbook-dev/.codex/worktrees/console-chat-starts/tldw_chatbook/tldw_chatbook/UI/Screens/chat_screen.py", line 8376, in _active_console_context_control_state
    return self._console_context_control_state_for_session(
  File "/Users/macbook-dev/.codex/worktrees/console-chat-starts/tldw_chatbook/tldw_chatbook/UI/Screens/chat_screen.py", line 8395, in _console_context_control_state_for_session
    estimate = estimate or self._console_settings_context_estimate_for_session(
  File "/Users/macbook-dev/.codex/worktrees/console-chat-starts/tldw_chatbook/tldw_chatbook/UI/Screens/chat_screen.py", line 8270, in _console_settings_context_estimate_for_session
    self._ensure_console_provider_gateway().cached_context_window(settings)
AttributeError: 'BlockedGateway' object has no attribute 'cached_context_window'
╭───────────────────── Traceback (most recent call last) ──────────────────────╮
│ /Users/macbook-dev/.codex/worktrees/console-chat-starts/tldw_chatbook/tldw_c │
│ hatbook/UI/Screens/chat_screen.py:22377 in _adapt_console_workspace_to_width │
│                                                                              │
│   22374 │   │   except QueryError:                                           │
│   22375 │   │   │   return                                                   │
│   22376 │   │   focused = self.app.focused                                   │
│ ❱ 22377 │   │   left_rail = self.query_one("#console-left-rail")             │
│   22378 │   │   right_rail = self.query_one("#console-right-rail")           │
│   22379 │   │   left_handle = self.query_one("#console-context-rail-handle") │
│   22380 │   │   right_handle = self.query_one("#console-inspector-rail-handl │
│                                                                              │
│ ╭──────────────────────────── locals ─────────────────────────────╮          │
│ │    band = 'standard'                                            │          │
│ │   event = Resize(size=Size(width=160, height=48))               │          │
│ │ focused = NavigationButton(                                     │          │
│ │           │   id='nav-home',                                    │          │
│ │           │   classes='-style-default nav-button ascii-nav-tab' │          │
│ │           )                                                     │          │
│ │    self = ChatScreen()                                          │          │
│ ╰─────────────────────────────────────────────────────────────────╯          │
╰──────────────────────────────────────────────────────────────────────────────╯
NoMatches: No nodes match '#console-left-rail' on ChatScreen()
------------------------------ Captured log call -------------------------------
INFO     root:app.py:1385 App __init__: Determined initial tab value: chat
WARNING  root:app.py:1492 Prompts service not initialized, self.prompts_db set to None.
ERROR    root:app.py:1513 ChaChaNotesDB (CharactersRAGDB) instance not found/assigned in app.__init__.
____ test_console_composer_arrow_home_end_keys_move_caret_and_render_glyph _____

    @pytest.mark.asyncio
    async def test_console_composer_arrow_home_end_keys_move_caret_and_render_glyph():
>       app = _build_test_app()
              ^^^^^^^^^^^^^^^^^

Tests/UI/test_console_composer_cursor.py:389: 
_ _ _ _ _ _ _ _ _ _ _ _ _ _ _ _ _ _ _ _ _ _ _ _ _ _ _ _ _ _ _ _ _ _ _ _ _ _ _ _ 
Tests/UI/app_factory.py:357: in _build_test_app
    fake_app_config = build_test_app_config(
Tests/UI/app_factory.py:113: in build_test_app_config
    config = load_settings()
             ^^^^^^^^^^^^^^^
tldw_chatbook/config.py:2027: in load_settings
    return _load_settings_guarded(
tldw_chatbook/Backup_Recovery/config_participants.py:421: in wrapped
    with operation(source, target=target):
         ^^^^^^^^^^^^^^^^^^^^^^^^^^^^^^^^
../../../../.local/share/uv/python/cpython-3.12.11-macos-aarch64-none/lib/python3.12/contextlib.py:137: in __enter__
    return next(self.gen)
           ^^^^^^^^^^^^^^
tldw_chatbook/Backup_Recovery/config_participants.py:352: in operation
    with raw._scope(source, route, writing=True, selected_read=target) as active:
         ^^^^^^^^^^^^^^^^^^^^^^^^^^^^^^^^^^^^^^^^^^^^^^^^^^^^^^^^^^^^^
../../../../.local/share/uv/python/cpython-3.12.11-macos-aarch64-none/lib/python3.12/contextlib.py:137: in __enter__
    return next(self.gen)
           ^^^^^^^^^^^^^^
tldw_chatbook/Backup_Recovery/raw_participants.py:649: in _scope
    participant = _raw_participant(source)
                  ^^^^^^^^^^^^^^^^^^^^^^^^
tldw_chatbook/Backup_Recovery/raw_participants.py:296: in _raw_participant
    state = _participant_state(participant)
            ^^^^^^^^^^^^^^^^^^^^^^^^^^^^^^^
_ _ _ _ _ _ _ _ _ _ _ _ _ _ _ _ _ _ _ _ _ _ _ _ _ _ _ _ _ _ _ _ _ _ _ _ _ _ _ _ 

participant = <tldw_chatbook.Backup_Recovery.raw_participants._RawParticipant object at 0x10bf209e0>

    def _participant_state(participant):
        if type(participant) is not _RawParticipant or participant not in _participants:
            raise bootstrap.RecoveryRequired("raw_participant_not_installed")
        state = _participants[participant]
        source = state.source()
        if source is None or type(source) is not state.source_type:
            raise bootstrap.RecoveryRequired("raw_participant_not_installed")
        if _source_participants.get(source) is not participant:
            raise bootstrap.RecoveryRequired("raw_participant_not_installed")
        if state.owner.startswith("mcp."):
            bound = mcp_sources.binding(source)
            if bound is None or not bound[2] or bound[1] != state.selected:
                raise bootstrap.RecoveryRequired("raw_source_selection_changed")
        if state.owner == "chat.dictionaries":
            binding = dictionary_files.binding(source)
            if binding is None or binding[1] != state.selected:
                raise bootstrap.RecoveryRequired("raw_source_selection_changed")
        if state.owner in {"personas", "chat.dictionary_history", "chat.rag_context"}:
            binding = chat_sources.binding(source)
            if binding is None or binding[1] != state.selected:
                raise bootstrap.RecoveryRequired("raw_source_selection_changed")
        if state.owner == "config":
            binding = config_files.binding(source)
            if binding is None or binding[1] != state.selected:
>               raise bootstrap.RecoveryRequired("raw_source_selection_changed")
E               tldw_chatbook.Backup_Recovery.bootstrap.RecoveryRequired: raw_source_selection_changed

tldw_chatbook/Backup_Recovery/raw_participants.py:132: RecoveryRequired
___________ test_console_composer_typing_inserts_at_caret_mid_draft ____________

    @pytest.mark.asyncio
    async def test_console_composer_typing_inserts_at_caret_mid_draft():
>       app = _build_test_app()
              ^^^^^^^^^^^^^^^^^

Tests/UI/test_console_composer_cursor.py:423: 
_ _ _ _ _ _ _ _ _ _ _ _ _ _ _ _ _ _ _ _ _ _ _ _ _ _ _ _ _ _ _ _ _ _ _ _ _ _ _ _ 
Tests/UI/app_factory.py:357: in _build_test_app
    fake_app_config = build_test_app_config(
Tests/UI/app_factory.py:113: in build_test_app_config
    config = load_settings()
             ^^^^^^^^^^^^^^^
tldw_chatbook/config.py:2027: in load_settings
    return _load_settings_guarded(
tldw_chatbook/Backup_Recovery/config_participants.py:421: in wrapped
    with operation(source, target=target):
         ^^^^^^^^^^^^^^^^^^^^^^^^^^^^^^^^
../../../../.local/share/uv/python/cpython-3.12.11-macos-aarch64-none/lib/python3.12/contextlib.py:137: in __enter__
    return next(self.gen)
           ^^^^^^^^^^^^^^
tldw_chatbook/Backup_Recovery/config_participants.py:352: in operation
    with raw._scope(source, route, writing=True, selected_read=target) as active:
         ^^^^^^^^^^^^^^^^^^^^^^^^^^^^^^^^^^^^^^^^^^^^^^^^^^^^^^^^^^^^^
../../../../.local/share/uv/python/cpython-3.12.11-macos-aarch64-none/lib/python3.12/contextlib.py:137: in __enter__
    return next(self.gen)
           ^^^^^^^^^^^^^^
tldw_chatbook/Backup_Recovery/raw_participants.py:649: in _scope
    participant = _raw_participant(source)
                  ^^^^^^^^^^^^^^^^^^^^^^^^
tldw_chatbook/Backup_Recovery/raw_participants.py:296: in _raw_participant
    state = _participant_state(participant)
            ^^^^^^^^^^^^^^^^^^^^^^^^^^^^^^^
_ _ _ _ _ _ _ _ _ _ _ _ _ _ _ _ _ _ _ _ _ _ _ _ _ _ _ _ _ _ _ _ _ _ _ _ _ _ _ _ 

participant = <tldw_chatbook.Backup_Recovery.raw_participants._RawParticipant object at 0x10bf209e0>

    def _participant_state(participant):
        if type(participant) is not _RawParticipant or participant not in _participants:
            raise bootstrap.RecoveryRequired("raw_participant_not_installed")
        state = _participants[participant]
        source = state.source()
        if source is None or type(source) is not state.source_type:
            raise bootstrap.RecoveryRequired("raw_participant_not_installed")
        if _source_participants.get(source) is not participant:
            raise bootstrap.RecoveryRequired("raw_participant_not_installed")
        if state.owner.startswith("mcp."):
            bound = mcp_sources.binding(source)
            if bound is None or not bound[2] or bound[1] != state.selected:
                raise bootstrap.RecoveryRequired("raw_source_selection_changed")
        if state.owner == "chat.dictionaries":
            binding = dictionary_files.binding(source)
            if binding is None or binding[1] != state.selected:
                raise bootstrap.RecoveryRequired("raw_source_selection_changed")
        if state.owner in {"personas", "chat.dictionary_history", "chat.rag_context"}:
            binding = chat_sources.binding(source)
            if binding is None or binding[1] != state.selected:
                raise bootstrap.RecoveryRequired("raw_source_selection_changed")
        if state.owner == "config":
            binding = config_files.binding(source)
            if binding is None or binding[1] != state.selected:
>               raise bootstrap.RecoveryRequired("raw_source_selection_changed")
E               tldw_chatbook.Backup_Recovery.bootstrap.RecoveryRequired: raw_source_selection_changed

tldw_chatbook/Backup_Recovery/raw_participants.py:132: RecoveryRequired
___________ test_console_composer_ctrl_w_deletes_word_left_of_caret ____________

    @pytest.mark.asyncio
    async def test_console_composer_ctrl_w_deletes_word_left_of_caret():
>       app = _build_test_app()
              ^^^^^^^^^^^^^^^^^

Tests/UI/test_console_composer_cursor.py:446: 
_ _ _ _ _ _ _ _ _ _ _ _ _ _ _ _ _ _ _ _ _ _ _ _ _ _ _ _ _ _ _ _ _ _ _ _ _ _ _ _ 
Tests/UI/app_factory.py:357: in _build_test_app
    fake_app_config = build_test_app_config(
Tests/UI/app_factory.py:113: in build_test_app_config
    config = load_settings()
             ^^^^^^^^^^^^^^^
tldw_chatbook/config.py:2027: in load_settings
    return _load_settings_guarded(
tldw_chatbook/Backup_Recovery/config_participants.py:421: in wrapped
    with operation(source, target=target):
         ^^^^^^^^^^^^^^^^^^^^^^^^^^^^^^^^
../../../../.local/share/uv/python/cpython-3.12.11-macos-aarch64-none/lib/python3.12/contextlib.py:137: in __enter__
    return next(self.gen)
           ^^^^^^^^^^^^^^
tldw_chatbook/Backup_Recovery/config_participants.py:352: in operation
    with raw._scope(source, route, writing=True, selected_read=target) as active:
         ^^^^^^^^^^^^^^^^^^^^^^^^^^^^^^^^^^^^^^^^^^^^^^^^^^^^^^^^^^^^^
../../../../.local/share/uv/python/cpython-3.12.11-macos-aarch64-none/lib/python3.12/contextlib.py:137: in __enter__
    return next(self.gen)
           ^^^^^^^^^^^^^^
tldw_chatbook/Backup_Recovery/raw_participants.py:649: in _scope
    participant = _raw_participant(source)
                  ^^^^^^^^^^^^^^^^^^^^^^^^
tldw_chatbook/Backup_Recovery/raw_participants.py:296: in _raw_participant
    state = _participant_state(participant)
            ^^^^^^^^^^^^^^^^^^^^^^^^^^^^^^^
_ _ _ _ _ _ _ _ _ _ _ _ _ _ _ _ _ _ _ _ _ _ _ _ _ _ _ _ _ _ _ _ _ _ _ _ _ _ _ _ 

participant = <tldw_chatbook.Backup_Recovery.raw_participants._RawParticipant object at 0x10bf209e0>

    def _participant_state(participant):
        if type(participant) is not _RawParticipant or participant not in _participants:
            raise bootstrap.RecoveryRequired("raw_participant_not_installed")
        state = _participants[participant]
        source = state.source()
        if source is None or type(source) is not state.source_type:
            raise bootstrap.RecoveryRequired("raw_participant_not_installed")
        if _source_participants.get(source) is not participant:
            raise bootstrap.RecoveryRequired("raw_participant_not_installed")
        if state.owner.startswith("mcp."):
            bound = mcp_sources.binding(source)
            if bound is None or not bound[2] or bound[1] != state.selected:
                raise bootstrap.RecoveryRequired("raw_source_selection_changed")
        if state.owner == "chat.dictionaries":
            binding = dictionary_files.binding(source)
            if binding is None or binding[1] != state.selected:
                raise bootstrap.RecoveryRequired("raw_source_selection_changed")
        if state.owner in {"personas", "chat.dictionary_history", "chat.rag_context"}:
            binding = chat_sources.binding(source)
            if binding is None or binding[1] != state.selected:
                raise bootstrap.RecoveryRequired("raw_source_selection_changed")
        if state.owner == "config":
            binding = config_files.binding(source)
            if binding is None or binding[1] != state.selected:
>               raise bootstrap.RecoveryRequired("raw_source_selection_changed")
E               tldw_chatbook.Backup_Recovery.bootstrap.RecoveryRequired: raw_source_selection_changed

tldw_chatbook/Backup_Recovery/raw_participants.py:132: RecoveryRequired
_____ test_console_composer_shift_enter_inserts_newline_enter_still_sends ______

    @pytest.mark.asyncio
    async def test_console_composer_shift_enter_inserts_newline_enter_still_sends():
        gateway = CapturingGateway()
        # TASK-21590: this is the one test in this module that drives a real send,
        # so it needs the durable persistence the shipping app always has.
>       app = _build_console_send_test_app()
              ^^^^^^^^^^^^^^^^^^^^^^^^^^^^^^

Tests/UI/test_console_composer_cursor.py:471: 
_ _ _ _ _ _ _ _ _ _ _ _ _ _ _ _ _ _ _ _ _ _ _ _ _ _ _ _ _ _ _ _ _ _ _ _ _ _ _ _ 
Tests/UI/test_console_native_chat_flow.py:235: in _build_console_send_test_app
    app = _build_test_app(*args, **kwargs)
          ^^^^^^^^^^^^^^^^^^^^^^^^^^^^^^^^
Tests/UI/app_factory.py:357: in _build_test_app
    fake_app_config = build_test_app_config(
Tests/UI/app_factory.py:113: in build_test_app_config
    config = load_settings()
             ^^^^^^^^^^^^^^^
tldw_chatbook/config.py:2027: in load_settings
    return _load_settings_guarded(
tldw_chatbook/Backup_Recovery/config_participants.py:421: in wrapped
    with operation(source, target=target):
         ^^^^^^^^^^^^^^^^^^^^^^^^^^^^^^^^
../../../../.local/share/uv/python/cpython-3.12.11-macos-aarch64-none/lib/python3.12/contextlib.py:137: in __enter__
    return next(self.gen)
           ^^^^^^^^^^^^^^
tldw_chatbook/Backup_Recovery/config_participants.py:352: in operation
    with raw._scope(source, route, writing=True, selected_read=target) as active:
         ^^^^^^^^^^^^^^^^^^^^^^^^^^^^^^^^^^^^^^^^^^^^^^^^^^^^^^^^^^^^^
../../../../.local/share/uv/python/cpython-3.12.11-macos-aarch64-none/lib/python3.12/contextlib.py:137: in __enter__
    return next(self.gen)
           ^^^^^^^^^^^^^^
tldw_chatbook/Backup_Recovery/raw_participants.py:649: in _scope
    participant = _raw_participant(source)
                  ^^^^^^^^^^^^^^^^^^^^^^^^
tldw_chatbook/Backup_Recovery/raw_participants.py:296: in _raw_participant
    state = _participant_state(participant)
            ^^^^^^^^^^^^^^^^^^^^^^^^^^^^^^^
_ _ _ _ _ _ _ _ _ _ _ _ _ _ _ _ _ _ _ _ _ _ _ _ _ _ _ _ _ _ _ _ _ _ _ _ _ _ _ _ 

participant = <tldw_chatbook.Backup_Recovery.raw_participants._RawParticipant object at 0x10bf209e0>

    def _participant_state(participant):
        if type(participant) is not _RawParticipant or participant not in _participants:
            raise bootstrap.RecoveryRequired("raw_participant_not_installed")
        state = _participants[participant]
        source = state.source()
        if source is None or type(source) is not state.source_type:
            raise bootstrap.RecoveryRequired("raw_participant_not_installed")
        if _source_participants.get(source) is not participant:
            raise bootstrap.RecoveryRequired("raw_participant_not_installed")
        if state.owner.startswith("mcp."):
            bound = mcp_sources.binding(source)
            if bound is None or not bound[2] or bound[1] != state.selected:
                raise bootstrap.RecoveryRequired("raw_source_selection_changed")
        if state.owner == "chat.dictionaries":
            binding = dictionary_files.binding(source)
            if binding is None or binding[1] != state.selected:
                raise bootstrap.RecoveryRequired("raw_source_selection_changed")
        if state.owner in {"personas", "chat.dictionary_history", "chat.rag_context"}:
            binding = chat_sources.binding(source)
            if binding is None or binding[1] != state.selected:
                raise bootstrap.RecoveryRequired("raw_source_selection_changed")
        if state.owner == "config":
            binding = config_files.binding(source)
            if binding is None or binding[1] != state.selected:
>               raise bootstrap.RecoveryRequired("raw_source_selection_changed")
E               tldw_chatbook.Backup_Recovery.bootstrap.RecoveryRequired: raw_source_selection_changed

tldw_chatbook/Backup_Recovery/raw_participants.py:132: RecoveryRequired
_________ test_console_composer_click_positions_caret_in_literal_text __________

    @pytest.mark.asyncio
    async def test_console_composer_click_positions_caret_in_literal_text():
>       app = _build_test_app()
              ^^^^^^^^^^^^^^^^^

Tests/UI/test_console_composer_cursor.py:504: 
_ _ _ _ _ _ _ _ _ _ _ _ _ _ _ _ _ _ _ _ _ _ _ _ _ _ _ _ _ _ _ _ _ _ _ _ _ _ _ _ 
Tests/UI/app_factory.py:357: in _build_test_app
    fake_app_config = build_test_app_config(
Tests/UI/app_factory.py:113: in build_test_app_config
    config = load_settings()
             ^^^^^^^^^^^^^^^
tldw_chatbook/config.py:2027: in load_settings
    return _load_settings_guarded(
tldw_chatbook/Backup_Recovery/config_participants.py:421: in wrapped
    with operation(source, target=target):
         ^^^^^^^^^^^^^^^^^^^^^^^^^^^^^^^^
../../../../.local/share/uv/python/cpython-3.12.11-macos-aarch64-none/lib/python3.12/contextlib.py:137: in __enter__
    return next(self.gen)
           ^^^^^^^^^^^^^^
tldw_chatbook/Backup_Recovery/config_participants.py:352: in operation
    with raw._scope(source, route, writing=True, selected_read=target) as active:
         ^^^^^^^^^^^^^^^^^^^^^^^^^^^^^^^^^^^^^^^^^^^^^^^^^^^^^^^^^^^^^
../../../../.local/share/uv/python/cpython-3.12.11-macos-aarch64-none/lib/python3.12/contextlib.py:137: in __enter__
    return next(self.gen)
           ^^^^^^^^^^^^^^
tldw_chatbook/Backup_Recovery/raw_participants.py:649: in _scope
    participant = _raw_participant(source)
                  ^^^^^^^^^^^^^^^^^^^^^^^^
tldw_chatbook/Backup_Recovery/raw_participants.py:296: in _raw_participant
    state = _participant_state(participant)
            ^^^^^^^^^^^^^^^^^^^^^^^^^^^^^^^
_ _ _ _ _ _ _ _ _ _ _ _ _ _ _ _ _ _ _ _ _ _ _ _ _ _ _ _ _ _ _ _ _ _ _ _ _ _ _ _ 

participant = <tldw_chatbook.Backup_Recovery.raw_participants._RawParticipant object at 0x10bf209e0>

    def _participant_state(participant):
        if type(participant) is not _RawParticipant or participant not in _participants:
            raise bootstrap.RecoveryRequired("raw_participant_not_installed")
        state = _participants[participant]
        source = state.source()
        if source is None or type(source) is not state.source_type:
            raise bootstrap.RecoveryRequired("raw_participant_not_installed")
        if _source_participants.get(source) is not participant:
            raise bootstrap.RecoveryRequired("raw_participant_not_installed")
        if state.owner.startswith("mcp."):
            bound = mcp_sources.binding(source)
            if bound is None or not bound[2] or bound[1] != state.selected:
                raise bootstrap.RecoveryRequired("raw_source_selection_changed")
        if state.owner == "chat.dictionaries":
            binding = dictionary_files.binding(source)
            if binding is None or binding[1] != state.selected:
                raise bootstrap.RecoveryRequired("raw_source_selection_changed")
        if state.owner in {"personas", "chat.dictionary_history", "chat.rag_context"}:
            binding = chat_sources.binding(source)
            if binding is None or binding[1] != state.selected:
                raise bootstrap.RecoveryRequired("raw_source_selection_changed")
        if state.owner == "config":
            binding = config_files.binding(source)
            if binding is None or binding[1] != state.selected:
>               raise bootstrap.RecoveryRequired("raw_source_selection_changed")
E               tldw_chatbook.Backup_Recovery.bootstrap.RecoveryRequired: raw_source_selection_changed

tldw_chatbook/Backup_Recovery/raw_participants.py:132: RecoveryRequired
________ test_console_composer_screen_coordinate_click_positions_caret _________

    @pytest.mark.asyncio
    async def test_console_composer_screen_coordinate_click_positions_caret():
>       app = _build_test_app()
              ^^^^^^^^^^^^^^^^^

Tests/UI/test_console_composer_cursor.py:531: 
_ _ _ _ _ _ _ _ _ _ _ _ _ _ _ _ _ _ _ _ _ _ _ _ _ _ _ _ _ _ _ _ _ _ _ _ _ _ _ _ 
Tests/UI/app_factory.py:357: in _build_test_app
    fake_app_config = build_test_app_config(
Tests/UI/app_factory.py:113: in build_test_app_config
    config = load_settings()
             ^^^^^^^^^^^^^^^
tldw_chatbook/config.py:2027: in load_settings
    return _load_settings_guarded(
tldw_chatbook/Backup_Recovery/config_participants.py:421: in wrapped
    with operation(source, target=target):
         ^^^^^^^^^^^^^^^^^^^^^^^^^^^^^^^^
../../../../.local/share/uv/python/cpython-3.12.11-macos-aarch64-none/lib/python3.12/contextlib.py:137: in __enter__
    return next(self.gen)
           ^^^^^^^^^^^^^^
tldw_chatbook/Backup_Recovery/config_participants.py:352: in operation
    with raw._scope(source, route, writing=True, selected_read=target) as active:
         ^^^^^^^^^^^^^^^^^^^^^^^^^^^^^^^^^^^^^^^^^^^^^^^^^^^^^^^^^^^^^
../../../../.local/share/uv/python/cpython-3.12.11-macos-aarch64-none/lib/python3.12/contextlib.py:137: in __enter__
    return next(self.gen)
           ^^^^^^^^^^^^^^
tldw_chatbook/Backup_Recovery/raw_participants.py:649: in _scope
    participant = _raw_participant(source)
                  ^^^^^^^^^^^^^^^^^^^^^^^^
tldw_chatbook/Backup_Recovery/raw_participants.py:296: in _raw_participant
    state = _participant_state(participant)
            ^^^^^^^^^^^^^^^^^^^^^^^^^^^^^^^
_ _ _ _ _ _ _ _ _ _ _ _ _ _ _ _ _ _ _ _ _ _ _ _ _ _ _ _ _ _ _ _ _ _ _ _ _ _ _ _ 

participant = <tldw_chatbook.Backup_Recovery.raw_participants._RawParticipant object at 0x10bf209e0>

    def _participant_state(participant):
        if type(participant) is not _RawParticipant or participant not in _participants:
            raise bootstrap.RecoveryRequired("raw_participant_not_installed")
        state = _participants[participant]
        source = state.source()
        if source is None or type(source) is not state.source_type:
            raise bootstrap.RecoveryRequired("raw_participant_not_installed")
        if _source_participants.get(source) is not participant:
            raise bootstrap.RecoveryRequired("raw_participant_not_installed")
        if state.owner.startswith("mcp."):
            bound = mcp_sources.binding(source)
            if bound is None or not bound[2] or bound[1] != state.selected:
                raise bootstrap.RecoveryRequired("raw_source_selection_changed")
        if state.owner == "chat.dictionaries":
            binding = dictionary_files.binding(source)
            if binding is None or binding[1] != state.selected:
                raise bootstrap.RecoveryRequired("raw_source_selection_changed")
        if state.owner in {"personas", "chat.dictionary_history", "chat.rag_context"}:
            binding = chat_sources.binding(source)
            if binding is None or binding[1] != state.selected:
                raise bootstrap.RecoveryRequired("raw_source_selection_changed")
        if state.owner == "config":
            binding = config_files.binding(source)
            if binding is None or binding[1] != state.selected:
>               raise bootstrap.RecoveryRequired("raw_source_selection_changed")
E               tldw_chatbook.Backup_Recovery.bootstrap.RecoveryRequired: raw_source_selection_changed

tldw_chatbook/Backup_Recovery/raw_participants.py:132: RecoveryRequired
____ test_console_composer_click_on_paste_token_still_unfurls_not_positions ____

    @pytest.mark.asyncio
    async def test_console_composer_click_on_paste_token_still_unfurls_not_positions():
>       app = _build_test_app()
              ^^^^^^^^^^^^^^^^^

Tests/UI/test_console_composer_cursor.py:557: 
_ _ _ _ _ _ _ _ _ _ _ _ _ _ _ _ _ _ _ _ _ _ _ _ _ _ _ _ _ _ _ _ _ _ _ _ _ _ _ _ 
Tests/UI/app_factory.py:357: in _build_test_app
    fake_app_config = build_test_app_config(
Tests/UI/app_factory.py:113: in build_test_app_config
    config = load_settings()
             ^^^^^^^^^^^^^^^
tldw_chatbook/config.py:2027: in load_settings
    return _load_settings_guarded(
tldw_chatbook/Backup_Recovery/config_participants.py:421: in wrapped
    with operation(source, target=target):
         ^^^^^^^^^^^^^^^^^^^^^^^^^^^^^^^^
../../../../.local/share/uv/python/cpython-3.12.11-macos-aarch64-none/lib/python3.12/contextlib.py:137: in __enter__
    return next(self.gen)
           ^^^^^^^^^^^^^^
tldw_chatbook/Backup_Recovery/config_participants.py:352: in operation
    with raw._scope(source, route, writing=True, selected_read=target) as active:
         ^^^^^^^^^^^^^^^^^^^^^^^^^^^^^^^^^^^^^^^^^^^^^^^^^^^^^^^^^^^^^
../../../../.local/share/uv/python/cpython-3.12.11-macos-aarch64-none/lib/python3.12/contextlib.py:137: in __enter__
    return next(self.gen)
           ^^^^^^^^^^^^^^
tldw_chatbook/Backup_Recovery/raw_participants.py:649: in _scope
    participant = _raw_participant(source)
                  ^^^^^^^^^^^^^^^^^^^^^^^^
tldw_chatbook/Backup_Recovery/raw_participants.py:296: in _raw_participant
    state = _participant_state(participant)
            ^^^^^^^^^^^^^^^^^^^^^^^^^^^^^^^
_ _ _ _ _ _ _ _ _ _ _ _ _ _ _ _ _ _ _ _ _ _ _ _ _ _ _ _ _ _ _ _ _ _ _ _ _ _ _ _ 

participant = <tldw_chatbook.Backup_Recovery.raw_participants._RawParticipant object at 0x10bf209e0>

    def _participant_state(participant):
        if type(participant) is not _RawParticipant or participant not in _participants:
            raise bootstrap.RecoveryRequired("raw_participant_not_installed")
        state = _participants[participant]
        source = state.source()
        if source is None or type(source) is not state.source_type:
            raise bootstrap.RecoveryRequired("raw_participant_not_installed")
        if _source_participants.get(source) is not participant:
            raise bootstrap.RecoveryRequired("raw_participant_not_installed")
        if state.owner.startswith("mcp."):
            bound = mcp_sources.binding(source)
            if bound is None or not bound[2] or bound[1] != state.selected:
                raise bootstrap.RecoveryRequired("raw_source_selection_changed")
        if state.owner == "chat.dictionaries":
            binding = dictionary_files.binding(source)
            if binding is None or binding[1] != state.selected:
                raise bootstrap.RecoveryRequired("raw_source_selection_changed")
        if state.owner in {"personas", "chat.dictionary_history", "chat.rag_context"}:
            binding = chat_sources.binding(source)
            if binding is None or binding[1] != state.selected:
                raise bootstrap.RecoveryRequired("raw_source_selection_changed")
        if state.owner == "config":
            binding = config_files.binding(source)
            if binding is None or binding[1] != state.selected:
>               raise bootstrap.RecoveryRequired("raw_source_selection_changed")
E               tldw_chatbook.Backup_Recovery.bootstrap.RecoveryRequired: raw_source_selection_changed

tldw_chatbook/Backup_Recovery/raw_participants.py:132: RecoveryRequired
________ test_console_prompt_insert_appends_at_end_regardless_of_caret _________

    @pytest.mark.asyncio
    async def test_console_prompt_insert_appends_at_end_regardless_of_caret():
        """The `/prompt` and Library handoffs keep their append-at-end contract."""
>       app = _build_test_app()
              ^^^^^^^^^^^^^^^^^

Tests/UI/test_console_composer_cursor.py:579: 
_ _ _ _ _ _ _ _ _ _ _ _ _ _ _ _ _ _ _ _ _ _ _ _ _ _ _ _ _ _ _ _ _ _ _ _ _ _ _ _ 
Tests/UI/app_factory.py:357: in _build_test_app
    fake_app_config = build_test_app_config(
Tests/UI/app_factory.py:113: in build_test_app_config
    config = load_settings()
             ^^^^^^^^^^^^^^^
tldw_chatbook/config.py:2027: in load_settings
    return _load_settings_guarded(
tldw_chatbook/Backup_Recovery/config_participants.py:421: in wrapped
    with operation(source, target=target):
         ^^^^^^^^^^^^^^^^^^^^^^^^^^^^^^^^
../../../../.local/share/uv/python/cpython-3.12.11-macos-aarch64-none/lib/python3.12/contextlib.py:137: in __enter__
    return next(self.gen)
           ^^^^^^^^^^^^^^
tldw_chatbook/Backup_Recovery/config_participants.py:352: in operation
    with raw._scope(source, route, writing=True, selected_read=target) as active:
         ^^^^^^^^^^^^^^^^^^^^^^^^^^^^^^^^^^^^^^^^^^^^^^^^^^^^^^^^^^^^^
../../../../.local/share/uv/python/cpython-3.12.11-macos-aarch64-none/lib/python3.12/contextlib.py:137: in __enter__
    return next(self.gen)
           ^^^^^^^^^^^^^^
tldw_chatbook/Backup_Recovery/raw_participants.py:649: in _scope
    participant = _raw_participant(source)
                  ^^^^^^^^^^^^^^^^^^^^^^^^
tldw_chatbook/Backup_Recovery/raw_participants.py:296: in _raw_participant
    state = _participant_state(participant)
            ^^^^^^^^^^^^^^^^^^^^^^^^^^^^^^^
_ _ _ _ _ _ _ _ _ _ _ _ _ _ _ _ _ _ _ _ _ _ _ _ _ _ _ _ _ _ _ _ _ _ _ _ _ _ _ _ 

participant = <tldw_chatbook.Backup_Recovery.raw_participants._RawParticipant object at 0x10bf209e0>

    def _participant_state(participant):
        if type(participant) is not _RawParticipant or participant not in _participants:
            raise bootstrap.RecoveryRequired("raw_participant_not_installed")
        state = _participants[participant]
        source = state.source()
        if source is None or type(source) is not state.source_type:
            raise bootstrap.RecoveryRequired("raw_participant_not_installed")
        if _source_participants.get(source) is not participant:
            raise bootstrap.RecoveryRequired("raw_participant_not_installed")
        if state.owner.startswith("mcp."):
            bound = mcp_sources.binding(source)
            if bound is None or not bound[2] or bound[1] != state.selected:
                raise bootstrap.RecoveryRequired("raw_source_selection_changed")
        if state.owner == "chat.dictionaries":
            binding = dictionary_files.binding(source)
            if binding is None or binding[1] != state.selected:
                raise bootstrap.RecoveryRequired("raw_source_selection_changed")
        if state.owner in {"personas", "chat.dictionary_history", "chat.rag_context"}:
            binding = chat_sources.binding(source)
            if binding is None or binding[1] != state.selected:
                raise bootstrap.RecoveryRequired("raw_source_selection_changed")
        if state.owner == "config":
            binding = config_files.binding(source)
            if binding is None or binding[1] != state.selected:
>               raise bootstrap.RecoveryRequired("raw_source_selection_changed")
E               tldw_chatbook.Backup_Recovery.bootstrap.RecoveryRequired: raw_source_selection_changed

tldw_chatbook/Backup_Recovery/raw_participants.py:132: RecoveryRequired
_____________ test_console_composer_blink_tick_arms_no_layout_pass _____________

    @pytest.mark.asyncio
    async def test_console_composer_blink_tick_arms_no_layout_pass():
        """A blink phase flip costs no more layout work than an idle settle.
    
        TASK-21692: ``Static.update`` defaults to ``layout=True``, so the 0.53 s
        cursor-blink tick used to schedule a full ``Screen._refresh_layout`` /
        ``Compositor.reflow`` ~2x/second for as long as the composer merely held
        focus -- exactly what ``_render_visible_draft_only``'s own docstring says
        must not happen.
    
        The idle arm is the noise floor (this harness measures 0, but asserting
        against the measured ambient rather than a bare 0 keeps the test from
        turning into a flake if some unrelated timer starts firing).
        """
>       app = _build_test_app()
              ^^^^^^^^^^^^^^^^^

Tests/UI/test_console_composer_cursor.py:674: 
_ _ _ _ _ _ _ _ _ _ _ _ _ _ _ _ _ _ _ _ _ _ _ _ _ _ _ _ _ _ _ _ _ _ _ _ _ _ _ _ 
Tests/UI/app_factory.py:357: in _build_test_app
    fake_app_config = build_test_app_config(
Tests/UI/app_factory.py:113: in build_test_app_config
    config = load_settings()
             ^^^^^^^^^^^^^^^
tldw_chatbook/config.py:2027: in load_settings
    return _load_settings_guarded(
tldw_chatbook/Backup_Recovery/config_participants.py:421: in wrapped
    with operation(source, target=target):
         ^^^^^^^^^^^^^^^^^^^^^^^^^^^^^^^^
../../../../.local/share/uv/python/cpython-3.12.11-macos-aarch64-none/lib/python3.12/contextlib.py:137: in __enter__
    return next(self.gen)
           ^^^^^^^^^^^^^^
tldw_chatbook/Backup_Recovery/config_participants.py:352: in operation
    with raw._scope(source, route, writing=True, selected_read=target) as active:
         ^^^^^^^^^^^^^^^^^^^^^^^^^^^^^^^^^^^^^^^^^^^^^^^^^^^^^^^^^^^^^
../../../../.local/share/uv/python/cpython-3.12.11-macos-aarch64-none/lib/python3.12/contextlib.py:137: in __enter__
    return next(self.gen)
           ^^^^^^^^^^^^^^
tldw_chatbook/Backup_Recovery/raw_participants.py:649: in _scope
    participant = _raw_participant(source)
                  ^^^^^^^^^^^^^^^^^^^^^^^^
tldw_chatbook/Backup_Recovery/raw_participants.py:296: in _raw_participant
    state = _participant_state(participant)
            ^^^^^^^^^^^^^^^^^^^^^^^^^^^^^^^
_ _ _ _ _ _ _ _ _ _ _ _ _ _ _ _ _ _ _ _ _ _ _ _ _ _ _ _ _ _ _ _ _ _ _ _ _ _ _ _ 

participant = <tldw_chatbook.Backup_Recovery.raw_participants._RawParticipant object at 0x10bf209e0>

    def _participant_state(participant):
        if type(participant) is not _RawParticipant or participant not in _participants:
            raise bootstrap.RecoveryRequired("raw_participant_not_installed")
        state = _participants[participant]
        source = state.source()
        if source is None or type(source) is not state.source_type:
            raise bootstrap.RecoveryRequired("raw_participant_not_installed")
        if _source_participants.get(source) is not participant:
            raise bootstrap.RecoveryRequired("raw_participant_not_installed")
        if state.owner.startswith("mcp."):
            bound = mcp_sources.binding(source)
            if bound is None or not bound[2] or bound[1] != state.selected:
                raise bootstrap.RecoveryRequired("raw_source_selection_changed")
        if state.owner == "chat.dictionaries":
            binding = dictionary_files.binding(source)
            if binding is None or binding[1] != state.selected:
                raise bootstrap.RecoveryRequired("raw_source_selection_changed")
        if state.owner in {"personas", "chat.dictionary_history", "chat.rag_context"}:
            binding = chat_sources.binding(source)
            if binding is None or binding[1] != state.selected:
                raise bootstrap.RecoveryRequired("raw_source_selection_changed")
        if state.owner == "config":
            binding = config_files.binding(source)
            if binding is None or binding[1] != state.selected:
>               raise bootstrap.RecoveryRequired("raw_source_selection_changed")
E               tldw_chatbook.Backup_Recovery.bootstrap.RecoveryRequired: raw_source_selection_changed

tldw_chatbook/Backup_Recovery/raw_participants.py:132: RecoveryRequired
__________ test_console_composer_blink_phases_are_geometry_identical ___________

    @pytest.mark.asyncio
    async def test_console_composer_blink_phases_are_geometry_identical():
        """Both blink phases occupy identical geometry, at every wrap boundary.
    
        This is the safety half of TASK-21692: ``layout=False`` is only sound
        while the rendered size genuinely cannot change between phases. The
        reserved caret cell (glyph when visible, space when hidden, wrapped in
        the same pass) is what guarantees that, so the boundary cases that would
        break it -- an empty draft, a draft filling the last cell, a draft
        landing exactly at the wrap width so the caret spills a row, and a
        double-width CJK draft -- are all exercised here.
        """
>       app = _build_test_app()
              ^^^^^^^^^^^^^^^^^

Tests/UI/test_console_composer_cursor.py:717: 
_ _ _ _ _ _ _ _ _ _ _ _ _ _ _ _ _ _ _ _ _ _ _ _ _ _ _ _ _ _ _ _ _ _ _ _ _ _ _ _ 
Tests/UI/app_factory.py:357: in _build_test_app
    fake_app_config = build_test_app_config(
Tests/UI/app_factory.py:113: in build_test_app_config
    config = load_settings()
             ^^^^^^^^^^^^^^^
tldw_chatbook/config.py:2027: in load_settings
    return _load_settings_guarded(
tldw_chatbook/Backup_Recovery/config_participants.py:421: in wrapped
    with operation(source, target=target):
         ^^^^^^^^^^^^^^^^^^^^^^^^^^^^^^^^
../../../../.local/share/uv/python/cpython-3.12.11-macos-aarch64-none/lib/python3.12/contextlib.py:137: in __enter__
    return next(self.gen)
           ^^^^^^^^^^^^^^
tldw_chatbook/Backup_Recovery/config_participants.py:352: in operation
    with raw._scope(source, route, writing=True, selected_read=target) as active:
         ^^^^^^^^^^^^^^^^^^^^^^^^^^^^^^^^^^^^^^^^^^^^^^^^^^^^^^^^^^^^^
../../../../.local/share/uv/python/cpython-3.12.11-macos-aarch64-none/lib/python3.12/contextlib.py:137: in __enter__
    return next(self.gen)
           ^^^^^^^^^^^^^^
tldw_chatbook/Backup_Recovery/raw_participants.py:649: in _scope
    participant = _raw_participant(source)
                  ^^^^^^^^^^^^^^^^^^^^^^^^
tldw_chatbook/Backup_Recovery/raw_participants.py:296: in _raw_participant
    state = _participant_state(participant)
            ^^^^^^^^^^^^^^^^^^^^^^^^^^^^^^^
_ _ _ _ _ _ _ _ _ _ _ _ _ _ _ _ _ _ _ _ _ _ _ _ _ _ _ _ _ _ _ _ _ _ _ _ _ _ _ _ 

participant = <tldw_chatbook.Backup_Recovery.raw_participants._RawParticipant object at 0x10bf209e0>

    def _participant_state(participant):
        if type(participant) is not _RawParticipant or participant not in _participants:
            raise bootstrap.RecoveryRequired("raw_participant_not_installed")
        state = _participants[participant]
        source = state.source()
        if source is None or type(source) is not state.source_type:
            raise bootstrap.RecoveryRequired("raw_participant_not_installed")
        if _source_participants.get(source) is not participant:
            raise bootstrap.RecoveryRequired("raw_participant_not_installed")
        if state.owner.startswith("mcp."):
            bound = mcp_sources.binding(source)
            if bound is None or not bound[2] or bound[1] != state.selected:
                raise bootstrap.RecoveryRequired("raw_source_selection_changed")
        if state.owner == "chat.dictionaries":
            binding = dictionary_files.binding(source)
            if binding is None or binding[1] != state.selected:
                raise bootstrap.RecoveryRequired("raw_source_selection_changed")
        if state.owner in {"personas", "chat.dictionary_history", "chat.rag_context"}:
            binding = chat_sources.binding(source)
            if binding is None or binding[1] != state.selected:
                raise bootstrap.RecoveryRequired("raw_source_selection_changed")
        if state.owner == "config":
            binding = config_files.binding(source)
            if binding is None or binding[1] != state.selected:
>               raise bootstrap.RecoveryRequired("raw_source_selection_changed")
E               tldw_chatbook.Backup_Recovery.bootstrap.RecoveryRequired: raw_source_selection_changed

tldw_chatbook/Backup_Recovery/raw_participants.py:132: RecoveryRequired
______ test_console_composer_idle_blink_ticks_do_no_wrap_or_history_scan _______

monkeypatch = <_pytest.monkeypatch.MonkeyPatch object at 0x132f3bc50>

    @pytest.mark.asyncio
    async def test_console_composer_idle_blink_ticks_do_no_wrap_or_history_scan(
        monkeypatch,
    ):
        """A steady-state blink tick performs no draft wrap and no history scan.
    
        TASK-22218: before the render memo, every 0.53 s tick re-ran the full
        grapheme-aware ``cell_len`` wrap of the ENTIRE draft (a pasted 20 KB
        draft, re-wrapped ~1.89x/s forever) plus ``_ghost_suffix``'s linear
        ``startswith`` scan over up to 1000 history entries -- all to flip one
        caret cell. With the draft, width, and history unchanged, a tick must be
        a memo hit: zero wraps, zero scans.
    
        The two warm-up ticks are the memo filling its two blink phases -- the
        hidden phase genuinely has never been rendered for a fresh draft, so its
        first render is real work, once.
        """
>       app = _build_test_app()
              ^^^^^^^^^^^^^^^^^

Tests/UI/test_console_composer_cursor.py:812: 
_ _ _ _ _ _ _ _ _ _ _ _ _ _ _ _ _ _ _ _ _ _ _ _ _ _ _ _ _ _ _ _ _ _ _ _ _ _ _ _ 
Tests/UI/app_factory.py:357: in _build_test_app
    fake_app_config = build_test_app_config(
Tests/UI/app_factory.py:113: in build_test_app_config
    config = load_settings()
             ^^^^^^^^^^^^^^^
tldw_chatbook/config.py:2027: in load_settings
    return _load_settings_guarded(
tldw_chatbook/Backup_Recovery/config_participants.py:421: in wrapped
    with operation(source, target=target):
         ^^^^^^^^^^^^^^^^^^^^^^^^^^^^^^^^
../../../../.local/share/uv/python/cpython-3.12.11-macos-aarch64-none/lib/python3.12/contextlib.py:137: in __enter__
    return next(self.gen)
           ^^^^^^^^^^^^^^
tldw_chatbook/Backup_Recovery/config_participants.py:352: in operation
    with raw._scope(source, route, writing=True, selected_read=target) as active:
         ^^^^^^^^^^^^^^^^^^^^^^^^^^^^^^^^^^^^^^^^^^^^^^^^^^^^^^^^^^^^^
../../../../.local/share/uv/python/cpython-3.12.11-macos-aarch64-none/lib/python3.12/contextlib.py:137: in __enter__
    return next(self.gen)
           ^^^^^^^^^^^^^^
tldw_chatbook/Backup_Recovery/raw_participants.py:649: in _scope
    participant = _raw_participant(source)
                  ^^^^^^^^^^^^^^^^^^^^^^^^
tldw_chatbook/Backup_Recovery/raw_participants.py:296: in _raw_participant
    state = _participant_state(participant)
            ^^^^^^^^^^^^^^^^^^^^^^^^^^^^^^^
_ _ _ _ _ _ _ _ _ _ _ _ _ _ _ _ _ _ _ _ _ _ _ _ _ _ _ _ _ _ _ _ _ _ _ _ _ _ _ _ 

participant = <tldw_chatbook.Backup_Recovery.raw_participants._RawParticipant object at 0x10bf209e0>

    def _participant_state(participant):
        if type(participant) is not _RawParticipant or participant not in _participants:
            raise bootstrap.RecoveryRequired("raw_participant_not_installed")
        state = _participants[participant]
        source = state.source()
        if source is None or type(source) is not state.source_type:
            raise bootstrap.RecoveryRequired("raw_participant_not_installed")
        if _source_participants.get(source) is not participant:
            raise bootstrap.RecoveryRequired("raw_participant_not_installed")
        if state.owner.startswith("mcp."):
            bound = mcp_sources.binding(source)
            if bound is None or not bound[2] or bound[1] != state.selected:
                raise bootstrap.RecoveryRequired("raw_source_selection_changed")
        if state.owner == "chat.dictionaries":
            binding = dictionary_files.binding(source)
            if binding is None or binding[1] != state.selected:
                raise bootstrap.RecoveryRequired("raw_source_selection_changed")
        if state.owner in {"personas", "chat.dictionary_history", "chat.rag_context"}:
            binding = chat_sources.binding(source)
            if binding is None or binding[1] != state.selected:
                raise bootstrap.RecoveryRequired("raw_source_selection_changed")
        if state.owner == "config":
            binding = config_files.binding(source)
            if binding is None or binding[1] != state.selected:
>               raise bootstrap.RecoveryRequired("raw_source_selection_changed")
E               tldw_chatbook.Backup_Recovery.bootstrap.RecoveryRequired: raw_source_selection_changed

tldw_chatbook/Backup_Recovery/raw_participants.py:132: RecoveryRequired
______ test_console_composer_blink_freezes_solid_under_modal_and_resumes _______

    @pytest.mark.asyncio
    async def test_console_composer_blink_freezes_solid_under_modal_and_resumes():
        """Blink ticks stop flipping while the composer's screen is covered.
    
        TASK-22218: the blink resume gate is ``has_focus_within``, which reads
        the composer's OWN screen's focus memory -- it survives ``push_screen``,
        so every modal left the caret blinking (and re-rendering) underneath.
        The tick now early-outs on ``not self.screen.is_active`` (the TASK-22219
        shape: the timer keeps ticking and IS the resume path), parking the
        caret solid; the first tick after the modal pops blinks again.
        """
>       app = _build_test_app()
              ^^^^^^^^^^^^^^^^^

Tests/UI/test_console_composer_cursor.py:892: 
_ _ _ _ _ _ _ _ _ _ _ _ _ _ _ _ _ _ _ _ _ _ _ _ _ _ _ _ _ _ _ _ _ _ _ _ _ _ _ _ 
Tests/UI/app_factory.py:357: in _build_test_app
    fake_app_config = build_test_app_config(
Tests/UI/app_factory.py:113: in build_test_app_config
    config = load_settings()
             ^^^^^^^^^^^^^^^
tldw_chatbook/config.py:2027: in load_settings
    return _load_settings_guarded(
tldw_chatbook/Backup_Recovery/config_participants.py:421: in wrapped
    with operation(source, target=target):
         ^^^^^^^^^^^^^^^^^^^^^^^^^^^^^^^^
../../../../.local/share/uv/python/cpython-3.12.11-macos-aarch64-none/lib/python3.12/contextlib.py:137: in __enter__
    return next(self.gen)
           ^^^^^^^^^^^^^^
tldw_chatbook/Backup_Recovery/config_participants.py:352: in operation
    with raw._scope(source, route, writing=True, selected_read=target) as active:
         ^^^^^^^^^^^^^^^^^^^^^^^^^^^^^^^^^^^^^^^^^^^^^^^^^^^^^^^^^^^^^
../../../../.local/share/uv/python/cpython-3.12.11-macos-aarch64-none/lib/python3.12/contextlib.py:137: in __enter__
    return next(self.gen)
           ^^^^^^^^^^^^^^
tldw_chatbook/Backup_Recovery/raw_participants.py:649: in _scope
    participant = _raw_participant(source)
                  ^^^^^^^^^^^^^^^^^^^^^^^^
tldw_chatbook/Backup_Recovery/raw_participants.py:296: in _raw_participant
    state = _participant_state(participant)
            ^^^^^^^^^^^^^^^^^^^^^^^^^^^^^^^
_ _ _ _ _ _ _ _ _ _ _ _ _ _ _ _ _ _ _ _ _ _ _ _ _ _ _ _ _ _ _ _ _ _ _ _ _ _ _ _ 

participant = <tldw_chatbook.Backup_Recovery.raw_participants._RawParticipant object at 0x10bf209e0>

    def _participant_state(participant):
        if type(participant) is not _RawParticipant or participant not in _participants:
            raise bootstrap.RecoveryRequired("raw_participant_not_installed")
        state = _participants[participant]
        source = state.source()
        if source is None or type(source) is not state.source_type:
            raise bootstrap.RecoveryRequired("raw_participant_not_installed")
        if _source_participants.get(source) is not participant:
            raise bootstrap.RecoveryRequired("raw_participant_not_installed")
        if state.owner.startswith("mcp."):
            bound = mcp_sources.binding(source)
            if bound is None or not bound[2] or bound[1] != state.selected:
                raise bootstrap.RecoveryRequired("raw_source_selection_changed")
        if state.owner == "chat.dictionaries":
            binding = dictionary_files.binding(source)
            if binding is None or binding[1] != state.selected:
                raise bootstrap.RecoveryRequired("raw_source_selection_changed")
        if state.owner in {"personas", "chat.dictionary_history", "chat.rag_context"}:
            binding = chat_sources.binding(source)
            if binding is None or binding[1] != state.selected:
                raise bootstrap.RecoveryRequired("raw_source_selection_changed")
        if state.owner == "config":
            binding = config_files.binding(source)
            if binding is None or binding[1] != state.selected:
>               raise bootstrap.RecoveryRequired("raw_source_selection_changed")
E               tldw_chatbook.Backup_Recovery.bootstrap.RecoveryRequired: raw_source_selection_changed

tldw_chatbook/Backup_Recovery/raw_participants.py:132: RecoveryRequired
_______ test_console_composer_typing_after_idle_ticks_repaints_new_draft _______

    @pytest.mark.asyncio
    async def test_console_composer_typing_after_idle_ticks_repaints_new_draft():
        """The render memo invalidates on a draft edit -- no stale caret/text.
    
        Guard for TASK-22218's memoization: after idle ticks have filled both
        blink-phase memo slots, a typed character must repaint with the new
        draft text and the caret after it (a memo keyed without the draft would
        serve the stale renderable forever).
        """
>       app = _build_test_app()
              ^^^^^^^^^^^^^^^^^

Tests/UI/test_console_composer_cursor.py:933: 
_ _ _ _ _ _ _ _ _ _ _ _ _ _ _ _ _ _ _ _ _ _ _ _ _ _ _ _ _ _ _ _ _ _ _ _ _ _ _ _ 
Tests/UI/app_factory.py:357: in _build_test_app
    fake_app_config = build_test_app_config(
Tests/UI/app_factory.py:113: in build_test_app_config
    config = load_settings()
             ^^^^^^^^^^^^^^^
tldw_chatbook/config.py:2027: in load_settings
    return _load_settings_guarded(
tldw_chatbook/Backup_Recovery/config_participants.py:421: in wrapped
    with operation(source, target=target):
         ^^^^^^^^^^^^^^^^^^^^^^^^^^^^^^^^
../../../../.local/share/uv/python/cpython-3.12.11-macos-aarch64-none/lib/python3.12/contextlib.py:137: in __enter__
    return next(self.gen)
           ^^^^^^^^^^^^^^
tldw_chatbook/Backup_Recovery/config_participants.py:352: in operation
    with raw._scope(source, route, writing=True, selected_read=target) as active:
         ^^^^^^^^^^^^^^^^^^^^^^^^^^^^^^^^^^^^^^^^^^^^^^^^^^^^^^^^^^^^^
../../../../.local/share/uv/python/cpython-3.12.11-macos-aarch64-none/lib/python3.12/contextlib.py:137: in __enter__
    return next(self.gen)
           ^^^^^^^^^^^^^^
tldw_chatbook/Backup_Recovery/raw_participants.py:649: in _scope
    participant = _raw_participant(source)
                  ^^^^^^^^^^^^^^^^^^^^^^^^
tldw_chatbook/Backup_Recovery/raw_participants.py:296: in _raw_participant
    state = _participant_state(participant)
            ^^^^^^^^^^^^^^^^^^^^^^^^^^^^^^^
_ _ _ _ _ _ _ _ _ _ _ _ _ _ _ _ _ _ _ _ _ _ _ _ _ _ _ _ _ _ _ _ _ _ _ _ _ _ _ _ 

participant = <tldw_chatbook.Backup_Recovery.raw_participants._RawParticipant object at 0x10bf209e0>

    def _participant_state(participant):
        if type(participant) is not _RawParticipant or participant not in _participants:
            raise bootstrap.RecoveryRequired("raw_participant_not_installed")
        state = _participants[participant]
        source = state.source()
        if source is None or type(source) is not state.source_type:
            raise bootstrap.RecoveryRequired("raw_participant_not_installed")
        if _source_participants.get(source) is not participant:
            raise bootstrap.RecoveryRequired("raw_participant_not_installed")
        if state.owner.startswith("mcp."):
            bound = mcp_sources.binding(source)
            if bound is None or not bound[2] or bound[1] != state.selected:
                raise bootstrap.RecoveryRequired("raw_source_selection_changed")
        if state.owner == "chat.dictionaries":
            binding = dictionary_files.binding(source)
            if binding is None or binding[1] != state.selected:
                raise bootstrap.RecoveryRequired("raw_source_selection_changed")
        if state.owner in {"personas", "chat.dictionary_history", "chat.rag_context"}:
            binding = chat_sources.binding(source)
            if binding is None or binding[1] != state.selected:
                raise bootstrap.RecoveryRequired("raw_source_selection_changed")
        if state.owner == "config":
            binding = config_files.binding(source)
            if binding is None or binding[1] != state.selected:
>               raise bootstrap.RecoveryRequired("raw_source_selection_changed")
E               tldw_chatbook.Backup_Recovery.bootstrap.RecoveryRequired: raw_source_selection_changed

tldw_chatbook/Backup_Recovery/raw_participants.py:132: RecoveryRequired
________ test_console_composer_history_append_while_idle_updates_ghost _________

tmp_path = PosixPath('/Users/macbook-dev/.codex/worktrees/console-chat-starts/tldw_chatbook/.superpowers/sdd/2026-10-03-console-pr2995-review-and-merge/composer-green-profile-3n7mgiyx/pytest/test_console_composer_history_0')

    @pytest.mark.asyncio
    async def test_console_composer_history_append_while_idle_updates_ghost(tmp_path):
        """A history record while the composer idles invalidates the ghost text.
    
        Guard for TASK-22218's memo key: the ghost suffix is part of the memoized
        OUTPUT, so a new history entry recorded while the composer sits idle
        (e.g. a queued send completing) must reach the next blink tick via the
        history revision in the memo key -- not be served stale until the next
        keystroke.
        """
>       app = _build_test_app()
              ^^^^^^^^^^^^^^^^^

Tests/UI/test_console_composer_cursor.py:968: 
_ _ _ _ _ _ _ _ _ _ _ _ _ _ _ _ _ _ _ _ _ _ _ _ _ _ _ _ _ _ _ _ _ _ _ _ _ _ _ _ 
Tests/UI/app_factory.py:357: in _build_test_app
    fake_app_config = build_test_app_config(
Tests/UI/app_factory.py:113: in build_test_app_config
    config = load_settings()
             ^^^^^^^^^^^^^^^
tldw_chatbook/config.py:2027: in load_settings
    return _load_settings_guarded(
tldw_chatbook/Backup_Recovery/config_participants.py:421: in wrapped
    with operation(source, target=target):
         ^^^^^^^^^^^^^^^^^^^^^^^^^^^^^^^^
../../../../.local/share/uv/python/cpython-3.12.11-macos-aarch64-none/lib/python3.12/contextlib.py:137: in __enter__
    return next(self.gen)
           ^^^^^^^^^^^^^^
tldw_chatbook/Backup_Recovery/config_participants.py:352: in operation
    with raw._scope(source, route, writing=True, selected_read=target) as active:
         ^^^^^^^^^^^^^^^^^^^^^^^^^^^^^^^^^^^^^^^^^^^^^^^^^^^^^^^^^^^^^
../../../../.local/share/uv/python/cpython-3.12.11-macos-aarch64-none/lib/python3.12/contextlib.py:137: in __enter__
    return next(self.gen)
           ^^^^^^^^^^^^^^
tldw_chatbook/Backup_Recovery/raw_participants.py:649: in _scope
    participant = _raw_participant(source)
                  ^^^^^^^^^^^^^^^^^^^^^^^^
tldw_chatbook/Backup_Recovery/raw_participants.py:296: in _raw_participant
    state = _participant_state(participant)
            ^^^^^^^^^^^^^^^^^^^^^^^^^^^^^^^
_ _ _ _ _ _ _ _ _ _ _ _ _ _ _ _ _ _ _ _ _ _ _ _ _ _ _ _ _ _ _ _ _ _ _ _ _ _ _ _ 

participant = <tldw_chatbook.Backup_Recovery.raw_participants._RawParticipant object at 0x10bf209e0>

    def _participant_state(participant):
        if type(participant) is not _RawParticipant or participant not in _participants:
            raise bootstrap.RecoveryRequired("raw_participant_not_installed")
        state = _participants[participant]
        source = state.source()
        if source is None or type(source) is not state.source_type:
            raise bootstrap.RecoveryRequired("raw_participant_not_installed")
        if _source_participants.get(source) is not participant:
            raise bootstrap.RecoveryRequired("raw_participant_not_installed")
        if state.owner.startswith("mcp."):
            bound = mcp_sources.binding(source)
            if bound is None or not bound[2] or bound[1] != state.selected:
                raise bootstrap.RecoveryRequired("raw_source_selection_changed")
        if state.owner == "chat.dictionaries":
            binding = dictionary_files.binding(source)
            if binding is None or binding[1] != state.selected:
                raise bootstrap.RecoveryRequired("raw_source_selection_changed")
        if state.owner in {"personas", "chat.dictionary_history", "chat.rag_context"}:
            binding = chat_sources.binding(source)
            if binding is None or binding[1] != state.selected:
                raise bootstrap.RecoveryRequired("raw_source_selection_changed")
        if state.owner == "config":
            binding = config_files.binding(source)
            if binding is None or binding[1] != state.selected:
>               raise bootstrap.RecoveryRequired("raw_source_selection_changed")
E               tldw_chatbook.Backup_Recovery.bootstrap.RecoveryRequired: raw_source_selection_changed

tldw_chatbook/Backup_Recovery/raw_participants.py:132: RecoveryRequired
--------------------------- Captured stderr teardown ---------------------------
[fd_leak_sentinel] open file descriptors grew by 357 over the test session (start=14, end=371, limit=200) — possible fd leak; bisect with TLDW_TEST_GC_EVERY=1 and mark offending tests @pytest.mark.requires_cleanup
=============================== warnings summary ===============================
Tests/UI/test_console_composer_cursor.py::test_console_composer_history_append_while_idle_updates_ghost
  /Users/macbook-dev/.codex/worktrees/console-chat-starts/tldw_chatbook/Tests/conftest.py:609: UserWarning: open file descriptors grew by 357 over the test session (start=14, end=371, limit=200) — possible fd leak; bisect with TLDW_TEST_GC_EVERY=1 and mark offending tests @pytest.mark.requires_cleanup
    warnings.warn(message, UserWarning, stacklevel=0)

-- Docs: https://docs.pytest.org/en/stable/how-to/capture-warnings.html
============================= slowest 25 durations =============================
17.54s call     Tests/UI/test_console_send_draft_snapshot.py::test_console_custody_snapshots_draft_before_late_keystrokes
11.93s call     Tests/UI/test_console_send_draft_snapshot.py::test_setup_refusal_after_custody_preserves_exact_recovery[True-new draft]
11.78s call     Tests/UI/test_console_send_draft_snapshot.py::test_custody_refusal_recovery_respects_durable_acceptance_and_undo[True-True]
11.76s call     Tests/UI/test_console_send_draft_snapshot.py::test_custody_refusal_recovery_respects_durable_acceptance_and_undo[False-True]
11.15s call     Tests/UI/test_console_send_draft_snapshot.py::test_custody_refusal_recovery_respects_durable_acceptance_and_undo[False-False]
11.06s call     Tests/UI/test_console_send_draft_snapshot.py::test_mouse_send_completion_preserves_text_typed_after_acceptance
10.88s call     Tests/UI/test_console_send_draft_snapshot.py::test_console_unknown_command_hint_restores_draft
10.42s call     Tests/UI/test_console_send_draft_snapshot.py::test_console_active_run_queues_without_a_screen_worker
10.09s call     Tests/UI/test_console_send_draft_snapshot.py::test_refusal_recovery_restore_never_overwrites_another_visible_owner
9.87s call     Tests/UI/test_console_send_draft_snapshot.py::test_setup_refusal_after_custody_preserves_exact_recovery[True-]
9.77s call     Tests/UI/test_console_send_draft_snapshot.py::test_custody_refusal_recovery_respects_durable_acceptance_and_undo[True-False]
9.47s call     Tests/UI/test_console_send_draft_snapshot.py::test_console_mouse_send_cannot_claim_another_sessions_pending_enter
9.26s call     Tests/UI/test_console_send_draft_snapshot.py::test_setup_refusal_after_custody_preserves_exact_recovery[False-]
9.17s call     Tests/UI/test_console_send_draft_snapshot.py::test_console_hidden_send_keeps_draft_and_unblocks_next_send
8.93s call     Tests/UI/test_console_send_draft_snapshot.py::test_console_same_session_send_waits_for_pending_enter_token
8.80s call     Tests/UI/test_console_send_draft_snapshot.py::test_setup_refusal_after_custody_preserves_exact_recovery[False-new draft]
8.79s call     Tests/UI/test_console_send_draft_snapshot.py::test_console_session_switch_during_admission_does_not_commit_into_new_view
8.72s call     Tests/UI/test_console_send_draft_snapshot.py::test_console_submit_exception_retains_exact_recovery_and_keeps_app_alive
8.41s call     Tests/UI/test_console_send_draft_snapshot.py::test_console_armed_unknown_mouse_send_snapshots_before_skill_await
8.07s call     Tests/UI/test_console_send_draft_snapshot.py::test_console_deleted_owner_refuses_and_keeps_captured_inputs
7.94s call     Tests/UI/test_console_send_draft_snapshot.py::test_console_deferred_enter_refuses_after_owning_session_changes
7.71s call     Tests/UI/test_console_send_draft_snapshot.py::test_console_fresh_profile_first_send_resolves_real_session_not_sentinel
7.59s call     Tests/UI/test_console_send_draft_snapshot.py::test_console_double_enter_sends_once_and_loses_nothing
7.33s call     Tests/UI/test_console_send_draft_snapshot.py::test_console_pre_durable_failure_keeps_newer_typing_and_recovery
7.07s call     Tests/UI/test_console_send_draft_snapshot.py::test_console_synchronous_custody_refusal_notifies_and_keeps_draft
=========================== short test summary info ============================
FAILED Tests/UI/test_console_send_draft_snapshot.py::test_console_pre_durable_failure_keeps_newer_typing_and_recovery
FAILED Tests/UI/test_console_send_draft_snapshot.py::test_console_armed_unknown_mouse_send_snapshots_before_skill_await
FAILED Tests/UI/test_console_send_draft_snapshot.py::test_console_blocked_send_retains_exact_recovery_after_runtime_custody
FAILED Tests/UI/test_console_composer_cursor.py::test_console_composer_arrow_home_end_keys_move_caret_and_render_glyph
FAILED Tests/UI/test_console_composer_cursor.py::test_console_composer_typing_inserts_at_caret_mid_draft
FAILED Tests/UI/test_console_composer_cursor.py::test_console_composer_ctrl_w_deletes_word_left_of_caret
FAILED Tests/UI/test_console_composer_cursor.py::test_console_composer_shift_enter_inserts_newline_enter_still_sends
FAILED Tests/UI/test_console_composer_cursor.py::test_console_composer_click_positions_caret_in_literal_text
FAILED Tests/UI/test_console_composer_cursor.py::test_console_composer_screen_coordinate_click_positions_caret
FAILED Tests/UI/test_console_composer_cursor.py::test_console_composer_click_on_paste_token_still_unfurls_not_positions
FAILED Tests/UI/test_console_composer_cursor.py::test_console_prompt_insert_appends_at_end_regardless_of_caret
FAILED Tests/UI/test_console_composer_cursor.py::test_console_composer_blink_tick_arms_no_layout_pass
FAILED Tests/UI/test_console_composer_cursor.py::test_console_composer_blink_phases_are_geometry_identical
FAILED Tests/UI/test_console_composer_cursor.py::test_console_composer_idle_blink_ticks_do_no_wrap_or_history_scan
FAILED Tests/UI/test_console_composer_cursor.py::test_console_composer_blink_freezes_solid_under_modal_and_resumes
FAILED Tests/UI/test_console_composer_cursor.py::test_console_composer_typing_after_idle_ticks_repaints_new_draft
FAILED Tests/UI/test_console_composer_cursor.py::test_console_composer_history_append_while_idle_updates_ghost
17 failed, 48 passed, 1 warning in 379.35s (0:06:19)
