....F.FF.........................................................        [100%]
=================================== FAILURES ===================================
_______ test_console_pre_durable_failure_keeps_newer_typing_and_recovery _______

    @pytest.mark.asyncio
    async def test_console_pre_durable_failure_keeps_newer_typing_and_recovery():
        app = _build_console_send_test_app()
        _configure_native_ready_console(app, model="test-model")
        app.chat_api_provider_value = "llama_cpp"
        app.chat_api_model_value = "test-model"
        app.console_provider_gateway_factory = BlockedGateway
        host = ConsoleHarness(app)
    
        async with host.run_test(size=(160, 48)) as pilot:
            console = host.screen_stack[-1]
>           await _wait_for_selector(console, pilot, "#console-native-composer")

Tests/UI/test_console_send_draft_snapshot.py:247: 
_ _ _ _ _ _ _ _ _ _ _ _ _ _ _ _ _ _ _ _ _ _ _ _ _ _ _ _ _ _ _ _ _ _ _ _ _ _ _ _ 

screen = ChatScreen()
pilot = <Pilot app=ConsoleHarness(title='ConsoleHarness', classes={'-dark-mode'}, pseudo_classes={'focus', 'nocolor', 'dark'})>
selector = '#console-native-composer'

    async def _wait_for_selector(
        screen, pilot, selector: str, *, timeout: float = 2.0
    ) -> None:
        deadline = time.monotonic() + timeout
        while time.monotonic() < deadline:
            if screen.query(selector):
                await pilot.pause()
                return
            await pilot.pause(0.01)
>       raise AssertionError(
            f"Timed out waiting for {selector}. Visible text: {_visible_text(screen)}"
        )
E       AssertionError: Timed out waiting for #console-native-composer. Visible text:

Tests/UI/test_destination_shells.py:1191: AssertionError

During handling of the above exception, another exception occurred:

    @pytest.mark.asyncio
    async def test_console_pre_durable_failure_keeps_newer_typing_and_recovery():
        app = _build_console_send_test_app()
        _configure_native_ready_console(app, model="test-model")
        app.chat_api_provider_value = "llama_cpp"
        app.chat_api_model_value = "test-model"
        app.console_provider_gateway_factory = BlockedGateway
        host = ConsoleHarness(app)
    
>       async with host.run_test(size=(160, 48)) as pilot:
                   ^^^^^^^^^^^^^^^^^^^^^^^^^^^^^

Tests/UI/test_console_send_draft_snapshot.py:245: 
_ _ _ _ _ _ _ _ _ _ _ _ _ _ _ _ _ _ _ _ _ _ _ _ _ _ _ _ _ _ _ _ _ _ _ _ _ _ _ _ 
../../../../.local/share/uv/python/cpython-3.12.11-macos-aarch64-none/lib/python3.12/contextlib.py:231: in __aexit__
    await self.gen.athrow(value)
../../../../Documents/GitHub/tldw_chatbook/.venv/lib/python3.12/site-packages/textual/app.py:2218: in run_test
    raise self._exception
../../../../Documents/GitHub/tldw_chatbook/.venv/lib/python3.12/site-packages/textual/message_pump.py:663: in _process_messages_loop
    await self._dispatch_message(message)
../../../../Documents/GitHub/tldw_chatbook/.venv/lib/python3.12/site-packages/textual/message_pump.py:727: in _dispatch_message
    await self.on_event(message)
../../../../Documents/GitHub/tldw_chatbook/.venv/lib/python3.12/site-packages/textual/message_pump.py:808: in on_event
    await self._on_message(event)
../../../../Documents/GitHub/tldw_chatbook/.venv/lib/python3.12/site-packages/textual/message_pump.py:829: in _on_message
    await invoke(method, message)
../../../../Documents/GitHub/tldw_chatbook/.venv/lib/python3.12/site-packages/textual/_callback.py:96: in invoke
    return await _invoke(callback, *params)
           ^^^^^^^^^^^^^^^^^^^^^^^^^^^^^^^^
../../../../Documents/GitHub/tldw_chatbook/.venv/lib/python3.12/site-packages/textual/_callback.py:56: in _invoke
    result = callback(*params[:parameter_count])
             ^^^^^^^^^^^^^^^^^^^^^^^^^^^^^^^^^^^
tldw_chatbook/UI/Screens/chat_screen.py:22377: in _adapt_console_workspace_to_width
    left_rail = self.query_one("#console-left-rail")
                ^^^^^^^^^^^^^^^^^^^^^^^^^^^^^^^^^^^^
_ _ _ _ _ _ _ _ _ _ _ _ _ _ _ _ _ _ _ _ _ _ _ _ _ _ _ _ _ _ _ _ _ _ _ _ _ _ _ _ 

self = ChatScreen(), selector = '#console-left-rail', expect_type = None

    def query_one(
        self,
        selector: str | type[QueryType],
        expect_type: type[QueryType] | None = None,
    ) -> QueryType | Widget:
        """Get a widget from this widget's children that matches a selector or widget type.
    
        Args:
            selector: A selector or widget type.
            expect_type: Require the object be of the supplied type, or None for any type.
    
        Raises:
            WrongType: If the wrong type was found.
            NoMatches: If no node matches the query.
    
        Returns:
            A widget matching the selector.
        """
        _rich_traceback_omit = True
    
        base_node = self._get_dom_base()
    
        if isinstance(selector, str):
            query_selector = selector
        else:
            query_selector = selector.__name__
    
        if is_id_selector(query_selector):
            cache_key = (base_node._nodes._updates, query_selector, expect_type)
            cached_result = base_node._query_one_cache.get(cache_key)
            if cached_result is not None:
                return cached_result
            if (
                node := walk_breadth_search_id(
                    base_node, query_selector[1:], with_root=False
                )
            ) is not None:
                if expect_type is not None and not isinstance(node, expect_type):
                    raise WrongType(
                        f"Node matching {query_selector!r} is the wrong type; expected type {expect_type.__name__!r}, found {node}"
                    )
                base_node._query_one_cache[cache_key] = node
                return node
>           raise NoMatches(f"No nodes match {query_selector!r} on {base_node!r}")
E           textual.css.query.NoMatches: No nodes match '#console-left-rail' on ChatScreen()

../../../../Documents/GitHub/tldw_chatbook/.venv/lib/python3.12/site-packages/textual/dom.py:1505: NoMatches
----------------------------- Captured stderr call -----------------------------
2026-10-03 19:21:19.396 | INFO     | tldw_chatbook.app:__init__:1251 - Loaded app_config - strip_thinking_tags: True
2026-10-03 19:21:19.412 | INFO     | tldw_chatbook.app:__init__:1359 - Parallel init task 'providers_models' completed in 0.000s
2026-10-03 19:21:19.412 | INFO     | tldw_chatbook.app:__init__:1359 - Parallel init task 'notes_service' completed in 0.000s
2026-10-03 19:21:19.412 | INFO     | tldw_chatbook.app:__init__:1359 - Parallel init task 'prompts_service' completed in 0.000s
2026-10-03 19:21:19.413 | INFO     | tldw_chatbook.app:__init__:1359 - Parallel init task 'media_db' completed in 0.000s
2026-10-03 19:21:19.525 | INFO     | tldw_chatbook.DB.base_db:__init__:989 - LibraryCollectionsDB initialized with path: /private/var/folders/sn/m80n2j152t9gw3w8qwk2nykh0000gn/T/tldw-chatbook-test-pcqmerur/library_collections.sqlite [Client: tldw_cli_local_instance_v1]
2026-10-03 19:21:19.664 | INFO     | tldw_chatbook.DB.base_db:__init__:989 - WorkspaceDB initialized with path: /private/var/folders/sn/m80n2j152t9gw3w8qwk2nykh0000gn/T/tldw-chatbook-test-pcqmerur/workspaces.sqlite [Client: tldw_cli_local_instance_v1]
2026-10-03 19:21:19.797 | INFO     | tldw_chatbook.DB.base_db:__init__:989 - SubscriptionsDB initialized with path: /private/var/folders/sn/m80n2j152t9gw3w8qwk2nykh0000gn/T/tldw-chatbook-test-pcqmerur/subscriptions.sqlite [Client: tldw_cli_local_instance_v1]
2026-10-03 19:21:19.804 | INFO     | tldw_chatbook.DB.base_db:__init__:989 - ClientNotificationsDB initialized with path: :memory: [Client: tldw_cli_local_instance_v1]
2026-10-03 19:21:19.812 | INFO     | tldw_chatbook.DB.base_db:__init__:989 - EventStateRepository initialized with path: /private/var/folders/sn/m80n2j152t9gw3w8qwk2nykh0000gn/T/tldw-chatbook-test-pcqmerur/tldw_chatbook_event_state.db [Client: tldw_cli_local_instance_v1]
2026-10-03 19:21:19.815 | INFO     | tldw_chatbook.DB.base_db:__init__:989 - SyncStateRepository initialized with path: /private/var/folders/sn/m80n2j152t9gw3w8qwk2nykh0000gn/T/tldw-chatbook-test-pcqmerur/tldw_chatbook_sync_state.db [Client: tldw_cli_local_instance_v1]
2026-10-03 19:21:20.057 | DEBUG    | tldw_chatbook.Scheduling.db.migrations.v1_to_v2:migrate:75 - Scheduling schema migrated to version 2 (missed_count column)
2026-10-03 19:21:20.194 | DEBUG    | tldw_chatbook.Scheduling.db.migrations.v2_to_v3:migrate:62 - Scheduling schema migrated to version 3 (timeout_seconds column)
2026-10-03 19:21:20.324 | DEBUG    | tldw_chatbook.Scheduling.db.migrations.v3_to_v4:migrate:137 - Scheduling schema migrated to version 4 (automation runs/results)
2026-10-03 19:21:20.423 | DEBUG    | tldw_chatbook.Scheduling.db.migrations.v4_to_v5:migrate:63 - Scheduling schema migrated to version 5 (scheduled_task_runs)
2026-10-03 19:21:20.525 | DEBUG    | tldw_chatbook.Scheduling.db.migrations.v5_to_v6:migrate:68 - Scheduling schema migrated to version 6 (task_incidents)
2026-10-03 19:21:20.624 | DEBUG    | tldw_chatbook.Scheduling.db.migrations.v6_to_v7:migrate:107 - Scheduling schema migrated to version 7 (automation_results server_id unique index)
2026-10-03 19:21:20.628 | INFO     | tldw_chatbook.DB.base_db:__init__:989 - ScheduledTasksDB initialized with path: /private/var/folders/sn/m80n2j152t9gw3w8qwk2nykh0000gn/T/tldw-chatbook-test-pcqmerur/scheduled_tasks.sqlite [Client: default]
2026-10-03 19:21:20.660 | DEBUG    | tldw_chatbook.app:__init__:1430 - ULTRA EARLY APP INIT: self._media_types_for_ui VALUE: ['All Media']
2026-10-03 19:21:20.663 | DEBUG    | tldw_chatbook.app:__init__:1433 - ULTRA EARLY APP INIT: self._media_types_for_ui TYPE: <class 'list'>
2026-10-03 19:21:20.758 | INFO     | tldw_chatbook.DB.Evals_DB:__init__:193 - EvalsDB initialized with path: /Users/macbook-dev/.codex/worktrees/console-chat-starts/tldw_chatbook/.superpowers/sdd/2026-10-03-console-pr2995-review-and-merge/composer-repair-green-profile-bv6mds77/home/.local/share/tldw_cli/default_user/evals.db
2026-10-03 19:21:20.758 | INFO     | tldw_chatbook.Evals.task_loader:__init__:98 - TaskLoader initialized
2026-10-03 19:21:20.784 | DEBUG    | tldw_chatbook.Event_Handlers.worker_handlers.base_handler:register:155 - Registered worker handler: MiscWorkerHandler
2026-10-03 19:21:20.784 | INFO     | tldw_chatbook.app:_init_worker_handlers:2167 - Worker handler registry initialized with all handlers
2026-10-03 19:21:20.784 | INFO     | tldw_chatbook.app:__init__:1615 - === STARTUP TIMING SUMMARY ===
2026-10-03 19:21:20.784 | INFO     | tldw_chatbook.app:__init__:1616 - Total initialization time: 1.414 seconds
2026-10-03 19:21:20.784 | INFO     | tldw_chatbook.app:__init__:1622 -   basic_init: 0.038s (2.7%)
2026-10-03 19:21:20.784 | INFO     | tldw_chatbook.app:__init__:1622 -   attribute_init: 0.000s (0.0%)
2026-10-03 19:21:20.784 | INFO     | tldw_chatbook.app:__init__:1622 -   parallel_init: 0.003s (0.2%)
2026-10-03 19:21:20.784 | INFO     | tldw_chatbook.app:__init__:1635 -     - notes_service: 0.000s (0.1% of parallel_init)
2026-10-03 19:21:20.784 | INFO     | tldw_chatbook.app:__init__:1635 -     - media_db: 0.000s (0.1% of parallel_init)
2026-10-03 19:21:20.784 | INFO     | tldw_chatbook.app:__init__:1635 -     - providers_models: 0.000s (0.1% of parallel_init)
2026-10-03 19:21:20.784 | INFO     | tldw_chatbook.app:__init__:1635 -     - prompts_service: 0.000s (0.0% of parallel_init)
2026-10-03 19:21:20.784 | INFO     | tldw_chatbook.app:__init__:1639 - ==============================
2026-10-03 19:21:20.785 | INFO     | tldw_chatbook.DB.ChaChaNotes_DB:__init__:3376 - Initializing CharactersRAGDB db_sha256=memory [Client ID: test-client]
2026-10-03 19:21:20.785 | DEBUG    | tldw_chatbook.DB.ChaChaNotes_DB:_get_thread_connection:3554 - Opened/Reopened SQLite connection db_sha256=memory thread=8494865792
2026-10-03 19:21:20.785 | DEBUG    | tldw_chatbook.DB.ChaChaNotes_DB:_enter_transaction:24489 - Started outermost transaction on thread 8494865792.
2026-10-03 19:21:20.785 | INFO     | tldw_chatbook.DB.ChaChaNotes_DB:_initialize_schema:8550 - Checking DB schema 'rag_char_chat_schema'. Current version: 0. Code supports: 76
2026-10-03 19:21:20.786 | INFO     | tldw_chatbook.DB.ChaChaNotes_DB:_apply_schema_v4:4437 - Applying schema Version 4 for 'rag_char_chat_schema' to DB: db_sha256=memory...
2026-10-03 19:21:20.786 | DEBUG    | tldw_chatbook.DB.ChaChaNotes_DB:_enter_transaction:24458 - Entered nested transaction level 2 on thread 8494865792.
2026-10-03 19:21:20.797 | DEBUG    | tldw_chatbook.DB.ChaChaNotes_DB:_apply_schema_v4:4478 - [rag_char_chat_schema V4] Full schema script executed.
2026-10-03 19:21:20.797 | INFO     | tldw_chatbook.DB.ChaChaNotes_DB:_apply_schema_v4:4485 - [rag_char_chat_schema V4] Schema 4 applied and version confirmed for DB: db_sha256=memory.
2026-10-03 19:21:20.798 | DEBUG    | tldw_chatbook.DB.ChaChaNotes_DB:_enrich_default_assistant_card_if_bare:4749 - [task-2451] Default Assistant enrichment UPDATE affected 1 row(s) in DB: db_sha256=memory.
2026-10-03 19:21:20.798 | INFO     | tldw_chatbook.DB.ChaChaNotes_DB:_migrate_from_v4_to_v5:4770 - Migrating schema from V4 to V5 for 'rag_char_chat_schema' in DB: db_sha256=memory...
2026-10-03 19:21:20.798 | DEBUG    | tldw_chatbook.DB.ChaChaNotes_DB:_enter_transaction:24458 - Entered nested transaction level 2 on thread 8494865792.
2026-10-03 19:21:20.816 | DEBUG    | tldw_chatbook.DB.ChaChaNotes_DB:_migrate_from_v4_to_v5:4780 - [rag_char_chat_schema V4→V5] Migration script executed.
2026-10-03 19:21:20.816 | INFO     | tldw_chatbook.DB.ChaChaNotes_DB:_migrate_from_v4_to_v5:4789 - [rag_char_chat_schema V4→V5] Migration completed successfully for DB: db_sha256=memory.
2026-10-03 19:21:20.816 | INFO     | tldw_chatbook.DB.ChaChaNotes_DB:_migrate_from_v5_to_v6:4823 - Migrating schema from V5 to V6 for 'rag_char_chat_schema' in DB: db_sha256=memory...
2026-10-03 19:21:20.816 | DEBUG    | tldw_chatbook.DB.ChaChaNotes_DB:_enter_transaction:24458 - Entered nested transaction level 2 on thread 8494865792.
2026-10-03 19:21:20.818 | DEBUG    | tldw_chatbook.DB.ChaChaNotes_DB:_migrate_from_v5_to_v6:4831 - [rag_char_chat_schema V5→V6] Migration script executed.
2026-10-03 19:21:20.819 | INFO     | tldw_chatbook.DB.ChaChaNotes_DB:_migrate_from_v5_to_v6:4840 - [rag_char_chat_schema V5→V6] Migration completed successfully for DB: db_sha256=memory.
2026-10-03 19:21:20.819 | INFO     | tldw_chatbook.DB.ChaChaNotes_DB:_migrate_from_v6_to_v7:4874 - Migrating schema from V6 to V7 for 'rag_char_chat_schema' in DB: db_sha256=memory...
2026-10-03 19:21:20.819 | DEBUG    | tldw_chatbook.DB.ChaChaNotes_DB:_enter_transaction:24458 - Entered nested transaction level 2 on thread 8494865792.
2026-10-03 19:21:20.822 | DEBUG    | tldw_chatbook.DB.ChaChaNotes_DB:_migrate_from_v6_to_v7:4882 - [rag_char_chat_schema V6→V7] Migration script executed.
2026-10-03 19:21:20.822 | INFO     | tldw_chatbook.DB.ChaChaNotes_DB:_migrate_from_v6_to_v7:4891 - [rag_char_chat_schema V6→V7] Migration completed successfully for DB: db_sha256=memory.
2026-10-03 19:21:20.822 | INFO     | tldw_chatbook.DB.ChaChaNotes_DB:_migrate_from_v7_to_v8:8464 - Migrating schema from V7 to V8 for 'rag_char_chat_schema' in DB: db_sha256=memory...
2026-10-03 19:21:20.822 | DEBUG    | tldw_chatbook.DB.ChaChaNotes_DB:_enter_transaction:24458 - Entered nested transaction level 2 on thread 8494865792.
2026-10-03 19:21:20.825 | DEBUG    | tldw_chatbook.DB.ChaChaNotes_DB:_migrate_from_v7_to_v8:8472 - [rag_char_chat_schema V7→V8] Migration script executed.
2026-10-03 19:21:20.826 | INFO     | tldw_chatbook.DB.ChaChaNotes_DB:_migrate_from_v7_to_v8:8481 - [rag_char_chat_schema V7→V8] Migration completed successfully for DB: db_sha256=memory.
2026-10-03 19:21:20.826 | INFO     | tldw_chatbook.DB.ChaChaNotes_DB:_migrate_from_v8_to_v9:4925 - Migrating schema from V8 to V9 for 'rag_char_chat_schema' in DB: db_sha256=memory...
2026-10-03 19:21:20.826 | DEBUG    | tldw_chatbook.DB.ChaChaNotes_DB:_enter_transaction:24458 - Entered nested transaction level 2 on thread 8494865792.
2026-10-03 19:21:20.831 | DEBUG    | tldw_chatbook.DB.ChaChaNotes_DB:_migrate_from_v8_to_v9:4933 - [rag_char_chat_schema V8→V9] Migration script executed.
2026-10-03 19:21:20.831 | INFO     | tldw_chatbook.DB.ChaChaNotes_DB:_migrate_from_v8_to_v9:4942 - [rag_char_chat_schema V8→V9] Migration completed successfully for DB: db_sha256=memory.
2026-10-03 19:21:20.832 | INFO     | tldw_chatbook.DB.ChaChaNotes_DB:_migrate_from_v9_to_v10:4976 - Migrating schema from V9 to V10 for 'rag_char_chat_schema' in DB: db_sha256=memory...
2026-10-03 19:21:20.832 | DEBUG    | tldw_chatbook.DB.ChaChaNotes_DB:_enter_transaction:24458 - Entered nested transaction level 2 on thread 8494865792.
2026-10-03 19:21:20.832 | DEBUG    | tldw_chatbook.DB.ChaChaNotes_DB:_migrate_from_v9_to_v10:4984 - [rag_char_chat_schema V9→V10] Migration script executed.
2026-10-03 19:21:20.832 | INFO     | tldw_chatbook.DB.ChaChaNotes_DB:_migrate_from_v9_to_v10:4993 - [rag_char_chat_schema V9→V10] Migration completed successfully for DB: db_sha256=memory.
2026-10-03 19:21:20.832 | INFO     | tldw_chatbook.DB.ChaChaNotes_DB:_migrate_from_v10_to_v11:5027 - Migrating schema from V10 to V11 for 'rag_char_chat_schema' in DB: db_sha256=memory...
2026-10-03 19:21:20.832 | DEBUG    | tldw_chatbook.DB.ChaChaNotes_DB:_enter_transaction:24458 - Entered nested transaction level 2 on thread 8494865792.
2026-10-03 19:21:20.836 | DEBUG    | tldw_chatbook.DB.ChaChaNotes_DB:_migrate_from_v10_to_v11:5035 - [rag_char_chat_schema V10→V11] Migration script executed.
2026-10-03 19:21:20.836 | INFO     | tldw_chatbook.DB.ChaChaNotes_DB:_migrate_from_v10_to_v11:5044 - [rag_char_chat_schema V10→V11] Migration completed successfully for DB: db_sha256=memory.
2026-10-03 19:21:20.837 | INFO     | tldw_chatbook.DB.ChaChaNotes_DB:_migrate_from_v11_to_v12:5078 - Migrating schema from V11 to V12 for 'rag_char_chat_schema' in DB: db_sha256=memory...
2026-10-03 19:21:20.837 | DEBUG    | tldw_chatbook.DB.ChaChaNotes_DB:_enter_transaction:24458 - Entered nested transaction level 2 on thread 8494865792.
2026-10-03 19:21:20.849 | DEBUG    | tldw_chatbook.DB.ChaChaNotes_DB:_migrate_from_v11_to_v12:5086 - [rag_char_chat_schema V11→V12] Migration script executed.
2026-10-03 19:21:20.849 | INFO     | tldw_chatbook.DB.ChaChaNotes_DB:_migrate_from_v11_to_v12:5095 - [rag_char_chat_schema V11→V12] Migration completed successfully for DB: db_sha256=memory.
2026-10-03 19:21:20.850 | INFO     | tldw_chatbook.DB.ChaChaNotes_DB:_migrate_from_v12_to_v13:5121 - Migrating schema from V12 to V13 for 'rag_char_chat_schema' in DB: db_sha256=memory...
2026-10-03 19:21:20.850 | DEBUG    | tldw_chatbook.DB.ChaChaNotes_DB:_enter_transaction:24458 - Entered nested transaction level 2 on thread 8494865792.
2026-10-03 19:21:20.891 | DEBUG    | tldw_chatbook.DB.ChaChaNotes_DB:_migrate_from_v12_to_v13:5129 - [rag_char_chat_schema V12→V13] Migration script executed.
2026-10-03 19:21:20.891 | INFO     | tldw_chatbook.DB.ChaChaNotes_DB:_migrate_from_v12_to_v13:5137 - [rag_char_chat_schema V12→V13] Migration completed successfully for DB: db_sha256=memory.
2026-10-03 19:21:20.891 | INFO     | tldw_chatbook.DB.ChaChaNotes_DB:_migrate_from_v13_to_v14:5162 - Migrating schema from V13 to V14 for 'rag_char_chat_schema' in DB: db_sha256=memory...
2026-10-03 19:21:20.891 | DEBUG    | tldw_chatbook.DB.ChaChaNotes_DB:_enter_transaction:24458 - Entered nested transaction level 2 on thread 8494865792.
2026-10-03 19:21:20.907 | DEBUG    | tldw_chatbook.DB.ChaChaNotes_DB:_migrate_from_v13_to_v14:5170 - [rag_char_chat_schema V13→V14] Migration script executed.
2026-10-03 19:21:20.907 | INFO     | tldw_chatbook.DB.ChaChaNotes_DB:_migrate_from_v13_to_v14:5178 - [rag_char_chat_schema V13→V14] Migration completed successfully for DB: db_sha256=memory.
2026-10-03 19:21:20.907 | INFO     | tldw_chatbook.DB.ChaChaNotes_DB:_migrate_from_v14_to_v15:5203 - Migrating schema from V14 to V15 for 'rag_char_chat_schema' in DB: db_sha256=memory...
2026-10-03 19:21:20.907 | DEBUG    | tldw_chatbook.DB.ChaChaNotes_DB:_enter_transaction:24458 - Entered nested transaction level 2 on thread 8494865792.
2026-10-03 19:21:20.909 | DEBUG    | tldw_chatbook.DB.ChaChaNotes_DB:_migrate_from_v14_to_v15:5211 - [rag_char_chat_schema V14→V15] Migration script executed.
2026-10-03 19:21:20.909 | INFO     | tldw_chatbook.DB.ChaChaNotes_DB:_migrate_from_v14_to_v15:5219 - [rag_char_chat_schema V14→V15] Migration completed successfully for DB: db_sha256=memory.
2026-10-03 19:21:20.909 | INFO     | tldw_chatbook.DB.ChaChaNotes_DB:_migrate_from_v15_to_v16:5245 - Migrating schema from V15 to V16 for 'rag_char_chat_schema' in DB: db_sha256=memory...
2026-10-03 19:21:20.909 | DEBUG    | tldw_chatbook.DB.ChaChaNotes_DB:_enter_transaction:24458 - Entered nested transaction level 2 on thread 8494865792.
2026-10-03 19:21:20.911 | DEBUG    | tldw_chatbook.DB.ChaChaNotes_DB:_migrate_from_v15_to_v16:5288 - [rag_char_chat_schema V15→V16] Migration script executed.
2026-10-03 19:21:20.911 | INFO     | tldw_chatbook.DB.ChaChaNotes_DB:_migrate_from_v15_to_v16:5298 - [rag_char_chat_schema V15→V16] Migration completed successfully for DB: db_sha256=memory.
2026-10-03 19:21:20.911 | INFO     | tldw_chatbook.DB.ChaChaNotes_DB:_migrate_from_v16_to_v17:5324 - Migrating schema from V16 to V17 for 'rag_char_chat_schema' in DB: db_sha256=memory...
2026-10-03 19:21:20.911 | DEBUG    | tldw_chatbook.DB.ChaChaNotes_DB:_enter_transaction:24458 - Entered nested transaction level 2 on thread 8494865792.
2026-10-03 19:21:20.911 | DEBUG    | tldw_chatbook.DB.ChaChaNotes_DB:_migrate_from_v16_to_v17:5332 - [rag_char_chat_schema V16→V17] Migration script executed.
2026-10-03 19:21:20.911 | INFO     | tldw_chatbook.DB.ChaChaNotes_DB:_migrate_from_v16_to_v17:5340 - [rag_char_chat_schema V16→V17] Migration completed successfully for DB: db_sha256=memory.
2026-10-03 19:21:20.911 | INFO     | tldw_chatbook.DB.ChaChaNotes_DB:_migrate_from_v17_to_v18:5368 - Migrating schema from V17 to V18 for 'rag_char_chat_schema' in DB: db_sha256=memory...
2026-10-03 19:21:20.911 | DEBUG    | tldw_chatbook.DB.ChaChaNotes_DB:_enter_transaction:24458 - Entered nested transaction level 2 on thread 8494865792.
2026-10-03 19:21:20.917 | DEBUG    | tldw_chatbook.DB.ChaChaNotes_DB:_migrate_from_v17_to_v18:5376 - [rag_char_chat_schema V17→V18] Migration script executed.
2026-10-03 19:21:20.917 | INFO     | tldw_chatbook.DB.ChaChaNotes_DB:_migrate_from_v17_to_v18:5384 - [rag_char_chat_schema V17→V18] Migration completed successfully for DB: db_sha256=memory.
2026-10-03 19:21:20.917 | INFO     | tldw_chatbook.DB.ChaChaNotes_DB:_migrate_from_v18_to_v19:8414 - Migrating schema from V18 to V19 for 'rag_char_chat_schema' in DB: db_sha256=memory...
2026-10-03 19:21:20.917 | DEBUG    | tldw_chatbook.DB.ChaChaNotes_DB:_enter_transaction:24458 - Entered nested transaction level 2 on thread 8494865792.
2026-10-03 19:21:20.917 | DEBUG    | tldw_chatbook.DB.ChaChaNotes_DB:_migrate_from_v18_to_v19:8422 - [rag_char_chat_schema V18→V19] Migration script executed.
2026-10-03 19:21:20.917 | INFO     | tldw_chatbook.DB.ChaChaNotes_DB:_migrate_from_v18_to_v19:8430 - [rag_char_chat_schema V18→V19] Migration completed successfully for DB: db_sha256=memory.
2026-10-03 19:21:20.917 | INFO     | tldw_chatbook.DB.ChaChaNotes_DB:_migrate_from_v19_to_v20:5412 - Migrating schema from V19 to V20 for 'rag_char_chat_schema' in DB: db_sha256=memory...
2026-10-03 19:21:20.917 | DEBUG    | tldw_chatbook.DB.ChaChaNotes_DB:_enter_transaction:24458 - Entered nested transaction level 2 on thread 8494865792.
2026-10-03 19:21:20.924 | DEBUG    | tldw_chatbook.DB.ChaChaNotes_DB:_migrate_from_v19_to_v20:5431 - [rag_char_chat_schema V19→V20] Migration script executed.
2026-10-03 19:21:20.924 | INFO     | tldw_chatbook.DB.ChaChaNotes_DB:_migrate_from_v19_to_v20:5439 - [rag_char_chat_schema V19→V20] Migration completed successfully for DB: db_sha256=memory.
2026-10-03 19:21:20.924 | INFO     | tldw_chatbook.DB.ChaChaNotes_DB:_migrate_from_v20_to_v21:5467 - Migrating schema from V20 to V21 for 'rag_char_chat_schema' in DB: db_sha256=memory...
2026-10-03 19:21:20.924 | DEBUG    | tldw_chatbook.DB.ChaChaNotes_DB:_enter_transaction:24458 - Entered nested transaction level 2 on thread 8494865792.
2026-10-03 19:21:20.925 | DEBUG    | tldw_chatbook.DB.ChaChaNotes_DB:_migrate_from_v20_to_v21:5488 - [rag_char_chat_schema V20→V21] Migration script executed.
2026-10-03 19:21:20.925 | INFO     | tldw_chatbook.DB.ChaChaNotes_DB:_migrate_from_v20_to_v21:5496 - [rag_char_chat_schema V20→V21] Migration completed successfully for DB: db_sha256=memory.
2026-10-03 19:21:20.925 | INFO     | tldw_chatbook.DB.ChaChaNotes_DB:_migrate_from_v21_to_v22:5518 - Migrating schema from V21 to V22 for 'rag_char_chat_schema' in DB: db_sha256=memory...
2026-10-03 19:21:20.925 | DEBUG    | tldw_chatbook.DB.ChaChaNotes_DB:_enter_transaction:24458 - Entered nested transaction level 2 on thread 8494865792.
2026-10-03 19:21:20.926 | DEBUG    | tldw_chatbook.DB.ChaChaNotes_DB:_migrate_from_v21_to_v22:5536 - [rag_char_chat_schema V21→V22] Migration script executed.
2026-10-03 19:21:20.926 | INFO     | tldw_chatbook.DB.ChaChaNotes_DB:_migrate_from_v21_to_v22:5542 - [rag_char_chat_schema V21→V22] Migration completed successfully for DB: db_sha256=memory.
2026-10-03 19:21:20.926 | INFO     | tldw_chatbook.DB.ChaChaNotes_DB:_migrate_from_v22_to_v23:5564 - Migrating schema from V22 to V23 for 'rag_char_chat_schema' in DB: db_sha256=memory...
2026-10-03 19:21:20.926 | DEBUG    | tldw_chatbook.DB.ChaChaNotes_DB:_enter_transaction:24458 - Entered nested transaction level 2 on thread 8494865792.
2026-10-03 19:21:20.927 | DEBUG    | tldw_chatbook.DB.ChaChaNotes_DB:_migrate_from_v22_to_v23:5572 - [rag_char_chat_schema V22→V23] Migration script executed.
2026-10-03 19:21:20.927 | INFO     | tldw_chatbook.DB.ChaChaNotes_DB:_migrate_from_v22_to_v23:5578 - [rag_char_chat_schema V22→V23] Migration completed successfully for DB: db_sha256=memory.
2026-10-03 19:21:20.927 | INFO     | tldw_chatbook.DB.ChaChaNotes_DB:_migrate_from_v23_to_v24:5601 - Migrating schema from V23 to V24 for 'rag_char_chat_schema' in DB: db_sha256=memory...
2026-10-03 19:21:20.927 | DEBUG    | tldw_chatbook.DB.ChaChaNotes_DB:_enter_transaction:24458 - Entered nested transaction level 2 on thread 8494865792.
2026-10-03 19:21:20.931 | DEBUG    | tldw_chatbook.DB.ChaChaNotes_DB:_migrate_from_v23_to_v24:5619 - [rag_char_chat_schema V23→V24] Migration script executed.
2026-10-03 19:21:20.931 | INFO     | tldw_chatbook.DB.ChaChaNotes_DB:_migrate_from_v23_to_v24:5625 - [rag_char_chat_schema V23→V24] Migration completed successfully for DB: db_sha256=memory.
2026-10-03 19:21:20.932 | INFO     | tldw_chatbook.DB.ChaChaNotes_DB:_migrate_from_v24_to_v25:5648 - Migrating schema from V24 to V25 for 'rag_char_chat_schema' in DB: db_sha256=memory...
2026-10-03 19:21:20.932 | DEBUG    | tldw_chatbook.DB.ChaChaNotes_DB:_enter_transaction:24458 - Entered nested transaction level 2 on thread 8494865792.
2026-10-03 19:21:20.932 | DEBUG    | tldw_chatbook.DB.ChaChaNotes_DB:_migrate_from_v24_to_v25:5656 - [rag_char_chat_schema V24→V25] Migration script executed.
2026-10-03 19:21:20.932 | INFO     | tldw_chatbook.DB.ChaChaNotes_DB:_migrate_from_v24_to_v25:5662 - [rag_char_chat_schema V24→V25] Migration completed successfully for DB: db_sha256=memory.
2026-10-03 19:21:20.932 | INFO     | tldw_chatbook.DB.ChaChaNotes_DB:_migrate_from_v25_to_v26:5686 - Migrating schema from V25 to V26 for 'rag_char_chat_schema' in DB: db_sha256=memory...
2026-10-03 19:21:20.932 | DEBUG    | tldw_chatbook.DB.ChaChaNotes_DB:_enter_transaction:24458 - Entered nested transaction level 2 on thread 8494865792.
2026-10-03 19:21:20.941 | DEBUG    | tldw_chatbook.DB.ChaChaNotes_DB:_migrate_from_v25_to_v26:5708 - [rag_char_chat_schema V25→V26] Migration script executed.
2026-10-03 19:21:20.941 | INFO     | tldw_chatbook.DB.ChaChaNotes_DB:_migrate_from_v25_to_v26:5714 - [rag_char_chat_schema V25→V26] Migration completed successfully for DB: db_sha256=memory.
2026-10-03 19:21:20.941 | DEBUG    | tldw_chatbook.DB.ChaChaNotes_DB:_enter_transaction:24458 - Entered nested transaction level 2 on thread 8494865792.
2026-10-03 19:21:20.948 | DEBUG    | tldw_chatbook.DB.ChaChaNotes_DB:_enter_transaction:24458 - Entered nested transaction level 2 on thread 8494865792.
2026-10-03 19:21:20.948 | DEBUG    | tldw_chatbook.DB.ChaChaNotes_DB:_enter_transaction:24458 - Entered nested transaction level 3 on thread 8494865792.
2026-10-03 19:21:20.953 | INFO     | tldw_chatbook.DB.ChaChaNotes_DB:_migrate_from_v28_to_v29:5901 - Migrating schema from V28 to V29 for 'rag_char_chat_schema' in DB: db_sha256=memory...
2026-10-03 19:21:20.953 | DEBUG    | tldw_chatbook.DB.ChaChaNotes_DB:_enter_transaction:24458 - Entered nested transaction level 2 on thread 8494865792.
2026-10-03 19:21:20.953 | DEBUG    | tldw_chatbook.DB.ChaChaNotes_DB:_migrate_from_v28_to_v29:5909 - [rag_char_chat_schema V28→V29] Migration script executed.
2026-10-03 19:21:20.953 | INFO     | tldw_chatbook.DB.ChaChaNotes_DB:_migrate_from_v28_to_v29:5917 - [rag_char_chat_schema V28→V29] Migration completed successfully for DB: db_sha256=memory.
2026-10-03 19:21:20.953 | INFO     | tldw_chatbook.DB.ChaChaNotes_DB:_migrate_from_v29_to_v30:5944 - Migrating schema from V29 to V30 for 'rag_char_chat_schema' in DB: db_sha256=memory...
2026-10-03 19:21:20.953 | DEBUG    | tldw_chatbook.DB.ChaChaNotes_DB:_enter_transaction:24458 - Entered nested transaction level 2 on thread 8494865792.
2026-10-03 19:21:20.958 | DEBUG    | tldw_chatbook.DB.ChaChaNotes_DB:_migrate_from_v29_to_v30:5970 - [rag_char_chat_schema V29→V30] Migration script executed.
2026-10-03 19:21:20.958 | INFO     | tldw_chatbook.DB.ChaChaNotes_DB:_migrate_from_v29_to_v30:5994 - [rag_char_chat_schema V29→V30] Migration completed successfully for DB: db_sha256=memory.
2026-10-03 19:21:20.958 | INFO     | tldw_chatbook.DB.ChaChaNotes_DB:_migrate_from_v30_to_v31:6021 - Migrating schema from V30 to V31 for 'rag_char_chat_schema' in DB: db_sha256=memory...
2026-10-03 19:21:20.958 | DEBUG    | tldw_chatbook.DB.ChaChaNotes_DB:_enter_transaction:24458 - Entered nested transaction level 2 on thread 8494865792.
2026-10-03 19:21:20.962 | DEBUG    | tldw_chatbook.DB.ChaChaNotes_DB:_migrate_from_v30_to_v31:6047 - [rag_char_chat_schema V30→V31] Migration script executed.
2026-10-03 19:21:20.962 | INFO     | tldw_chatbook.DB.ChaChaNotes_DB:_migrate_from_v30_to_v31:6071 - [rag_char_chat_schema V30→V31] Migration completed successfully for DB: db_sha256=memory.
2026-10-03 19:21:20.963 | INFO     | tldw_chatbook.DB.ChaChaNotes_DB:_migrate_from_v31_to_v32:6104 - Migrating schema from V31 to V32 for 'rag_char_chat_schema' in DB: db_sha256=memory...
2026-10-03 19:21:20.964 | DEBUG    | tldw_chatbook.DB.ChaChaNotes_DB:_enrich_default_assistant_card_if_bare:4749 - [task-2451] Default Assistant enrichment UPDATE affected 0 row(s) in DB: db_sha256=memory.
2026-10-03 19:21:20.964 | INFO     | tldw_chatbook.DB.ChaChaNotes_DB:_migrate_from_v31_to_v32:6130 - [rag_char_chat_schema V31→V32] Migration completed successfully for DB: db_sha256=memory.
2026-10-03 19:21:20.964 | DEBUG    | tldw_chatbook.DB.ChaChaNotes_DB:_enter_transaction:24458 - Entered nested transaction level 2 on thread 8494865792.
2026-10-03 19:21:20.967 | DEBUG    | tldw_chatbook.DB.ChaChaNotes_DB:_enter_transaction:24458 - Entered nested transaction level 2 on thread 8494865792.
2026-10-03 19:21:20.972 | DEBUG    | tldw_chatbook.DB.ChaChaNotes_DB:_enter_transaction:24458 - Entered nested transaction level 2 on thread 8494865792.
2026-10-03 19:21:20.975 | DEBUG    | tldw_chatbook.DB.ChaChaNotes_DB:_enter_transaction:24458 - Entered nested transaction level 2 on thread 8494865792.
2026-10-03 19:21:20.977 | DEBUG    | tldw_chatbook.DB.ChaChaNotes_DB:_enter_transaction:24458 - Entered nested transaction level 2 on thread 8494865792.
2026-10-03 19:21:20.985 | DEBUG    | tldw_chatbook.DB.ChaChaNotes_DB:_enter_transaction:24458 - Entered nested transaction level 2 on thread 8494865792.
2026-10-03 19:21:20.986 | DEBUG    | tldw_chatbook.DB.ChaChaNotes_DB:_enter_transaction:24458 - Entered nested transaction level 2 on thread 8494865792.
2026-10-03 19:21:20.988 | DEBUG    | tldw_chatbook.DB.ChaChaNotes_DB:_enter_transaction:24458 - Entered nested transaction level 2 on thread 8494865792.
2026-10-03 19:21:20.989 | DEBUG    | tldw_chatbook.DB.ChaChaNotes_DB:_enter_transaction:24458 - Entered nested transaction level 2 on thread 8494865792.
2026-10-03 19:21:20.991 | INFO     | tldw_chatbook.DB.ChaChaNotes_DB:_migrate_from_v41_to_v42:6450 - Migrating schema from V41 to V42 for 'rag_char_chat_schema' in DB: db_sha256=memory...
2026-10-03 19:21:20.992 | INFO     | tldw_chatbook.DB.ChaChaNotes_DB:_migrate_from_v41_to_v42:6514 - [rag_char_chat_schema V41→V42] conversations.console_project_context_json already present; applying the version bump only.
2026-10-03 19:21:20.992 | INFO     | tldw_chatbook.DB.ChaChaNotes_DB:_migrate_from_v42_to_v43:6564 - Migrating schema from V42 to V43 for 'rag_char_chat_schema' in DB: db_sha256=memory...
2026-10-03 19:21:20.992 | DEBUG    | tldw_chatbook.DB.ChaChaNotes_DB:_enter_transaction:24458 - Entered nested transaction level 2 on thread 8494865792.
2026-10-03 19:21:20.994 | INFO     | tldw_chatbook.DB.ChaChaNotes_DB:_migrate_from_v42_to_v43:6703 - [rag_char_chat_schema V42→V43] Migration completed successfully for DB: db_sha256=memory.
2026-10-03 19:21:20.994 | INFO     | tldw_chatbook.DB.ChaChaNotes_DB:_migrate_from_v43_to_v44:6733 - Migrating schema from V43 to V44 for 'rag_char_chat_schema' in DB: db_sha256=memory...
2026-10-03 19:21:20.994 | DEBUG    | tldw_chatbook.DB.ChaChaNotes_DB:_enter_transaction:24458 - Entered nested transaction level 2 on thread 8494865792.
2026-10-03 19:21:21.010 | INFO     | tldw_chatbook.DB.ChaChaNotes_DB:_migrate_from_v43_to_v44:6773 - [rag_char_chat_schema V43→V44] Migration completed successfully for DB: db_sha256=memory.
2026-10-03 19:21:21.010 | INFO     | tldw_chatbook.DB.ChaChaNotes_DB:_migrate_from_v44_to_v45:6842 - Actor Pack schema migration started: chachanotes_v44_to_v45
2026-10-03 19:21:21.010 | DEBUG    | tldw_chatbook.DB.ChaChaNotes_DB:_enter_transaction:24458 - Entered nested transaction level 2 on thread 8494865792.
2026-10-03 19:21:21.012 | INFO     | tldw_chatbook.DB.ChaChaNotes_DB:_migrate_from_v44_to_v45:6875 - Actor Pack schema migration completed: chachanotes_v44_to_v45
2026-10-03 19:21:21.014 | INFO     | tldw_chatbook.DB.ChaChaNotes_DB:_migrate_from_v45_to_v46:6919 - Migrating schema from V45 to V46 for 'rag_char_chat_schema' in DB: db_sha256=memory...
2026-10-03 19:21:21.015 | DEBUG    | tldw_chatbook.DB.ChaChaNotes_DB:_enter_transaction:24458 - Entered nested transaction level 2 on thread 8494865792.
2026-10-03 19:21:21.020 | INFO     | tldw_chatbook.DB.ChaChaNotes_DB:_migrate_from_v45_to_v46:6965 - [rag_char_chat_schema V45→V46] Migration completed successfully for DB: db_sha256=memory. Purged 0 unreachable sync_log row(s) of 1.
2026-10-03 19:21:21.023 | INFO     | tldw_chatbook.DB.ChaChaNotes_DB:_migrate_from_v46_to_v47:7007 - Migrating schema from V46 to V47 for 'rag_char_chat_schema' in DB: db_sha256=memory...
2026-10-03 19:21:21.024 | DEBUG    | tldw_chatbook.DB.ChaChaNotes_DB:_enter_transaction:24458 - Entered nested transaction level 2 on thread 8494865792.
2026-10-03 19:21:21.025 | INFO     | tldw_chatbook.DB.ChaChaNotes_DB:_migrate_from_v46_to_v47:7042 - [rag_char_chat_schema V46→V47] Migration completed successfully for DB: db_sha256=memory.
2026-10-03 19:21:21.028 | DEBUG    | tldw_chatbook.DB.ChaChaNotes_DB:_enter_transaction:24458 - Entered nested transaction level 2 on thread 8494865792.
2026-10-03 19:21:21.038 | INFO     | tldw_chatbook.DB.ChaChaNotes_DB:_migrate_from_v48_to_v49:7198 - Migrating schema from V48 to V49 for 'rag_char_chat_schema' in DB: db_sha256=memory...
2026-10-03 19:21:21.040 | DEBUG    | tldw_chatbook.DB.ChaChaNotes_DB:_enter_transaction:24458 - Entered nested transaction level 2 on thread 8494865792.
2026-10-03 19:21:21.042 | INFO     | tldw_chatbook.DB.ChaChaNotes_DB:_migrate_from_v48_to_v49:7233 - [rag_char_chat_schema V48→V49] Migration completed successfully for DB: db_sha256=memory.
2026-10-03 19:21:21.044 | INFO     | tldw_chatbook.DB.ChaChaNotes_DB:_migrate_from_v49_to_v50:7281 - Migrating schema from V49 to V50 for 'rag_char_chat_schema' in DB: db_sha256=memory...
2026-10-03 19:21:21.049 | DEBUG    | tldw_chatbook.DB.ChaChaNotes_DB:_enter_transaction:24458 - Entered nested transaction level 2 on thread 8494865792.
2026-10-03 19:21:21.049 | INFO     | tldw_chatbook.DB.ChaChaNotes_DB:_migrate_from_v49_to_v50:7315 - [rag_char_chat_schema V49→V50] Migration completed successfully for DB: db_sha256=memory.
2026-10-03 19:21:21.052 | DEBUG    | tldw_chatbook.DB.ChaChaNotes_DB:_enter_transaction:24458 - Entered nested transaction level 2 on thread 8494865792.
2026-10-03 19:21:21.059 | DEBUG    | tldw_chatbook.DB.ChaChaNotes_DB:_enter_transaction:24458 - Entered nested transaction level 2 on thread 8494865792.
2026-10-03 19:21:21.076 | INFO     | tldw_chatbook.DB.ChaChaNotes_DB:_migrate_from_v52_to_v53:7440 - Migrating schema from V52 to V53 for 'rag_char_chat_schema' in DB: db_sha256=memory...
2026-10-03 19:21:21.077 | DEBUG    | tldw_chatbook.DB.ChaChaNotes_DB:_enter_transaction:24458 - Entered nested transaction level 2 on thread 8494865792.
2026-10-03 19:21:21.081 | INFO     | tldw_chatbook.DB.ChaChaNotes_DB:_migrate_from_v52_to_v53:7505 - [rag_char_chat_schema V52→V53] Migration completed for DB: db_sha256=memory (examined 0, compacted 0, skipped 0 unreadable).
2026-10-03 19:21:21.081 | DEBUG    | tldw_chatbook.DB.ChaChaNotes_DB:_enter_transaction:24458 - Entered nested transaction level 2 on thread 8494865792.
2026-10-03 19:21:21.087 | DEBUG    | tldw_chatbook.DB.ChaChaNotes_DB:_enter_transaction:24458 - Entered nested transaction level 2 on thread 8494865792.
2026-10-03 19:21:21.090 | DEBUG    | tldw_chatbook.DB.ChaChaNotes_DB:_enter_transaction:24458 - Entered nested transaction level 2 on thread 8494865792.
2026-10-03 19:21:21.118 | DEBUG    | tldw_chatbook.DB.ChaChaNotes_DB:_enter_transaction:24458 - Entered nested transaction level 2 on thread 8494865792.
2026-10-03 19:21:21.120 | DEBUG    | tldw_chatbook.DB.ChaChaNotes_DB:_enter_transaction:24458 - Entered nested transaction level 2 on thread 8494865792.
2026-10-03 19:21:21.152 | DEBUG    | tldw_chatbook.DB.ChaChaNotes_DB:_enter_transaction:24458 - Entered nested transaction level 2 on thread 8494865792.
2026-10-03 19:21:21.153 | DEBUG    | tldw_chatbook.DB.ChaChaNotes_DB:_enter_transaction:24458 - Entered nested transaction level 2 on thread 8494865792.
2026-10-03 19:21:21.154 | DEBUG    | tldw_chatbook.DB.ChaChaNotes_DB:_enter_transaction:24458 - Entered nested transaction level 2 on thread 8494865792.
2026-10-03 19:21:21.156 | DEBUG    | tldw_chatbook.DB.ChaChaNotes_DB:_enter_transaction:24458 - Entered nested transaction level 2 on thread 8494865792.
2026-10-03 19:21:21.191 | DEBUG    | tldw_chatbook.DB.ChaChaNotes_DB:_enter_transaction:24458 - Entered nested transaction level 2 on thread 8494865792.
2026-10-03 19:21:21.200 | DEBUG    | tldw_chatbook.DB.ChaChaNotes_DB:_enter_transaction:24458 - Entered nested transaction level 2 on thread 8494865792.
2026-10-03 19:21:21.233 | DEBUG    | tldw_chatbook.DB.ChaChaNotes_DB:_enter_transaction:24458 - Entered nested transaction level 2 on thread 8494865792.
2026-10-03 19:21:21.234 | DEBUG    | tldw_chatbook.DB.ChaChaNotes_DB:_enter_transaction:24458 - Entered nested transaction level 2 on thread 8494865792.
2026-10-03 19:21:21.240 | DEBUG    | tldw_chatbook.DB.ChaChaNotes_DB:_enter_transaction:24458 - Entered nested transaction level 3 on thread 8494865792.
2026-10-03 19:21:21.241 | DEBUG    | tldw_chatbook.DB.ChaChaNotes_DB:_enter_transaction:24458 - Entered nested transaction level 3 on thread 8494865792.
2026-10-03 19:21:21.242 | DEBUG    | tldw_chatbook.DB.ChaChaNotes_DB:_enter_transaction:24458 - Entered nested transaction level 2 on thread 8494865792.
2026-10-03 19:21:21.247 | DEBUG    | tldw_chatbook.DB.ChaChaNotes_DB:_enter_transaction:24458 - Entered nested transaction level 2 on thread 8494865792.
2026-10-03 19:21:21.285 | DEBUG    | tldw_chatbook.DB.ChaChaNotes_DB:_enter_transaction:24458 - Entered nested transaction level 2 on thread 8494865792.
2026-10-03 19:21:21.288 | DEBUG    | tldw_chatbook.DB.ChaChaNotes_DB:_enter_transaction:24458 - Entered nested transaction level 2 on thread 8494865792.
2026-10-03 19:21:21.289 | DEBUG    | tldw_chatbook.DB.ChaChaNotes_DB:_enter_transaction:24458 - Entered nested transaction level 2 on thread 8494865792.
2026-10-03 19:21:21.302 | DEBUG    | tldw_chatbook.DB.ChaChaNotes_DB:_enter_transaction:24458 - Entered nested transaction level 2 on thread 8494865792.
2026-10-03 19:21:21.330 | DEBUG    | tldw_chatbook.DB.ChaChaNotes_DB:_enter_transaction:24458 - Entered nested transaction level 2 on thread 8494865792.
2026-10-03 19:21:21.331 | DEBUG    | tldw_chatbook.DB.ChaChaNotes_DB:_enter_transaction:24458 - Entered nested transaction level 2 on thread 8494865792.
2026-10-03 19:21:21.340 | DEBUG    | tldw_chatbook.DB.ChaChaNotes_DB:_enter_transaction:24458 - Entered nested transaction level 2 on thread 8494865792.
2026-10-03 19:21:21.341 | DEBUG    | tldw_chatbook.DB.ChaChaNotes_DB:_enter_transaction:24458 - Entered nested transaction level 2 on thread 8494865792.
2026-10-03 19:21:21.376 | INFO     | tldw_chatbook.DB.ChaChaNotes_DB:_initialize_schema:8685 - Database schema 'rag_char_chat_schema' successfully initialized/migrated to version 76.
2026-10-03 19:21:21.376 | DEBUG    | tldw_chatbook.DB.ChaChaNotes_DB:_exit_transaction:24552 - Transaction (outermost) committed successfully on thread 8494865792.
2026-10-03 19:21:21.376 | DEBUG    | tldw_chatbook.DB.ChaChaNotes_DB:__init__:3399 - CharactersRAGDB initialization completed successfully db_sha256=memory
2026-10-03 19:21:21.409 | INFO     | tldw_chatbook.config:_apply_literal_settings_transaction_locked:8612 - Attempting to apply literal settings mutation: sets={"('first_run',)": ['setup_completed'], "('splash_screen',)": ['enabled'], "('chat_defaults',)": ['provider', 'model'], "('api_settings', 'llama_cpp')": ['api_url', 'model']}, deletes={}
2026-10-03 19:21:21.436 | SUCCESS  | tldw_chatbook.config:_apply_literal_settings_transaction_locked:8670 - Successfully replaced settings file at /Users/macbook-dev/.codex/worktrees/console-chat-starts/tldw_chatbook/.superpowers/sdd/2026-10-03-console-pr2995-review-and-merge/composer-repair-green-profile-bv6mds77/config/config.toml
2026-10-03 19:21:21.441 | INFO     | tldw_chatbook.config:_load_settings_uncached:2134 - Determined ACTUAL_PROJECT_ROOT for general paths: /Users/macbook-dev/.codex/worktrees/console-chat-starts/tldw_chatbook/tldw_chatbook
2026-10-03 19:21:21.443 | INFO     | tldw_chatbook.config:_load_settings_uncached:2137 - Determined APP_COMPONENT_ROOT for config files: /Users/macbook-dev/.codex/worktrees/console-chat-starts/tldw_chatbook/tldw_chatbook
2026-10-03 19:21:21.445 | DEBUG    | tldw_chatbook.config:_load_settings_uncached:2160 - load_settings: Configuration loaded from disk (cache miss or forced reload)
2026-10-03 19:21:21.448 | DEBUG    | tldw_chatbook.config:_load_settings_uncached:2482 - Darwin platform-preferred STT provider resolved to: faster-whisper
2026-10-03 19:21:21.528 | DEBUG    | tldw_chatbook.config:_load_settings_uncached:3712 - Ensured chat dictionaries folder exists: /Users/macbook-dev/.codex/worktrees/console-chat-starts/tldw_chatbook/.superpowers/sdd/2026-10-03-console-pr2995-review-and-merge/composer-repair-green-profile-bv6mds77/home/.local/share/tldw_cli/default_user/chat_dicts
2026-10-03 19:21:21.528 | DEBUG    | tldw_chatbook.config:_load_settings_uncached:3743 - load_settings: Configuration cached for future use
2026-10-03 19:21:21.535 | INFO     | tldw_chatbook.config:_apply_literal_settings_transaction_locked:8698 - Global configuration caches invalidated and reloaded.
2026-10-03 19:21:21.567 | INFO     | tldw_chatbook.config:_load_settings_uncached:2134 - Determined ACTUAL_PROJECT_ROOT for general paths: /Users/macbook-dev/.codex/worktrees/console-chat-starts/tldw_chatbook/tldw_chatbook
2026-10-03 19:21:21.567 | INFO     | tldw_chatbook.config:_load_settings_uncached:2137 - Determined APP_COMPONENT_ROOT for config files: /Users/macbook-dev/.codex/worktrees/console-chat-starts/tldw_chatbook/tldw_chatbook
2026-10-03 19:21:21.570 | INFO     | tldw_chatbook.config:_load_cli_config_bootstrap_unlocked:6847 - Attempting to load CLI config from: /Users/macbook-dev/.codex/worktrees/console-chat-starts/tldw_chatbook/.superpowers/sdd/2026-10-03-console-pr2995-review-and-merge/composer-repair-green-profile-bv6mds77/config/config.toml
2026-10-03 19:21:21.579 | INFO     | tldw_chatbook.config:_load_cli_config_bootstrap_unlocked:6868 - Successfully loaded and merged CLI config from /Users/macbook-dev/.codex/worktrees/console-chat-starts/tldw_chatbook/.superpowers/sdd/2026-10-03-console-pr2995-review-and-merge/composer-repair-green-profile-bv6mds77/config/config.toml
2026-10-03 19:21:21.579 | DEBUG    | tldw_chatbook.config:_load_cli_config_bootstrap_unlocked:6952 - load_cli_config_and_ensure_existence returning config with top-level keys: ['config_schema_version', 'general', 'console', 'console_ssh', 'hooks', 'skills', 'tamagotchi', 'appearance', 'acp', 'tldw_api', 'library', 'caching', 'agents', 'splash_screen', 'logging', 'metrics', 'database', 'webhooks', 'scheduling', 'media_cleanup', 'api_endpoints', 'providers', 'model_catalog', 'api_settings', 'chat_defaults', 'chat', 'web_security', 'network', 'image_generation', 'character_defaults', 'analysis_defaults', 'permission_summary', 'llm_management', 'llamacpp_snapshots', 'notes', 'Prompts', 'prompts', 'embedding_config', 'rag_citations', 'rag', 'rag_search', 'chunking', 'model_capabilities', 'tools', 'SearchSettings', 'webfetch', 'SearchEngines', 'media_processing', 'meetings', 'dictation', 'transcription', 'diarization', 'local_ingestion', 'mcp', 'subscriptions', 'github', 'briefings_feed_server', 'canvas', 'web_server', 'first_run']
2026-10-03 19:21:21.580 | DEBUG    | tldw_chatbook.config:_load_cli_config_bootstrap_unlocked:6956 -   'api_settings' found with keys: ['openai', 'anthropic', 'cohere', 'deepseek', 'groq', 'google', 'huggingface', 'mistralai', 'openrouter', 'moonshot', 'qwencloud', 'zai', 'databricks', 'together', 'fireworks', 'cerebras', 'sambanova', 'nvidia', 'deepinfra', 'nebius', 'novita', 'minimax', 'mimo', 'tokenhub', 'byteplus', 'stepfun', 'vercel', 'zenmux', 'kilo', 'siliconflow', 'baseten', 'gmi', 'ollama_cloud', 'upstage', 'arcee', 'qianfan', 'nous', 'venice', 'meta', 'azure', 'wandb', 'cloudflare', 'opencode_zen', 'commandcode', 'llama_cpp', 'oobabooga', 'koboldcpp', 'ollama', 'vllm', 'aphrodite', 'tabbyapi', 'custom', 'custom_2', 'local-llm', 'local_llamafile', 'local_llamacpp', 'local_vllm', 'local_ollama', 'local_onnx', 'local_transformers', 'local_mlx_lm']
2026-10-03 19:21:21.581 | DEBUG    | tldw_chatbook.config:_load_settings_uncached:2160 - load_settings: Configuration loaded from disk (cache miss or forced reload)
2026-10-03 19:21:21.582 | DEBUG    | tldw_chatbook.config:_load_settings_uncached:2482 - Darwin platform-preferred STT provider resolved to: faster-whisper
2026-10-03 19:21:21.649 | DEBUG    | tldw_chatbook.config:_load_settings_uncached:3712 - Ensured chat dictionaries folder exists: /Users/macbook-dev/.codex/worktrees/console-chat-starts/tldw_chatbook/.superpowers/sdd/2026-10-03-console-pr2995-review-and-merge/composer-repair-green-profile-bv6mds77/home/.local/share/tldw_cli/default_user/chat_dicts
2026-10-03 19:21:21.650 | DEBUG    | tldw_chatbook.config:_load_settings_uncached:3743 - load_settings: Configuration cached for future use
2026-10-03 19:21:21.670 | DEBUG    | tldw_chatbook.UI.Navigation.base_app_screen:__init__:89 - Initializing ChatScreen screen: chat
2026-10-03 19:21:21.723 | DEBUG    | tldw_chatbook.DB.ChaChaNotes_DB:_enter_transaction:24489 - Started outermost transaction on thread 8494865792.
2026-10-03 19:21:21.724 | DEBUG    | tldw_chatbook.DB.ChaChaNotes_DB:_exit_transaction:24552 - Transaction (outermost) committed successfully on thread 8494865792.
2026-10-03 19:21:21.762 | DEBUG    | tldw_chatbook.Chat.chat_persistence_service:__init__:271 - Recovered-media message source is unavailable.
2026-10-03 19:21:21.874 | ERROR    | tldw_chatbook.UI.Navigation.base_app_screen:_compose_content_or_failure:446 - Screen content failed to compose (screen='chat', exception_category=AttributeError).
Traceback (most recent call last):
  File "<frozen runpy>", line 198, in _run_module_as_main
  File "<frozen runpy>", line 88, in _run_code
  File "/Users/macbook-dev/Documents/GitHub/tldw_chatbook/.venv/lib/python3.12/site-packages/pytest/__main__.py", line 9, in <module>
    raise SystemExit(pytest.console_main())
  File "/Users/macbook-dev/Documents/GitHub/tldw_chatbook/.venv/lib/python3.12/site-packages/_pytest/config/__init__.py", line 201, in console_main
    code = main()
  File "/Users/macbook-dev/Documents/GitHub/tldw_chatbook/.venv/lib/python3.12/site-packages/_pytest/config/__init__.py", line 175, in main
    ret: ExitCode | int = config.hook.pytest_cmdline_main(config=config)
  File "/Users/macbook-dev/Documents/GitHub/tldw_chatbook/.venv/lib/python3.12/site-packages/pluggy/_hooks.py", line 512, in __call__
    return self._hookexec(self.name, self._hookimpls.copy(), kwargs, firstresult)
  File "/Users/macbook-dev/Documents/GitHub/tldw_chatbook/.venv/lib/python3.12/site-packages/pluggy/_manager.py", line 120, in _hookexec
    return self._inner_hookexec(hook_name, methods, kwargs, firstresult)
  File "/Users/macbook-dev/Documents/GitHub/tldw_chatbook/.venv/lib/python3.12/site-packages/pluggy/_callers.py", line 121, in _multicall
    res = hook_impl.function(*args)
  File "/Users/macbook-dev/Documents/GitHub/tldw_chatbook/.venv/lib/python3.12/site-packages/_pytest/main.py", line 336, in pytest_cmdline_main
    return wrap_session(config, _main)
  File "/Users/macbook-dev/Documents/GitHub/tldw_chatbook/.venv/lib/python3.12/site-packages/_pytest/main.py", line 289, in wrap_session
    session.exitstatus = doit(config, session) or 0
  File "/Users/macbook-dev/Documents/GitHub/tldw_chatbook/.venv/lib/python3.12/site-packages/_pytest/main.py", line 343, in _main
    config.hook.pytest_runtestloop(session=session)
  File "/Users/macbook-dev/Documents/GitHub/tldw_chatbook/.venv/lib/python3.12/site-packages/pluggy/_hooks.py", line 512, in __call__
    return self._hookexec(self.name, self._hookimpls.copy(), kwargs, firstresult)
  File "/Users/macbook-dev/Documents/GitHub/tldw_chatbook/.venv/lib/python3.12/site-packages/pluggy/_manager.py", line 120, in _hookexec
    return self._inner_hookexec(hook_name, methods, kwargs, firstresult)
  File "/Users/macbook-dev/Documents/GitHub/tldw_chatbook/.venv/lib/python3.12/site-packages/pluggy/_callers.py", line 121, in _multicall
    res = hook_impl.function(*args)
  File "/Users/macbook-dev/Documents/GitHub/tldw_chatbook/.venv/lib/python3.12/site-packages/_pytest/main.py", line 367, in pytest_runtestloop
    item.config.hook.pytest_runtest_protocol(item=item, nextitem=nextitem)
  File "/Users/macbook-dev/Documents/GitHub/tldw_chatbook/.venv/lib/python3.12/site-packages/pluggy/_hooks.py", line 512, in __call__
    return self._hookexec(self.name, self._hookimpls.copy(), kwargs, firstresult)
  File "/Users/macbook-dev/Documents/GitHub/tldw_chatbook/.venv/lib/python3.12/site-packages/pluggy/_manager.py", line 120, in _hookexec
    return self._inner_hookexec(hook_name, methods, kwargs, firstresult)
  File "/Users/macbook-dev/Documents/GitHub/tldw_chatbook/.venv/lib/python3.12/site-packages/pluggy/_callers.py", line 121, in _multicall
    res = hook_impl.function(*args)
  File "/Users/macbook-dev/Documents/GitHub/tldw_chatbook/.venv/lib/python3.12/site-packages/_pytest/runner.py", line 117, in pytest_runtest_protocol
    runtestprotocol(item, nextitem=nextitem)
  File "/Users/macbook-dev/Documents/GitHub/tldw_chatbook/.venv/lib/python3.12/site-packages/_pytest/runner.py", line 136, in runtestprotocol
    reports.append(call_and_report(item, "call", log))
  File "/Users/macbook-dev/Documents/GitHub/tldw_chatbook/.venv/lib/python3.12/site-packages/_pytest/runner.py", line 245, in call_and_report
    call = CallInfo.from_call(
  File "/Users/macbook-dev/Documents/GitHub/tldw_chatbook/.venv/lib/python3.12/site-packages/_pytest/runner.py", line 344, in from_call
    result: TResult | None = func()
  File "/Users/macbook-dev/Documents/GitHub/tldw_chatbook/.venv/lib/python3.12/site-packages/_pytest/runner.py", line 246, in <lambda>
    lambda: runtest_hook(item=item, **kwds), when=when, reraise=reraise
  File "/Users/macbook-dev/Documents/GitHub/tldw_chatbook/.venv/lib/python3.12/site-packages/pluggy/_hooks.py", line 512, in __call__
    return self._hookexec(self.name, self._hookimpls.copy(), kwargs, firstresult)
  File "/Users/macbook-dev/Documents/GitHub/tldw_chatbook/.venv/lib/python3.12/site-packages/pluggy/_manager.py", line 120, in _hookexec
    return self._inner_hookexec(hook_name, methods, kwargs, firstresult)
  File "/Users/macbook-dev/Documents/GitHub/tldw_chatbook/.venv/lib/python3.12/site-packages/pluggy/_callers.py", line 121, in _multicall
    res = hook_impl.function(*args)
  File "/Users/macbook-dev/Documents/GitHub/tldw_chatbook/.venv/lib/python3.12/site-packages/_pytest/runner.py", line 178, in pytest_runtest_call
    item.runtest()
  File "/Users/macbook-dev/Documents/GitHub/tldw_chatbook/.venv/lib/python3.12/site-packages/pytest_asyncio/plugin.py", line 474, in runtest
    super().runtest()
  File "/Users/macbook-dev/Documents/GitHub/tldw_chatbook/.venv/lib/python3.12/site-packages/_pytest/python.py", line 1671, in runtest
    self.ihook.pytest_pyfunc_call(pyfuncitem=self)
  File "/Users/macbook-dev/Documents/GitHub/tldw_chatbook/.venv/lib/python3.12/site-packages/pluggy/_hooks.py", line 512, in __call__
    return self._hookexec(self.name, self._hookimpls.copy(), kwargs, firstresult)
  File "/Users/macbook-dev/Documents/GitHub/tldw_chatbook/.venv/lib/python3.12/site-packages/pluggy/_manager.py", line 120, in _hookexec
    return self._inner_hookexec(hook_name, methods, kwargs, firstresult)
  File "/Users/macbook-dev/Documents/GitHub/tldw_chatbook/.venv/lib/python3.12/site-packages/pluggy/_callers.py", line 121, in _multicall
    res = hook_impl.function(*args)
  File "/Users/macbook-dev/Documents/GitHub/tldw_chatbook/.venv/lib/python3.12/site-packages/_pytest/python.py", line 157, in pytest_pyfunc_call
    result = testfunction(**testargs)
  File "/Users/macbook-dev/Documents/GitHub/tldw_chatbook/.venv/lib/python3.12/site-packages/pytest_asyncio/plugin.py", line 721, in inner
    runner.run(coro, context=context)
  File "/Users/macbook-dev/.local/share/uv/python/cpython-3.12.11-macos-aarch64-none/lib/python3.12/asyncio/runners.py", line 118, in run
    return self._loop.run_until_complete(task)
  File "/Users/macbook-dev/.local/share/uv/python/cpython-3.12.11-macos-aarch64-none/lib/python3.12/asyncio/base_events.py", line 678, in run_until_complete
    self.run_forever()
  File "/Users/macbook-dev/.local/share/uv/python/cpython-3.12.11-macos-aarch64-none/lib/python3.12/asyncio/base_events.py", line 645, in run_forever
    self._run_once()
  File "/Users/macbook-dev/.local/share/uv/python/cpython-3.12.11-macos-aarch64-none/lib/python3.12/asyncio/base_events.py", line 1999, in _run_once
    handle._run()
  File "/Users/macbook-dev/.local/share/uv/python/cpython-3.12.11-macos-aarch64-none/lib/python3.12/asyncio/events.py", line 88, in _run
    self._context.run(self._callback, *self._args)
  File "/Users/macbook-dev/Documents/GitHub/tldw_chatbook/.venv/lib/python3.12/site-packages/textual/message_pump.py", line 566, in _process_messages
    if not await self._pre_process():
  File "/Users/macbook-dev/Documents/GitHub/tldw_chatbook/.venv/lib/python3.12/site-packages/textual/message_pump.py", line 599, in _pre_process
    await self._dispatch_message(events.Compose())
  File "/Users/macbook-dev/Documents/GitHub/tldw_chatbook/.venv/lib/python3.12/site-packages/textual/message_pump.py", line 727, in _dispatch_message
    await self.on_event(message)
  File "/Users/macbook-dev/Documents/GitHub/tldw_chatbook/.venv/lib/python3.12/site-packages/textual/message_pump.py", line 808, in on_event
    await self._on_message(event)
  File "/Users/macbook-dev/Documents/GitHub/tldw_chatbook/.venv/lib/python3.12/site-packages/textual/message_pump.py", line 829, in _on_message
    await invoke(method, message)
  File "/Users/macbook-dev/Documents/GitHub/tldw_chatbook/.venv/lib/python3.12/site-packages/textual/_callback.py", line 96, in invoke
    return await _invoke(callback, *params)
  File "/Users/macbook-dev/Documents/GitHub/tldw_chatbook/.venv/lib/python3.12/site-packages/textual/_callback.py", line 58, in _invoke
    result = await result
  File "/Users/macbook-dev/Documents/GitHub/tldw_chatbook/.venv/lib/python3.12/site-packages/textual/widget.py", line 4714, in _on_compose
    await self._compose()
  File "/Users/macbook-dev/Documents/GitHub/tldw_chatbook/.venv/lib/python3.12/site-packages/textual/screen.py", line 1486, in _compose
    await super()._compose()
  File "/Users/macbook-dev/Documents/GitHub/tldw_chatbook/.venv/lib/python3.12/site-packages/textual/widget.py", line 4718, in _compose
    widgets = [*self._pending_children, *compose(self)]
  File "/Users/macbook-dev/Documents/GitHub/tldw_chatbook/.venv/lib/python3.12/site-packages/textual/compose.py", line 54, in compose
    child = next(iter_compose)
  File "/Users/macbook-dev/.codex/worktrees/console-chat-starts/tldw_chatbook/tldw_chatbook/UI/Navigation/base_app_screen.py", line 391, in compose
    yield from self._compose_content_or_failure()
> File "/Users/macbook-dev/.codex/worktrees/console-chat-starts/tldw_chatbook/tldw_chatbook/UI/Navigation/base_app_screen.py", line 444, in _compose_content_or_failure
    yield from self.compose_content()
  File "/Users/macbook-dev/.codex/worktrees/console-chat-starts/tldw_chatbook/tldw_chatbook/UI/Screens/chat_screen.py", line 16198, in compose_content
    settings_summary_state = self._build_console_settings_summary_state()
  File "/Users/macbook-dev/.codex/worktrees/console-chat-starts/tldw_chatbook/tldw_chatbook/UI/Screens/chat_screen.py", line 8432, in _build_console_settings_summary_state
    estimate = self._active_console_settings_context_estimate()
  File "/Users/macbook-dev/.codex/worktrees/console-chat-starts/tldw_chatbook/tldw_chatbook/UI/Screens/chat_screen.py", line 8144, in _active_console_settings_context_estimate
    return self._console_settings_context_estimate_for_session(session_id)
  File "/Users/macbook-dev/.codex/worktrees/console-chat-starts/tldw_chatbook/tldw_chatbook/UI/Screens/chat_screen.py", line 8270, in _console_settings_context_estimate_for_session
    self._ensure_console_provider_gateway().cached_context_window(settings)
AttributeError: 'BlockedGateway' object has no attribute 'cached_context_window'
2026-10-03 19:21:21.901 | DEBUG    | tldw_chatbook.UI.Console_Modules.workspace:_persisted_console_browser_rows:3825 - Local persisted conversation service is unavailable
2026-10-03 19:21:21.901 | DEBUG    | tldw_chatbook.UI.Screens.chat_screen:_sync_console_workspace_context:14058 - No Console workspace context tray available for sync
2026-10-03 19:21:21.902 | WARNING  | tldw_chatbook.Chat.console_fleet_wake:recover:1001 - wake recovery failed (exception_type=AttributeError)
2026-10-03 19:21:22.137 | DEBUG    | tldw_chatbook.Widgets.compact_model_bar:handle_compact_temp_change:203 - Sidebar temperature input not found for sync
2026-10-03 19:21:22.189 | INFO     | tldw_chatbook.UI.Navigation.base_app_screen:on_mount:532 - Screen chat mounted
2026-10-03 19:21:22.190 | DEBUG    | tldw_chatbook.DB.ChaChaNotes_DB:_enter_transaction:24489 - Started outermost transaction on thread 8494865792.
2026-10-03 19:21:22.190 | DEBUG    | tldw_chatbook.DB.ChaChaNotes_DB:_exit_transaction:24552 - Transaction (outermost) committed successfully on thread 8494865792.
2026-10-03 19:21:22.191 | DEBUG    | tldw_chatbook.UI.Screens.chat_screen:on_screen_resume:23581 - Chat screen resuming
2026-10-03 19:21:23.601 | DEBUG    | tldw_chatbook.UI.Screens.chat_screen:_sync_console_workspace_context:14058 - No Console workspace context tray available for sync
2026-10-03 19:21:23.612 | DEBUG    | tldw_chatbook.DB.ChaChaNotes_DB:_enter_transaction:24489 - Started outermost transaction on thread 8494865792.
2026-10-03 19:21:23.612 | DEBUG    | tldw_chatbook.DB.ChaChaNotes_DB:_exit_transaction:24552 - Transaction (outermost) committed successfully on thread 8494865792.
2026-10-03 19:21:23.629 | INFO     | tldw_chatbook.UI.Navigation.base_app_screen:on_unmount:563 - Screen chat unmounted
2026-10-03 19:21:23.640 | WARNING  | tldw_chatbook.UI.Screens.chat_screen:_build_console_cost_state:11766 - cost_chip_state_failed
Traceback (most recent call last):
  File "<frozen runpy>", line 198, in _run_module_as_main
  File "<frozen runpy>", line 88, in _run_code
  File "/Users/macbook-dev/Documents/GitHub/tldw_chatbook/.venv/lib/python3.12/site-packages/pytest/__main__.py", line 9, in <module>
    raise SystemExit(pytest.console_main())
  File "/Users/macbook-dev/Documents/GitHub/tldw_chatbook/.venv/lib/python3.12/site-packages/_pytest/config/__init__.py", line 201, in console_main
    code = main()
  File "/Users/macbook-dev/Documents/GitHub/tldw_chatbook/.venv/lib/python3.12/site-packages/_pytest/config/__init__.py", line 175, in main
    ret: ExitCode | int = config.hook.pytest_cmdline_main(config=config)
  File "/Users/macbook-dev/Documents/GitHub/tldw_chatbook/.venv/lib/python3.12/site-packages/pluggy/_hooks.py", line 512, in __call__
    return self._hookexec(self.name, self._hookimpls.copy(), kwargs, firstresult)
  File "/Users/macbook-dev/Documents/GitHub/tldw_chatbook/.venv/lib/python3.12/site-packages/pluggy/_manager.py", line 120, in _hookexec
    return self._inner_hookexec(hook_name, methods, kwargs, firstresult)
  File "/Users/macbook-dev/Documents/GitHub/tldw_chatbook/.venv/lib/python3.12/site-packages/pluggy/_callers.py", line 121, in _multicall
    res = hook_impl.function(*args)
  File "/Users/macbook-dev/Documents/GitHub/tldw_chatbook/.venv/lib/python3.12/site-packages/_pytest/main.py", line 336, in pytest_cmdline_main
    return wrap_session(config, _main)
  File "/Users/macbook-dev/Documents/GitHub/tldw_chatbook/.venv/lib/python3.12/site-packages/_pytest/main.py", line 289, in wrap_session
    session.exitstatus = doit(config, session) or 0
  File "/Users/macbook-dev/Documents/GitHub/tldw_chatbook/.venv/lib/python3.12/site-packages/_pytest/main.py", line 343, in _main
    config.hook.pytest_runtestloop(session=session)
  File "/Users/macbook-dev/Documents/GitHub/tldw_chatbook/.venv/lib/python3.12/site-packages/pluggy/_hooks.py", line 512, in __call__
    return self._hookexec(self.name, self._hookimpls.copy(), kwargs, firstresult)
  File "/Users/macbook-dev/Documents/GitHub/tldw_chatbook/.venv/lib/python3.12/site-packages/pluggy/_manager.py", line 120, in _hookexec
    return self._inner_hookexec(hook_name, methods, kwargs, firstresult)
  File "/Users/macbook-dev/Documents/GitHub/tldw_chatbook/.venv/lib/python3.12/site-packages/pluggy/_callers.py", line 121, in _multicall
    res = hook_impl.function(*args)
  File "/Users/macbook-dev/Documents/GitHub/tldw_chatbook/.venv/lib/python3.12/site-packages/_pytest/main.py", line 367, in pytest_runtestloop
    item.config.hook.pytest_runtest_protocol(item=item, nextitem=nextitem)
  File "/Users/macbook-dev/Documents/GitHub/tldw_chatbook/.venv/lib/python3.12/site-packages/pluggy/_hooks.py", line 512, in __call__
    return self._hookexec(self.name, self._hookimpls.copy(), kwargs, firstresult)
  File "/Users/macbook-dev/Documents/GitHub/tldw_chatbook/.venv/lib/python3.12/site-packages/pluggy/_manager.py", line 120, in _hookexec
    return self._inner_hookexec(hook_name, methods, kwargs, firstresult)
  File "/Users/macbook-dev/Documents/GitHub/tldw_chatbook/.venv/lib/python3.12/site-packages/pluggy/_callers.py", line 121, in _multicall
    res = hook_impl.function(*args)
  File "/Users/macbook-dev/Documents/GitHub/tldw_chatbook/.venv/lib/python3.12/site-packages/_pytest/runner.py", line 117, in pytest_runtest_protocol
    runtestprotocol(item, nextitem=nextitem)
  File "/Users/macbook-dev/Documents/GitHub/tldw_chatbook/.venv/lib/python3.12/site-packages/_pytest/runner.py", line 136, in runtestprotocol
    reports.append(call_and_report(item, "call", log))
  File "/Users/macbook-dev/Documents/GitHub/tldw_chatbook/.venv/lib/python3.12/site-packages/_pytest/runner.py", line 245, in call_and_report
    call = CallInfo.from_call(
  File "/Users/macbook-dev/Documents/GitHub/tldw_chatbook/.venv/lib/python3.12/site-packages/_pytest/runner.py", line 344, in from_call
    result: TResult | None = func()
  File "/Users/macbook-dev/Documents/GitHub/tldw_chatbook/.venv/lib/python3.12/site-packages/_pytest/runner.py", line 246, in <lambda>
    lambda: runtest_hook(item=item, **kwds), when=when, reraise=reraise
  File "/Users/macbook-dev/Documents/GitHub/tldw_chatbook/.venv/lib/python3.12/site-packages/pluggy/_hooks.py", line 512, in __call__
    return self._hookexec(self.name, self._hookimpls.copy(), kwargs, firstresult)
  File "/Users/macbook-dev/Documents/GitHub/tldw_chatbook/.venv/lib/python3.12/site-packages/pluggy/_manager.py", line 120, in _hookexec
    return self._inner_hookexec(hook_name, methods, kwargs, firstresult)
  File "/Users/macbook-dev/Documents/GitHub/tldw_chatbook/.venv/lib/python3.12/site-packages/pluggy/_callers.py", line 121, in _multicall
    res = hook_impl.function(*args)
  File "/Users/macbook-dev/Documents/GitHub/tldw_chatbook/.venv/lib/python3.12/site-packages/_pytest/runner.py", line 178, in pytest_runtest_call
    item.runtest()
  File "/Users/macbook-dev/Documents/GitHub/tldw_chatbook/.venv/lib/python3.12/site-packages/pytest_asyncio/plugin.py", line 474, in runtest
    super().runtest()
  File "/Users/macbook-dev/Documents/GitHub/tldw_chatbook/.venv/lib/python3.12/site-packages/_pytest/python.py", line 1671, in runtest
    self.ihook.pytest_pyfunc_call(pyfuncitem=self)
  File "/Users/macbook-dev/Documents/GitHub/tldw_chatbook/.venv/lib/python3.12/site-packages/pluggy/_hooks.py", line 512, in __call__
    return self._hookexec(self.name, self._hookimpls.copy(), kwargs, firstresult)
  File "/Users/macbook-dev/Documents/GitHub/tldw_chatbook/.venv/lib/python3.12/site-packages/pluggy/_manager.py", line 120, in _hookexec
    return self._inner_hookexec(hook_name, methods, kwargs, firstresult)
  File "/Users/macbook-dev/Documents/GitHub/tldw_chatbook/.venv/lib/python3.12/site-packages/pluggy/_callers.py", line 121, in _multicall
    res = hook_impl.function(*args)
  File "/Users/macbook-dev/Documents/GitHub/tldw_chatbook/.venv/lib/python3.12/site-packages/_pytest/python.py", line 157, in pytest_pyfunc_call
    result = testfunction(**testargs)
  File "/Users/macbook-dev/Documents/GitHub/tldw_chatbook/.venv/lib/python3.12/site-packages/pytest_asyncio/plugin.py", line 721, in inner
    runner.run(coro, context=context)
  File "/Users/macbook-dev/.local/share/uv/python/cpython-3.12.11-macos-aarch64-none/lib/python3.12/asyncio/runners.py", line 118, in run
    return self._loop.run_until_complete(task)
  File "/Users/macbook-dev/.local/share/uv/python/cpython-3.12.11-macos-aarch64-none/lib/python3.12/asyncio/base_events.py", line 678, in run_until_complete
    self.run_forever()
  File "/Users/macbook-dev/.local/share/uv/python/cpython-3.12.11-macos-aarch64-none/lib/python3.12/asyncio/base_events.py", line 645, in run_forever
    self._run_once()
  File "/Users/macbook-dev/.local/share/uv/python/cpython-3.12.11-macos-aarch64-none/lib/python3.12/asyncio/base_events.py", line 1999, in _run_once
    handle._run()
  File "/Users/macbook-dev/.local/share/uv/python/cpython-3.12.11-macos-aarch64-none/lib/python3.12/asyncio/events.py", line 88, in _run
    self._context.run(self._callback, *self._args)
  File "/Users/macbook-dev/Documents/GitHub/tldw_chatbook/.venv/lib/python3.12/site-packages/textual/message_pump.py", line 582, in _process_messages
    await self._message_loop_exit()
  File "/Users/macbook-dev/Documents/GitHub/tldw_chatbook/.venv/lib/python3.12/site-packages/textual/screen.py", line 1303, in _message_loop_exit
    await super()._message_loop_exit()
  File "/Users/macbook-dev/Documents/GitHub/tldw_chatbook/.venv/lib/python3.12/site-packages/textual/widget.py", line 4525, in _message_loop_exit
    await self._dispatch_message(events.Unmount())
  File "/Users/macbook-dev/Documents/GitHub/tldw_chatbook/.venv/lib/python3.12/site-packages/textual/message_pump.py", line 741, in _dispatch_message
    await self._flush_next_callbacks()
  File "/Users/macbook-dev/Documents/GitHub/tldw_chatbook/.venv/lib/python3.12/site-packages/textual/message_pump.py", line 702, in _flush_next_callbacks
    await invoke(callback.callback)
  File "/Users/macbook-dev/Documents/GitHub/tldw_chatbook/.venv/lib/python3.12/site-packages/textual/_callback.py", line 96, in invoke
    return await _invoke(callback, *params)
  File "/Users/macbook-dev/Documents/GitHub/tldw_chatbook/.venv/lib/python3.12/site-packages/textual/_callback.py", line 58, in _invoke
    result = await result
  File "/Users/macbook-dev/Documents/GitHub/tldw_chatbook/.venv/lib/python3.12/site-packages/textual/screen.py", line 1272, in _invoke_and_clear_callbacks
    await invoke(callback)
  File "/Users/macbook-dev/Documents/GitHub/tldw_chatbook/.venv/lib/python3.12/site-packages/textual/_callback.py", line 96, in invoke
    return await _invoke(callback, *params)
  File "/Users/macbook-dev/Documents/GitHub/tldw_chatbook/.venv/lib/python3.12/site-packages/textual/_callback.py", line 56, in _invoke
    result = callback(*params[:parameter_count])
  File "/Users/macbook-dev/.codex/worktrees/console-chat-starts/tldw_chatbook/tldw_chatbook/UI/Screens/chat_screen.py", line 21625, in _run_coalesced_control_bar_sync
    self._sync_console_control_bar()
  File "/Users/macbook-dev/.codex/worktrees/console-chat-starts/tldw_chatbook/tldw_chatbook/UI/Screens/chat_screen.py", line 21645, in _sync_console_control_bar
    return self._run_console_config_sync(
  File "/Users/macbook-dev/.codex/worktrees/console-chat-starts/tldw_chatbook/tldw_chatbook/UI/Screens/chat_screen.py", line 21676, in _run_console_config_sync
    sync()
  File "/Users/macbook-dev/.codex/worktrees/console-chat-starts/tldw_chatbook/tldw_chatbook/UI/Screens/chat_screen.py", line 21646, in <lambda>
    lambda: self._sync_console_control_bar_under_config(rail_state)
  File "/Users/macbook-dev/.codex/worktrees/console-chat-starts/tldw_chatbook/tldw_chatbook/UI/Screens/chat_screen.py", line 21764, in _sync_console_control_bar_under_config
    self._sync_console_cost_chip()
  File "/Users/macbook-dev/.codex/worktrees/console-chat-starts/tldw_chatbook/tldw_chatbook/UI/Screens/chat_screen.py", line 11780, in _sync_console_cost_chip
    cost_state = self._build_console_cost_state()
> File "/Users/macbook-dev/.codex/worktrees/console-chat-starts/tldw_chatbook/tldw_chatbook/UI/Screens/chat_screen.py", line 11745, in _build_console_cost_state
    context_state = self._active_console_context_control_state()
  File "/Users/macbook-dev/.codex/worktrees/console-chat-starts/tldw_chatbook/tldw_chatbook/UI/Screens/chat_screen.py", line 8376, in _active_console_context_control_state
    return self._console_context_control_state_for_session(
  File "/Users/macbook-dev/.codex/worktrees/console-chat-starts/tldw_chatbook/tldw_chatbook/UI/Screens/chat_screen.py", line 8395, in _console_context_control_state_for_session
    estimate = estimate or self._console_settings_context_estimate_for_session(
  File "/Users/macbook-dev/.codex/worktrees/console-chat-starts/tldw_chatbook/tldw_chatbook/UI/Screens/chat_screen.py", line 8270, in _console_settings_context_estimate_for_session
    self._ensure_console_provider_gateway().cached_context_window(settings)
AttributeError: 'BlockedGateway' object has no attribute 'cached_context_window'
2026-10-03 19:21:23.644 | DEBUG    | tldw_chatbook.DB.ChaChaNotes_DB:_get_thread_connection:3554 - Opened/Reopened SQLite connection db_sha256=memory thread=6207647744
2026-10-03 19:21:23.644 | DEBUG    | tldw_chatbook.DB.ChaChaNotes_DB:_enter_transaction:24489 - Started outermost transaction on thread 6207647744.
2026-10-03 19:21:23.644 | DEBUG    | tldw_chatbook.DB.ChaChaNotes_DB:_exit_transaction:24589 - Transaction (outermost) rolled back due to exception (OperationalError) on thread 6207647744.
2026-10-03 19:21:23.644 | DEBUG    | tldw_chatbook.DB.ChaChaNotes_DB:_enter_transaction:24489 - Started outermost transaction on thread 6207647744.
2026-10-03 19:21:23.645 | DEBUG    | tldw_chatbook.DB.ChaChaNotes_DB:_exit_transaction:24589 - Transaction (outermost) rolled back due to exception (OperationalError) on thread 6207647744.
2026-10-03 19:21:23.652 | DEBUG    | tldw_chatbook.UI.Screens.chat_screen:_reconcile_console_after_attach:16704 - Console attach reconciliation will retry (exception_type=AttributeError)
2026-10-03 19:21:23.653 | DEBUG    | tldw_chatbook.DB.ChaChaNotes_DB:_enter_transaction:24489 - Started outermost transaction on thread 6207647744.
2026-10-03 19:21:23.654 | DEBUG    | tldw_chatbook.DB.ChaChaNotes_DB:_exit_transaction:24589 - Transaction (outermost) rolled back due to exception (OperationalError) on thread 6207647744.
2026-10-03 19:21:23.656 | DEBUG    | tldw_chatbook.DB.ChaChaNotes_DB:_enter_transaction:24489 - Started outermost transaction on thread 6207647744.
2026-10-03 19:21:23.657 | DEBUG    | tldw_chatbook.DB.ChaChaNotes_DB:_exit_transaction:24589 - Transaction (outermost) rolled back due to exception (OperationalError) on thread 6207647744.
2026-10-03 19:21:23.669 | DEBUG    | tldw_chatbook.UI.Screens.chat_screen:_reconcile_console_after_attach:16704 - Console attach reconciliation will retry (exception_type=AttributeError)
2026-10-03 19:21:23.749 | WARNING  | tldw_chatbook.UI.Screens.chat_screen:_build_console_cost_state:11766 - cost_chip_state_failed
Traceback (most recent call last):
  File "<frozen runpy>", line 198, in _run_module_as_main
  File "<frozen runpy>", line 88, in _run_code
  File "/Users/macbook-dev/Documents/GitHub/tldw_chatbook/.venv/lib/python3.12/site-packages/pytest/__main__.py", line 9, in <module>
    raise SystemExit(pytest.console_main())
  File "/Users/macbook-dev/Documents/GitHub/tldw_chatbook/.venv/lib/python3.12/site-packages/_pytest/config/__init__.py", line 201, in console_main
    code = main()
  File "/Users/macbook-dev/Documents/GitHub/tldw_chatbook/.venv/lib/python3.12/site-packages/_pytest/config/__init__.py", line 175, in main
    ret: ExitCode | int = config.hook.pytest_cmdline_main(config=config)
  File "/Users/macbook-dev/Documents/GitHub/tldw_chatbook/.venv/lib/python3.12/site-packages/pluggy/_hooks.py", line 512, in __call__
    return self._hookexec(self.name, self._hookimpls.copy(), kwargs, firstresult)
  File "/Users/macbook-dev/Documents/GitHub/tldw_chatbook/.venv/lib/python3.12/site-packages/pluggy/_manager.py", line 120, in _hookexec
    return self._inner_hookexec(hook_name, methods, kwargs, firstresult)
  File "/Users/macbook-dev/Documents/GitHub/tldw_chatbook/.venv/lib/python3.12/site-packages/pluggy/_callers.py", line 121, in _multicall
    res = hook_impl.function(*args)
  File "/Users/macbook-dev/Documents/GitHub/tldw_chatbook/.venv/lib/python3.12/site-packages/_pytest/main.py", line 336, in pytest_cmdline_main
    return wrap_session(config, _main)
  File "/Users/macbook-dev/Documents/GitHub/tldw_chatbook/.venv/lib/python3.12/site-packages/_pytest/main.py", line 289, in wrap_session
    session.exitstatus = doit(config, session) or 0
  File "/Users/macbook-dev/Documents/GitHub/tldw_chatbook/.venv/lib/python3.12/site-packages/_pytest/main.py", line 343, in _main
    config.hook.pytest_runtestloop(session=session)
  File "/Users/macbook-dev/Documents/GitHub/tldw_chatbook/.venv/lib/python3.12/site-packages/pluggy/_hooks.py", line 512, in __call__
    return self._hookexec(self.name, self._hookimpls.copy(), kwargs, firstresult)
  File "/Users/macbook-dev/Documents/GitHub/tldw_chatbook/.venv/lib/python3.12/site-packages/pluggy/_manager.py", line 120, in _hookexec
    return self._inner_hookexec(hook_name, methods, kwargs, firstresult)
  File "/Users/macbook-dev/Documents/GitHub/tldw_chatbook/.venv/lib/python3.12/site-packages/pluggy/_callers.py", line 121, in _multicall
    res = hook_impl.function(*args)
  File "/Users/macbook-dev/Documents/GitHub/tldw_chatbook/.venv/lib/python3.12/site-packages/_pytest/main.py", line 367, in pytest_runtestloop
    item.config.hook.pytest_runtest_protocol(item=item, nextitem=nextitem)
  File "/Users/macbook-dev/Documents/GitHub/tldw_chatbook/.venv/lib/python3.12/site-packages/pluggy/_hooks.py", line 512, in __call__
    return self._hookexec(self.name, self._hookimpls.copy(), kwargs, firstresult)
  File "/Users/macbook-dev/Documents/GitHub/tldw_chatbook/.venv/lib/python3.12/site-packages/pluggy/_manager.py", line 120, in _hookexec
    return self._inner_hookexec(hook_name, methods, kwargs, firstresult)
  File "/Users/macbook-dev/Documents/GitHub/tldw_chatbook/.venv/lib/python3.12/site-packages/pluggy/_callers.py", line 121, in _multicall
    res = hook_impl.function(*args)
  File "/Users/macbook-dev/Documents/GitHub/tldw_chatbook/.venv/lib/python3.12/site-packages/_pytest/runner.py", line 117, in pytest_runtest_protocol
    runtestprotocol(item, nextitem=nextitem)
  File "/Users/macbook-dev/Documents/GitHub/tldw_chatbook/.venv/lib/python3.12/site-packages/_pytest/runner.py", line 136, in runtestprotocol
    reports.append(call_and_report(item, "call", log))
  File "/Users/macbook-dev/Documents/GitHub/tldw_chatbook/.venv/lib/python3.12/site-packages/_pytest/runner.py", line 245, in call_and_report
    call = CallInfo.from_call(
  File "/Users/macbook-dev/Documents/GitHub/tldw_chatbook/.venv/lib/python3.12/site-packages/_pytest/runner.py", line 344, in from_call
    result: TResult | None = func()
  File "/Users/macbook-dev/Documents/GitHub/tldw_chatbook/.venv/lib/python3.12/site-packages/_pytest/runner.py", line 246, in <lambda>
    lambda: runtest_hook(item=item, **kwds), when=when, reraise=reraise
  File "/Users/macbook-dev/Documents/GitHub/tldw_chatbook/.venv/lib/python3.12/site-packages/pluggy/_hooks.py", line 512, in __call__
    return self._hookexec(self.name, self._hookimpls.copy(), kwargs, firstresult)
  File "/Users/macbook-dev/Documents/GitHub/tldw_chatbook/.venv/lib/python3.12/site-packages/pluggy/_manager.py", line 120, in _hookexec
    return self._inner_hookexec(hook_name, methods, kwargs, firstresult)
  File "/Users/macbook-dev/Documents/GitHub/tldw_chatbook/.venv/lib/python3.12/site-packages/pluggy/_callers.py", line 121, in _multicall
    res = hook_impl.function(*args)
  File "/Users/macbook-dev/Documents/GitHub/tldw_chatbook/.venv/lib/python3.12/site-packages/_pytest/runner.py", line 178, in pytest_runtest_call
    item.runtest()
  File "/Users/macbook-dev/Documents/GitHub/tldw_chatbook/.venv/lib/python3.12/site-packages/pytest_asyncio/plugin.py", line 474, in runtest
    super().runtest()
  File "/Users/macbook-dev/Documents/GitHub/tldw_chatbook/.venv/lib/python3.12/site-packages/_pytest/python.py", line 1671, in runtest
    self.ihook.pytest_pyfunc_call(pyfuncitem=self)
  File "/Users/macbook-dev/Documents/GitHub/tldw_chatbook/.venv/lib/python3.12/site-packages/pluggy/_hooks.py", line 512, in __call__
    return self._hookexec(self.name, self._hookimpls.copy(), kwargs, firstresult)
  File "/Users/macbook-dev/Documents/GitHub/tldw_chatbook/.venv/lib/python3.12/site-packages/pluggy/_manager.py", line 120, in _hookexec
    return self._inner_hookexec(hook_name, methods, kwargs, firstresult)
  File "/Users/macbook-dev/Documents/GitHub/tldw_chatbook/.venv/lib/python3.12/site-packages/pluggy/_callers.py", line 121, in _multicall
    res = hook_impl.function(*args)
  File "/Users/macbook-dev/Documents/GitHub/tldw_chatbook/.venv/lib/python3.12/site-packages/_pytest/python.py", line 157, in pytest_pyfunc_call
    result = testfunction(**testargs)
  File "/Users/macbook-dev/Documents/GitHub/tldw_chatbook/.venv/lib/python3.12/site-packages/pytest_asyncio/plugin.py", line 721, in inner
    runner.run(coro, context=context)
  File "/Users/macbook-dev/.local/share/uv/python/cpython-3.12.11-macos-aarch64-none/lib/python3.12/asyncio/runners.py", line 118, in run
    return self._loop.run_until_complete(task)
  File "/Users/macbook-dev/.local/share/uv/python/cpython-3.12.11-macos-aarch64-none/lib/python3.12/asyncio/base_events.py", line 678, in run_until_complete
    self.run_forever()
  File "/Users/macbook-dev/.local/share/uv/python/cpython-3.12.11-macos-aarch64-none/lib/python3.12/asyncio/base_events.py", line 645, in run_forever
    self._run_once()
  File "/Users/macbook-dev/.local/share/uv/python/cpython-3.12.11-macos-aarch64-none/lib/python3.12/asyncio/base_events.py", line 1999, in _run_once
    handle._run()
  File "/Users/macbook-dev/.local/share/uv/python/cpython-3.12.11-macos-aarch64-none/lib/python3.12/asyncio/events.py", line 88, in _run
    self._context.run(self._callback, *self._args)
  File "/Users/macbook-dev/Documents/GitHub/tldw_chatbook/.venv/lib/python3.12/site-packages/textual/worker.py", line 370, in _run
    self._result = await self.run()
  File "/Users/macbook-dev/Documents/GitHub/tldw_chatbook/.venv/lib/python3.12/site-packages/textual/worker.py", line 354, in run
    return await (
  File "/Users/macbook-dev/Documents/GitHub/tldw_chatbook/.venv/lib/python3.12/site-packages/textual/worker.py", line 339, in _run_async
    return await self._work()
  File "/Users/macbook-dev/.codex/worktrees/console-chat-starts/tldw_chatbook/tldw_chatbook/UI/Screens/chat_screen.py", line 19125, in _refresh_console_hooks
    await self._hooks.refresh()
  File "/Users/macbook-dev/.codex/worktrees/console-chat-starts/tldw_chatbook/tldw_chatbook/UI/Console_Modules/hooks.py", line 143, in refresh
    self._on_state(snapshot)
  File "/Users/macbook-dev/.codex/worktrees/console-chat-starts/tldw_chatbook/tldw_chatbook/UI/Console_Modules/wiring.py", line 2316, in <lambda>
    on_state=lambda snapshot: screen._apply_console_hooks_state(snapshot),
  File "/Users/macbook-dev/.codex/worktrees/console-chat-starts/tldw_chatbook/tldw_chatbook/UI/Screens/chat_screen.py", line 19129, in _apply_console_hooks_state
    self._sync_console_control_bar()
  File "/Users/macbook-dev/.codex/worktrees/console-chat-starts/tldw_chatbook/tldw_chatbook/UI/Screens/chat_screen.py", line 21645, in _sync_console_control_bar
    return self._run_console_config_sync(
  File "/Users/macbook-dev/.codex/worktrees/console-chat-starts/tldw_chatbook/tldw_chatbook/UI/Screens/chat_screen.py", line 21676, in _run_console_config_sync
    sync()
  File "/Users/macbook-dev/.codex/worktrees/console-chat-starts/tldw_chatbook/tldw_chatbook/UI/Screens/chat_screen.py", line 21646, in <lambda>
    lambda: self._sync_console_control_bar_under_config(rail_state)
  File "/Users/macbook-dev/.codex/worktrees/console-chat-starts/tldw_chatbook/tldw_chatbook/UI/Screens/chat_screen.py", line 21764, in _sync_console_control_bar_under_config
    self._sync_console_cost_chip()
  File "/Users/macbook-dev/.codex/worktrees/console-chat-starts/tldw_chatbook/tldw_chatbook/UI/Screens/chat_screen.py", line 11780, in _sync_console_cost_chip
    cost_state = self._build_console_cost_state()
> File "/Users/macbook-dev/.codex/worktrees/console-chat-starts/tldw_chatbook/tldw_chatbook/UI/Screens/chat_screen.py", line 11745, in _build_console_cost_state
    context_state = self._active_console_context_control_state()
  File "/Users/macbook-dev/.codex/worktrees/console-chat-starts/tldw_chatbook/tldw_chatbook/UI/Screens/chat_screen.py", line 8376, in _active_console_context_control_state
    return self._console_context_control_state_for_session(
  File "/Users/macbook-dev/.codex/worktrees/console-chat-starts/tldw_chatbook/tldw_chatbook/UI/Screens/chat_screen.py", line 8395, in _console_context_control_state_for_session
    estimate = estimate or self._console_settings_context_estimate_for_session(
  File "/Users/macbook-dev/.codex/worktrees/console-chat-starts/tldw_chatbook/tldw_chatbook/UI/Screens/chat_screen.py", line 8270, in _console_settings_context_estimate_for_session
    self._ensure_console_provider_gateway().cached_context_window(settings)
AttributeError: 'BlockedGateway' object has no attribute 'cached_context_window'
╭───────────────────── Traceback (most recent call last) ──────────────────────╮
│ /Users/macbook-dev/.codex/worktrees/console-chat-starts/tldw_chatbook/tldw_c │
│ hatbook/UI/Screens/chat_screen.py:22377 in _adapt_console_workspace_to_width │
│                                                                              │
│   22374 │   │   except QueryError:                                           │
│   22375 │   │   │   return                                                   │
│   22376 │   │   focused = self.app.focused                                   │
│ ❱ 22377 │   │   left_rail = self.query_one("#console-left-rail")             │
│   22378 │   │   right_rail = self.query_one("#console-right-rail")           │
│   22379 │   │   left_handle = self.query_one("#console-context-rail-handle") │
│   22380 │   │   right_handle = self.query_one("#console-inspector-rail-handl │
│                                                                              │
│ ╭──────────────────────────── locals ─────────────────────────────╮          │
│ │    band = 'standard'                                            │          │
│ │   event = Resize(size=Size(width=160, height=48))               │          │
│ │ focused = NavigationButton(                                     │          │
│ │           │   id='nav-home',                                    │          │
│ │           │   classes='-style-default ascii-nav-tab nav-button' │          │
│ │           )                                                     │          │
│ │    self = ChatScreen()                                          │          │
│ ╰─────────────────────────────────────────────────────────────────╯          │
╰──────────────────────────────────────────────────────────────────────────────╯
NoMatches: No nodes match '#console-left-rail' on ChatScreen()
------------------------------ Captured log call -------------------------------
INFO     root:app.py:1385 App __init__: Determined initial tab value: chat
WARNING  root:app.py:1492 Prompts service not initialized, self.prompts_db set to None.
ERROR    root:app.py:1513 ChaChaNotesDB (CharactersRAGDB) instance not found/assigned in app.__init__.
______ test_console_armed_unknown_mouse_send_snapshots_before_skill_await ______

monkeypatch = <_pytest.monkeypatch.MonkeyPatch object at 0x120020a10>

    @pytest.mark.asyncio
    async def test_console_armed_unknown_mouse_send_snapshots_before_skill_await(
        monkeypatch,
    ):
        """Typing during the unknown-command check belongs to the next draft."""
    
        app = _ready_openai_app(monkeypatch, "unused")
        host = ConsoleHarness(app)
    
        async with host.run_test(size=(160, 48)) as pilot:
            console = host.screen_stack[-1]
            await _wait_for_selector(console, pilot, "#console-native-composer")
            monkeypatch.setattr(
                console._prompt_queue, "_blocked_reason_accessor", lambda: ""
            )
            composer = console.query_one("#console-native-composer", ConsoleComposerBar)
            store = console._ensure_console_chat_store()
            session = store.ensure_session()
            console._session._sync_console_session_draft()
            armed = "/nosuchcommand"
            composer.load_draft(armed)
            store.set_session_draft(session.id, armed)
            console._console_unknown_send_armed = armed
            for _ in range(100):
                if console._console_attach_reconciled:
                    break
                await pilot.pause(0.05)
            assert console._console_attach_reconciled
            assert console._console_runtime().view is console
    
            entered = asyncio.Event()
            release = asyncio.Event()
    
            async def delayed_skill_context():
                entered.set()
                await release.wait()
                return object()
    
            async def no_blocked_match(_name, _summaries):
                return False
    
            monkeypatch.setattr(
                console._skill, "_fetch_console_skill_context", delayed_skill_context
            )
            monkeypatch.setattr(
                console._skill, "_console_skill_blocked_summaries", lambda _context: ()
            )
            monkeypatch.setattr(
                console._skill,
                "_console_skill_blocked_match_response",
                no_blocked_match,
            )
            requests: list[object] = []
    
            def record_accept(request):
                requests.append(request)
                return request.turn_id
    
            monkeypatch.setattr(console._console_runtime(), "accept_turn", record_accept)
            send_button = console.query_one("#console-send-message", Button)
            send_task = asyncio.create_task(
                console.handle_console_send_message(Button.Pressed(send_button))
            )
    
            await entered.wait()
            composer.insert_text(" suffix")
            release.set()
    
>           assert await send_task
E           assert False

Tests/UI/test_console_send_draft_snapshot.py:371: AssertionError
----------------------------- Captured stderr call -----------------------------
2026-10-03 19:21:33.342 | INFO     | tldw_chatbook.app:__init__:1251 - Loaded app_config - strip_thinking_tags: True
2026-10-03 19:21:33.360 | INFO     | tldw_chatbook.app:__init__:1359 - Parallel init task 'prompts_service' completed in 0.000s
2026-10-03 19:21:33.360 | INFO     | tldw_chatbook.app:__init__:1359 - Parallel init task 'notes_service' completed in 0.000s
2026-10-03 19:21:33.360 | INFO     | tldw_chatbook.app:__init__:1359 - Parallel init task 'providers_models' completed in 0.000s
2026-10-03 19:21:33.360 | INFO     | tldw_chatbook.app:__init__:1359 - Parallel init task 'media_db' completed in 0.000s
2026-10-03 19:21:33.452 | INFO     | tldw_chatbook.DB.base_db:__init__:989 - LibraryCollectionsDB initialized with path: /private/var/folders/sn/m80n2j152t9gw3w8qwk2nykh0000gn/T/tldw-chatbook-test-d1o2072z/library_collections.sqlite [Client: tldw_cli_local_instance_v1]
2026-10-03 19:21:33.548 | INFO     | tldw_chatbook.DB.base_db:__init__:989 - WorkspaceDB initialized with path: /private/var/folders/sn/m80n2j152t9gw3w8qwk2nykh0000gn/T/tldw-chatbook-test-d1o2072z/workspaces.sqlite [Client: tldw_cli_local_instance_v1]
2026-10-03 19:21:33.679 | INFO     | tldw_chatbook.DB.base_db:__init__:989 - SubscriptionsDB initialized with path: /private/var/folders/sn/m80n2j152t9gw3w8qwk2nykh0000gn/T/tldw-chatbook-test-d1o2072z/subscriptions.sqlite [Client: tldw_cli_local_instance_v1]
2026-10-03 19:21:33.683 | INFO     | tldw_chatbook.DB.base_db:__init__:989 - ClientNotificationsDB initialized with path: :memory: [Client: tldw_cli_local_instance_v1]
2026-10-03 19:21:33.684 | INFO     | tldw_chatbook.DB.base_db:__init__:989 - EventStateRepository initialized with path: /private/var/folders/sn/m80n2j152t9gw3w8qwk2nykh0000gn/T/tldw-chatbook-test-d1o2072z/tldw_chatbook_event_state.db [Client: tldw_cli_local_instance_v1]
2026-10-03 19:21:33.684 | INFO     | tldw_chatbook.DB.base_db:__init__:989 - SyncStateRepository initialized with path: /private/var/folders/sn/m80n2j152t9gw3w8qwk2nykh0000gn/T/tldw-chatbook-test-d1o2072z/tldw_chatbook_sync_state.db [Client: tldw_cli_local_instance_v1]
2026-10-03 19:21:33.996 | DEBUG    | tldw_chatbook.Scheduling.db.migrations.v1_to_v2:migrate:75 - Scheduling schema migrated to version 2 (missed_count column)
2026-10-03 19:21:34.104 | DEBUG    | tldw_chatbook.Scheduling.db.migrations.v2_to_v3:migrate:62 - Scheduling schema migrated to version 3 (timeout_seconds column)
2026-10-03 19:21:34.190 | DEBUG    | tldw_chatbook.Scheduling.db.migrations.v3_to_v4:migrate:137 - Scheduling schema migrated to version 4 (automation runs/results)
2026-10-03 19:21:34.274 | DEBUG    | tldw_chatbook.Scheduling.db.migrations.v4_to_v5:migrate:63 - Scheduling schema migrated to version 5 (scheduled_task_runs)
2026-10-03 19:21:34.347 | DEBUG    | tldw_chatbook.Scheduling.db.migrations.v5_to_v6:migrate:68 - Scheduling schema migrated to version 6 (task_incidents)
2026-10-03 19:21:34.433 | DEBUG    | tldw_chatbook.Scheduling.db.migrations.v6_to_v7:migrate:107 - Scheduling schema migrated to version 7 (automation_results server_id unique index)
2026-10-03 19:21:34.433 | INFO     | tldw_chatbook.DB.base_db:__init__:989 - ScheduledTasksDB initialized with path: /private/var/folders/sn/m80n2j152t9gw3w8qwk2nykh0000gn/T/tldw-chatbook-test-d1o2072z/scheduled_tasks.sqlite [Client: default]
2026-10-03 19:21:34.466 | DEBUG    | tldw_chatbook.app:__init__:1430 - ULTRA EARLY APP INIT: self._media_types_for_ui VALUE: ['All Media']
2026-10-03 19:21:34.466 | DEBUG    | tldw_chatbook.app:__init__:1433 - ULTRA EARLY APP INIT: self._media_types_for_ui TYPE: <class 'list'>
2026-10-03 19:21:34.580 | INFO     | tldw_chatbook.DB.Evals_DB:__init__:193 - EvalsDB initialized with path: /Users/macbook-dev/.codex/worktrees/console-chat-starts/tldw_chatbook/.superpowers/sdd/2026-10-03-console-pr2995-review-and-merge/composer-repair-green-profile-bv6mds77/home/.local/share/tldw_cli/default_user/evals.db
2026-10-03 19:21:34.580 | INFO     | tldw_chatbook.Evals.task_loader:__init__:98 - TaskLoader initialized
2026-10-03 19:21:34.615 | DEBUG    | tldw_chatbook.Event_Handlers.worker_handlers.base_handler:register:155 - Registered worker handler: MiscWorkerHandler
2026-10-03 19:21:34.615 | INFO     | tldw_chatbook.app:_init_worker_handlers:2167 - Worker handler registry initialized with all handlers
2026-10-03 19:21:34.615 | INFO     | tldw_chatbook.app:__init__:1615 - === STARTUP TIMING SUMMARY ===
2026-10-03 19:21:34.615 | INFO     | tldw_chatbook.app:__init__:1616 - Total initialization time: 1.291 seconds
2026-10-03 19:21:34.615 | INFO     | tldw_chatbook.app:__init__:1622 -   basic_init: 0.032s (2.5%)
2026-10-03 19:21:34.615 | INFO     | tldw_chatbook.app:__init__:1622 -   attribute_init: 0.000s (0.0%)
2026-10-03 19:21:34.615 | INFO     | tldw_chatbook.app:__init__:1622 -   parallel_init: 0.002s (0.1%)
2026-10-03 19:21:34.615 | INFO     | tldw_chatbook.app:__init__:1635 -     - notes_service: 0.000s (0.2% of parallel_init)
2026-10-03 19:21:34.615 | INFO     | tldw_chatbook.app:__init__:1635 -     - providers_models: 0.000s (0.2% of parallel_init)
2026-10-03 19:21:34.615 | INFO     | tldw_chatbook.app:__init__:1635 -     - media_db: 0.000s (0.1% of parallel_init)
2026-10-03 19:21:34.615 | INFO     | tldw_chatbook.app:__init__:1635 -     - prompts_service: 0.000s (0.1% of parallel_init)
2026-10-03 19:21:34.617 | INFO     | tldw_chatbook.app:__init__:1639 - ==============================
2026-10-03 19:21:34.619 | INFO     | tldw_chatbook.DB.ChaChaNotes_DB:__init__:3376 - Initializing CharactersRAGDB db_sha256=memory [Client ID: test-client]
2026-10-03 19:21:34.619 | DEBUG    | tldw_chatbook.DB.ChaChaNotes_DB:_get_thread_connection:3554 - Opened/Reopened SQLite connection db_sha256=memory thread=8494865792
2026-10-03 19:21:34.619 | DEBUG    | tldw_chatbook.DB.ChaChaNotes_DB:_enter_transaction:24489 - Started outermost transaction on thread 8494865792.
2026-10-03 19:21:34.619 | INFO     | tldw_chatbook.DB.ChaChaNotes_DB:_initialize_schema:8550 - Checking DB schema 'rag_char_chat_schema'. Current version: 0. Code supports: 76
2026-10-03 19:21:34.619 | INFO     | tldw_chatbook.DB.ChaChaNotes_DB:_apply_schema_v4:4437 - Applying schema Version 4 for 'rag_char_chat_schema' to DB: db_sha256=memory...
2026-10-03 19:21:34.619 | DEBUG    | tldw_chatbook.DB.ChaChaNotes_DB:_enter_transaction:24458 - Entered nested transaction level 2 on thread 8494865792.
2026-10-03 19:21:34.634 | DEBUG    | tldw_chatbook.DB.ChaChaNotes_DB:_apply_schema_v4:4478 - [rag_char_chat_schema V4] Full schema script executed.
2026-10-03 19:21:34.634 | INFO     | tldw_chatbook.DB.ChaChaNotes_DB:_apply_schema_v4:4485 - [rag_char_chat_schema V4] Schema 4 applied and version confirmed for DB: db_sha256=memory.
2026-10-03 19:21:34.635 | DEBUG    | tldw_chatbook.DB.ChaChaNotes_DB:_enrich_default_assistant_card_if_bare:4749 - [task-2451] Default Assistant enrichment UPDATE affected 1 row(s) in DB: db_sha256=memory.
2026-10-03 19:21:34.635 | INFO     | tldw_chatbook.DB.ChaChaNotes_DB:_migrate_from_v4_to_v5:4770 - Migrating schema from V4 to V5 for 'rag_char_chat_schema' in DB: db_sha256=memory...
2026-10-03 19:21:34.635 | DEBUG    | tldw_chatbook.DB.ChaChaNotes_DB:_enter_transaction:24458 - Entered nested transaction level 2 on thread 8494865792.
2026-10-03 19:21:34.654 | DEBUG    | tldw_chatbook.DB.ChaChaNotes_DB:_migrate_from_v4_to_v5:4780 - [rag_char_chat_schema V4→V5] Migration script executed.
2026-10-03 19:21:34.656 | INFO     | tldw_chatbook.DB.ChaChaNotes_DB:_migrate_from_v4_to_v5:4789 - [rag_char_chat_schema V4→V5] Migration completed successfully for DB: db_sha256=memory.
2026-10-03 19:21:34.656 | INFO     | tldw_chatbook.DB.ChaChaNotes_DB:_migrate_from_v5_to_v6:4823 - Migrating schema from V5 to V6 for 'rag_char_chat_schema' in DB: db_sha256=memory...
2026-10-03 19:21:34.656 | DEBUG    | tldw_chatbook.DB.ChaChaNotes_DB:_enter_transaction:24458 - Entered nested transaction level 2 on thread 8494865792.
2026-10-03 19:21:34.661 | DEBUG    | tldw_chatbook.DB.ChaChaNotes_DB:_migrate_from_v5_to_v6:4831 - [rag_char_chat_schema V5→V6] Migration script executed.
2026-10-03 19:21:34.661 | INFO     | tldw_chatbook.DB.ChaChaNotes_DB:_migrate_from_v5_to_v6:4840 - [rag_char_chat_schema V5→V6] Migration completed successfully for DB: db_sha256=memory.
2026-10-03 19:21:34.661 | INFO     | tldw_chatbook.DB.ChaChaNotes_DB:_migrate_from_v6_to_v7:4874 - Migrating schema from V6 to V7 for 'rag_char_chat_schema' in DB: db_sha256=memory...
2026-10-03 19:21:34.661 | DEBUG    | tldw_chatbook.DB.ChaChaNotes_DB:_enter_transaction:24458 - Entered nested transaction level 2 on thread 8494865792.
2026-10-03 19:21:34.666 | DEBUG    | tldw_chatbook.DB.ChaChaNotes_DB:_migrate_from_v6_to_v7:4882 - [rag_char_chat_schema V6→V7] Migration script executed.
2026-10-03 19:21:34.666 | INFO     | tldw_chatbook.DB.ChaChaNotes_DB:_migrate_from_v6_to_v7:4891 - [rag_char_chat_schema V6→V7] Migration completed successfully for DB: db_sha256=memory.
2026-10-03 19:21:34.666 | INFO     | tldw_chatbook.DB.ChaChaNotes_DB:_migrate_from_v7_to_v8:8464 - Migrating schema from V7 to V8 for 'rag_char_chat_schema' in DB: db_sha256=memory...
2026-10-03 19:21:34.667 | DEBUG    | tldw_chatbook.DB.ChaChaNotes_DB:_enter_transaction:24458 - Entered nested transaction level 2 on thread 8494865792.
2026-10-03 19:21:34.670 | DEBUG    | tldw_chatbook.DB.ChaChaNotes_DB:_migrate_from_v7_to_v8:8472 - [rag_char_chat_schema V7→V8] Migration script executed.
2026-10-03 19:21:34.670 | INFO     | tldw_chatbook.DB.ChaChaNotes_DB:_migrate_from_v7_to_v8:8481 - [rag_char_chat_schema V7→V8] Migration completed successfully for DB: db_sha256=memory.
2026-10-03 19:21:34.670 | INFO     | tldw_chatbook.DB.ChaChaNotes_DB:_migrate_from_v8_to_v9:4925 - Migrating schema from V8 to V9 for 'rag_char_chat_schema' in DB: db_sha256=memory...
2026-10-03 19:21:34.671 | DEBUG    | tldw_chatbook.DB.ChaChaNotes_DB:_enter_transaction:24458 - Entered nested transaction level 2 on thread 8494865792.
2026-10-03 19:21:34.676 | DEBUG    | tldw_chatbook.DB.ChaChaNotes_DB:_migrate_from_v8_to_v9:4933 - [rag_char_chat_schema V8→V9] Migration script executed.
2026-10-03 19:21:34.676 | INFO     | tldw_chatbook.DB.ChaChaNotes_DB:_migrate_from_v8_to_v9:4942 - [rag_char_chat_schema V8→V9] Migration completed successfully for DB: db_sha256=memory.
2026-10-03 19:21:34.676 | INFO     | tldw_chatbook.DB.ChaChaNotes_DB:_migrate_from_v9_to_v10:4976 - Migrating schema from V9 to V10 for 'rag_char_chat_schema' in DB: db_sha256=memory...
2026-10-03 19:21:34.677 | DEBUG    | tldw_chatbook.DB.ChaChaNotes_DB:_enter_transaction:24458 - Entered nested transaction level 2 on thread 8494865792.
2026-10-03 19:21:34.677 | DEBUG    | tldw_chatbook.DB.ChaChaNotes_DB:_migrate_from_v9_to_v10:4984 - [rag_char_chat_schema V9→V10] Migration script executed.
2026-10-03 19:21:34.678 | INFO     | tldw_chatbook.DB.ChaChaNotes_DB:_migrate_from_v9_to_v10:4993 - [rag_char_chat_schema V9→V10] Migration completed successfully for DB: db_sha256=memory.
2026-10-03 19:21:34.678 | INFO     | tldw_chatbook.DB.ChaChaNotes_DB:_migrate_from_v10_to_v11:5027 - Migrating schema from V10 to V11 for 'rag_char_chat_schema' in DB: db_sha256=memory...
2026-10-03 19:21:34.678 | DEBUG    | tldw_chatbook.DB.ChaChaNotes_DB:_enter_transaction:24458 - Entered nested transaction level 2 on thread 8494865792.
2026-10-03 19:21:34.682 | DEBUG    | tldw_chatbook.DB.ChaChaNotes_DB:_migrate_from_v10_to_v11:5035 - [rag_char_chat_schema V10→V11] Migration script executed.
2026-10-03 19:21:34.683 | INFO     | tldw_chatbook.DB.ChaChaNotes_DB:_migrate_from_v10_to_v11:5044 - [rag_char_chat_schema V10→V11] Migration completed successfully for DB: db_sha256=memory.
2026-10-03 19:21:34.683 | INFO     | tldw_chatbook.DB.ChaChaNotes_DB:_migrate_from_v11_to_v12:5078 - Migrating schema from V11 to V12 for 'rag_char_chat_schema' in DB: db_sha256=memory...
2026-10-03 19:21:34.683 | DEBUG    | tldw_chatbook.DB.ChaChaNotes_DB:_enter_transaction:24458 - Entered nested transaction level 2 on thread 8494865792.
2026-10-03 19:21:34.699 | DEBUG    | tldw_chatbook.DB.ChaChaNotes_DB:_migrate_from_v11_to_v12:5086 - [rag_char_chat_schema V11→V12] Migration script executed.
2026-10-03 19:21:34.699 | INFO     | tldw_chatbook.DB.ChaChaNotes_DB:_migrate_from_v11_to_v12:5095 - [rag_char_chat_schema V11→V12] Migration completed successfully for DB: db_sha256=memory.
2026-10-03 19:21:34.700 | INFO     | tldw_chatbook.DB.ChaChaNotes_DB:_migrate_from_v12_to_v13:5121 - Migrating schema from V12 to V13 for 'rag_char_chat_schema' in DB: db_sha256=memory...
2026-10-03 19:21:34.700 | DEBUG    | tldw_chatbook.DB.ChaChaNotes_DB:_enter_transaction:24458 - Entered nested transaction level 2 on thread 8494865792.
2026-10-03 19:21:34.737 | DEBUG    | tldw_chatbook.DB.ChaChaNotes_DB:_migrate_from_v12_to_v13:5129 - [rag_char_chat_schema V12→V13] Migration script executed.
2026-10-03 19:21:34.737 | INFO     | tldw_chatbook.DB.ChaChaNotes_DB:_migrate_from_v12_to_v13:5137 - [rag_char_chat_schema V12→V13] Migration completed successfully for DB: db_sha256=memory.
2026-10-03 19:21:34.737 | INFO     | tldw_chatbook.DB.ChaChaNotes_DB:_migrate_from_v13_to_v14:5162 - Migrating schema from V13 to V14 for 'rag_char_chat_schema' in DB: db_sha256=memory...
2026-10-03 19:21:34.737 | DEBUG    | tldw_chatbook.DB.ChaChaNotes_DB:_enter_transaction:24458 - Entered nested transaction level 2 on thread 8494865792.
2026-10-03 19:21:34.750 | DEBUG    | tldw_chatbook.DB.ChaChaNotes_DB:_migrate_from_v13_to_v14:5170 - [rag_char_chat_schema V13→V14] Migration script executed.
2026-10-03 19:21:34.750 | INFO     | tldw_chatbook.DB.ChaChaNotes_DB:_migrate_from_v13_to_v14:5178 - [rag_char_chat_schema V13→V14] Migration completed successfully for DB: db_sha256=memory.
2026-10-03 19:21:34.750 | INFO     | tldw_chatbook.DB.ChaChaNotes_DB:_migrate_from_v14_to_v15:5203 - Migrating schema from V14 to V15 for 'rag_char_chat_schema' in DB: db_sha256=memory...
2026-10-03 19:21:34.750 | DEBUG    | tldw_chatbook.DB.ChaChaNotes_DB:_enter_transaction:24458 - Entered nested transaction level 2 on thread 8494865792.
2026-10-03 19:21:34.752 | DEBUG    | tldw_chatbook.DB.ChaChaNotes_DB:_migrate_from_v14_to_v15:5211 - [rag_char_chat_schema V14→V15] Migration script executed.
2026-10-03 19:21:34.752 | INFO     | tldw_chatbook.DB.ChaChaNotes_DB:_migrate_from_v14_to_v15:5219 - [rag_char_chat_schema V14→V15] Migration completed successfully for DB: db_sha256=memory.
2026-10-03 19:21:34.752 | INFO     | tldw_chatbook.DB.ChaChaNotes_DB:_migrate_from_v15_to_v16:5245 - Migrating schema from V15 to V16 for 'rag_char_chat_schema' in DB: db_sha256=memory...
2026-10-03 19:21:34.752 | DEBUG    | tldw_chatbook.DB.ChaChaNotes_DB:_enter_transaction:24458 - Entered nested transaction level 2 on thread 8494865792.
2026-10-03 19:21:34.752 | DEBUG    | tldw_chatbook.DB.ChaChaNotes_DB:_migrate_from_v15_to_v16:5288 - [rag_char_chat_schema V15→V16] Migration script executed.
2026-10-03 19:21:34.752 | INFO     | tldw_chatbook.DB.ChaChaNotes_DB:_migrate_from_v15_to_v16:5298 - [rag_char_chat_schema V15→V16] Migration completed successfully for DB: db_sha256=memory.
2026-10-03 19:21:34.753 | INFO     | tldw_chatbook.DB.ChaChaNotes_DB:_migrate_from_v16_to_v17:5324 - Migrating schema from V16 to V17 for 'rag_char_chat_schema' in DB: db_sha256=memory...
2026-10-03 19:21:34.753 | DEBUG    | tldw_chatbook.DB.ChaChaNotes_DB:_enter_transaction:24458 - Entered nested transaction level 2 on thread 8494865792.
2026-10-03 19:21:34.753 | DEBUG    | tldw_chatbook.DB.ChaChaNotes_DB:_migrate_from_v16_to_v17:5332 - [rag_char_chat_schema V16→V17] Migration script executed.
2026-10-03 19:21:34.753 | INFO     | tldw_chatbook.DB.ChaChaNotes_DB:_migrate_from_v16_to_v17:5340 - [rag_char_chat_schema V16→V17] Migration completed successfully for DB: db_sha256=memory.
2026-10-03 19:21:34.753 | INFO     | tldw_chatbook.DB.ChaChaNotes_DB:_migrate_from_v17_to_v18:5368 - Migrating schema from V17 to V18 for 'rag_char_chat_schema' in DB: db_sha256=memory...
2026-10-03 19:21:34.753 | DEBUG    | tldw_chatbook.DB.ChaChaNotes_DB:_enter_transaction:24458 - Entered nested transaction level 2 on thread 8494865792.
2026-10-03 19:21:34.758 | DEBUG    | tldw_chatbook.DB.ChaChaNotes_DB:_migrate_from_v17_to_v18:5376 - [rag_char_chat_schema V17→V18] Migration script executed.
2026-10-03 19:21:34.758 | INFO     | tldw_chatbook.DB.ChaChaNotes_DB:_migrate_from_v17_to_v18:5384 - [rag_char_chat_schema V17→V18] Migration completed successfully for DB: db_sha256=memory.
2026-10-03 19:21:34.758 | INFO     | tldw_chatbook.DB.ChaChaNotes_DB:_migrate_from_v18_to_v19:8414 - Migrating schema from V18 to V19 for 'rag_char_chat_schema' in DB: db_sha256=memory...
2026-10-03 19:21:34.758 | DEBUG    | tldw_chatbook.DB.ChaChaNotes_DB:_enter_transaction:24458 - Entered nested transaction level 2 on thread 8494865792.
2026-10-03 19:21:34.758 | DEBUG    | tldw_chatbook.DB.ChaChaNotes_DB:_migrate_from_v18_to_v19:8422 - [rag_char_chat_schema V18→V19] Migration script executed.
2026-10-03 19:21:34.758 | INFO     | tldw_chatbook.DB.ChaChaNotes_DB:_migrate_from_v18_to_v19:8430 - [rag_char_chat_schema V18→V19] Migration completed successfully for DB: db_sha256=memory.
2026-10-03 19:21:34.758 | INFO     | tldw_chatbook.DB.ChaChaNotes_DB:_migrate_from_v19_to_v20:5412 - Migrating schema from V19 to V20 for 'rag_char_chat_schema' in DB: db_sha256=memory...
2026-10-03 19:21:34.758 | DEBUG    | tldw_chatbook.DB.ChaChaNotes_DB:_enter_transaction:24458 - Entered nested transaction level 2 on thread 8494865792.
2026-10-03 19:21:34.762 | DEBUG    | tldw_chatbook.DB.ChaChaNotes_DB:_migrate_from_v19_to_v20:5431 - [rag_char_chat_schema V19→V20] Migration script executed.
2026-10-03 19:21:34.762 | INFO     | tldw_chatbook.DB.ChaChaNotes_DB:_migrate_from_v19_to_v20:5439 - [rag_char_chat_schema V19→V20] Migration completed successfully for DB: db_sha256=memory.
2026-10-03 19:21:34.762 | INFO     | tldw_chatbook.DB.ChaChaNotes_DB:_migrate_from_v20_to_v21:5467 - Migrating schema from V20 to V21 for 'rag_char_chat_schema' in DB: db_sha256=memory...
2026-10-03 19:21:34.762 | DEBUG    | tldw_chatbook.DB.ChaChaNotes_DB:_enter_transaction:24458 - Entered nested transaction level 2 on thread 8494865792.
2026-10-03 19:21:34.764 | DEBUG    | tldw_chatbook.DB.ChaChaNotes_DB:_migrate_from_v20_to_v21:5488 - [rag_char_chat_schema V20→V21] Migration script executed.
2026-10-03 19:21:34.765 | INFO     | tldw_chatbook.DB.ChaChaNotes_DB:_migrate_from_v20_to_v21:5496 - [rag_char_chat_schema V20→V21] Migration completed successfully for DB: db_sha256=memory.
2026-10-03 19:21:34.765 | INFO     | tldw_chatbook.DB.ChaChaNotes_DB:_migrate_from_v21_to_v22:5518 - Migrating schema from V21 to V22 for 'rag_char_chat_schema' in DB: db_sha256=memory...
2026-10-03 19:21:34.765 | DEBUG    | tldw_chatbook.DB.ChaChaNotes_DB:_enter_transaction:24458 - Entered nested transaction level 2 on thread 8494865792.
2026-10-03 19:21:34.766 | DEBUG    | tldw_chatbook.DB.ChaChaNotes_DB:_migrate_from_v21_to_v22:5536 - [rag_char_chat_schema V21→V22] Migration script executed.
2026-10-03 19:21:34.767 | INFO     | tldw_chatbook.DB.ChaChaNotes_DB:_migrate_from_v21_to_v22:5542 - [rag_char_chat_schema V21→V22] Migration completed successfully for DB: db_sha256=memory.
2026-10-03 19:21:34.767 | INFO     | tldw_chatbook.DB.ChaChaNotes_DB:_migrate_from_v22_to_v23:5564 - Migrating schema from V22 to V23 for 'rag_char_chat_schema' in DB: db_sha256=memory...
2026-10-03 19:21:34.767 | DEBUG    | tldw_chatbook.DB.ChaChaNotes_DB:_enter_transaction:24458 - Entered nested transaction level 2 on thread 8494865792.
2026-10-03 19:21:34.767 | DEBUG    | tldw_chatbook.DB.ChaChaNotes_DB:_migrate_from_v22_to_v23:5572 - [rag_char_chat_schema V22→V23] Migration script executed.
2026-10-03 19:21:34.767 | INFO     | tldw_chatbook.DB.ChaChaNotes_DB:_migrate_from_v22_to_v23:5578 - [rag_char_chat_schema V22→V23] Migration completed successfully for DB: db_sha256=memory.
2026-10-03 19:21:34.767 | INFO     | tldw_chatbook.DB.ChaChaNotes_DB:_migrate_from_v23_to_v24:5601 - Migrating schema from V23 to V24 for 'rag_char_chat_schema' in DB: db_sha256=memory...
2026-10-03 19:21:34.767 | DEBUG    | tldw_chatbook.DB.ChaChaNotes_DB:_enter_transaction:24458 - Entered nested transaction level 2 on thread 8494865792.
2026-10-03 19:21:34.770 | DEBUG    | tldw_chatbook.DB.ChaChaNotes_DB:_migrate_from_v23_to_v24:5619 - [rag_char_chat_schema V23→V24] Migration script executed.
2026-10-03 19:21:34.770 | INFO     | tldw_chatbook.DB.ChaChaNotes_DB:_migrate_from_v23_to_v24:5625 - [rag_char_chat_schema V23→V24] Migration completed successfully for DB: db_sha256=memory.
2026-10-03 19:21:34.770 | INFO     | tldw_chatbook.DB.ChaChaNotes_DB:_migrate_from_v24_to_v25:5648 - Migrating schema from V24 to V25 for 'rag_char_chat_schema' in DB: db_sha256=memory...
2026-10-03 19:21:34.770 | DEBUG    | tldw_chatbook.DB.ChaChaNotes_DB:_enter_transaction:24458 - Entered nested transaction level 2 on thread 8494865792.
2026-10-03 19:21:34.770 | DEBUG    | tldw_chatbook.DB.ChaChaNotes_DB:_migrate_from_v24_to_v25:5656 - [rag_char_chat_schema V24→V25] Migration script executed.
2026-10-03 19:21:34.770 | INFO     | tldw_chatbook.DB.ChaChaNotes_DB:_migrate_from_v24_to_v25:5662 - [rag_char_chat_schema V24→V25] Migration completed successfully for DB: db_sha256=memory.
2026-10-03 19:21:34.771 | INFO     | tldw_chatbook.DB.ChaChaNotes_DB:_migrate_from_v25_to_v26:5686 - Migrating schema from V25 to V26 for 'rag_char_chat_schema' in DB: db_sha256=memory...
2026-10-03 19:21:34.771 | DEBUG    | tldw_chatbook.DB.ChaChaNotes_DB:_enter_transaction:24458 - Entered nested transaction level 2 on thread 8494865792.
2026-10-03 19:21:34.780 | DEBUG    | tldw_chatbook.DB.ChaChaNotes_DB:_migrate_from_v25_to_v26:5708 - [rag_char_chat_schema V25→V26] Migration script executed.
2026-10-03 19:21:34.780 | INFO     | tldw_chatbook.DB.ChaChaNotes_DB:_migrate_from_v25_to_v26:5714 - [rag_char_chat_schema V25→V26] Migration completed successfully for DB: db_sha256=memory.
2026-10-03 19:21:34.780 | DEBUG    | tldw_chatbook.DB.ChaChaNotes_DB:_enter_transaction:24458 - Entered nested transaction level 2 on thread 8494865792.
2026-10-03 19:21:34.784 | DEBUG    | tldw_chatbook.DB.ChaChaNotes_DB:_enter_transaction:24458 - Entered nested transaction level 2 on thread 8494865792.
2026-10-03 19:21:34.784 | DEBUG    | tldw_chatbook.DB.ChaChaNotes_DB:_enter_transaction:24458 - Entered nested transaction level 3 on thread 8494865792.
2026-10-03 19:21:34.790 | INFO     | tldw_chatbook.DB.ChaChaNotes_DB:_migrate_from_v28_to_v29:5901 - Migrating schema from V28 to V29 for 'rag_char_chat_schema' in DB: db_sha256=memory...
2026-10-03 19:21:34.790 | DEBUG    | tldw_chatbook.DB.ChaChaNotes_DB:_enter_transaction:24458 - Entered nested transaction level 2 on thread 8494865792.
2026-10-03 19:21:34.791 | DEBUG    | tldw_chatbook.DB.ChaChaNotes_DB:_migrate_from_v28_to_v29:5909 - [rag_char_chat_schema V28→V29] Migration script executed.
2026-10-03 19:21:34.791 | INFO     | tldw_chatbook.DB.ChaChaNotes_DB:_migrate_from_v28_to_v29:5917 - [rag_char_chat_schema V28→V29] Migration completed successfully for DB: db_sha256=memory.
2026-10-03 19:21:34.791 | INFO     | tldw_chatbook.DB.ChaChaNotes_DB:_migrate_from_v29_to_v30:5944 - Migrating schema from V29 to V30 for 'rag_char_chat_schema' in DB: db_sha256=memory...
2026-10-03 19:21:34.791 | DEBUG    | tldw_chatbook.DB.ChaChaNotes_DB:_enter_transaction:24458 - Entered nested transaction level 2 on thread 8494865792.
2026-10-03 19:21:34.796 | DEBUG    | tldw_chatbook.DB.ChaChaNotes_DB:_migrate_from_v29_to_v30:5970 - [rag_char_chat_schema V29→V30] Migration script executed.
2026-10-03 19:21:34.796 | INFO     | tldw_chatbook.DB.ChaChaNotes_DB:_migrate_from_v29_to_v30:5994 - [rag_char_chat_schema V29→V30] Migration completed successfully for DB: db_sha256=memory.
2026-10-03 19:21:34.796 | INFO     | tldw_chatbook.DB.ChaChaNotes_DB:_migrate_from_v30_to_v31:6021 - Migrating schema from V30 to V31 for 'rag_char_chat_schema' in DB: db_sha256=memory...
2026-10-03 19:21:34.796 | DEBUG    | tldw_chatbook.DB.ChaChaNotes_DB:_enter_transaction:24458 - Entered nested transaction level 2 on thread 8494865792.
2026-10-03 19:21:34.802 | DEBUG    | tldw_chatbook.DB.ChaChaNotes_DB:_migrate_from_v30_to_v31:6047 - [rag_char_chat_schema V30→V31] Migration script executed.
2026-10-03 19:21:34.802 | INFO     | tldw_chatbook.DB.ChaChaNotes_DB:_migrate_from_v30_to_v31:6071 - [rag_char_chat_schema V30→V31] Migration completed successfully for DB: db_sha256=memory.
2026-10-03 19:21:34.802 | INFO     | tldw_chatbook.DB.ChaChaNotes_DB:_migrate_from_v31_to_v32:6104 - Migrating schema from V31 to V32 for 'rag_char_chat_schema' in DB: db_sha256=memory...
2026-10-03 19:21:34.803 | DEBUG    | tldw_chatbook.DB.ChaChaNotes_DB:_enrich_default_assistant_card_if_bare:4749 - [task-2451] Default Assistant enrichment UPDATE affected 0 row(s) in DB: db_sha256=memory.
2026-10-03 19:21:34.803 | INFO     | tldw_chatbook.DB.ChaChaNotes_DB:_migrate_from_v31_to_v32:6130 - [rag_char_chat_schema V31→V32] Migration completed successfully for DB: db_sha256=memory.
2026-10-03 19:21:34.803 | DEBUG    | tldw_chatbook.DB.ChaChaNotes_DB:_enter_transaction:24458 - Entered nested transaction level 2 on thread 8494865792.
2026-10-03 19:21:34.806 | DEBUG    | tldw_chatbook.DB.ChaChaNotes_DB:_enter_transaction:24458 - Entered nested transaction level 2 on thread 8494865792.
2026-10-03 19:21:34.812 | DEBUG    | tldw_chatbook.DB.ChaChaNotes_DB:_enter_transaction:24458 - Entered nested transaction level 2 on thread 8494865792.
2026-10-03 19:21:34.814 | DEBUG    | tldw_chatbook.DB.ChaChaNotes_DB:_enter_transaction:24458 - Entered nested transaction level 2 on thread 8494865792.
2026-10-03 19:21:34.816 | DEBUG    | tldw_chatbook.DB.ChaChaNotes_DB:_enter_transaction:24458 - Entered nested transaction level 2 on thread 8494865792.
2026-10-03 19:21:34.823 | DEBUG    | tldw_chatbook.DB.ChaChaNotes_DB:_enter_transaction:24458 - Entered nested transaction level 2 on thread 8494865792.
2026-10-03 19:21:34.825 | DEBUG    | tldw_chatbook.DB.ChaChaNotes_DB:_enter_transaction:24458 - Entered nested transaction level 2 on thread 8494865792.
2026-10-03 19:21:34.827 | DEBUG    | tldw_chatbook.DB.ChaChaNotes_DB:_enter_transaction:24458 - Entered nested transaction level 2 on thread 8494865792.
2026-10-03 19:21:34.828 | DEBUG    | tldw_chatbook.DB.ChaChaNotes_DB:_enter_transaction:24458 - Entered nested transaction level 2 on thread 8494865792.
2026-10-03 19:21:34.830 | INFO     | tldw_chatbook.DB.ChaChaNotes_DB:_migrate_from_v41_to_v42:6450 - Migrating schema from V41 to V42 for 'rag_char_chat_schema' in DB: db_sha256=memory...
2026-10-03 19:21:34.832 | INFO     | tldw_chatbook.DB.ChaChaNotes_DB:_migrate_from_v41_to_v42:6514 - [rag_char_chat_schema V41→V42] conversations.console_project_context_json already present; applying the version bump only.
2026-10-03 19:21:34.832 | INFO     | tldw_chatbook.DB.ChaChaNotes_DB:_migrate_from_v42_to_v43:6564 - Migrating schema from V42 to V43 for 'rag_char_chat_schema' in DB: db_sha256=memory...
2026-10-03 19:21:34.832 | DEBUG    | tldw_chatbook.DB.ChaChaNotes_DB:_enter_transaction:24458 - Entered nested transaction level 2 on thread 8494865792.
2026-10-03 19:21:34.833 | INFO     | tldw_chatbook.DB.ChaChaNotes_DB:_migrate_from_v42_to_v43:6703 - [rag_char_chat_schema V42→V43] Migration completed successfully for DB: db_sha256=memory.
2026-10-03 19:21:34.833 | INFO     | tldw_chatbook.DB.ChaChaNotes_DB:_migrate_from_v43_to_v44:6733 - Migrating schema from V43 to V44 for 'rag_char_chat_schema' in DB: db_sha256=memory...
2026-10-03 19:21:34.834 | DEBUG    | tldw_chatbook.DB.ChaChaNotes_DB:_enter_transaction:24458 - Entered nested transaction level 2 on thread 8494865792.
2026-10-03 19:21:34.849 | INFO     | tldw_chatbook.DB.ChaChaNotes_DB:_migrate_from_v43_to_v44:6773 - [rag_char_chat_schema V43→V44] Migration completed successfully for DB: db_sha256=memory.
2026-10-03 19:21:34.849 | INFO     | tldw_chatbook.DB.ChaChaNotes_DB:_migrate_from_v44_to_v45:6842 - Actor Pack schema migration started: chachanotes_v44_to_v45
2026-10-03 19:21:34.849 | DEBUG    | tldw_chatbook.DB.ChaChaNotes_DB:_enter_transaction:24458 - Entered nested transaction level 2 on thread 8494865792.
2026-10-03 19:21:34.852 | INFO     | tldw_chatbook.DB.ChaChaNotes_DB:_migrate_from_v44_to_v45:6875 - Actor Pack schema migration completed: chachanotes_v44_to_v45
2026-10-03 19:21:34.852 | INFO     | tldw_chatbook.DB.ChaChaNotes_DB:_migrate_from_v45_to_v46:6919 - Migrating schema from V45 to V46 for 'rag_char_chat_schema' in DB: db_sha256=memory...
2026-10-03 19:21:34.852 | DEBUG    | tldw_chatbook.DB.ChaChaNotes_DB:_enter_transaction:24458 - Entered nested transaction level 2 on thread 8494865792.
2026-10-03 19:21:34.862 | INFO     | tldw_chatbook.DB.ChaChaNotes_DB:_migrate_from_v45_to_v46:6965 - [rag_char_chat_schema V45→V46] Migration completed successfully for DB: db_sha256=memory. Purged 0 unreachable sync_log row(s) of 1.
2026-10-03 19:21:34.862 | INFO     | tldw_chatbook.DB.ChaChaNotes_DB:_migrate_from_v46_to_v47:7007 - Migrating schema from V46 to V47 for 'rag_char_chat_schema' in DB: db_sha256=memory...
2026-10-03 19:21:34.862 | DEBUG    | tldw_chatbook.DB.ChaChaNotes_DB:_enter_transaction:24458 - Entered nested transaction level 2 on thread 8494865792.
2026-10-03 19:21:34.864 | INFO     | tldw_chatbook.DB.ChaChaNotes_DB:_migrate_from_v46_to_v47:7042 - [rag_char_chat_schema V46→V47] Migration completed successfully for DB: db_sha256=memory.
2026-10-03 19:21:34.864 | DEBUG    | tldw_chatbook.DB.ChaChaNotes_DB:_enter_transaction:24458 - Entered nested transaction level 2 on thread 8494865792.
2026-10-03 19:21:34.873 | INFO     | tldw_chatbook.DB.ChaChaNotes_DB:_migrate_from_v48_to_v49:7198 - Migrating schema from V48 to V49 for 'rag_char_chat_schema' in DB: db_sha256=memory...
2026-10-03 19:21:34.873 | DEBUG    | tldw_chatbook.DB.ChaChaNotes_DB:_enter_transaction:24458 - Entered nested transaction level 2 on thread 8494865792.
2026-10-03 19:21:34.875 | INFO     | tldw_chatbook.DB.ChaChaNotes_DB:_migrate_from_v48_to_v49:7233 - [rag_char_chat_schema V48→V49] Migration completed successfully for DB: db_sha256=memory.
2026-10-03 19:21:34.876 | INFO     | tldw_chatbook.DB.ChaChaNotes_DB:_migrate_from_v49_to_v50:7281 - Migrating schema from V49 to V50 for 'rag_char_chat_schema' in DB: db_sha256=memory...
2026-10-03 19:21:34.876 | DEBUG    | tldw_chatbook.DB.ChaChaNotes_DB:_enter_transaction:24458 - Entered nested transaction level 2 on thread 8494865792.
2026-10-03 19:21:34.877 | INFO     | tldw_chatbook.DB.ChaChaNotes_DB:_migrate_from_v49_to_v50:7315 - [rag_char_chat_schema V49→V50] Migration completed successfully for DB: db_sha256=memory.
2026-10-03 19:21:34.877 | DEBUG    | tldw_chatbook.DB.ChaChaNotes_DB:_enter_transaction:24458 - Entered nested transaction level 2 on thread 8494865792.
2026-10-03 19:21:34.884 | DEBUG    | tldw_chatbook.DB.ChaChaNotes_DB:_enter_transaction:24458 - Entered nested transaction level 2 on thread 8494865792.
2026-10-03 19:21:34.901 | INFO     | tldw_chatbook.DB.ChaChaNotes_DB:_migrate_from_v52_to_v53:7440 - Migrating schema from V52 to V53 for 'rag_char_chat_schema' in DB: db_sha256=memory...
2026-10-03 19:21:34.901 | DEBUG    | tldw_chatbook.DB.ChaChaNotes_DB:_enter_transaction:24458 - Entered nested transaction level 2 on thread 8494865792.
2026-10-03 19:21:34.901 | INFO     | tldw_chatbook.DB.ChaChaNotes_DB:_migrate_from_v52_to_v53:7505 - [rag_char_chat_schema V52→V53] Migration completed for DB: db_sha256=memory (examined 0, compacted 0, skipped 0 unreadable).
2026-10-03 19:21:34.901 | DEBUG    | tldw_chatbook.DB.ChaChaNotes_DB:_enter_transaction:24458 - Entered nested transaction level 2 on thread 8494865792.
2026-10-03 19:21:34.907 | DEBUG    | tldw_chatbook.DB.ChaChaNotes_DB:_enter_transaction:24458 - Entered nested transaction level 2 on thread 8494865792.
2026-10-03 19:21:34.910 | DEBUG    | tldw_chatbook.DB.ChaChaNotes_DB:_enter_transaction:24458 - Entered nested transaction level 2 on thread 8494865792.
2026-10-03 19:21:34.929 | DEBUG    | tldw_chatbook.DB.ChaChaNotes_DB:_enter_transaction:24458 - Entered nested transaction level 2 on thread 8494865792.
2026-10-03 19:21:34.933 | DEBUG    | tldw_chatbook.DB.ChaChaNotes_DB:_enter_transaction:24458 - Entered nested transaction level 2 on thread 8494865792.
2026-10-03 19:21:34.960 | DEBUG    | tldw_chatbook.DB.ChaChaNotes_DB:_enter_transaction:24458 - Entered nested transaction level 2 on thread 8494865792.
2026-10-03 19:21:34.961 | DEBUG    | tldw_chatbook.DB.ChaChaNotes_DB:_enter_transaction:24458 - Entered nested transaction level 2 on thread 8494865792.
2026-10-03 19:21:34.963 | DEBUG    | tldw_chatbook.DB.ChaChaNotes_DB:_enter_transaction:24458 - Entered nested transaction level 2 on thread 8494865792.
2026-10-03 19:21:34.965 | DEBUG    | tldw_chatbook.DB.ChaChaNotes_DB:_enter_transaction:24458 - Entered nested transaction level 2 on thread 8494865792.
2026-10-03 19:21:34.993 | DEBUG    | tldw_chatbook.DB.ChaChaNotes_DB:_enter_transaction:24458 - Entered nested transaction level 2 on thread 8494865792.
2026-10-03 19:21:35.002 | DEBUG    | tldw_chatbook.DB.ChaChaNotes_DB:_enter_transaction:24458 - Entered nested transaction level 2 on thread 8494865792.
2026-10-03 19:21:35.029 | DEBUG    | tldw_chatbook.DB.ChaChaNotes_DB:_enter_transaction:24458 - Entered nested transaction level 2 on thread 8494865792.
2026-10-03 19:21:35.031 | DEBUG    | tldw_chatbook.DB.ChaChaNotes_DB:_enter_transaction:24458 - Entered nested transaction level 2 on thread 8494865792.
2026-10-03 19:21:35.036 | DEBUG    | tldw_chatbook.DB.ChaChaNotes_DB:_enter_transaction:24458 - Entered nested transaction level 3 on thread 8494865792.
2026-10-03 19:21:35.036 | DEBUG    | tldw_chatbook.DB.ChaChaNotes_DB:_enter_transaction:24458 - Entered nested transaction level 3 on thread 8494865792.
2026-10-03 19:21:35.038 | DEBUG    | tldw_chatbook.DB.ChaChaNotes_DB:_enter_transaction:24458 - Entered nested transaction level 2 on thread 8494865792.
2026-10-03 19:21:35.042 | DEBUG    | tldw_chatbook.DB.ChaChaNotes_DB:_enter_transaction:24458 - Entered nested transaction level 2 on thread 8494865792.
2026-10-03 19:21:35.076 | DEBUG    | tldw_chatbook.DB.ChaChaNotes_DB:_enter_transaction:24458 - Entered nested transaction level 2 on thread 8494865792.
2026-10-03 19:21:35.078 | DEBUG    | tldw_chatbook.DB.ChaChaNotes_DB:_enter_transaction:24458 - Entered nested transaction level 2 on thread 8494865792.
2026-10-03 19:21:35.080 | DEBUG    | tldw_chatbook.DB.ChaChaNotes_DB:_enter_transaction:24458 - Entered nested transaction level 2 on thread 8494865792.
2026-10-03 19:21:35.091 | DEBUG    | tldw_chatbook.DB.ChaChaNotes_DB:_enter_transaction:24458 - Entered nested transaction level 2 on thread 8494865792.
2026-10-03 19:21:35.114 | DEBUG    | tldw_chatbook.DB.ChaChaNotes_DB:_enter_transaction:24458 - Entered nested transaction level 2 on thread 8494865792.
2026-10-03 19:21:35.115 | DEBUG    | tldw_chatbook.DB.ChaChaNotes_DB:_enter_transaction:24458 - Entered nested transaction level 2 on thread 8494865792.
2026-10-03 19:21:35.131 | DEBUG    | tldw_chatbook.DB.ChaChaNotes_DB:_enter_transaction:24458 - Entered nested transaction level 2 on thread 8494865792.
2026-10-03 19:21:35.132 | DEBUG    | tldw_chatbook.DB.ChaChaNotes_DB:_enter_transaction:24458 - Entered nested transaction level 2 on thread 8494865792.
2026-10-03 19:21:35.166 | INFO     | tldw_chatbook.DB.ChaChaNotes_DB:_initialize_schema:8685 - Database schema 'rag_char_chat_schema' successfully initialized/migrated to version 76.
2026-10-03 19:21:35.166 | DEBUG    | tldw_chatbook.DB.ChaChaNotes_DB:_exit_transaction:24552 - Transaction (outermost) committed successfully on thread 8494865792.
2026-10-03 19:21:35.166 | DEBUG    | tldw_chatbook.DB.ChaChaNotes_DB:__init__:3399 - CharactersRAGDB initialization completed successfully db_sha256=memory
2026-10-03 19:21:35.196 | INFO     | tldw_chatbook.config:_apply_literal_settings_transaction_locked:8612 - Attempting to apply literal settings mutation: sets={"('console',)": ['exchange_capture']}, deletes={}
2026-10-03 19:21:35.216 | SUCCESS  | tldw_chatbook.config:_apply_literal_settings_transaction_locked:8670 - Successfully replaced settings file at /Users/macbook-dev/.codex/worktrees/console-chat-starts/tldw_chatbook/.superpowers/sdd/2026-10-03-console-pr2995-review-and-merge/composer-repair-green-profile-bv6mds77/config/config.toml
2026-10-03 19:21:35.220 | INFO     | tldw_chatbook.config:_load_settings_uncached:2134 - Determined ACTUAL_PROJECT_ROOT for general paths: /Users/macbook-dev/.codex/worktrees/console-chat-starts/tldw_chatbook/tldw_chatbook
2026-10-03 19:21:35.223 | INFO     | tldw_chatbook.config:_load_settings_uncached:2137 - Determined APP_COMPONENT_ROOT for config files: /Users/macbook-dev/.codex/worktrees/console-chat-starts/tldw_chatbook/tldw_chatbook
2026-10-03 19:21:35.225 | DEBUG    | tldw_chatbook.config:_load_settings_uncached:2160 - load_settings: Configuration loaded from disk (cache miss or forced reload)
2026-10-03 19:21:35.228 | DEBUG    | tldw_chatbook.config:_load_settings_uncached:2482 - Darwin platform-preferred STT provider resolved to: faster-whisper
2026-10-03 19:21:35.291 | DEBUG    | tldw_chatbook.config:_load_settings_uncached:3712 - Ensured chat dictionaries folder exists: /Users/macbook-dev/.codex/worktrees/console-chat-starts/tldw_chatbook/.superpowers/sdd/2026-10-03-console-pr2995-review-and-merge/composer-repair-green-profile-bv6mds77/home/.local/share/tldw_cli/default_user/chat_dicts
2026-10-03 19:21:35.292 | DEBUG    | tldw_chatbook.config:_load_settings_uncached:3743 - load_settings: Configuration cached for future use
2026-10-03 19:21:35.294 | INFO     | tldw_chatbook.config:_apply_literal_settings_transaction_locked:8698 - Global configuration caches invalidated and reloaded.
2026-10-03 19:21:35.342 | INFO     | tldw_chatbook.config:_apply_literal_settings_transaction_locked:8612 - Attempting to apply literal settings mutation: sets={"('first_run',)": ['setup_completed'], "('splash_screen',)": ['enabled'], "('chat_defaults',)": ['provider', 'model'], "('api_settings', 'openai')": ['api_key']}, deletes={}
2026-10-03 19:21:35.362 | SUCCESS  | tldw_chatbook.config:_apply_literal_settings_transaction_locked:8670 - Successfully replaced settings file at /Users/macbook-dev/.codex/worktrees/console-chat-starts/tldw_chatbook/.superpowers/sdd/2026-10-03-console-pr2995-review-and-merge/composer-repair-green-profile-bv6mds77/config/config.toml
2026-10-03 19:21:35.366 | INFO     | tldw_chatbook.config:_load_settings_uncached:2134 - Determined ACTUAL_PROJECT_ROOT for general paths: /Users/macbook-dev/.codex/worktrees/console-chat-starts/tldw_chatbook/tldw_chatbook
2026-10-03 19:21:35.366 | INFO     | tldw_chatbook.config:_load_settings_uncached:2137 - Determined APP_COMPONENT_ROOT for config files: /Users/macbook-dev/.codex/worktrees/console-chat-starts/tldw_chatbook/tldw_chatbook
2026-10-03 19:21:35.368 | DEBUG    | tldw_chatbook.config:_load_settings_uncached:2160 - load_settings: Configuration loaded from disk (cache miss or forced reload)
2026-10-03 19:21:35.368 | DEBUG    | tldw_chatbook.config:_load_settings_uncached:2482 - Darwin platform-preferred STT provider resolved to: faster-whisper
2026-10-03 19:21:35.421 | DEBUG    | tldw_chatbook.config:_load_settings_uncached:3712 - Ensured chat dictionaries folder exists: /Users/macbook-dev/.codex/worktrees/console-chat-starts/tldw_chatbook/.superpowers/sdd/2026-10-03-console-pr2995-review-and-merge/composer-repair-green-profile-bv6mds77/home/.local/share/tldw_cli/default_user/chat_dicts
2026-10-03 19:21:35.421 | DEBUG    | tldw_chatbook.config:_load_settings_uncached:3743 - load_settings: Configuration cached for future use
2026-10-03 19:21:35.423 | INFO     | tldw_chatbook.config:_apply_literal_settings_transaction_locked:8698 - Global configuration caches invalidated and reloaded.
2026-10-03 19:21:35.442 | INFO     | tldw_chatbook.config:_load_settings_uncached:2134 - Determined ACTUAL_PROJECT_ROOT for general paths: /Users/macbook-dev/.codex/worktrees/console-chat-starts/tldw_chatbook/tldw_chatbook
2026-10-03 19:21:35.443 | INFO     | tldw_chatbook.config:_load_settings_uncached:2137 - Determined APP_COMPONENT_ROOT for config files: /Users/macbook-dev/.codex/worktrees/console-chat-starts/tldw_chatbook/tldw_chatbook
2026-10-03 19:21:35.448 | INFO     | tldw_chatbook.config:_load_cli_config_bootstrap_unlocked:6847 - Attempting to load CLI config from: /Users/macbook-dev/.codex/worktrees/console-chat-starts/tldw_chatbook/.superpowers/sdd/2026-10-03-console-pr2995-review-and-merge/composer-repair-green-profile-bv6mds77/config/config.toml
2026-10-03 19:21:35.466 | INFO     | tldw_chatbook.config:_load_cli_config_bootstrap_unlocked:6868 - Successfully loaded and merged CLI config from /Users/macbook-dev/.codex/worktrees/console-chat-starts/tldw_chatbook/.superpowers/sdd/2026-10-03-console-pr2995-review-and-merge/composer-repair-green-profile-bv6mds77/config/config.toml
2026-10-03 19:21:35.466 | DEBUG    | tldw_chatbook.config:_load_cli_config_bootstrap_unlocked:6952 - load_cli_config_and_ensure_existence returning config with top-level keys: ['config_schema_version', 'general', 'console', 'console_ssh', 'hooks', 'skills', 'tamagotchi', 'appearance', 'acp', 'tldw_api', 'library', 'caching', 'agents', 'splash_screen', 'logging', 'metrics', 'database', 'webhooks', 'scheduling', 'media_cleanup', 'api_endpoints', 'providers', 'model_catalog', 'api_settings', 'chat_defaults', 'chat', 'web_security', 'network', 'image_generation', 'character_defaults', 'analysis_defaults', 'permission_summary', 'llm_management', 'llamacpp_snapshots', 'notes', 'Prompts', 'prompts', 'embedding_config', 'rag_citations', 'rag', 'rag_search', 'chunking', 'model_capabilities', 'tools', 'SearchSettings', 'webfetch', 'SearchEngines', 'media_processing', 'meetings', 'dictation', 'transcription', 'diarization', 'local_ingestion', 'mcp', 'subscriptions', 'github', 'briefings_feed_server', 'canvas', 'web_server', 'first_run']
2026-10-03 19:21:35.467 | DEBUG    | tldw_chatbook.config:_load_cli_config_bootstrap_unlocked:6956 -   'api_settings' found with keys: ['openai', 'anthropic', 'cohere', 'deepseek', 'groq', 'google', 'huggingface', 'mistralai', 'openrouter', 'moonshot', 'qwencloud', 'zai', 'databricks', 'together', 'fireworks', 'cerebras', 'sambanova', 'nvidia', 'deepinfra', 'nebius', 'novita', 'minimax', 'mimo', 'tokenhub', 'byteplus', 'stepfun', 'vercel', 'zenmux', 'kilo', 'siliconflow', 'baseten', 'gmi', 'ollama_cloud', 'upstage', 'arcee', 'qianfan', 'nous', 'venice', 'meta', 'azure', 'wandb', 'cloudflare', 'opencode_zen', 'commandcode', 'llama_cpp', 'oobabooga', 'koboldcpp', 'ollama', 'vllm', 'aphrodite', 'tabbyapi', 'custom', 'custom_2', 'local-llm', 'local_llamafile', 'local_llamacpp', 'local_vllm', 'local_ollama', 'local_onnx', 'local_transformers', 'local_mlx_lm']
2026-10-03 19:21:35.468 | DEBUG    | tldw_chatbook.config:_load_settings_uncached:2160 - load_settings: Configuration loaded from disk (cache miss or forced reload)
2026-10-03 19:21:35.473 | DEBUG    | tldw_chatbook.config:_load_settings_uncached:2482 - Darwin platform-preferred STT provider resolved to: faster-whisper
2026-10-03 19:21:35.566 | DEBUG    | tldw_chatbook.config:_load_settings_uncached:3712 - Ensured chat dictionaries folder exists: /Users/macbook-dev/.codex/worktrees/console-chat-starts/tldw_chatbook/.superpowers/sdd/2026-10-03-console-pr2995-review-and-merge/composer-repair-green-profile-bv6mds77/home/.local/share/tldw_cli/default_user/chat_dicts
2026-10-03 19:21:35.566 | DEBUG    | tldw_chatbook.config:_load_settings_uncached:3743 - load_settings: Configuration cached for future use
2026-10-03 19:21:35.581 | DEBUG    | tldw_chatbook.UI.Navigation.base_app_screen:__init__:89 - Initializing ChatScreen screen: chat
2026-10-03 19:21:35.623 | DEBUG    | tldw_chatbook.DB.ChaChaNotes_DB:_enter_transaction:24489 - Started outermost transaction on thread 8494865792.
2026-10-03 19:21:35.623 | DEBUG    | tldw_chatbook.DB.ChaChaNotes_DB:_exit_transaction:24552 - Transaction (outermost) committed successfully on thread 8494865792.
2026-10-03 19:21:35.675 | DEBUG    | tldw_chatbook.Chat.chat_persistence_service:__init__:271 - Recovered-media message source is unavailable.
2026-10-03 19:21:35.833 | DEBUG    | tldw_chatbook.UI.Console_Modules.workspace:_persisted_console_browser_rows:3825 - Local persisted conversation service is unavailable
2026-10-03 19:21:35.833 | DEBUG    | tldw_chatbook.UI.Screens.chat_screen:_sync_console_workspace_context:14058 - No Console workspace context tray available for sync
2026-10-03 19:21:35.833 | WARNING  | tldw_chatbook.Chat.console_fleet_wake:recover:1001 - wake recovery failed (exception_type=AttributeError)
2026-10-03 19:21:36.609 | DEBUG    | tldw_chatbook.DB.ChaChaNotes_DB:_get_thread_connection:3554 - Opened/Reopened SQLite connection db_sha256=memory thread=6224474112
2026-10-03 19:21:36.609 | DEBUG    | tldw_chatbook.DB.ChaChaNotes_DB:_enter_transaction:24489 - Started outermost transaction on thread 6224474112.
2026-10-03 19:21:36.609 | DEBUG    | tldw_chatbook.DB.ChaChaNotes_DB:_exit_transaction:24589 - Transaction (outermost) rolled back due to exception (OperationalError) on thread 6224474112.
2026-10-03 19:21:36.628 | DEBUG    | tldw_chatbook.DB.ChaChaNotes_DB:_enter_transaction:24489 - Started outermost transaction on thread 6224474112.
2026-10-03 19:21:36.642 | DEBUG    | tldw_chatbook.DB.ChaChaNotes_DB:_exit_transaction:24589 - Transaction (outermost) rolled back due to exception (OperationalError) on thread 6224474112.
2026-10-03 19:21:36.719 | DEBUG    | tldw_chatbook.Widgets.compact_model_bar:handle_compact_temp_change:203 - Sidebar temperature input not found for sync
2026-10-03 19:21:36.864 | INFO     | tldw_chatbook.UI.Navigation.base_app_screen:on_mount:532 - Screen chat mounted
2026-10-03 19:21:36.865 | DEBUG    | tldw_chatbook.DB.ChaChaNotes_DB:_enter_transaction:24489 - Started outermost transaction on thread 8494865792.
2026-10-03 19:21:36.869 | DEBUG    | tldw_chatbook.DB.ChaChaNotes_DB:_exit_transaction:24552 - Transaction (outermost) committed successfully on thread 8494865792.
2026-10-03 19:21:36.871 | DEBUG    | tldw_chatbook.UI.Screens.chat_screen:on_screen_resume:23581 - Chat screen resuming
2026-10-03 19:21:37.848 | DEBUG    | tldw_chatbook.DB.ChaChaNotes_DB:_get_thread_connection:3554 - Opened/Reopened SQLite connection db_sha256=memory thread=6207647744
2026-10-03 19:21:37.863 | DEBUG    | tldw_chatbook.DB.ChaChaNotes_DB:_enter_transaction:24489 - Started outermost transaction on thread 6207647744.
2026-10-03 19:21:37.864 | DEBUG    | tldw_chatbook.DB.ChaChaNotes_DB:_exit_transaction:24589 - Transaction (outermost) rolled back due to exception (OperationalError) on thread 6207647744.
2026-10-03 19:21:37.872 | DEBUG    | tldw_chatbook.DB.ChaChaNotes_DB:_enter_transaction:24489 - Started outermost transaction on thread 6207647744.
2026-10-03 19:21:37.873 | DEBUG    | tldw_chatbook.DB.ChaChaNotes_DB:_exit_transaction:24589 - Transaction (outermost) rolled back due to exception (OperationalError) on thread 6207647744.
2026-10-03 19:21:38.107 | DEBUG    | tldw_chatbook.DB.ChaChaNotes_DB:_enter_transaction:24489 - Started outermost transaction on thread 8494865792.
2026-10-03 19:21:38.107 | DEBUG    | tldw_chatbook.DB.ChaChaNotes_DB:_exit_transaction:24552 - Transaction (outermost) committed successfully on thread 8494865792.
2026-10-03 19:21:38.107 | DEBUG    | tldw_chatbook.UI.Screens.chat_screen:on_screen_resume:23581 - Chat screen resuming
2026-10-03 19:21:38.282 | DEBUG    | tldw_chatbook.DB.ChaChaNotes_DB:_enter_transaction:24489 - Started outermost transaction on thread 6207647744.
2026-10-03 19:21:38.282 | DEBUG    | tldw_chatbook.DB.ChaChaNotes_DB:_exit_transaction:24589 - Transaction (outermost) rolled back due to exception (OperationalError) on thread 6207647744.
2026-10-03 19:21:38.289 | DEBUG    | tldw_chatbook.DB.ChaChaNotes_DB:list_all_active_conversations:11274 - Listing all active conversations: limit=1000, offset=0
2026-10-03 19:21:38.289 | DEBUG    | tldw_chatbook.DB.ChaChaNotes_DB:execute_query:4046 - Executing SQL (script=False): 
                SELECT id,                        root_id,                        character_id,                        assistant_kind,                        assistant_id,                        assistant_authority_id,                        runtime_backend,                        discovery_owner, ... Params: (test-client, 1000, 0)
2026-10-03 19:21:38.290 | ERROR    | tldw_chatbook.DB.ChaChaNotes_DB:execute_query:4122 - Query execution failed: 
                SELECT id,                        root_id,                        character_id,                        assistant_kind,                        assistant_id,                        assistant_authority_id,                        runtime_backend,                        discovery_owner, ... Error: exception_type=OperationalError
2026-10-03 19:21:38.291 | ERROR    | tldw_chatbook.DB.ChaChaNotes_DB:list_all_active_conversations:11332 - Database error listing all active conversations: exception_type=CharactersRAGDBError
2026-10-03 19:21:38.291 | WARNING  | tldw_chatbook.UI.Screens.chat_screen:_prune_console_rail_preferences:13097 - Console rail preference prune skipped: Query execution failed: no such table: conversations
2026-10-03 19:21:38.349 | DEBUG    | tldw_chatbook.DB.ChaChaNotes_DB:_enter_transaction:24489 - Started outermost transaction on thread 6207647744.
2026-10-03 19:21:38.349 | DEBUG    | tldw_chatbook.DB.ChaChaNotes_DB:_exit_transaction:24589 - Transaction (outermost) rolled back due to exception (OperationalError) on thread 6207647744.
2026-10-03 19:21:38.506 | DEBUG    | tldw_chatbook.DB.ChaChaNotes_DB:_enter_transaction:24489 - Started outermost transaction on thread 6207647744.
2026-10-03 19:21:38.537 | DEBUG    | tldw_chatbook.DB.ChaChaNotes_DB:_exit_transaction:24589 - Transaction (outermost) rolled back due to exception (OperationalError) on thread 6207647744.
2026-10-03 19:21:38.546 | DEBUG    | tldw_chatbook.UI.Screens.chat_screen:_restore_collapsible_states:25203 - No collapsible states to restore
2026-10-03 19:21:38.555 | DEBUG    | tldw_chatbook.DB.ChaChaNotes_DB:_enter_transaction:24489 - Started outermost transaction on thread 6224474112.
2026-10-03 19:21:38.556 | DEBUG    | tldw_chatbook.DB.ChaChaNotes_DB:_exit_transaction:24589 - Transaction (outermost) rolled back due to exception (OperationalError) on thread 6224474112.
2026-10-03 19:21:39.159 | DEBUG    | tldw_chatbook.DB.ChaChaNotes_DB:_enter_transaction:24489 - Started outermost transaction on thread 8494865792.
2026-10-03 19:21:39.160 | DEBUG    | tldw_chatbook.DB.ChaChaNotes_DB:_exit_transaction:24552 - Transaction (outermost) committed successfully on thread 8494865792.
2026-10-03 19:21:39.160 | INFO     | tldw_chatbook.UI.Navigation.base_app_screen:on_unmount:563 - Screen chat unmounted
------------------------------ Captured log call -------------------------------
INFO     root:app.py:1385 App __init__: Determined initial tab value: chat
WARNING  root:app.py:1492 Prompts service not initialized, self.prompts_db set to None.
ERROR    root:app.py:1513 ChaChaNotesDB (CharactersRAGDB) instance not found/assigned in app.__init__.
INFO     tldw_chatbook.diagnostics.console:persistent_diagnostics.py:256 event=console_send_stage app_version=0.2.3 attempt_id=f822a344d258484ba4b0ece903f018d6 component=console duration_ms=0 phase=ui_action python_version=3.12.11 sqlite_version=3.49.1 status=entered
INFO     tldw_chatbook.diagnostics.console:persistent_diagnostics.py:256 event=console_send_stage attempt_id=f822a344d258484ba4b0ece903f018d6 component=console duration_ms=20 phase=ui_dispatch status=entered
INFO     tldw_chatbook.diagnostics.console:persistent_diagnostics.py:256 event=console_send_stage attempt_id=f822a344d258484ba4b0ece903f018d6 component=console duration_ms=137 phase=ui_dispatch status=refused
INFO     tldw_chatbook.diagnostics.console:persistent_diagnostics.py:256 event=console_send_stage attempt_id=f822a344d258484ba4b0ece903f018d6 component=console duration_ms=137 phase=ui_action status=not_dispatched
____ test_console_blocked_send_retains_exact_recovery_after_runtime_custody ____

    @pytest.mark.asyncio
    async def test_console_blocked_send_retains_exact_recovery_after_runtime_custody():
        app = _build_console_send_test_app()
        _configure_native_ready_console(app, model="test-model")
        app.chat_api_provider_value = "llama_cpp"
        app.chat_api_model_value = "test-model"
        app.console_provider_gateway_factory = BlockedGateway
        host = ConsoleHarness(app)
    
        async with host.run_test(size=(160, 48)) as pilot:
            console = host.screen_stack[-1]
>           await _wait_for_selector(console, pilot, "#console-native-composer")

Tests/UI/test_console_send_draft_snapshot.py:389: 
_ _ _ _ _ _ _ _ _ _ _ _ _ _ _ _ _ _ _ _ _ _ _ _ _ _ _ _ _ _ _ _ _ _ _ _ _ _ _ _ 

screen = ChatScreen()
pilot = <Pilot app=ConsoleHarness(title='ConsoleHarness', classes={'-dark-mode'}, pseudo_classes={'focus', 'nocolor', 'dark'})>
selector = '#console-native-composer'

    async def _wait_for_selector(
        screen, pilot, selector: str, *, timeout: float = 2.0
    ) -> None:
        deadline = time.monotonic() + timeout
        while time.monotonic() < deadline:
            if screen.query(selector):
                await pilot.pause()
                return
            await pilot.pause(0.01)
>       raise AssertionError(
            f"Timed out waiting for {selector}. Visible text: {_visible_text(screen)}"
        )
E       AssertionError: Timed out waiting for #console-native-composer. Visible text:

Tests/UI/test_destination_shells.py:1191: AssertionError

During handling of the above exception, another exception occurred:

    @pytest.mark.asyncio
    async def test_console_blocked_send_retains_exact_recovery_after_runtime_custody():
        app = _build_console_send_test_app()
        _configure_native_ready_console(app, model="test-model")
        app.chat_api_provider_value = "llama_cpp"
        app.chat_api_model_value = "test-model"
        app.console_provider_gateway_factory = BlockedGateway
        host = ConsoleHarness(app)
    
>       async with host.run_test(size=(160, 48)) as pilot:
                   ^^^^^^^^^^^^^^^^^^^^^^^^^^^^^

Tests/UI/test_console_send_draft_snapshot.py:387: 
_ _ _ _ _ _ _ _ _ _ _ _ _ _ _ _ _ _ _ _ _ _ _ _ _ _ _ _ _ _ _ _ _ _ _ _ _ _ _ _ 
../../../../.local/share/uv/python/cpython-3.12.11-macos-aarch64-none/lib/python3.12/contextlib.py:231: in __aexit__
    await self.gen.athrow(value)
../../../../Documents/GitHub/tldw_chatbook/.venv/lib/python3.12/site-packages/textual/app.py:2218: in run_test
    raise self._exception
../../../../Documents/GitHub/tldw_chatbook/.venv/lib/python3.12/site-packages/textual/message_pump.py:663: in _process_messages_loop
    await self._dispatch_message(message)
../../../../Documents/GitHub/tldw_chatbook/.venv/lib/python3.12/site-packages/textual/message_pump.py:727: in _dispatch_message
    await self.on_event(message)
../../../../Documents/GitHub/tldw_chatbook/.venv/lib/python3.12/site-packages/textual/message_pump.py:808: in on_event
    await self._on_message(event)
../../../../Documents/GitHub/tldw_chatbook/.venv/lib/python3.12/site-packages/textual/message_pump.py:829: in _on_message
    await invoke(method, message)
../../../../Documents/GitHub/tldw_chatbook/.venv/lib/python3.12/site-packages/textual/_callback.py:96: in invoke
    return await _invoke(callback, *params)
           ^^^^^^^^^^^^^^^^^^^^^^^^^^^^^^^^
../../../../Documents/GitHub/tldw_chatbook/.venv/lib/python3.12/site-packages/textual/_callback.py:56: in _invoke
    result = callback(*params[:parameter_count])
             ^^^^^^^^^^^^^^^^^^^^^^^^^^^^^^^^^^^
tldw_chatbook/UI/Screens/chat_screen.py:22377: in _adapt_console_workspace_to_width
    left_rail = self.query_one("#console-left-rail")
                ^^^^^^^^^^^^^^^^^^^^^^^^^^^^^^^^^^^^
_ _ _ _ _ _ _ _ _ _ _ _ _ _ _ _ _ _ _ _ _ _ _ _ _ _ _ _ _ _ _ _ _ _ _ _ _ _ _ _ 

self = ChatScreen(), selector = '#console-left-rail', expect_type = None

    def query_one(
        self,
        selector: str | type[QueryType],
        expect_type: type[QueryType] | None = None,
    ) -> QueryType | Widget:
        """Get a widget from this widget's children that matches a selector or widget type.
    
        Args:
            selector: A selector or widget type.
            expect_type: Require the object be of the supplied type, or None for any type.
    
        Raises:
            WrongType: If the wrong type was found.
            NoMatches: If no node matches the query.
    
        Returns:
            A widget matching the selector.
        """
        _rich_traceback_omit = True
    
        base_node = self._get_dom_base()
    
        if isinstance(selector, str):
            query_selector = selector
        else:
            query_selector = selector.__name__
    
        if is_id_selector(query_selector):
            cache_key = (base_node._nodes._updates, query_selector, expect_type)
            cached_result = base_node._query_one_cache.get(cache_key)
            if cached_result is not None:
                return cached_result
            if (
                node := walk_breadth_search_id(
                    base_node, query_selector[1:], with_root=False
                )
            ) is not None:
                if expect_type is not None and not isinstance(node, expect_type):
                    raise WrongType(
                        f"Node matching {query_selector!r} is the wrong type; expected type {expect_type.__name__!r}, found {node}"
                    )
                base_node._query_one_cache[cache_key] = node
                return node
>           raise NoMatches(f"No nodes match {query_selector!r} on {base_node!r}")
E           textual.css.query.NoMatches: No nodes match '#console-left-rail' on ChatScreen()

../../../../Documents/GitHub/tldw_chatbook/.venv/lib/python3.12/site-packages/textual/dom.py:1505: NoMatches
----------------------------- Captured stderr call -----------------------------
2026-10-03 19:21:39.587 | INFO     | tldw_chatbook.app:__init__:1251 - Loaded app_config - strip_thinking_tags: True
2026-10-03 19:21:39.598 | INFO     | tldw_chatbook.app:__init__:1359 - Parallel init task 'prompts_service' completed in 0.000s
2026-10-03 19:21:39.598 | INFO     | tldw_chatbook.app:__init__:1359 - Parallel init task 'notes_service' completed in 0.000s
2026-10-03 19:21:39.598 | INFO     | tldw_chatbook.app:__init__:1359 - Parallel init task 'providers_models' completed in 0.000s
2026-10-03 19:21:39.598 | INFO     | tldw_chatbook.app:__init__:1359 - Parallel init task 'media_db' completed in 0.000s
2026-10-03 19:21:39.672 | INFO     | tldw_chatbook.DB.base_db:__init__:989 - LibraryCollectionsDB initialized with path: /private/var/folders/sn/m80n2j152t9gw3w8qwk2nykh0000gn/T/tldw-chatbook-test-7urysksq/library_collections.sqlite [Client: tldw_cli_local_instance_v1]
2026-10-03 19:21:39.752 | INFO     | tldw_chatbook.DB.base_db:__init__:989 - WorkspaceDB initialized with path: /private/var/folders/sn/m80n2j152t9gw3w8qwk2nykh0000gn/T/tldw-chatbook-test-7urysksq/workspaces.sqlite [Client: tldw_cli_local_instance_v1]
2026-10-03 19:21:39.851 | INFO     | tldw_chatbook.DB.base_db:__init__:989 - SubscriptionsDB initialized with path: /private/var/folders/sn/m80n2j152t9gw3w8qwk2nykh0000gn/T/tldw-chatbook-test-7urysksq/subscriptions.sqlite [Client: tldw_cli_local_instance_v1]
2026-10-03 19:21:39.854 | INFO     | tldw_chatbook.DB.base_db:__init__:989 - ClientNotificationsDB initialized with path: :memory: [Client: tldw_cli_local_instance_v1]
2026-10-03 19:21:39.855 | INFO     | tldw_chatbook.DB.base_db:__init__:989 - EventStateRepository initialized with path: /private/var/folders/sn/m80n2j152t9gw3w8qwk2nykh0000gn/T/tldw-chatbook-test-7urysksq/tldw_chatbook_event_state.db [Client: tldw_cli_local_instance_v1]
2026-10-03 19:21:39.855 | INFO     | tldw_chatbook.DB.base_db:__init__:989 - SyncStateRepository initialized with path: /private/var/folders/sn/m80n2j152t9gw3w8qwk2nykh0000gn/T/tldw-chatbook-test-7urysksq/tldw_chatbook_sync_state.db [Client: tldw_cli_local_instance_v1]
2026-10-03 19:21:40.069 | DEBUG    | tldw_chatbook.Scheduling.db.migrations.v1_to_v2:migrate:75 - Scheduling schema migrated to version 2 (missed_count column)
2026-10-03 19:21:40.139 | DEBUG    | tldw_chatbook.Scheduling.db.migrations.v2_to_v3:migrate:62 - Scheduling schema migrated to version 3 (timeout_seconds column)
2026-10-03 19:21:40.211 | DEBUG    | tldw_chatbook.Scheduling.db.migrations.v3_to_v4:migrate:137 - Scheduling schema migrated to version 4 (automation runs/results)
2026-10-03 19:21:40.290 | DEBUG    | tldw_chatbook.Scheduling.db.migrations.v4_to_v5:migrate:63 - Scheduling schema migrated to version 5 (scheduled_task_runs)
2026-10-03 19:21:40.357 | DEBUG    | tldw_chatbook.Scheduling.db.migrations.v5_to_v6:migrate:68 - Scheduling schema migrated to version 6 (task_incidents)
2026-10-03 19:21:40.451 | DEBUG    | tldw_chatbook.Scheduling.db.migrations.v6_to_v7:migrate:107 - Scheduling schema migrated to version 7 (automation_results server_id unique index)
2026-10-03 19:21:40.451 | INFO     | tldw_chatbook.DB.base_db:__init__:989 - ScheduledTasksDB initialized with path: /private/var/folders/sn/m80n2j152t9gw3w8qwk2nykh0000gn/T/tldw-chatbook-test-7urysksq/scheduled_tasks.sqlite [Client: default]
2026-10-03 19:21:40.475 | DEBUG    | tldw_chatbook.app:__init__:1430 - ULTRA EARLY APP INIT: self._media_types_for_ui VALUE: ['All Media']
2026-10-03 19:21:40.475 | DEBUG    | tldw_chatbook.app:__init__:1433 - ULTRA EARLY APP INIT: self._media_types_for_ui TYPE: <class 'list'>
2026-10-03 19:21:40.548 | INFO     | tldw_chatbook.DB.Evals_DB:__init__:193 - EvalsDB initialized with path: /Users/macbook-dev/.codex/worktrees/console-chat-starts/tldw_chatbook/.superpowers/sdd/2026-10-03-console-pr2995-review-and-merge/composer-repair-green-profile-bv6mds77/home/.local/share/tldw_cli/default_user/evals.db
2026-10-03 19:21:40.549 | INFO     | tldw_chatbook.Evals.task_loader:__init__:98 - TaskLoader initialized
2026-10-03 19:21:40.570 | DEBUG    | tldw_chatbook.Event_Handlers.worker_handlers.base_handler:register:155 - Registered worker handler: MiscWorkerHandler
2026-10-03 19:21:40.570 | INFO     | tldw_chatbook.app:_init_worker_handlers:2167 - Worker handler registry initialized with all handlers
2026-10-03 19:21:40.570 | INFO     | tldw_chatbook.app:__init__:1615 - === STARTUP TIMING SUMMARY ===
2026-10-03 19:21:40.570 | INFO     | tldw_chatbook.app:__init__:1616 - Total initialization time: 1.002 seconds
2026-10-03 19:21:40.570 | INFO     | tldw_chatbook.app:__init__:1622 -   basic_init: 0.028s (2.8%)
2026-10-03 19:21:40.570 | INFO     | tldw_chatbook.app:__init__:1622 -   attribute_init: 0.000s (0.0%)
2026-10-03 19:21:40.570 | INFO     | tldw_chatbook.app:__init__:1622 -   parallel_init: 0.001s (0.1%)
2026-10-03 19:21:40.570 | INFO     | tldw_chatbook.app:__init__:1635 -     - notes_service: 0.000s (0.3% of parallel_init)
2026-10-03 19:21:40.570 | INFO     | tldw_chatbook.app:__init__:1635 -     - providers_models: 0.000s (0.3% of parallel_init)
2026-10-03 19:21:40.570 | INFO     | tldw_chatbook.app:__init__:1635 -     - prompts_service: 0.000s (0.1% of parallel_init)
2026-10-03 19:21:40.570 | INFO     | tldw_chatbook.app:__init__:1635 -     - media_db: 0.000s (0.1% of parallel_init)
2026-10-03 19:21:40.570 | INFO     | tldw_chatbook.app:__init__:1639 - ==============================
2026-10-03 19:21:40.572 | INFO     | tldw_chatbook.DB.ChaChaNotes_DB:__init__:3376 - Initializing CharactersRAGDB db_sha256=memory [Client ID: test-client]
2026-10-03 19:21:40.572 | DEBUG    | tldw_chatbook.DB.ChaChaNotes_DB:_get_thread_connection:3554 - Opened/Reopened SQLite connection db_sha256=memory thread=8494865792
2026-10-03 19:21:40.572 | DEBUG    | tldw_chatbook.DB.ChaChaNotes_DB:_enter_transaction:24489 - Started outermost transaction on thread 8494865792.
2026-10-03 19:21:40.573 | INFO     | tldw_chatbook.DB.ChaChaNotes_DB:_initialize_schema:8550 - Checking DB schema 'rag_char_chat_schema'. Current version: 0. Code supports: 76
2026-10-03 19:21:40.573 | INFO     | tldw_chatbook.DB.ChaChaNotes_DB:_apply_schema_v4:4437 - Applying schema Version 4 for 'rag_char_chat_schema' to DB: db_sha256=memory...
2026-10-03 19:21:40.573 | DEBUG    | tldw_chatbook.DB.ChaChaNotes_DB:_enter_transaction:24458 - Entered nested transaction level 2 on thread 8494865792.
2026-10-03 19:21:40.584 | DEBUG    | tldw_chatbook.DB.ChaChaNotes_DB:_apply_schema_v4:4478 - [rag_char_chat_schema V4] Full schema script executed.
2026-10-03 19:21:40.584 | INFO     | tldw_chatbook.DB.ChaChaNotes_DB:_apply_schema_v4:4485 - [rag_char_chat_schema V4] Schema 4 applied and version confirmed for DB: db_sha256=memory.
2026-10-03 19:21:40.585 | DEBUG    | tldw_chatbook.DB.ChaChaNotes_DB:_enrich_default_assistant_card_if_bare:4749 - [task-2451] Default Assistant enrichment UPDATE affected 1 row(s) in DB: db_sha256=memory.
2026-10-03 19:21:40.585 | INFO     | tldw_chatbook.DB.ChaChaNotes_DB:_migrate_from_v4_to_v5:4770 - Migrating schema from V4 to V5 for 'rag_char_chat_schema' in DB: db_sha256=memory...
2026-10-03 19:21:40.585 | DEBUG    | tldw_chatbook.DB.ChaChaNotes_DB:_enter_transaction:24458 - Entered nested transaction level 2 on thread 8494865792.
2026-10-03 19:21:40.599 | DEBUG    | tldw_chatbook.DB.ChaChaNotes_DB:_migrate_from_v4_to_v5:4780 - [rag_char_chat_schema V4→V5] Migration script executed.
2026-10-03 19:21:40.599 | INFO     | tldw_chatbook.DB.ChaChaNotes_DB:_migrate_from_v4_to_v5:4789 - [rag_char_chat_schema V4→V5] Migration completed successfully for DB: db_sha256=memory.
2026-10-03 19:21:40.599 | INFO     | tldw_chatbook.DB.ChaChaNotes_DB:_migrate_from_v5_to_v6:4823 - Migrating schema from V5 to V6 for 'rag_char_chat_schema' in DB: db_sha256=memory...
2026-10-03 19:21:40.599 | DEBUG    | tldw_chatbook.DB.ChaChaNotes_DB:_enter_transaction:24458 - Entered nested transaction level 2 on thread 8494865792.
2026-10-03 19:21:40.601 | DEBUG    | tldw_chatbook.DB.ChaChaNotes_DB:_migrate_from_v5_to_v6:4831 - [rag_char_chat_schema V5→V6] Migration script executed.
2026-10-03 19:21:40.601 | INFO     | tldw_chatbook.DB.ChaChaNotes_DB:_migrate_from_v5_to_v6:4840 - [rag_char_chat_schema V5→V6] Migration completed successfully for DB: db_sha256=memory.
2026-10-03 19:21:40.601 | INFO     | tldw_chatbook.DB.ChaChaNotes_DB:_migrate_from_v6_to_v7:4874 - Migrating schema from V6 to V7 for 'rag_char_chat_schema' in DB: db_sha256=memory...
2026-10-03 19:21:40.601 | DEBUG    | tldw_chatbook.DB.ChaChaNotes_DB:_enter_transaction:24458 - Entered nested transaction level 2 on thread 8494865792.
2026-10-03 19:21:40.603 | DEBUG    | tldw_chatbook.DB.ChaChaNotes_DB:_migrate_from_v6_to_v7:4882 - [rag_char_chat_schema V6→V7] Migration script executed.
2026-10-03 19:21:40.603 | INFO     | tldw_chatbook.DB.ChaChaNotes_DB:_migrate_from_v6_to_v7:4891 - [rag_char_chat_schema V6→V7] Migration completed successfully for DB: db_sha256=memory.
2026-10-03 19:21:40.603 | INFO     | tldw_chatbook.DB.ChaChaNotes_DB:_migrate_from_v7_to_v8:8464 - Migrating schema from V7 to V8 for 'rag_char_chat_schema' in DB: db_sha256=memory...
2026-10-03 19:21:40.603 | DEBUG    | tldw_chatbook.DB.ChaChaNotes_DB:_enter_transaction:24458 - Entered nested transaction level 2 on thread 8494865792.
2026-10-03 19:21:40.605 | DEBUG    | tldw_chatbook.DB.ChaChaNotes_DB:_migrate_from_v7_to_v8:8472 - [rag_char_chat_schema V7→V8] Migration script executed.
2026-10-03 19:21:40.605 | INFO     | tldw_chatbook.DB.ChaChaNotes_DB:_migrate_from_v7_to_v8:8481 - [rag_char_chat_schema V7→V8] Migration completed successfully for DB: db_sha256=memory.
2026-10-03 19:21:40.605 | INFO     | tldw_chatbook.DB.ChaChaNotes_DB:_migrate_from_v8_to_v9:4925 - Migrating schema from V8 to V9 for 'rag_char_chat_schema' in DB: db_sha256=memory...
2026-10-03 19:21:40.605 | DEBUG    | tldw_chatbook.DB.ChaChaNotes_DB:_enter_transaction:24458 - Entered nested transaction level 2 on thread 8494865792.
2026-10-03 19:21:40.609 | DEBUG    | tldw_chatbook.DB.ChaChaNotes_DB:_migrate_from_v8_to_v9:4933 - [rag_char_chat_schema V8→V9] Migration script executed.
2026-10-03 19:21:40.609 | INFO     | tldw_chatbook.DB.ChaChaNotes_DB:_migrate_from_v8_to_v9:4942 - [rag_char_chat_schema V8→V9] Migration completed successfully for DB: db_sha256=memory.
2026-10-03 19:21:40.610 | INFO     | tldw_chatbook.DB.ChaChaNotes_DB:_migrate_from_v9_to_v10:4976 - Migrating schema from V9 to V10 for 'rag_char_chat_schema' in DB: db_sha256=memory...
2026-10-03 19:21:40.610 | DEBUG    | tldw_chatbook.DB.ChaChaNotes_DB:_enter_transaction:24458 - Entered nested transaction level 2 on thread 8494865792.
2026-10-03 19:21:40.610 | DEBUG    | tldw_chatbook.DB.ChaChaNotes_DB:_migrate_from_v9_to_v10:4984 - [rag_char_chat_schema V9→V10] Migration script executed.
2026-10-03 19:21:40.610 | INFO     | tldw_chatbook.DB.ChaChaNotes_DB:_migrate_from_v9_to_v10:4993 - [rag_char_chat_schema V9→V10] Migration completed successfully for DB: db_sha256=memory.
2026-10-03 19:21:40.610 | INFO     | tldw_chatbook.DB.ChaChaNotes_DB:_migrate_from_v10_to_v11:5027 - Migrating schema from V10 to V11 for 'rag_char_chat_schema' in DB: db_sha256=memory...
2026-10-03 19:21:40.610 | DEBUG    | tldw_chatbook.DB.ChaChaNotes_DB:_enter_transaction:24458 - Entered nested transaction level 2 on thread 8494865792.
2026-10-03 19:21:40.614 | DEBUG    | tldw_chatbook.DB.ChaChaNotes_DB:_migrate_from_v10_to_v11:5035 - [rag_char_chat_schema V10→V11] Migration script executed.
2026-10-03 19:21:40.614 | INFO     | tldw_chatbook.DB.ChaChaNotes_DB:_migrate_from_v10_to_v11:5044 - [rag_char_chat_schema V10→V11] Migration completed successfully for DB: db_sha256=memory.
2026-10-03 19:21:40.614 | INFO     | tldw_chatbook.DB.ChaChaNotes_DB:_migrate_from_v11_to_v12:5078 - Migrating schema from V11 to V12 for 'rag_char_chat_schema' in DB: db_sha256=memory...
2026-10-03 19:21:40.614 | DEBUG    | tldw_chatbook.DB.ChaChaNotes_DB:_enter_transaction:24458 - Entered nested transaction level 2 on thread 8494865792.
2026-10-03 19:21:40.625 | DEBUG    | tldw_chatbook.DB.ChaChaNotes_DB:_migrate_from_v11_to_v12:5086 - [rag_char_chat_schema V11→V12] Migration script executed.
2026-10-03 19:21:40.626 | INFO     | tldw_chatbook.DB.ChaChaNotes_DB:_migrate_from_v11_to_v12:5095 - [rag_char_chat_schema V11→V12] Migration completed successfully for DB: db_sha256=memory.
2026-10-03 19:21:40.626 | INFO     | tldw_chatbook.DB.ChaChaNotes_DB:_migrate_from_v12_to_v13:5121 - Migrating schema from V12 to V13 for 'rag_char_chat_schema' in DB: db_sha256=memory...
2026-10-03 19:21:40.626 | DEBUG    | tldw_chatbook.DB.ChaChaNotes_DB:_enter_transaction:24458 - Entered nested transaction level 2 on thread 8494865792.
2026-10-03 19:21:40.661 | DEBUG    | tldw_chatbook.DB.ChaChaNotes_DB:_migrate_from_v12_to_v13:5129 - [rag_char_chat_schema V12→V13] Migration script executed.
2026-10-03 19:21:40.661 | INFO     | tldw_chatbook.DB.ChaChaNotes_DB:_migrate_from_v12_to_v13:5137 - [rag_char_chat_schema V12→V13] Migration completed successfully for DB: db_sha256=memory.
2026-10-03 19:21:40.661 | INFO     | tldw_chatbook.DB.ChaChaNotes_DB:_migrate_from_v13_to_v14:5162 - Migrating schema from V13 to V14 for 'rag_char_chat_schema' in DB: db_sha256=memory...
2026-10-03 19:21:40.661 | DEBUG    | tldw_chatbook.DB.ChaChaNotes_DB:_enter_transaction:24458 - Entered nested transaction level 2 on thread 8494865792.
2026-10-03 19:21:40.671 | DEBUG    | tldw_chatbook.DB.ChaChaNotes_DB:_migrate_from_v13_to_v14:5170 - [rag_char_chat_schema V13→V14] Migration script executed.
2026-10-03 19:21:40.671 | INFO     | tldw_chatbook.DB.ChaChaNotes_DB:_migrate_from_v13_to_v14:5178 - [rag_char_chat_schema V13→V14] Migration completed successfully for DB: db_sha256=memory.
2026-10-03 19:21:40.671 | INFO     | tldw_chatbook.DB.ChaChaNotes_DB:_migrate_from_v14_to_v15:5203 - Migrating schema from V14 to V15 for 'rag_char_chat_schema' in DB: db_sha256=memory...
2026-10-03 19:21:40.671 | DEBUG    | tldw_chatbook.DB.ChaChaNotes_DB:_enter_transaction:24458 - Entered nested transaction level 2 on thread 8494865792.
2026-10-03 19:21:40.673 | DEBUG    | tldw_chatbook.DB.ChaChaNotes_DB:_migrate_from_v14_to_v15:5211 - [rag_char_chat_schema V14→V15] Migration script executed.
2026-10-03 19:21:40.674 | INFO     | tldw_chatbook.DB.ChaChaNotes_DB:_migrate_from_v14_to_v15:5219 - [rag_char_chat_schema V14→V15] Migration completed successfully for DB: db_sha256=memory.
2026-10-03 19:21:40.674 | INFO     | tldw_chatbook.DB.ChaChaNotes_DB:_migrate_from_v15_to_v16:5245 - Migrating schema from V15 to V16 for 'rag_char_chat_schema' in DB: db_sha256=memory...
2026-10-03 19:21:40.674 | DEBUG    | tldw_chatbook.DB.ChaChaNotes_DB:_enter_transaction:24458 - Entered nested transaction level 2 on thread 8494865792.
2026-10-03 19:21:40.675 | DEBUG    | tldw_chatbook.DB.ChaChaNotes_DB:_migrate_from_v15_to_v16:5288 - [rag_char_chat_schema V15→V16] Migration script executed.
2026-10-03 19:21:40.675 | INFO     | tldw_chatbook.DB.ChaChaNotes_DB:_migrate_from_v15_to_v16:5298 - [rag_char_chat_schema V15→V16] Migration completed successfully for DB: db_sha256=memory.
2026-10-03 19:21:40.675 | INFO     | tldw_chatbook.DB.ChaChaNotes_DB:_migrate_from_v16_to_v17:5324 - Migrating schema from V16 to V17 for 'rag_char_chat_schema' in DB: db_sha256=memory...
2026-10-03 19:21:40.675 | DEBUG    | tldw_chatbook.DB.ChaChaNotes_DB:_enter_transaction:24458 - Entered nested transaction level 2 on thread 8494865792.
2026-10-03 19:21:40.675 | DEBUG    | tldw_chatbook.DB.ChaChaNotes_DB:_migrate_from_v16_to_v17:5332 - [rag_char_chat_schema V16→V17] Migration script executed.
2026-10-03 19:21:40.675 | INFO     | tldw_chatbook.DB.ChaChaNotes_DB:_migrate_from_v16_to_v17:5340 - [rag_char_chat_schema V16→V17] Migration completed successfully for DB: db_sha256=memory.
2026-10-03 19:21:40.675 | INFO     | tldw_chatbook.DB.ChaChaNotes_DB:_migrate_from_v17_to_v18:5368 - Migrating schema from V17 to V18 for 'rag_char_chat_schema' in DB: db_sha256=memory...
2026-10-03 19:21:40.675 | DEBUG    | tldw_chatbook.DB.ChaChaNotes_DB:_enter_transaction:24458 - Entered nested transaction level 2 on thread 8494865792.
2026-10-03 19:21:40.680 | DEBUG    | tldw_chatbook.DB.ChaChaNotes_DB:_migrate_from_v17_to_v18:5376 - [rag_char_chat_schema V17→V18] Migration script executed.
2026-10-03 19:21:40.680 | INFO     | tldw_chatbook.DB.ChaChaNotes_DB:_migrate_from_v17_to_v18:5384 - [rag_char_chat_schema V17→V18] Migration completed successfully for DB: db_sha256=memory.
2026-10-03 19:21:40.680 | INFO     | tldw_chatbook.DB.ChaChaNotes_DB:_migrate_from_v18_to_v19:8414 - Migrating schema from V18 to V19 for 'rag_char_chat_schema' in DB: db_sha256=memory...
2026-10-03 19:21:40.680 | DEBUG    | tldw_chatbook.DB.ChaChaNotes_DB:_enter_transaction:24458 - Entered nested transaction level 2 on thread 8494865792.
2026-10-03 19:21:40.681 | DEBUG    | tldw_chatbook.DB.ChaChaNotes_DB:_migrate_from_v18_to_v19:8422 - [rag_char_chat_schema V18→V19] Migration script executed.
2026-10-03 19:21:40.681 | INFO     | tldw_chatbook.DB.ChaChaNotes_DB:_migrate_from_v18_to_v19:8430 - [rag_char_chat_schema V18→V19] Migration completed successfully for DB: db_sha256=memory.
2026-10-03 19:21:40.681 | INFO     | tldw_chatbook.DB.ChaChaNotes_DB:_migrate_from_v19_to_v20:5412 - Migrating schema from V19 to V20 for 'rag_char_chat_schema' in DB: db_sha256=memory...
2026-10-03 19:21:40.681 | DEBUG    | tldw_chatbook.DB.ChaChaNotes_DB:_enter_transaction:24458 - Entered nested transaction level 2 on thread 8494865792.
2026-10-03 19:21:40.685 | DEBUG    | tldw_chatbook.DB.ChaChaNotes_DB:_migrate_from_v19_to_v20:5431 - [rag_char_chat_schema V19→V20] Migration script executed.
2026-10-03 19:21:40.685 | INFO     | tldw_chatbook.DB.ChaChaNotes_DB:_migrate_from_v19_to_v20:5439 - [rag_char_chat_schema V19→V20] Migration completed successfully for DB: db_sha256=memory.
2026-10-03 19:21:40.685 | INFO     | tldw_chatbook.DB.ChaChaNotes_DB:_migrate_from_v20_to_v21:5467 - Migrating schema from V20 to V21 for 'rag_char_chat_schema' in DB: db_sha256=memory...
2026-10-03 19:21:40.685 | DEBUG    | tldw_chatbook.DB.ChaChaNotes_DB:_enter_transaction:24458 - Entered nested transaction level 2 on thread 8494865792.
2026-10-03 19:21:40.686 | DEBUG    | tldw_chatbook.DB.ChaChaNotes_DB:_migrate_from_v20_to_v21:5488 - [rag_char_chat_schema V20→V21] Migration script executed.
2026-10-03 19:21:40.686 | INFO     | tldw_chatbook.DB.ChaChaNotes_DB:_migrate_from_v20_to_v21:5496 - [rag_char_chat_schema V20→V21] Migration completed successfully for DB: db_sha256=memory.
2026-10-03 19:21:40.686 | INFO     | tldw_chatbook.DB.ChaChaNotes_DB:_migrate_from_v21_to_v22:5518 - Migrating schema from V21 to V22 for 'rag_char_chat_schema' in DB: db_sha256=memory...
2026-10-03 19:21:40.686 | DEBUG    | tldw_chatbook.DB.ChaChaNotes_DB:_enter_transaction:24458 - Entered nested transaction level 2 on thread 8494865792.
2026-10-03 19:21:40.686 | DEBUG    | tldw_chatbook.DB.ChaChaNotes_DB:_migrate_from_v21_to_v22:5536 - [rag_char_chat_schema V21→V22] Migration script executed.
2026-10-03 19:21:40.686 | INFO     | tldw_chatbook.DB.ChaChaNotes_DB:_migrate_from_v21_to_v22:5542 - [rag_char_chat_schema V21→V22] Migration completed successfully for DB: db_sha256=memory.
2026-10-03 19:21:40.686 | INFO     | tldw_chatbook.DB.ChaChaNotes_DB:_migrate_from_v22_to_v23:5564 - Migrating schema from V22 to V23 for 'rag_char_chat_schema' in DB: db_sha256=memory...
2026-10-03 19:21:40.686 | DEBUG    | tldw_chatbook.DB.ChaChaNotes_DB:_enter_transaction:24458 - Entered nested transaction level 2 on thread 8494865792.
2026-10-03 19:21:40.687 | DEBUG    | tldw_chatbook.DB.ChaChaNotes_DB:_migrate_from_v22_to_v23:5572 - [rag_char_chat_schema V22→V23] Migration script executed.
2026-10-03 19:21:40.687 | INFO     | tldw_chatbook.DB.ChaChaNotes_DB:_migrate_from_v22_to_v23:5578 - [rag_char_chat_schema V22→V23] Migration completed successfully for DB: db_sha256=memory.
2026-10-03 19:21:40.687 | INFO     | tldw_chatbook.DB.ChaChaNotes_DB:_migrate_from_v23_to_v24:5601 - Migrating schema from V23 to V24 for 'rag_char_chat_schema' in DB: db_sha256=memory...
2026-10-03 19:21:40.687 | DEBUG    | tldw_chatbook.DB.ChaChaNotes_DB:_enter_transaction:24458 - Entered nested transaction level 2 on thread 8494865792.
2026-10-03 19:21:40.690 | DEBUG    | tldw_chatbook.DB.ChaChaNotes_DB:_migrate_from_v23_to_v24:5619 - [rag_char_chat_schema V23→V24] Migration script executed.
2026-10-03 19:21:40.690 | INFO     | tldw_chatbook.DB.ChaChaNotes_DB:_migrate_from_v23_to_v24:5625 - [rag_char_chat_schema V23→V24] Migration completed successfully for DB: db_sha256=memory.
2026-10-03 19:21:40.690 | INFO     | tldw_chatbook.DB.ChaChaNotes_DB:_migrate_from_v24_to_v25:5648 - Migrating schema from V24 to V25 for 'rag_char_chat_schema' in DB: db_sha256=memory...
2026-10-03 19:21:40.690 | DEBUG    | tldw_chatbook.DB.ChaChaNotes_DB:_enter_transaction:24458 - Entered nested transaction level 2 on thread 8494865792.
2026-10-03 19:21:40.690 | DEBUG    | tldw_chatbook.DB.ChaChaNotes_DB:_migrate_from_v24_to_v25:5656 - [rag_char_chat_schema V24→V25] Migration script executed.
2026-10-03 19:21:40.690 | INFO     | tldw_chatbook.DB.ChaChaNotes_DB:_migrate_from_v24_to_v25:5662 - [rag_char_chat_schema V24→V25] Migration completed successfully for DB: db_sha256=memory.
2026-10-03 19:21:40.690 | INFO     | tldw_chatbook.DB.ChaChaNotes_DB:_migrate_from_v25_to_v26:5686 - Migrating schema from V25 to V26 for 'rag_char_chat_schema' in DB: db_sha256=memory...
2026-10-03 19:21:40.690 | DEBUG    | tldw_chatbook.DB.ChaChaNotes_DB:_enter_transaction:24458 - Entered nested transaction level 2 on thread 8494865792.
2026-10-03 19:21:40.696 | DEBUG    | tldw_chatbook.DB.ChaChaNotes_DB:_migrate_from_v25_to_v26:5708 - [rag_char_chat_schema V25→V26] Migration script executed.
2026-10-03 19:21:40.696 | INFO     | tldw_chatbook.DB.ChaChaNotes_DB:_migrate_from_v25_to_v26:5714 - [rag_char_chat_schema V25→V26] Migration completed successfully for DB: db_sha256=memory.
2026-10-03 19:21:40.696 | DEBUG    | tldw_chatbook.DB.ChaChaNotes_DB:_enter_transaction:24458 - Entered nested transaction level 2 on thread 8494865792.
2026-10-03 19:21:40.701 | DEBUG    | tldw_chatbook.DB.ChaChaNotes_DB:_enter_transaction:24458 - Entered nested transaction level 2 on thread 8494865792.
2026-10-03 19:21:40.701 | DEBUG    | tldw_chatbook.DB.ChaChaNotes_DB:_enter_transaction:24458 - Entered nested transaction level 3 on thread 8494865792.
2026-10-03 19:21:40.708 | INFO     | tldw_chatbook.DB.ChaChaNotes_DB:_migrate_from_v28_to_v29:5901 - Migrating schema from V28 to V29 for 'rag_char_chat_schema' in DB: db_sha256=memory...
2026-10-03 19:21:40.708 | DEBUG    | tldw_chatbook.DB.ChaChaNotes_DB:_enter_transaction:24458 - Entered nested transaction level 2 on thread 8494865792.
2026-10-03 19:21:40.709 | DEBUG    | tldw_chatbook.DB.ChaChaNotes_DB:_migrate_from_v28_to_v29:5909 - [rag_char_chat_schema V28→V29] Migration script executed.
2026-10-03 19:21:40.709 | INFO     | tldw_chatbook.DB.ChaChaNotes_DB:_migrate_from_v28_to_v29:5917 - [rag_char_chat_schema V28→V29] Migration completed successfully for DB: db_sha256=memory.
2026-10-03 19:21:40.709 | INFO     | tldw_chatbook.DB.ChaChaNotes_DB:_migrate_from_v29_to_v30:5944 - Migrating schema from V29 to V30 for 'rag_char_chat_schema' in DB: db_sha256=memory...
2026-10-03 19:21:40.709 | DEBUG    | tldw_chatbook.DB.ChaChaNotes_DB:_enter_transaction:24458 - Entered nested transaction level 2 on thread 8494865792.
2026-10-03 19:21:40.713 | DEBUG    | tldw_chatbook.DB.ChaChaNotes_DB:_migrate_from_v29_to_v30:5970 - [rag_char_chat_schema V29→V30] Migration script executed.
2026-10-03 19:21:40.713 | INFO     | tldw_chatbook.DB.ChaChaNotes_DB:_migrate_from_v29_to_v30:5994 - [rag_char_chat_schema V29→V30] Migration completed successfully for DB: db_sha256=memory.
2026-10-03 19:21:40.713 | INFO     | tldw_chatbook.DB.ChaChaNotes_DB:_migrate_from_v30_to_v31:6021 - Migrating schema from V30 to V31 for 'rag_char_chat_schema' in DB: db_sha256=memory...
2026-10-03 19:21:40.713 | DEBUG    | tldw_chatbook.DB.ChaChaNotes_DB:_enter_transaction:24458 - Entered nested transaction level 2 on thread 8494865792.
2026-10-03 19:21:40.717 | DEBUG    | tldw_chatbook.DB.ChaChaNotes_DB:_migrate_from_v30_to_v31:6047 - [rag_char_chat_schema V30→V31] Migration script executed.
2026-10-03 19:21:40.718 | INFO     | tldw_chatbook.DB.ChaChaNotes_DB:_migrate_from_v30_to_v31:6071 - [rag_char_chat_schema V30→V31] Migration completed successfully for DB: db_sha256=memory.
2026-10-03 19:21:40.718 | INFO     | tldw_chatbook.DB.ChaChaNotes_DB:_migrate_from_v31_to_v32:6104 - Migrating schema from V31 to V32 for 'rag_char_chat_schema' in DB: db_sha256=memory...
2026-10-03 19:21:40.718 | DEBUG    | tldw_chatbook.DB.ChaChaNotes_DB:_enrich_default_assistant_card_if_bare:4749 - [task-2451] Default Assistant enrichment UPDATE affected 0 row(s) in DB: db_sha256=memory.
2026-10-03 19:21:40.719 | INFO     | tldw_chatbook.DB.ChaChaNotes_DB:_migrate_from_v31_to_v32:6130 - [rag_char_chat_schema V31→V32] Migration completed successfully for DB: db_sha256=memory.
2026-10-03 19:21:40.719 | DEBUG    | tldw_chatbook.DB.ChaChaNotes_DB:_enter_transaction:24458 - Entered nested transaction level 2 on thread 8494865792.
2026-10-03 19:21:40.720 | DEBUG    | tldw_chatbook.DB.ChaChaNotes_DB:_enter_transaction:24458 - Entered nested transaction level 2 on thread 8494865792.
2026-10-03 19:21:40.724 | DEBUG    | tldw_chatbook.DB.ChaChaNotes_DB:_enter_transaction:24458 - Entered nested transaction level 2 on thread 8494865792.
2026-10-03 19:21:40.727 | DEBUG    | tldw_chatbook.DB.ChaChaNotes_DB:_enter_transaction:24458 - Entered nested transaction level 2 on thread 8494865792.
2026-10-03 19:21:40.729 | DEBUG    | tldw_chatbook.DB.ChaChaNotes_DB:_enter_transaction:24458 - Entered nested transaction level 2 on thread 8494865792.
2026-10-03 19:21:40.734 | DEBUG    | tldw_chatbook.DB.ChaChaNotes_DB:_enter_transaction:24458 - Entered nested transaction level 2 on thread 8494865792.
2026-10-03 19:21:40.735 | DEBUG    | tldw_chatbook.DB.ChaChaNotes_DB:_enter_transaction:24458 - Entered nested transaction level 2 on thread 8494865792.
2026-10-03 19:21:40.737 | DEBUG    | tldw_chatbook.DB.ChaChaNotes_DB:_enter_transaction:24458 - Entered nested transaction level 2 on thread 8494865792.
2026-10-03 19:21:40.738 | DEBUG    | tldw_chatbook.DB.ChaChaNotes_DB:_enter_transaction:24458 - Entered nested transaction level 2 on thread 8494865792.
2026-10-03 19:21:40.740 | INFO     | tldw_chatbook.DB.ChaChaNotes_DB:_migrate_from_v41_to_v42:6450 - Migrating schema from V41 to V42 for 'rag_char_chat_schema' in DB: db_sha256=memory...
2026-10-03 19:21:40.741 | INFO     | tldw_chatbook.DB.ChaChaNotes_DB:_migrate_from_v41_to_v42:6514 - [rag_char_chat_schema V41→V42] conversations.console_project_context_json already present; applying the version bump only.
2026-10-03 19:21:40.741 | INFO     | tldw_chatbook.DB.ChaChaNotes_DB:_migrate_from_v42_to_v43:6564 - Migrating schema from V42 to V43 for 'rag_char_chat_schema' in DB: db_sha256=memory...
2026-10-03 19:21:40.741 | DEBUG    | tldw_chatbook.DB.ChaChaNotes_DB:_enter_transaction:24458 - Entered nested transaction level 2 on thread 8494865792.
2026-10-03 19:21:40.743 | INFO     | tldw_chatbook.DB.ChaChaNotes_DB:_migrate_from_v42_to_v43:6703 - [rag_char_chat_schema V42→V43] Migration completed successfully for DB: db_sha256=memory.
2026-10-03 19:21:40.743 | INFO     | tldw_chatbook.DB.ChaChaNotes_DB:_migrate_from_v43_to_v44:6733 - Migrating schema from V43 to V44 for 'rag_char_chat_schema' in DB: db_sha256=memory...
2026-10-03 19:21:40.743 | DEBUG    | tldw_chatbook.DB.ChaChaNotes_DB:_enter_transaction:24458 - Entered nested transaction level 2 on thread 8494865792.
2026-10-03 19:21:40.756 | INFO     | tldw_chatbook.DB.ChaChaNotes_DB:_migrate_from_v43_to_v44:6773 - [rag_char_chat_schema V43→V44] Migration completed successfully for DB: db_sha256=memory.
2026-10-03 19:21:40.756 | INFO     | tldw_chatbook.DB.ChaChaNotes_DB:_migrate_from_v44_to_v45:6842 - Actor Pack schema migration started: chachanotes_v44_to_v45
2026-10-03 19:21:40.756 | DEBUG    | tldw_chatbook.DB.ChaChaNotes_DB:_enter_transaction:24458 - Entered nested transaction level 2 on thread 8494865792.
2026-10-03 19:21:40.757 | INFO     | tldw_chatbook.DB.ChaChaNotes_DB:_migrate_from_v44_to_v45:6875 - Actor Pack schema migration completed: chachanotes_v44_to_v45
2026-10-03 19:21:40.758 | INFO     | tldw_chatbook.DB.ChaChaNotes_DB:_migrate_from_v45_to_v46:6919 - Migrating schema from V45 to V46 for 'rag_char_chat_schema' in DB: db_sha256=memory...
2026-10-03 19:21:40.758 | DEBUG    | tldw_chatbook.DB.ChaChaNotes_DB:_enter_transaction:24458 - Entered nested transaction level 2 on thread 8494865792.
2026-10-03 19:21:40.764 | INFO     | tldw_chatbook.DB.ChaChaNotes_DB:_migrate_from_v45_to_v46:6965 - [rag_char_chat_schema V45→V46] Migration completed successfully for DB: db_sha256=memory. Purged 0 unreachable sync_log row(s) of 1.
2026-10-03 19:21:40.765 | INFO     | tldw_chatbook.DB.ChaChaNotes_DB:_migrate_from_v46_to_v47:7007 - Migrating schema from V46 to V47 for 'rag_char_chat_schema' in DB: db_sha256=memory...
2026-10-03 19:21:40.765 | DEBUG    | tldw_chatbook.DB.ChaChaNotes_DB:_enter_transaction:24458 - Entered nested transaction level 2 on thread 8494865792.
2026-10-03 19:21:40.766 | INFO     | tldw_chatbook.DB.ChaChaNotes_DB:_migrate_from_v46_to_v47:7042 - [rag_char_chat_schema V46→V47] Migration completed successfully for DB: db_sha256=memory.
2026-10-03 19:21:40.766 | DEBUG    | tldw_chatbook.DB.ChaChaNotes_DB:_enter_transaction:24458 - Entered nested transaction level 2 on thread 8494865792.
2026-10-03 19:21:40.773 | INFO     | tldw_chatbook.DB.ChaChaNotes_DB:_migrate_from_v48_to_v49:7198 - Migrating schema from V48 to V49 for 'rag_char_chat_schema' in DB: db_sha256=memory...
2026-10-03 19:21:40.773 | DEBUG    | tldw_chatbook.DB.ChaChaNotes_DB:_enter_transaction:24458 - Entered nested transaction level 2 on thread 8494865792.
2026-10-03 19:21:40.778 | INFO     | tldw_chatbook.DB.ChaChaNotes_DB:_migrate_from_v48_to_v49:7233 - [rag_char_chat_schema V48→V49] Migration completed successfully for DB: db_sha256=memory.
2026-10-03 19:21:40.778 | INFO     | tldw_chatbook.DB.ChaChaNotes_DB:_migrate_from_v49_to_v50:7281 - Migrating schema from V49 to V50 for 'rag_char_chat_schema' in DB: db_sha256=memory...
2026-10-03 19:21:40.778 | DEBUG    | tldw_chatbook.DB.ChaChaNotes_DB:_enter_transaction:24458 - Entered nested transaction level 2 on thread 8494865792.
2026-10-03 19:21:40.780 | INFO     | tldw_chatbook.DB.ChaChaNotes_DB:_migrate_from_v49_to_v50:7315 - [rag_char_chat_schema V49→V50] Migration completed successfully for DB: db_sha256=memory.
2026-10-03 19:21:40.780 | DEBUG    | tldw_chatbook.DB.ChaChaNotes_DB:_enter_transaction:24458 - Entered nested transaction level 2 on thread 8494865792.
2026-10-03 19:21:40.786 | DEBUG    | tldw_chatbook.DB.ChaChaNotes_DB:_enter_transaction:24458 - Entered nested transaction level 2 on thread 8494865792.
2026-10-03 19:21:40.799 | INFO     | tldw_chatbook.DB.ChaChaNotes_DB:_migrate_from_v52_to_v53:7440 - Migrating schema from V52 to V53 for 'rag_char_chat_schema' in DB: db_sha256=memory...
2026-10-03 19:21:40.799 | DEBUG    | tldw_chatbook.DB.ChaChaNotes_DB:_enter_transaction:24458 - Entered nested transaction level 2 on thread 8494865792.
2026-10-03 19:21:40.800 | INFO     | tldw_chatbook.DB.ChaChaNotes_DB:_migrate_from_v52_to_v53:7505 - [rag_char_chat_schema V52→V53] Migration completed for DB: db_sha256=memory (examined 0, compacted 0, skipped 0 unreadable).
2026-10-03 19:21:40.800 | DEBUG    | tldw_chatbook.DB.ChaChaNotes_DB:_enter_transaction:24458 - Entered nested transaction level 2 on thread 8494865792.
2026-10-03 19:21:40.806 | DEBUG    | tldw_chatbook.DB.ChaChaNotes_DB:_enter_transaction:24458 - Entered nested transaction level 2 on thread 8494865792.
2026-10-03 19:21:40.808 | DEBUG    | tldw_chatbook.DB.ChaChaNotes_DB:_enter_transaction:24458 - Entered nested transaction level 2 on thread 8494865792.
2026-10-03 19:21:40.827 | DEBUG    | tldw_chatbook.DB.ChaChaNotes_DB:_enter_transaction:24458 - Entered nested transaction level 2 on thread 8494865792.
2026-10-03 19:21:40.830 | DEBUG    | tldw_chatbook.DB.ChaChaNotes_DB:_enter_transaction:24458 - Entered nested transaction level 2 on thread 8494865792.
2026-10-03 19:21:40.855 | DEBUG    | tldw_chatbook.DB.ChaChaNotes_DB:_enter_transaction:24458 - Entered nested transaction level 2 on thread 8494865792.
2026-10-03 19:21:40.857 | DEBUG    | tldw_chatbook.DB.ChaChaNotes_DB:_enter_transaction:24458 - Entered nested transaction level 2 on thread 8494865792.
2026-10-03 19:21:40.858 | DEBUG    | tldw_chatbook.DB.ChaChaNotes_DB:_enter_transaction:24458 - Entered nested transaction level 2 on thread 8494865792.
2026-10-03 19:21:40.859 | DEBUG    | tldw_chatbook.DB.ChaChaNotes_DB:_enter_transaction:24458 - Entered nested transaction level 2 on thread 8494865792.
2026-10-03 19:21:40.891 | DEBUG    | tldw_chatbook.DB.ChaChaNotes_DB:_enter_transaction:24458 - Entered nested transaction level 2 on thread 8494865792.
2026-10-03 19:21:40.901 | DEBUG    | tldw_chatbook.DB.ChaChaNotes_DB:_enter_transaction:24458 - Entered nested transaction level 2 on thread 8494865792.
2026-10-03 19:21:40.942 | DEBUG    | tldw_chatbook.DB.ChaChaNotes_DB:_enter_transaction:24458 - Entered nested transaction level 2 on thread 8494865792.
2026-10-03 19:21:40.944 | DEBUG    | tldw_chatbook.DB.ChaChaNotes_DB:_enter_transaction:24458 - Entered nested transaction level 2 on thread 8494865792.
2026-10-03 19:21:40.950 | DEBUG    | tldw_chatbook.DB.ChaChaNotes_DB:_enter_transaction:24458 - Entered nested transaction level 3 on thread 8494865792.
2026-10-03 19:21:40.951 | DEBUG    | tldw_chatbook.DB.ChaChaNotes_DB:_enter_transaction:24458 - Entered nested transaction level 3 on thread 8494865792.
2026-10-03 19:21:40.952 | DEBUG    | tldw_chatbook.DB.ChaChaNotes_DB:_enter_transaction:24458 - Entered nested transaction level 2 on thread 8494865792.
2026-10-03 19:21:40.957 | DEBUG    | tldw_chatbook.DB.ChaChaNotes_DB:_enter_transaction:24458 - Entered nested transaction level 2 on thread 8494865792.
2026-10-03 19:21:40.990 | DEBUG    | tldw_chatbook.DB.ChaChaNotes_DB:_enter_transaction:24458 - Entered nested transaction level 2 on thread 8494865792.
2026-10-03 19:21:40.993 | DEBUG    | tldw_chatbook.DB.ChaChaNotes_DB:_enter_transaction:24458 - Entered nested transaction level 2 on thread 8494865792.
2026-10-03 19:21:40.995 | DEBUG    | tldw_chatbook.DB.ChaChaNotes_DB:_enter_transaction:24458 - Entered nested transaction level 2 on thread 8494865792.
2026-10-03 19:21:41.005 | DEBUG    | tldw_chatbook.DB.ChaChaNotes_DB:_enter_transaction:24458 - Entered nested transaction level 2 on thread 8494865792.
2026-10-03 19:21:41.026 | DEBUG    | tldw_chatbook.DB.ChaChaNotes_DB:_enter_transaction:24458 - Entered nested transaction level 2 on thread 8494865792.
2026-10-03 19:21:41.027 | DEBUG    | tldw_chatbook.DB.ChaChaNotes_DB:_enter_transaction:24458 - Entered nested transaction level 2 on thread 8494865792.
2026-10-03 19:21:41.038 | DEBUG    | tldw_chatbook.DB.ChaChaNotes_DB:_enter_transaction:24458 - Entered nested transaction level 2 on thread 8494865792.
2026-10-03 19:21:41.039 | DEBUG    | tldw_chatbook.DB.ChaChaNotes_DB:_enter_transaction:24458 - Entered nested transaction level 2 on thread 8494865792.
2026-10-03 19:21:41.071 | INFO     | tldw_chatbook.DB.ChaChaNotes_DB:_initialize_schema:8685 - Database schema 'rag_char_chat_schema' successfully initialized/migrated to version 76.
2026-10-03 19:21:41.071 | DEBUG    | tldw_chatbook.DB.ChaChaNotes_DB:_exit_transaction:24552 - Transaction (outermost) committed successfully on thread 8494865792.
2026-10-03 19:21:41.071 | DEBUG    | tldw_chatbook.DB.ChaChaNotes_DB:__init__:3399 - CharactersRAGDB initialization completed successfully db_sha256=memory
2026-10-03 19:21:41.099 | INFO     | tldw_chatbook.config:_apply_literal_settings_transaction_locked:8612 - Attempting to apply literal settings mutation: sets={"('first_run',)": ['setup_completed'], "('splash_screen',)": ['enabled'], "('chat_defaults',)": ['provider', 'model'], "('api_settings', 'llama_cpp')": ['api_url', 'model']}, deletes={}
2026-10-03 19:21:41.119 | SUCCESS  | tldw_chatbook.config:_apply_literal_settings_transaction_locked:8670 - Successfully replaced settings file at /Users/macbook-dev/.codex/worktrees/console-chat-starts/tldw_chatbook/.superpowers/sdd/2026-10-03-console-pr2995-review-and-merge/composer-repair-green-profile-bv6mds77/config/config.toml
2026-10-03 19:21:41.123 | INFO     | tldw_chatbook.config:_load_settings_uncached:2134 - Determined ACTUAL_PROJECT_ROOT for general paths: /Users/macbook-dev/.codex/worktrees/console-chat-starts/tldw_chatbook/tldw_chatbook
2026-10-03 19:21:41.123 | INFO     | tldw_chatbook.config:_load_settings_uncached:2137 - Determined APP_COMPONENT_ROOT for config files: /Users/macbook-dev/.codex/worktrees/console-chat-starts/tldw_chatbook/tldw_chatbook
2026-10-03 19:21:41.125 | DEBUG    | tldw_chatbook.config:_load_settings_uncached:2160 - load_settings: Configuration loaded from disk (cache miss or forced reload)
2026-10-03 19:21:41.126 | DEBUG    | tldw_chatbook.config:_load_settings_uncached:2482 - Darwin platform-preferred STT provider resolved to: faster-whisper
2026-10-03 19:21:41.181 | DEBUG    | tldw_chatbook.config:_load_settings_uncached:3712 - Ensured chat dictionaries folder exists: /Users/macbook-dev/.codex/worktrees/console-chat-starts/tldw_chatbook/.superpowers/sdd/2026-10-03-console-pr2995-review-and-merge/composer-repair-green-profile-bv6mds77/home/.local/share/tldw_cli/default_user/chat_dicts
2026-10-03 19:21:41.181 | DEBUG    | tldw_chatbook.config:_load_settings_uncached:3743 - load_settings: Configuration cached for future use
2026-10-03 19:21:41.183 | INFO     | tldw_chatbook.config:_apply_literal_settings_transaction_locked:8698 - Global configuration caches invalidated and reloaded.
2026-10-03 19:21:41.206 | INFO     | tldw_chatbook.config:_load_settings_uncached:2134 - Determined ACTUAL_PROJECT_ROOT for general paths: /Users/macbook-dev/.codex/worktrees/console-chat-starts/tldw_chatbook/tldw_chatbook
2026-10-03 19:21:41.206 | INFO     | tldw_chatbook.config:_load_settings_uncached:2137 - Determined APP_COMPONENT_ROOT for config files: /Users/macbook-dev/.codex/worktrees/console-chat-starts/tldw_chatbook/tldw_chatbook
2026-10-03 19:21:41.209 | INFO     | tldw_chatbook.config:_load_cli_config_bootstrap_unlocked:6847 - Attempting to load CLI config from: /Users/macbook-dev/.codex/worktrees/console-chat-starts/tldw_chatbook/.superpowers/sdd/2026-10-03-console-pr2995-review-and-merge/composer-repair-green-profile-bv6mds77/config/config.toml
2026-10-03 19:21:41.218 | INFO     | tldw_chatbook.config:_load_cli_config_bootstrap_unlocked:6868 - Successfully loaded and merged CLI config from /Users/macbook-dev/.codex/worktrees/console-chat-starts/tldw_chatbook/.superpowers/sdd/2026-10-03-console-pr2995-review-and-merge/composer-repair-green-profile-bv6mds77/config/config.toml
2026-10-03 19:21:41.218 | DEBUG    | tldw_chatbook.config:_load_cli_config_bootstrap_unlocked:6952 - load_cli_config_and_ensure_existence returning config with top-level keys: ['config_schema_version', 'general', 'console', 'console_ssh', 'hooks', 'skills', 'tamagotchi', 'appearance', 'acp', 'tldw_api', 'library', 'caching', 'agents', 'splash_screen', 'logging', 'metrics', 'database', 'webhooks', 'scheduling', 'media_cleanup', 'api_endpoints', 'providers', 'model_catalog', 'api_settings', 'chat_defaults', 'chat', 'web_security', 'network', 'image_generation', 'character_defaults', 'analysis_defaults', 'permission_summary', 'llm_management', 'llamacpp_snapshots', 'notes', 'Prompts', 'prompts', 'embedding_config', 'rag_citations', 'rag', 'rag_search', 'chunking', 'model_capabilities', 'tools', 'SearchSettings', 'webfetch', 'SearchEngines', 'media_processing', 'meetings', 'dictation', 'transcription', 'diarization', 'local_ingestion', 'mcp', 'subscriptions', 'github', 'briefings_feed_server', 'canvas', 'web_server', 'first_run']
2026-10-03 19:21:41.218 | DEBUG    | tldw_chatbook.config:_load_cli_config_bootstrap_unlocked:6956 -   'api_settings' found with keys: ['openai', 'anthropic', 'cohere', 'deepseek', 'groq', 'google', 'huggingface', 'mistralai', 'openrouter', 'moonshot', 'qwencloud', 'zai', 'databricks', 'together', 'fireworks', 'cerebras', 'sambanova', 'nvidia', 'deepinfra', 'nebius', 'novita', 'minimax', 'mimo', 'tokenhub', 'byteplus', 'stepfun', 'vercel', 'zenmux', 'kilo', 'siliconflow', 'baseten', 'gmi', 'ollama_cloud', 'upstage', 'arcee', 'qianfan', 'nous', 'venice', 'meta', 'azure', 'wandb', 'cloudflare', 'opencode_zen', 'commandcode', 'llama_cpp', 'oobabooga', 'koboldcpp', 'ollama', 'vllm', 'aphrodite', 'tabbyapi', 'custom', 'custom_2', 'local-llm', 'local_llamafile', 'local_llamacpp', 'local_vllm', 'local_ollama', 'local_onnx', 'local_transformers', 'local_mlx_lm']
2026-10-03 19:21:41.219 | DEBUG    | tldw_chatbook.config:_load_settings_uncached:2160 - load_settings: Configuration loaded from disk (cache miss or forced reload)
2026-10-03 19:21:41.220 | DEBUG    | tldw_chatbook.config:_load_settings_uncached:2482 - Darwin platform-preferred STT provider resolved to: faster-whisper
2026-10-03 19:21:41.273 | DEBUG    | tldw_chatbook.config:_load_settings_uncached:3712 - Ensured chat dictionaries folder exists: /Users/macbook-dev/.codex/worktrees/console-chat-starts/tldw_chatbook/.superpowers/sdd/2026-10-03-console-pr2995-review-and-merge/composer-repair-green-profile-bv6mds77/home/.local/share/tldw_cli/default_user/chat_dicts
2026-10-03 19:21:41.273 | DEBUG    | tldw_chatbook.config:_load_settings_uncached:3743 - load_settings: Configuration cached for future use
2026-10-03 19:21:41.290 | DEBUG    | tldw_chatbook.UI.Navigation.base_app_screen:__init__:89 - Initializing ChatScreen screen: chat
2026-10-03 19:21:41.333 | DEBUG    | tldw_chatbook.DB.ChaChaNotes_DB:_enter_transaction:24489 - Started outermost transaction on thread 8494865792.
2026-10-03 19:21:41.333 | DEBUG    | tldw_chatbook.DB.ChaChaNotes_DB:_exit_transaction:24552 - Transaction (outermost) committed successfully on thread 8494865792.
2026-10-03 19:21:41.388 | DEBUG    | tldw_chatbook.Chat.chat_persistence_service:__init__:271 - Recovered-media message source is unavailable.
2026-10-03 19:21:41.477 | ERROR    | tldw_chatbook.UI.Navigation.base_app_screen:_compose_content_or_failure:446 - Screen content failed to compose (screen='chat', exception_category=AttributeError).
Traceback (most recent call last):
  File "<frozen runpy>", line 198, in _run_module_as_main
  File "<frozen runpy>", line 88, in _run_code
  File "/Users/macbook-dev/Documents/GitHub/tldw_chatbook/.venv/lib/python3.12/site-packages/pytest/__main__.py", line 9, in <module>
    raise SystemExit(pytest.console_main())
  File "/Users/macbook-dev/Documents/GitHub/tldw_chatbook/.venv/lib/python3.12/site-packages/_pytest/config/__init__.py", line 201, in console_main
    code = main()
  File "/Users/macbook-dev/Documents/GitHub/tldw_chatbook/.venv/lib/python3.12/site-packages/_pytest/config/__init__.py", line 175, in main
    ret: ExitCode | int = config.hook.pytest_cmdline_main(config=config)
  File "/Users/macbook-dev/Documents/GitHub/tldw_chatbook/.venv/lib/python3.12/site-packages/pluggy/_hooks.py", line 512, in __call__
    return self._hookexec(self.name, self._hookimpls.copy(), kwargs, firstresult)
  File "/Users/macbook-dev/Documents/GitHub/tldw_chatbook/.venv/lib/python3.12/site-packages/pluggy/_manager.py", line 120, in _hookexec
    return self._inner_hookexec(hook_name, methods, kwargs, firstresult)
  File "/Users/macbook-dev/Documents/GitHub/tldw_chatbook/.venv/lib/python3.12/site-packages/pluggy/_callers.py", line 121, in _multicall
    res = hook_impl.function(*args)
  File "/Users/macbook-dev/Documents/GitHub/tldw_chatbook/.venv/lib/python3.12/site-packages/_pytest/main.py", line 336, in pytest_cmdline_main
    return wrap_session(config, _main)
  File "/Users/macbook-dev/Documents/GitHub/tldw_chatbook/.venv/lib/python3.12/site-packages/_pytest/main.py", line 289, in wrap_session
    session.exitstatus = doit(config, session) or 0
  File "/Users/macbook-dev/Documents/GitHub/tldw_chatbook/.venv/lib/python3.12/site-packages/_pytest/main.py", line 343, in _main
    config.hook.pytest_runtestloop(session=session)
  File "/Users/macbook-dev/Documents/GitHub/tldw_chatbook/.venv/lib/python3.12/site-packages/pluggy/_hooks.py", line 512, in __call__
    return self._hookexec(self.name, self._hookimpls.copy(), kwargs, firstresult)
  File "/Users/macbook-dev/Documents/GitHub/tldw_chatbook/.venv/lib/python3.12/site-packages/pluggy/_manager.py", line 120, in _hookexec
    return self._inner_hookexec(hook_name, methods, kwargs, firstresult)
  File "/Users/macbook-dev/Documents/GitHub/tldw_chatbook/.venv/lib/python3.12/site-packages/pluggy/_callers.py", line 121, in _multicall
    res = hook_impl.function(*args)
  File "/Users/macbook-dev/Documents/GitHub/tldw_chatbook/.venv/lib/python3.12/site-packages/_pytest/main.py", line 367, in pytest_runtestloop
    item.config.hook.pytest_runtest_protocol(item=item, nextitem=nextitem)
  File "/Users/macbook-dev/Documents/GitHub/tldw_chatbook/.venv/lib/python3.12/site-packages/pluggy/_hooks.py", line 512, in __call__
    return self._hookexec(self.name, self._hookimpls.copy(), kwargs, firstresult)
  File "/Users/macbook-dev/Documents/GitHub/tldw_chatbook/.venv/lib/python3.12/site-packages/pluggy/_manager.py", line 120, in _hookexec
    return self._inner_hookexec(hook_name, methods, kwargs, firstresult)
  File "/Users/macbook-dev/Documents/GitHub/tldw_chatbook/.venv/lib/python3.12/site-packages/pluggy/_callers.py", line 121, in _multicall
    res = hook_impl.function(*args)
  File "/Users/macbook-dev/Documents/GitHub/tldw_chatbook/.venv/lib/python3.12/site-packages/_pytest/runner.py", line 117, in pytest_runtest_protocol
    runtestprotocol(item, nextitem=nextitem)
  File "/Users/macbook-dev/Documents/GitHub/tldw_chatbook/.venv/lib/python3.12/site-packages/_pytest/runner.py", line 136, in runtestprotocol
    reports.append(call_and_report(item, "call", log))
  File "/Users/macbook-dev/Documents/GitHub/tldw_chatbook/.venv/lib/python3.12/site-packages/_pytest/runner.py", line 245, in call_and_report
    call = CallInfo.from_call(
  File "/Users/macbook-dev/Documents/GitHub/tldw_chatbook/.venv/lib/python3.12/site-packages/_pytest/runner.py", line 344, in from_call
    result: TResult | None = func()
  File "/Users/macbook-dev/Documents/GitHub/tldw_chatbook/.venv/lib/python3.12/site-packages/_pytest/runner.py", line 246, in <lambda>
    lambda: runtest_hook(item=item, **kwds), when=when, reraise=reraise
  File "/Users/macbook-dev/Documents/GitHub/tldw_chatbook/.venv/lib/python3.12/site-packages/pluggy/_hooks.py", line 512, in __call__
    return self._hookexec(self.name, self._hookimpls.copy(), kwargs, firstresult)
  File "/Users/macbook-dev/Documents/GitHub/tldw_chatbook/.venv/lib/python3.12/site-packages/pluggy/_manager.py", line 120, in _hookexec
    return self._inner_hookexec(hook_name, methods, kwargs, firstresult)
  File "/Users/macbook-dev/Documents/GitHub/tldw_chatbook/.venv/lib/python3.12/site-packages/pluggy/_callers.py", line 121, in _multicall
    res = hook_impl.function(*args)
  File "/Users/macbook-dev/Documents/GitHub/tldw_chatbook/.venv/lib/python3.12/site-packages/_pytest/runner.py", line 178, in pytest_runtest_call
    item.runtest()
  File "/Users/macbook-dev/Documents/GitHub/tldw_chatbook/.venv/lib/python3.12/site-packages/pytest_asyncio/plugin.py", line 474, in runtest
    super().runtest()
  File "/Users/macbook-dev/Documents/GitHub/tldw_chatbook/.venv/lib/python3.12/site-packages/_pytest/python.py", line 1671, in runtest
    self.ihook.pytest_pyfunc_call(pyfuncitem=self)
  File "/Users/macbook-dev/Documents/GitHub/tldw_chatbook/.venv/lib/python3.12/site-packages/pluggy/_hooks.py", line 512, in __call__
    return self._hookexec(self.name, self._hookimpls.copy(), kwargs, firstresult)
  File "/Users/macbook-dev/Documents/GitHub/tldw_chatbook/.venv/lib/python3.12/site-packages/pluggy/_manager.py", line 120, in _hookexec
    return self._inner_hookexec(hook_name, methods, kwargs, firstresult)
  File "/Users/macbook-dev/Documents/GitHub/tldw_chatbook/.venv/lib/python3.12/site-packages/pluggy/_callers.py", line 121, in _multicall
    res = hook_impl.function(*args)
  File "/Users/macbook-dev/Documents/GitHub/tldw_chatbook/.venv/lib/python3.12/site-packages/_pytest/python.py", line 157, in pytest_pyfunc_call
    result = testfunction(**testargs)
  File "/Users/macbook-dev/Documents/GitHub/tldw_chatbook/.venv/lib/python3.12/site-packages/pytest_asyncio/plugin.py", line 721, in inner
    runner.run(coro, context=context)
  File "/Users/macbook-dev/.local/share/uv/python/cpython-3.12.11-macos-aarch64-none/lib/python3.12/asyncio/runners.py", line 118, in run
    return self._loop.run_until_complete(task)
  File "/Users/macbook-dev/.local/share/uv/python/cpython-3.12.11-macos-aarch64-none/lib/python3.12/asyncio/base_events.py", line 678, in run_until_complete
    self.run_forever()
  File "/Users/macbook-dev/.local/share/uv/python/cpython-3.12.11-macos-aarch64-none/lib/python3.12/asyncio/base_events.py", line 645, in run_forever
    self._run_once()
  File "/Users/macbook-dev/.local/share/uv/python/cpython-3.12.11-macos-aarch64-none/lib/python3.12/asyncio/base_events.py", line 1999, in _run_once
    handle._run()
  File "/Users/macbook-dev/.local/share/uv/python/cpython-3.12.11-macos-aarch64-none/lib/python3.12/asyncio/events.py", line 88, in _run
    self._context.run(self._callback, *self._args)
  File "/Users/macbook-dev/Documents/GitHub/tldw_chatbook/.venv/lib/python3.12/site-packages/textual/message_pump.py", line 566, in _process_messages
    if not await self._pre_process():
  File "/Users/macbook-dev/Documents/GitHub/tldw_chatbook/.venv/lib/python3.12/site-packages/textual/message_pump.py", line 599, in _pre_process
    await self._dispatch_message(events.Compose())
  File "/Users/macbook-dev/Documents/GitHub/tldw_chatbook/.venv/lib/python3.12/site-packages/textual/message_pump.py", line 727, in _dispatch_message
    await self.on_event(message)
  File "/Users/macbook-dev/Documents/GitHub/tldw_chatbook/.venv/lib/python3.12/site-packages/textual/message_pump.py", line 808, in on_event
    await self._on_message(event)
  File "/Users/macbook-dev/Documents/GitHub/tldw_chatbook/.venv/lib/python3.12/site-packages/textual/message_pump.py", line 829, in _on_message
    await invoke(method, message)
  File "/Users/macbook-dev/Documents/GitHub/tldw_chatbook/.venv/lib/python3.12/site-packages/textual/_callback.py", line 96, in invoke
    return await _invoke(callback, *params)
  File "/Users/macbook-dev/Documents/GitHub/tldw_chatbook/.venv/lib/python3.12/site-packages/textual/_callback.py", line 58, in _invoke
    result = await result
  File "/Users/macbook-dev/Documents/GitHub/tldw_chatbook/.venv/lib/python3.12/site-packages/textual/widget.py", line 4714, in _on_compose
    await self._compose()
  File "/Users/macbook-dev/Documents/GitHub/tldw_chatbook/.venv/lib/python3.12/site-packages/textual/screen.py", line 1486, in _compose
    await super()._compose()
  File "/Users/macbook-dev/Documents/GitHub/tldw_chatbook/.venv/lib/python3.12/site-packages/textual/widget.py", line 4718, in _compose
    widgets = [*self._pending_children, *compose(self)]
  File "/Users/macbook-dev/Documents/GitHub/tldw_chatbook/.venv/lib/python3.12/site-packages/textual/compose.py", line 54, in compose
    child = next(iter_compose)
  File "/Users/macbook-dev/.codex/worktrees/console-chat-starts/tldw_chatbook/tldw_chatbook/UI/Navigation/base_app_screen.py", line 391, in compose
    yield from self._compose_content_or_failure()
> File "/Users/macbook-dev/.codex/worktrees/console-chat-starts/tldw_chatbook/tldw_chatbook/UI/Navigation/base_app_screen.py", line 444, in _compose_content_or_failure
    yield from self.compose_content()
  File "/Users/macbook-dev/.codex/worktrees/console-chat-starts/tldw_chatbook/tldw_chatbook/UI/Screens/chat_screen.py", line 16198, in compose_content
    settings_summary_state = self._build_console_settings_summary_state()
  File "/Users/macbook-dev/.codex/worktrees/console-chat-starts/tldw_chatbook/tldw_chatbook/UI/Screens/chat_screen.py", line 8432, in _build_console_settings_summary_state
    estimate = self._active_console_settings_context_estimate()
  File "/Users/macbook-dev/.codex/worktrees/console-chat-starts/tldw_chatbook/tldw_chatbook/UI/Screens/chat_screen.py", line 8144, in _active_console_settings_context_estimate
    return self._console_settings_context_estimate_for_session(session_id)
  File "/Users/macbook-dev/.codex/worktrees/console-chat-starts/tldw_chatbook/tldw_chatbook/UI/Screens/chat_screen.py", line 8270, in _console_settings_context_estimate_for_session
    self._ensure_console_provider_gateway().cached_context_window(settings)
AttributeError: 'BlockedGateway' object has no attribute 'cached_context_window'
2026-10-03 19:21:41.493 | DEBUG    | tldw_chatbook.UI.Console_Modules.workspace:_persisted_console_browser_rows:3825 - Local persisted conversation service is unavailable
2026-10-03 19:21:41.494 | DEBUG    | tldw_chatbook.UI.Screens.chat_screen:_sync_console_workspace_context:14058 - No Console workspace context tray available for sync
2026-10-03 19:21:41.497 | WARNING  | tldw_chatbook.Chat.console_fleet_wake:recover:1001 - wake recovery failed (exception_type=AttributeError)
2026-10-03 19:21:41.802 | DEBUG    | tldw_chatbook.Widgets.compact_model_bar:handle_compact_temp_change:203 - Sidebar temperature input not found for sync
2026-10-03 19:21:41.925 | INFO     | tldw_chatbook.UI.Navigation.base_app_screen:on_mount:532 - Screen chat mounted
2026-10-03 19:21:41.933 | DEBUG    | tldw_chatbook.DB.ChaChaNotes_DB:_enter_transaction:24489 - Started outermost transaction on thread 8494865792.
2026-10-03 19:21:41.936 | DEBUG    | tldw_chatbook.DB.ChaChaNotes_DB:_exit_transaction:24552 - Transaction (outermost) committed successfully on thread 8494865792.
2026-10-03 19:21:41.937 | DEBUG    | tldw_chatbook.UI.Screens.chat_screen:on_screen_resume:23581 - Chat screen resuming
2026-10-03 19:21:43.315 | DEBUG    | tldw_chatbook.UI.Screens.chat_screen:_sync_console_workspace_context:14058 - No Console workspace context tray available for sync
2026-10-03 19:21:43.333 | DEBUG    | tldw_chatbook.DB.ChaChaNotes_DB:_enter_transaction:24489 - Started outermost transaction on thread 8494865792.
2026-10-03 19:21:43.333 | DEBUG    | tldw_chatbook.DB.ChaChaNotes_DB:_exit_transaction:24552 - Transaction (outermost) committed successfully on thread 8494865792.
2026-10-03 19:21:43.333 | INFO     | tldw_chatbook.UI.Navigation.base_app_screen:on_unmount:563 - Screen chat unmounted
╭───────────────────── Traceback (most recent call last) ──────────────────────╮
│ /Users/macbook-dev/.codex/worktrees/console-chat-starts/tldw_chatbook/tldw_c │
│ hatbook/UI/Screens/chat_screen.py:22377 in _adapt_console_workspace_to_width │
│                                                                              │
│   22374 │   │   except QueryError:                                           │
│   22375 │   │   │   return                                                   │
│   22376 │   │   focused = self.app.focused                                   │
│ ❱ 22377 │   │   left_rail = self.query_one("#console-left-rail")             │
│   22378 │   │   right_rail = self.query_one("#console-right-rail")           │
│   22379 │   │   left_handle = self.query_one("#console-context-rail-handle") │
│   22380 │   │   right_handle = self.query_one("#console-inspector-rail-handl │
│                                                                              │
│ ╭──────────────────────────── locals ─────────────────────────────╮          │
│ │    band = 'standard'                                            │          │
│ │   event = Resize(size=Size(width=160, height=48))               │          │
│ │ focused = NavigationButton(                                     │          │
│ │           │   id='nav-home',                                    │          │
│ │           │   classes='-style-default ascii-nav-tab nav-button' │          │
│ │           )                                                     │          │
│ │    self = ChatScreen()                                          │          │
│ ╰─────────────────────────────────────────────────────────────────╯          │
╰──────────────────────────────────────────────────────────────────────────────╯
NoMatches: No nodes match '#console-left-rail' on ChatScreen()
------------------------------ Captured log call -------------------------------
INFO     root:app.py:1385 App __init__: Determined initial tab value: chat
WARNING  root:app.py:1492 Prompts service not initialized, self.prompts_db set to None.
ERROR    root:app.py:1513 ChaChaNotesDB (CharactersRAGDB) instance not found/assigned in app.__init__.
=============================== warnings summary ===============================
Tests/UI/test_console_composer_cursor.py::test_console_composer_history_append_while_idle_updates_ghost
  /Users/macbook-dev/.codex/worktrees/console-chat-starts/tldw_chatbook/Tests/conftest.py:609: UserWarning: open file descriptors grew by 490 over the test session (start=14, end=504, limit=200) — possible fd leak; bisect with TLDW_TEST_GC_EVERY=1 and mark offending tests @pytest.mark.requires_cleanup
    warnings.warn(message, UserWarning, stacklevel=0)

-- Docs: https://docs.pytest.org/en/stable/how-to/capture-warnings.html
============================= slowest 25 durations =============================
12.93s call     Tests/UI/test_console_send_draft_snapshot.py::test_console_fresh_profile_first_send_resolves_real_session_not_sentinel
10.93s call     Tests/UI/test_console_send_draft_snapshot.py::test_console_submit_exception_retains_exact_recovery_and_keeps_app_alive
9.49s call     Tests/UI/test_console_composer_cursor.py::test_console_composer_blink_tick_arms_no_layout_pass
8.99s call     Tests/UI/test_console_composer_cursor.py::test_console_composer_blink_phases_are_geometry_identical
8.48s call     Tests/UI/test_console_composer_cursor.py::test_console_composer_shift_enter_inserts_newline_enter_still_sends
8.14s call     Tests/UI/test_console_send_draft_snapshot.py::test_console_double_enter_sends_once_and_loses_nothing
8.04s call     Tests/UI/test_console_send_draft_snapshot.py::test_console_custody_snapshots_draft_before_late_keystrokes
7.73s call     Tests/UI/test_console_send_draft_snapshot.py::test_console_active_run_queues_without_a_screen_worker
7.27s call     Tests/UI/test_console_send_draft_snapshot.py::test_console_same_session_send_waits_for_pending_enter_token
6.54s call     Tests/UI/test_console_send_draft_snapshot.py::test_console_unknown_command_hint_restores_draft
6.25s call     Tests/UI/test_console_send_draft_snapshot.py::test_console_pre_durable_failure_keeps_newer_typing_and_recovery
6.23s call     Tests/UI/test_console_send_draft_snapshot.py::test_console_hidden_send_keeps_draft_and_unblocks_next_send
6.02s call     Tests/UI/test_console_send_draft_snapshot.py::test_custody_refusal_recovery_respects_durable_acceptance_and_undo[True-True]
5.94s call     Tests/UI/test_console_send_draft_snapshot.py::test_setup_refusal_after_custody_preserves_exact_recovery[False-new draft]
5.86s call     Tests/UI/test_console_send_draft_snapshot.py::test_setup_refusal_after_custody_preserves_exact_recovery[False-]
5.84s call     Tests/UI/test_console_send_draft_snapshot.py::test_console_armed_unknown_mouse_send_snapshots_before_skill_await
5.77s call     Tests/UI/test_console_send_draft_snapshot.py::test_mouse_send_completion_preserves_text_typed_after_acceptance
5.77s call     Tests/UI/test_console_send_draft_snapshot.py::test_console_blocked_send_retains_exact_recovery_after_runtime_custody
5.66s call     Tests/UI/test_console_send_draft_snapshot.py::test_console_mouse_send_cannot_claim_another_sessions_pending_enter
5.58s call     Tests/UI/test_console_send_draft_snapshot.py::test_custody_refusal_recovery_respects_durable_acceptance_and_undo[True-False]
5.47s call     Tests/UI/test_console_send_draft_snapshot.py::test_console_deferred_enter_refuses_after_owning_session_changes
5.42s call     Tests/UI/test_console_composer_cursor.py::test_console_composer_blink_freezes_solid_under_modal_and_resumes
5.38s call     Tests/UI/test_console_composer_cursor.py::test_console_prompt_insert_appends_at_end_regardless_of_caret
5.38s call     Tests/UI/test_console_send_draft_snapshot.py::test_setup_refusal_after_custody_preserves_exact_recovery[True-]
5.35s call     Tests/UI/test_console_composer_cursor.py::test_console_composer_idle_blink_ticks_do_no_wrap_or_history_scan
=========================== short test summary info ============================
FAILED Tests/UI/test_console_send_draft_snapshot.py::test_console_pre_durable_failure_keeps_newer_typing_and_recovery
FAILED Tests/UI/test_console_send_draft_snapshot.py::test_console_armed_unknown_mouse_send_snapshots_before_skill_await
FAILED Tests/UI/test_console_send_draft_snapshot.py::test_console_blocked_send_retains_exact_recovery_after_runtime_custody
3 failed, 62 passed, 1 warning in 311.05s (0:05:11)
