FFFF                                                                     [100%]
=================================== FAILURES ===================================
_______ test_console_pre_durable_failure_keeps_newer_typing_and_recovery _______

    @pytest.mark.asyncio
    async def test_console_pre_durable_failure_keeps_newer_typing_and_recovery():
        app = _build_console_send_test_app()
        app.chat_api_provider_value = "llama_cpp"
        app.chat_api_model_value = "test-model"
        app.console_provider_gateway_factory = BlockedGateway
        host = ConsoleHarness(app)
    
        async with host.run_test(size=(160, 48)) as pilot:
            console = host.screen_stack[-1]
>           await _wait_for_selector(console, pilot, "#console-native-composer")

Tests/UI/test_console_send_draft_snapshot.py:245: 
_ _ _ _ _ _ _ _ _ _ _ _ _ _ _ _ _ _ _ _ _ _ _ _ _ _ _ _ _ _ _ _ _ _ _ _ _ _ _ _ 

screen = ChatScreen()
pilot = <Pilot app=ConsoleHarness(title='ConsoleHarness', classes={'-dark-mode'}, pseudo_classes={'focus', 'dark', 'nocolor'})>
selector = '#console-native-composer'

    async def _wait_for_selector(
        screen, pilot, selector: str, *, timeout: float = 2.0
    ) -> None:
        deadline = time.monotonic() + timeout
        while time.monotonic() < deadline:
            if screen.query(selector):
                await pilot.pause()
                return
            await pilot.pause(0.01)
>       raise AssertionError(
            f"Timed out waiting for {selector}. Visible text: {_visible_text(screen)}"
        )
E       AssertionError: Timed out waiting for #console-native-composer. Visible text:

Tests/UI/test_destination_shells.py:1191: AssertionError

During handling of the above exception, another exception occurred:

    @pytest.mark.asyncio
    async def test_console_pre_durable_failure_keeps_newer_typing_and_recovery():
        app = _build_console_send_test_app()
        app.chat_api_provider_value = "llama_cpp"
        app.chat_api_model_value = "test-model"
        app.console_provider_gateway_factory = BlockedGateway
        host = ConsoleHarness(app)
    
>       async with host.run_test(size=(160, 48)) as pilot:
                   ^^^^^^^^^^^^^^^^^^^^^^^^^^^^^

Tests/UI/test_console_send_draft_snapshot.py:243: 
_ _ _ _ _ _ _ _ _ _ _ _ _ _ _ _ _ _ _ _ _ _ _ _ _ _ _ _ _ _ _ _ _ _ _ _ _ _ _ _ 
/Users/macbook-dev/.local/share/uv/python/cpython-3.12.11-macos-aarch64-none/lib/python3.12/contextlib.py:231: in __aexit__
    await self.gen.athrow(value)
/Users/macbook-dev/Documents/GitHub/tldw_chatbook/.venv/lib/python3.12/site-packages/textual/app.py:2218: in run_test
    raise self._exception
/Users/macbook-dev/Documents/GitHub/tldw_chatbook/.venv/lib/python3.12/site-packages/textual/message_pump.py:663: in _process_messages_loop
    await self._dispatch_message(message)
/Users/macbook-dev/Documents/GitHub/tldw_chatbook/.venv/lib/python3.12/site-packages/textual/message_pump.py:727: in _dispatch_message
    await self.on_event(message)
/Users/macbook-dev/Documents/GitHub/tldw_chatbook/.venv/lib/python3.12/site-packages/textual/message_pump.py:808: in on_event
    await self._on_message(event)
/Users/macbook-dev/Documents/GitHub/tldw_chatbook/.venv/lib/python3.12/site-packages/textual/message_pump.py:829: in _on_message
    await invoke(method, message)
/Users/macbook-dev/Documents/GitHub/tldw_chatbook/.venv/lib/python3.12/site-packages/textual/_callback.py:96: in invoke
    return await _invoke(callback, *params)
           ^^^^^^^^^^^^^^^^^^^^^^^^^^^^^^^^
/Users/macbook-dev/Documents/GitHub/tldw_chatbook/.venv/lib/python3.12/site-packages/textual/_callback.py:56: in _invoke
    result = callback(*params[:parameter_count])
             ^^^^^^^^^^^^^^^^^^^^^^^^^^^^^^^^^^^
tldw_chatbook/UI/Screens/chat_screen.py:22377: in _adapt_console_workspace_to_width
    left_rail = self.query_one("#console-left-rail")
                ^^^^^^^^^^^^^^^^^^^^^^^^^^^^^^^^^^^^
_ _ _ _ _ _ _ _ _ _ _ _ _ _ _ _ _ _ _ _ _ _ _ _ _ _ _ _ _ _ _ _ _ _ _ _ _ _ _ _ 

self = ChatScreen(), selector = '#console-left-rail', expect_type = None

    def query_one(
        self,
        selector: str | type[QueryType],
        expect_type: type[QueryType] | None = None,
    ) -> QueryType | Widget:
        """Get a widget from this widget's children that matches a selector or widget type.
    
        Args:
            selector: A selector or widget type.
            expect_type: Require the object be of the supplied type, or None for any type.
    
        Raises:
            WrongType: If the wrong type was found.
            NoMatches: If no node matches the query.
    
        Returns:
            A widget matching the selector.
        """
        _rich_traceback_omit = True
    
        base_node = self._get_dom_base()
    
        if isinstance(selector, str):
            query_selector = selector
        else:
            query_selector = selector.__name__
    
        if is_id_selector(query_selector):
            cache_key = (base_node._nodes._updates, query_selector, expect_type)
            cached_result = base_node._query_one_cache.get(cache_key)
            if cached_result is not None:
                return cached_result
            if (
                node := walk_breadth_search_id(
                    base_node, query_selector[1:], with_root=False
                )
            ) is not None:
                if expect_type is not None and not isinstance(node, expect_type):
                    raise WrongType(
                        f"Node matching {query_selector!r} is the wrong type; expected type {expect_type.__name__!r}, found {node}"
                    )
                base_node._query_one_cache[cache_key] = node
                return node
>           raise NoMatches(f"No nodes match {query_selector!r} on {base_node!r}")
E           textual.css.query.NoMatches: No nodes match '#console-left-rail' on ChatScreen()

/Users/macbook-dev/Documents/GitHub/tldw_chatbook/.venv/lib/python3.12/site-packages/textual/dom.py:1505: NoMatches
---------------------------- Captured stderr setup -----------------------------
2026-10-03 19:17:26.939 | DEBUG    | tldw_chatbook.Utils.optional_deps:check_dependency:642 - ✅ huggingface_hub dependency found. Feature 'huggingface_hub' is enabled.
2026-10-03 19:17:26.994 | WARNING  | tldw_chatbook.Audio.recording_service:<module>:52 - PyAudio not available. Install with: pip install pyaudio
2026-10-03 19:17:27.180 | INFO     | tldw_chatbook.Audio.recording_service:<module>:58 - Sounddevice backend available
2026-10-03 19:17:27.182 | INFO     | tldw_chatbook.Audio.recording_service:<module>:73 - WebRTC VAD available for voice activity detection
----------------------------- Captured stderr call -----------------------------
2026-10-03 19:17:27.389 | INFO     | tldw_chatbook.app:__init__:1251 - Loaded app_config - strip_thinking_tags: True
2026-10-03 19:17:27.420 | INFO     | tldw_chatbook.app:__init__:1359 - Parallel init task 'notes_service' completed in 0.000s
2026-10-03 19:17:27.420 | INFO     | tldw_chatbook.app:__init__:1359 - Parallel init task 'prompts_service' completed in 0.000s
2026-10-03 19:17:27.420 | INFO     | tldw_chatbook.app:__init__:1359 - Parallel init task 'providers_models' completed in 0.000s
2026-10-03 19:17:27.420 | INFO     | tldw_chatbook.app:__init__:1359 - Parallel init task 'media_db' completed in 0.000s
2026-10-03 19:17:27.563 | INFO     | tldw_chatbook.DB.base_db:__init__:989 - LibraryCollectionsDB initialized with path: /private/var/folders/sn/m80n2j152t9gw3w8qwk2nykh0000gn/T/tldw-chatbook-test-a19pg585/library_collections.sqlite [Client: tldw_cli_local_instance_v1]
2026-10-03 19:17:27.690 | INFO     | tldw_chatbook.DB.base_db:__init__:989 - WorkspaceDB initialized with path: /private/var/folders/sn/m80n2j152t9gw3w8qwk2nykh0000gn/T/tldw-chatbook-test-a19pg585/workspaces.sqlite [Client: tldw_cli_local_instance_v1]
2026-10-03 19:17:27.919 | INFO     | tldw_chatbook.DB.base_db:__init__:989 - SubscriptionsDB initialized with path: /private/var/folders/sn/m80n2j152t9gw3w8qwk2nykh0000gn/T/tldw-chatbook-test-a19pg585/subscriptions.sqlite [Client: tldw_cli_local_instance_v1]
2026-10-03 19:17:27.926 | INFO     | tldw_chatbook.DB.base_db:__init__:989 - ClientNotificationsDB initialized with path: :memory: [Client: tldw_cli_local_instance_v1]
2026-10-03 19:17:27.929 | INFO     | tldw_chatbook.DB.base_db:__init__:989 - EventStateRepository initialized with path: /private/var/folders/sn/m80n2j152t9gw3w8qwk2nykh0000gn/T/tldw-chatbook-test-a19pg585/tldw_chatbook_event_state.db [Client: tldw_cli_local_instance_v1]
2026-10-03 19:17:27.932 | INFO     | tldw_chatbook.DB.base_db:__init__:989 - SyncStateRepository initialized with path: /private/var/folders/sn/m80n2j152t9gw3w8qwk2nykh0000gn/T/tldw-chatbook-test-a19pg585/tldw_chatbook_sync_state.db [Client: tldw_cli_local_instance_v1]
2026-10-03 19:17:28.199 | DEBUG    | tldw_chatbook.Scheduling.db.migrations.v1_to_v2:migrate:75 - Scheduling schema migrated to version 2 (missed_count column)
2026-10-03 19:17:28.290 | DEBUG    | tldw_chatbook.Scheduling.db.migrations.v2_to_v3:migrate:62 - Scheduling schema migrated to version 3 (timeout_seconds column)
2026-10-03 19:17:28.358 | DEBUG    | tldw_chatbook.Scheduling.db.migrations.v3_to_v4:migrate:137 - Scheduling schema migrated to version 4 (automation runs/results)
2026-10-03 19:17:28.428 | DEBUG    | tldw_chatbook.Scheduling.db.migrations.v4_to_v5:migrate:63 - Scheduling schema migrated to version 5 (scheduled_task_runs)
2026-10-03 19:17:28.512 | DEBUG    | tldw_chatbook.Scheduling.db.migrations.v5_to_v6:migrate:68 - Scheduling schema migrated to version 6 (task_incidents)
2026-10-03 19:17:28.595 | DEBUG    | tldw_chatbook.Scheduling.db.migrations.v6_to_v7:migrate:107 - Scheduling schema migrated to version 7 (automation_results server_id unique index)
2026-10-03 19:17:28.595 | INFO     | tldw_chatbook.DB.base_db:__init__:989 - ScheduledTasksDB initialized with path: /private/var/folders/sn/m80n2j152t9gw3w8qwk2nykh0000gn/T/tldw-chatbook-test-a19pg585/scheduled_tasks.sqlite [Client: default]
2026-10-03 19:17:28.670 | DEBUG    | tldw_chatbook.app:__init__:1430 - ULTRA EARLY APP INIT: self._media_types_for_ui VALUE: ['All Media']
2026-10-03 19:17:28.670 | DEBUG    | tldw_chatbook.app:__init__:1433 - ULTRA EARLY APP INIT: self._media_types_for_ui TYPE: <class 'list'>
2026-10-03 19:17:28.686 | INFO     | tldw_chatbook.Evals.config_loader:_load_config:58 - Loaded configuration from /private/tmp/console-pr2995-base-nfsxecon/tldw_chatbook/Evals/config/eval_config.yaml
2026-10-03 19:17:28.813 | INFO     | tldw_chatbook.DB.Evals_DB:_create_schema:559 - Created EvalsDB schema version 5
2026-10-03 19:17:28.813 | INFO     | tldw_chatbook.DB.Evals_DB:__init__:193 - EvalsDB initialized with path: /Users/macbook-dev/.codex/worktrees/console-chat-starts/tldw_chatbook/.superpowers/sdd/2026-10-03-console-pr2995-review-and-merge/composer-failures-base-profile-yvla87wr/home/.local/share/tldw_cli/default_user/evals.db
2026-10-03 19:17:28.813 | INFO     | tldw_chatbook.Evals.task_loader:__init__:98 - TaskLoader initialized
2026-10-03 19:17:28.920 | DEBUG    | tldw_chatbook.Event_Handlers.worker_handlers.base_handler:register:155 - Registered worker handler: MiscWorkerHandler
2026-10-03 19:17:28.920 | INFO     | tldw_chatbook.app:_init_worker_handlers:2167 - Worker handler registry initialized with all handlers
2026-10-03 19:17:28.922 | INFO     | tldw_chatbook.app:__init__:1615 - === STARTUP TIMING SUMMARY ===
2026-10-03 19:17:28.922 | INFO     | tldw_chatbook.app:__init__:1616 - Total initialization time: 1.614 seconds
2026-10-03 19:17:28.922 | INFO     | tldw_chatbook.app:__init__:1622 -   basic_init: 0.101s (6.2%)
2026-10-03 19:17:28.922 | INFO     | tldw_chatbook.app:__init__:1622 -   attribute_init: 0.000s (0.0%)
2026-10-03 19:17:28.922 | INFO     | tldw_chatbook.app:__init__:1622 -   parallel_init: 0.002s (0.1%)
2026-10-03 19:17:28.922 | INFO     | tldw_chatbook.app:__init__:1635 -     - notes_service: 0.000s (0.2% of parallel_init)
2026-10-03 19:17:28.922 | INFO     | tldw_chatbook.app:__init__:1635 -     - providers_models: 0.000s (0.2% of parallel_init)
2026-10-03 19:17:28.922 | INFO     | tldw_chatbook.app:__init__:1635 -     - media_db: 0.000s (0.1% of parallel_init)
2026-10-03 19:17:28.923 | INFO     | tldw_chatbook.app:__init__:1635 -     - prompts_service: 0.000s (0.1% of parallel_init)
2026-10-03 19:17:28.923 | INFO     | tldw_chatbook.app:__init__:1639 - ==============================
2026-10-03 19:17:28.924 | INFO     | tldw_chatbook.DB.ChaChaNotes_DB:__init__:3376 - Initializing CharactersRAGDB db_sha256=memory [Client ID: test-client]
2026-10-03 19:17:28.924 | DEBUG    | tldw_chatbook.DB.ChaChaNotes_DB:_get_thread_connection:3554 - Opened/Reopened SQLite connection db_sha256=memory thread=8494865792
2026-10-03 19:17:28.924 | DEBUG    | tldw_chatbook.DB.ChaChaNotes_DB:_enter_transaction:24489 - Started outermost transaction on thread 8494865792.
2026-10-03 19:17:28.924 | INFO     | tldw_chatbook.DB.ChaChaNotes_DB:_initialize_schema:8550 - Checking DB schema 'rag_char_chat_schema'. Current version: 0. Code supports: 76
2026-10-03 19:17:28.924 | INFO     | tldw_chatbook.DB.ChaChaNotes_DB:_apply_schema_v4:4437 - Applying schema Version 4 for 'rag_char_chat_schema' to DB: db_sha256=memory...
2026-10-03 19:17:28.924 | DEBUG    | tldw_chatbook.DB.ChaChaNotes_DB:_enter_transaction:24458 - Entered nested transaction level 2 on thread 8494865792.
2026-10-03 19:17:28.937 | DEBUG    | tldw_chatbook.DB.ChaChaNotes_DB:_apply_schema_v4:4478 - [rag_char_chat_schema V4] Full schema script executed.
2026-10-03 19:17:28.938 | INFO     | tldw_chatbook.DB.ChaChaNotes_DB:_apply_schema_v4:4485 - [rag_char_chat_schema V4] Schema 4 applied and version confirmed for DB: db_sha256=memory.
2026-10-03 19:17:28.940 | DEBUG    | tldw_chatbook.DB.ChaChaNotes_DB:_enrich_default_assistant_card_if_bare:4749 - [task-2451] Default Assistant enrichment UPDATE affected 1 row(s) in DB: db_sha256=memory.
2026-10-03 19:17:28.940 | INFO     | tldw_chatbook.DB.ChaChaNotes_DB:_migrate_from_v4_to_v5:4770 - Migrating schema from V4 to V5 for 'rag_char_chat_schema' in DB: db_sha256=memory...
2026-10-03 19:17:28.941 | DEBUG    | tldw_chatbook.DB.ChaChaNotes_DB:_enter_transaction:24458 - Entered nested transaction level 2 on thread 8494865792.
2026-10-03 19:17:28.962 | DEBUG    | tldw_chatbook.DB.ChaChaNotes_DB:_migrate_from_v4_to_v5:4780 - [rag_char_chat_schema V4→V5] Migration script executed.
2026-10-03 19:17:28.962 | INFO     | tldw_chatbook.DB.ChaChaNotes_DB:_migrate_from_v4_to_v5:4789 - [rag_char_chat_schema V4→V5] Migration completed successfully for DB: db_sha256=memory.
2026-10-03 19:17:28.962 | INFO     | tldw_chatbook.DB.ChaChaNotes_DB:_migrate_from_v5_to_v6:4823 - Migrating schema from V5 to V6 for 'rag_char_chat_schema' in DB: db_sha256=memory...
2026-10-03 19:17:28.962 | DEBUG    | tldw_chatbook.DB.ChaChaNotes_DB:_enter_transaction:24458 - Entered nested transaction level 2 on thread 8494865792.
2026-10-03 19:17:28.964 | DEBUG    | tldw_chatbook.DB.ChaChaNotes_DB:_migrate_from_v5_to_v6:4831 - [rag_char_chat_schema V5→V6] Migration script executed.
2026-10-03 19:17:28.964 | INFO     | tldw_chatbook.DB.ChaChaNotes_DB:_migrate_from_v5_to_v6:4840 - [rag_char_chat_schema V5→V6] Migration completed successfully for DB: db_sha256=memory.
2026-10-03 19:17:28.964 | INFO     | tldw_chatbook.DB.ChaChaNotes_DB:_migrate_from_v6_to_v7:4874 - Migrating schema from V6 to V7 for 'rag_char_chat_schema' in DB: db_sha256=memory...
2026-10-03 19:17:28.965 | DEBUG    | tldw_chatbook.DB.ChaChaNotes_DB:_enter_transaction:24458 - Entered nested transaction level 2 on thread 8494865792.
2026-10-03 19:17:28.966 | DEBUG    | tldw_chatbook.DB.ChaChaNotes_DB:_migrate_from_v6_to_v7:4882 - [rag_char_chat_schema V6→V7] Migration script executed.
2026-10-03 19:17:28.966 | INFO     | tldw_chatbook.DB.ChaChaNotes_DB:_migrate_from_v6_to_v7:4891 - [rag_char_chat_schema V6→V7] Migration completed successfully for DB: db_sha256=memory.
2026-10-03 19:17:28.966 | INFO     | tldw_chatbook.DB.ChaChaNotes_DB:_migrate_from_v7_to_v8:8464 - Migrating schema from V7 to V8 for 'rag_char_chat_schema' in DB: db_sha256=memory...
2026-10-03 19:17:28.966 | DEBUG    | tldw_chatbook.DB.ChaChaNotes_DB:_enter_transaction:24458 - Entered nested transaction level 2 on thread 8494865792.
2026-10-03 19:17:28.969 | DEBUG    | tldw_chatbook.DB.ChaChaNotes_DB:_migrate_from_v7_to_v8:8472 - [rag_char_chat_schema V7→V8] Migration script executed.
2026-10-03 19:17:28.969 | INFO     | tldw_chatbook.DB.ChaChaNotes_DB:_migrate_from_v7_to_v8:8481 - [rag_char_chat_schema V7→V8] Migration completed successfully for DB: db_sha256=memory.
2026-10-03 19:17:28.970 | INFO     | tldw_chatbook.DB.ChaChaNotes_DB:_migrate_from_v8_to_v9:4925 - Migrating schema from V8 to V9 for 'rag_char_chat_schema' in DB: db_sha256=memory...
2026-10-03 19:17:28.970 | DEBUG    | tldw_chatbook.DB.ChaChaNotes_DB:_enter_transaction:24458 - Entered nested transaction level 2 on thread 8494865792.
2026-10-03 19:17:28.975 | DEBUG    | tldw_chatbook.DB.ChaChaNotes_DB:_migrate_from_v8_to_v9:4933 - [rag_char_chat_schema V8→V9] Migration script executed.
2026-10-03 19:17:28.976 | INFO     | tldw_chatbook.DB.ChaChaNotes_DB:_migrate_from_v8_to_v9:4942 - [rag_char_chat_schema V8→V9] Migration completed successfully for DB: db_sha256=memory.
2026-10-03 19:17:28.976 | INFO     | tldw_chatbook.DB.ChaChaNotes_DB:_migrate_from_v9_to_v10:4976 - Migrating schema from V9 to V10 for 'rag_char_chat_schema' in DB: db_sha256=memory...
2026-10-03 19:17:28.976 | DEBUG    | tldw_chatbook.DB.ChaChaNotes_DB:_enter_transaction:24458 - Entered nested transaction level 2 on thread 8494865792.
2026-10-03 19:17:28.976 | DEBUG    | tldw_chatbook.DB.ChaChaNotes_DB:_migrate_from_v9_to_v10:4984 - [rag_char_chat_schema V9→V10] Migration script executed.
2026-10-03 19:17:28.976 | INFO     | tldw_chatbook.DB.ChaChaNotes_DB:_migrate_from_v9_to_v10:4993 - [rag_char_chat_schema V9→V10] Migration completed successfully for DB: db_sha256=memory.
2026-10-03 19:17:28.976 | INFO     | tldw_chatbook.DB.ChaChaNotes_DB:_migrate_from_v10_to_v11:5027 - Migrating schema from V10 to V11 for 'rag_char_chat_schema' in DB: db_sha256=memory...
2026-10-03 19:17:28.976 | DEBUG    | tldw_chatbook.DB.ChaChaNotes_DB:_enter_transaction:24458 - Entered nested transaction level 2 on thread 8494865792.
2026-10-03 19:17:28.987 | DEBUG    | tldw_chatbook.DB.ChaChaNotes_DB:_migrate_from_v10_to_v11:5035 - [rag_char_chat_schema V10→V11] Migration script executed.
2026-10-03 19:17:28.988 | INFO     | tldw_chatbook.DB.ChaChaNotes_DB:_migrate_from_v10_to_v11:5044 - [rag_char_chat_schema V10→V11] Migration completed successfully for DB: db_sha256=memory.
2026-10-03 19:17:28.988 | INFO     | tldw_chatbook.DB.ChaChaNotes_DB:_migrate_from_v11_to_v12:5078 - Migrating schema from V11 to V12 for 'rag_char_chat_schema' in DB: db_sha256=memory...
2026-10-03 19:17:28.988 | DEBUG    | tldw_chatbook.DB.ChaChaNotes_DB:_enter_transaction:24458 - Entered nested transaction level 2 on thread 8494865792.
2026-10-03 19:17:29.002 | DEBUG    | tldw_chatbook.DB.ChaChaNotes_DB:_migrate_from_v11_to_v12:5086 - [rag_char_chat_schema V11→V12] Migration script executed.
2026-10-03 19:17:29.002 | INFO     | tldw_chatbook.DB.ChaChaNotes_DB:_migrate_from_v11_to_v12:5095 - [rag_char_chat_schema V11→V12] Migration completed successfully for DB: db_sha256=memory.
2026-10-03 19:17:29.002 | INFO     | tldw_chatbook.DB.ChaChaNotes_DB:_migrate_from_v12_to_v13:5121 - Migrating schema from V12 to V13 for 'rag_char_chat_schema' in DB: db_sha256=memory...
2026-10-03 19:17:29.002 | DEBUG    | tldw_chatbook.DB.ChaChaNotes_DB:_enter_transaction:24458 - Entered nested transaction level 2 on thread 8494865792.
2026-10-03 19:17:29.054 | DEBUG    | tldw_chatbook.DB.ChaChaNotes_DB:_migrate_from_v12_to_v13:5129 - [rag_char_chat_schema V12→V13] Migration script executed.
2026-10-03 19:17:29.054 | INFO     | tldw_chatbook.DB.ChaChaNotes_DB:_migrate_from_v12_to_v13:5137 - [rag_char_chat_schema V12→V13] Migration completed successfully for DB: db_sha256=memory.
2026-10-03 19:17:29.054 | INFO     | tldw_chatbook.DB.ChaChaNotes_DB:_migrate_from_v13_to_v14:5162 - Migrating schema from V13 to V14 for 'rag_char_chat_schema' in DB: db_sha256=memory...
2026-10-03 19:17:29.054 | DEBUG    | tldw_chatbook.DB.ChaChaNotes_DB:_enter_transaction:24458 - Entered nested transaction level 2 on thread 8494865792.
2026-10-03 19:17:29.070 | DEBUG    | tldw_chatbook.DB.ChaChaNotes_DB:_migrate_from_v13_to_v14:5170 - [rag_char_chat_schema V13→V14] Migration script executed.
2026-10-03 19:17:29.070 | INFO     | tldw_chatbook.DB.ChaChaNotes_DB:_migrate_from_v13_to_v14:5178 - [rag_char_chat_schema V13→V14] Migration completed successfully for DB: db_sha256=memory.
2026-10-03 19:17:29.070 | INFO     | tldw_chatbook.DB.ChaChaNotes_DB:_migrate_from_v14_to_v15:5203 - Migrating schema from V14 to V15 for 'rag_char_chat_schema' in DB: db_sha256=memory...
2026-10-03 19:17:29.070 | DEBUG    | tldw_chatbook.DB.ChaChaNotes_DB:_enter_transaction:24458 - Entered nested transaction level 2 on thread 8494865792.
2026-10-03 19:17:29.072 | DEBUG    | tldw_chatbook.DB.ChaChaNotes_DB:_migrate_from_v14_to_v15:5211 - [rag_char_chat_schema V14→V15] Migration script executed.
2026-10-03 19:17:29.072 | INFO     | tldw_chatbook.DB.ChaChaNotes_DB:_migrate_from_v14_to_v15:5219 - [rag_char_chat_schema V14→V15] Migration completed successfully for DB: db_sha256=memory.
2026-10-03 19:17:29.072 | INFO     | tldw_chatbook.DB.ChaChaNotes_DB:_migrate_from_v15_to_v16:5245 - Migrating schema from V15 to V16 for 'rag_char_chat_schema' in DB: db_sha256=memory...
2026-10-03 19:17:29.072 | DEBUG    | tldw_chatbook.DB.ChaChaNotes_DB:_enter_transaction:24458 - Entered nested transaction level 2 on thread 8494865792.
2026-10-03 19:17:29.073 | DEBUG    | tldw_chatbook.DB.ChaChaNotes_DB:_migrate_from_v15_to_v16:5288 - [rag_char_chat_schema V15→V16] Migration script executed.
2026-10-03 19:17:29.073 | INFO     | tldw_chatbook.DB.ChaChaNotes_DB:_migrate_from_v15_to_v16:5298 - [rag_char_chat_schema V15→V16] Migration completed successfully for DB: db_sha256=memory.
2026-10-03 19:17:29.073 | INFO     | tldw_chatbook.DB.ChaChaNotes_DB:_migrate_from_v16_to_v17:5324 - Migrating schema from V16 to V17 for 'rag_char_chat_schema' in DB: db_sha256=memory...
2026-10-03 19:17:29.073 | DEBUG    | tldw_chatbook.DB.ChaChaNotes_DB:_enter_transaction:24458 - Entered nested transaction level 2 on thread 8494865792.
2026-10-03 19:17:29.073 | DEBUG    | tldw_chatbook.DB.ChaChaNotes_DB:_migrate_from_v16_to_v17:5332 - [rag_char_chat_schema V16→V17] Migration script executed.
2026-10-03 19:17:29.073 | INFO     | tldw_chatbook.DB.ChaChaNotes_DB:_migrate_from_v16_to_v17:5340 - [rag_char_chat_schema V16→V17] Migration completed successfully for DB: db_sha256=memory.
2026-10-03 19:17:29.073 | INFO     | tldw_chatbook.DB.ChaChaNotes_DB:_migrate_from_v17_to_v18:5368 - Migrating schema from V17 to V18 for 'rag_char_chat_schema' in DB: db_sha256=memory...
2026-10-03 19:17:29.073 | DEBUG    | tldw_chatbook.DB.ChaChaNotes_DB:_enter_transaction:24458 - Entered nested transaction level 2 on thread 8494865792.
2026-10-03 19:17:29.078 | DEBUG    | tldw_chatbook.DB.ChaChaNotes_DB:_migrate_from_v17_to_v18:5376 - [rag_char_chat_schema V17→V18] Migration script executed.
2026-10-03 19:17:29.078 | INFO     | tldw_chatbook.DB.ChaChaNotes_DB:_migrate_from_v17_to_v18:5384 - [rag_char_chat_schema V17→V18] Migration completed successfully for DB: db_sha256=memory.
2026-10-03 19:17:29.078 | INFO     | tldw_chatbook.DB.ChaChaNotes_DB:_migrate_from_v18_to_v19:8414 - Migrating schema from V18 to V19 for 'rag_char_chat_schema' in DB: db_sha256=memory...
2026-10-03 19:17:29.078 | DEBUG    | tldw_chatbook.DB.ChaChaNotes_DB:_enter_transaction:24458 - Entered nested transaction level 2 on thread 8494865792.
2026-10-03 19:17:29.078 | DEBUG    | tldw_chatbook.DB.ChaChaNotes_DB:_migrate_from_v18_to_v19:8422 - [rag_char_chat_schema V18→V19] Migration script executed.
2026-10-03 19:17:29.079 | INFO     | tldw_chatbook.DB.ChaChaNotes_DB:_migrate_from_v18_to_v19:8430 - [rag_char_chat_schema V18→V19] Migration completed successfully for DB: db_sha256=memory.
2026-10-03 19:17:29.079 | INFO     | tldw_chatbook.DB.ChaChaNotes_DB:_migrate_from_v19_to_v20:5412 - Migrating schema from V19 to V20 for 'rag_char_chat_schema' in DB: db_sha256=memory...
2026-10-03 19:17:29.079 | DEBUG    | tldw_chatbook.DB.ChaChaNotes_DB:_enter_transaction:24458 - Entered nested transaction level 2 on thread 8494865792.
2026-10-03 19:17:29.084 | DEBUG    | tldw_chatbook.DB.ChaChaNotes_DB:_migrate_from_v19_to_v20:5431 - [rag_char_chat_schema V19→V20] Migration script executed.
2026-10-03 19:17:29.084 | INFO     | tldw_chatbook.DB.ChaChaNotes_DB:_migrate_from_v19_to_v20:5439 - [rag_char_chat_schema V19→V20] Migration completed successfully for DB: db_sha256=memory.
2026-10-03 19:17:29.084 | INFO     | tldw_chatbook.DB.ChaChaNotes_DB:_migrate_from_v20_to_v21:5467 - Migrating schema from V20 to V21 for 'rag_char_chat_schema' in DB: db_sha256=memory...
2026-10-03 19:17:29.084 | DEBUG    | tldw_chatbook.DB.ChaChaNotes_DB:_enter_transaction:24458 - Entered nested transaction level 2 on thread 8494865792.
2026-10-03 19:17:29.085 | DEBUG    | tldw_chatbook.DB.ChaChaNotes_DB:_migrate_from_v20_to_v21:5488 - [rag_char_chat_schema V20→V21] Migration script executed.
2026-10-03 19:17:29.085 | INFO     | tldw_chatbook.DB.ChaChaNotes_DB:_migrate_from_v20_to_v21:5496 - [rag_char_chat_schema V20→V21] Migration completed successfully for DB: db_sha256=memory.
2026-10-03 19:17:29.085 | INFO     | tldw_chatbook.DB.ChaChaNotes_DB:_migrate_from_v21_to_v22:5518 - Migrating schema from V21 to V22 for 'rag_char_chat_schema' in DB: db_sha256=memory...
2026-10-03 19:17:29.085 | DEBUG    | tldw_chatbook.DB.ChaChaNotes_DB:_enter_transaction:24458 - Entered nested transaction level 2 on thread 8494865792.
2026-10-03 19:17:29.087 | DEBUG    | tldw_chatbook.DB.ChaChaNotes_DB:_migrate_from_v21_to_v22:5536 - [rag_char_chat_schema V21→V22] Migration script executed.
2026-10-03 19:17:29.087 | INFO     | tldw_chatbook.DB.ChaChaNotes_DB:_migrate_from_v21_to_v22:5542 - [rag_char_chat_schema V21→V22] Migration completed successfully for DB: db_sha256=memory.
2026-10-03 19:17:29.087 | INFO     | tldw_chatbook.DB.ChaChaNotes_DB:_migrate_from_v22_to_v23:5564 - Migrating schema from V22 to V23 for 'rag_char_chat_schema' in DB: db_sha256=memory...
2026-10-03 19:17:29.087 | DEBUG    | tldw_chatbook.DB.ChaChaNotes_DB:_enter_transaction:24458 - Entered nested transaction level 2 on thread 8494865792.
2026-10-03 19:17:29.088 | DEBUG    | tldw_chatbook.DB.ChaChaNotes_DB:_migrate_from_v22_to_v23:5572 - [rag_char_chat_schema V22→V23] Migration script executed.
2026-10-03 19:17:29.088 | INFO     | tldw_chatbook.DB.ChaChaNotes_DB:_migrate_from_v22_to_v23:5578 - [rag_char_chat_schema V22→V23] Migration completed successfully for DB: db_sha256=memory.
2026-10-03 19:17:29.088 | INFO     | tldw_chatbook.DB.ChaChaNotes_DB:_migrate_from_v23_to_v24:5601 - Migrating schema from V23 to V24 for 'rag_char_chat_schema' in DB: db_sha256=memory...
2026-10-03 19:17:29.088 | DEBUG    | tldw_chatbook.DB.ChaChaNotes_DB:_enter_transaction:24458 - Entered nested transaction level 2 on thread 8494865792.
2026-10-03 19:17:29.091 | DEBUG    | tldw_chatbook.DB.ChaChaNotes_DB:_migrate_from_v23_to_v24:5619 - [rag_char_chat_schema V23→V24] Migration script executed.
2026-10-03 19:17:29.092 | INFO     | tldw_chatbook.DB.ChaChaNotes_DB:_migrate_from_v23_to_v24:5625 - [rag_char_chat_schema V23→V24] Migration completed successfully for DB: db_sha256=memory.
2026-10-03 19:17:29.092 | INFO     | tldw_chatbook.DB.ChaChaNotes_DB:_migrate_from_v24_to_v25:5648 - Migrating schema from V24 to V25 for 'rag_char_chat_schema' in DB: db_sha256=memory...
2026-10-03 19:17:29.092 | DEBUG    | tldw_chatbook.DB.ChaChaNotes_DB:_enter_transaction:24458 - Entered nested transaction level 2 on thread 8494865792.
2026-10-03 19:17:29.092 | DEBUG    | tldw_chatbook.DB.ChaChaNotes_DB:_migrate_from_v24_to_v25:5656 - [rag_char_chat_schema V24→V25] Migration script executed.
2026-10-03 19:17:29.093 | INFO     | tldw_chatbook.DB.ChaChaNotes_DB:_migrate_from_v24_to_v25:5662 - [rag_char_chat_schema V24→V25] Migration completed successfully for DB: db_sha256=memory.
2026-10-03 19:17:29.093 | INFO     | tldw_chatbook.DB.ChaChaNotes_DB:_migrate_from_v25_to_v26:5686 - Migrating schema from V25 to V26 for 'rag_char_chat_schema' in DB: db_sha256=memory...
2026-10-03 19:17:29.093 | DEBUG    | tldw_chatbook.DB.ChaChaNotes_DB:_enter_transaction:24458 - Entered nested transaction level 2 on thread 8494865792.
2026-10-03 19:17:29.098 | DEBUG    | tldw_chatbook.DB.ChaChaNotes_DB:_migrate_from_v25_to_v26:5708 - [rag_char_chat_schema V25→V26] Migration script executed.
2026-10-03 19:17:29.099 | INFO     | tldw_chatbook.DB.ChaChaNotes_DB:_migrate_from_v25_to_v26:5714 - [rag_char_chat_schema V25→V26] Migration completed successfully for DB: db_sha256=memory.
2026-10-03 19:17:29.099 | DEBUG    | tldw_chatbook.DB.ChaChaNotes_DB:_enter_transaction:24458 - Entered nested transaction level 2 on thread 8494865792.
2026-10-03 19:17:29.105 | DEBUG    | tldw_chatbook.DB.ChaChaNotes_DB:_enter_transaction:24458 - Entered nested transaction level 2 on thread 8494865792.
2026-10-03 19:17:29.105 | DEBUG    | tldw_chatbook.DB.ChaChaNotes_DB:_enter_transaction:24458 - Entered nested transaction level 3 on thread 8494865792.
2026-10-03 19:17:29.110 | INFO     | tldw_chatbook.DB.ChaChaNotes_DB:_migrate_from_v28_to_v29:5901 - Migrating schema from V28 to V29 for 'rag_char_chat_schema' in DB: db_sha256=memory...
2026-10-03 19:17:29.110 | DEBUG    | tldw_chatbook.DB.ChaChaNotes_DB:_enter_transaction:24458 - Entered nested transaction level 2 on thread 8494865792.
2026-10-03 19:17:29.111 | DEBUG    | tldw_chatbook.DB.ChaChaNotes_DB:_migrate_from_v28_to_v29:5909 - [rag_char_chat_schema V28→V29] Migration script executed.
2026-10-03 19:17:29.112 | INFO     | tldw_chatbook.DB.ChaChaNotes_DB:_migrate_from_v28_to_v29:5917 - [rag_char_chat_schema V28→V29] Migration completed successfully for DB: db_sha256=memory.
2026-10-03 19:17:29.112 | INFO     | tldw_chatbook.DB.ChaChaNotes_DB:_migrate_from_v29_to_v30:5944 - Migrating schema from V29 to V30 for 'rag_char_chat_schema' in DB: db_sha256=memory...
2026-10-03 19:17:29.112 | DEBUG    | tldw_chatbook.DB.ChaChaNotes_DB:_enter_transaction:24458 - Entered nested transaction level 2 on thread 8494865792.
2026-10-03 19:17:29.117 | DEBUG    | tldw_chatbook.DB.ChaChaNotes_DB:_migrate_from_v29_to_v30:5970 - [rag_char_chat_schema V29→V30] Migration script executed.
2026-10-03 19:17:29.117 | INFO     | tldw_chatbook.DB.ChaChaNotes_DB:_migrate_from_v29_to_v30:5994 - [rag_char_chat_schema V29→V30] Migration completed successfully for DB: db_sha256=memory.
2026-10-03 19:17:29.117 | INFO     | tldw_chatbook.DB.ChaChaNotes_DB:_migrate_from_v30_to_v31:6021 - Migrating schema from V30 to V31 for 'rag_char_chat_schema' in DB: db_sha256=memory...
2026-10-03 19:17:29.117 | DEBUG    | tldw_chatbook.DB.ChaChaNotes_DB:_enter_transaction:24458 - Entered nested transaction level 2 on thread 8494865792.
2026-10-03 19:17:29.122 | DEBUG    | tldw_chatbook.DB.ChaChaNotes_DB:_migrate_from_v30_to_v31:6047 - [rag_char_chat_schema V30→V31] Migration script executed.
2026-10-03 19:17:29.123 | INFO     | tldw_chatbook.DB.ChaChaNotes_DB:_migrate_from_v30_to_v31:6071 - [rag_char_chat_schema V30→V31] Migration completed successfully for DB: db_sha256=memory.
2026-10-03 19:17:29.123 | INFO     | tldw_chatbook.DB.ChaChaNotes_DB:_migrate_from_v31_to_v32:6104 - Migrating schema from V31 to V32 for 'rag_char_chat_schema' in DB: db_sha256=memory...
2026-10-03 19:17:29.123 | DEBUG    | tldw_chatbook.DB.ChaChaNotes_DB:_enrich_default_assistant_card_if_bare:4749 - [task-2451] Default Assistant enrichment UPDATE affected 0 row(s) in DB: db_sha256=memory.
2026-10-03 19:17:29.123 | INFO     | tldw_chatbook.DB.ChaChaNotes_DB:_migrate_from_v31_to_v32:6130 - [rag_char_chat_schema V31→V32] Migration completed successfully for DB: db_sha256=memory.
2026-10-03 19:17:29.124 | DEBUG    | tldw_chatbook.DB.ChaChaNotes_DB:_enter_transaction:24458 - Entered nested transaction level 2 on thread 8494865792.
2026-10-03 19:17:29.127 | DEBUG    | tldw_chatbook.DB.ChaChaNotes_DB:_enter_transaction:24458 - Entered nested transaction level 2 on thread 8494865792.
2026-10-03 19:17:29.138 | DEBUG    | tldw_chatbook.DB.ChaChaNotes_DB:_enter_transaction:24458 - Entered nested transaction level 2 on thread 8494865792.
2026-10-03 19:17:29.146 | DEBUG    | tldw_chatbook.DB.ChaChaNotes_DB:_enter_transaction:24458 - Entered nested transaction level 2 on thread 8494865792.
2026-10-03 19:17:29.151 | DEBUG    | tldw_chatbook.DB.ChaChaNotes_DB:_enter_transaction:24458 - Entered nested transaction level 2 on thread 8494865792.
2026-10-03 19:17:29.160 | DEBUG    | tldw_chatbook.DB.ChaChaNotes_DB:_enter_transaction:24458 - Entered nested transaction level 2 on thread 8494865792.
2026-10-03 19:17:29.162 | DEBUG    | tldw_chatbook.DB.ChaChaNotes_DB:_enter_transaction:24458 - Entered nested transaction level 2 on thread 8494865792.
2026-10-03 19:17:29.164 | DEBUG    | tldw_chatbook.DB.ChaChaNotes_DB:_enter_transaction:24458 - Entered nested transaction level 2 on thread 8494865792.
2026-10-03 19:17:29.165 | DEBUG    | tldw_chatbook.DB.ChaChaNotes_DB:_enter_transaction:24458 - Entered nested transaction level 2 on thread 8494865792.
2026-10-03 19:17:29.167 | INFO     | tldw_chatbook.DB.ChaChaNotes_DB:_migrate_from_v41_to_v42:6450 - Migrating schema from V41 to V42 for 'rag_char_chat_schema' in DB: db_sha256=memory...
2026-10-03 19:17:29.169 | INFO     | tldw_chatbook.DB.ChaChaNotes_DB:_migrate_from_v41_to_v42:6514 - [rag_char_chat_schema V41→V42] conversations.console_project_context_json already present; applying the version bump only.
2026-10-03 19:17:29.169 | INFO     | tldw_chatbook.DB.ChaChaNotes_DB:_migrate_from_v42_to_v43:6564 - Migrating schema from V42 to V43 for 'rag_char_chat_schema' in DB: db_sha256=memory...
2026-10-03 19:17:29.169 | DEBUG    | tldw_chatbook.DB.ChaChaNotes_DB:_enter_transaction:24458 - Entered nested transaction level 2 on thread 8494865792.
2026-10-03 19:17:29.172 | INFO     | tldw_chatbook.DB.ChaChaNotes_DB:_migrate_from_v42_to_v43:6703 - [rag_char_chat_schema V42→V43] Migration completed successfully for DB: db_sha256=memory.
2026-10-03 19:17:29.172 | INFO     | tldw_chatbook.DB.ChaChaNotes_DB:_migrate_from_v43_to_v44:6733 - Migrating schema from V43 to V44 for 'rag_char_chat_schema' in DB: db_sha256=memory...
2026-10-03 19:17:29.172 | DEBUG    | tldw_chatbook.DB.ChaChaNotes_DB:_enter_transaction:24458 - Entered nested transaction level 2 on thread 8494865792.
2026-10-03 19:17:29.189 | INFO     | tldw_chatbook.DB.ChaChaNotes_DB:_migrate_from_v43_to_v44:6773 - [rag_char_chat_schema V43→V44] Migration completed successfully for DB: db_sha256=memory.
2026-10-03 19:17:29.189 | INFO     | tldw_chatbook.DB.ChaChaNotes_DB:_migrate_from_v44_to_v45:6842 - Actor Pack schema migration started: chachanotes_v44_to_v45
2026-10-03 19:17:29.189 | DEBUG    | tldw_chatbook.DB.ChaChaNotes_DB:_enter_transaction:24458 - Entered nested transaction level 2 on thread 8494865792.
2026-10-03 19:17:29.191 | INFO     | tldw_chatbook.DB.ChaChaNotes_DB:_migrate_from_v44_to_v45:6875 - Actor Pack schema migration completed: chachanotes_v44_to_v45
2026-10-03 19:17:29.191 | INFO     | tldw_chatbook.DB.ChaChaNotes_DB:_migrate_from_v45_to_v46:6919 - Migrating schema from V45 to V46 for 'rag_char_chat_schema' in DB: db_sha256=memory...
2026-10-03 19:17:29.192 | DEBUG    | tldw_chatbook.DB.ChaChaNotes_DB:_enter_transaction:24458 - Entered nested transaction level 2 on thread 8494865792.
2026-10-03 19:17:29.201 | INFO     | tldw_chatbook.DB.ChaChaNotes_DB:_migrate_from_v45_to_v46:6965 - [rag_char_chat_schema V45→V46] Migration completed successfully for DB: db_sha256=memory. Purged 0 unreachable sync_log row(s) of 1.
2026-10-03 19:17:29.201 | INFO     | tldw_chatbook.DB.ChaChaNotes_DB:_migrate_from_v46_to_v47:7007 - Migrating schema from V46 to V47 for 'rag_char_chat_schema' in DB: db_sha256=memory...
2026-10-03 19:17:29.201 | DEBUG    | tldw_chatbook.DB.ChaChaNotes_DB:_enter_transaction:24458 - Entered nested transaction level 2 on thread 8494865792.
2026-10-03 19:17:29.205 | INFO     | tldw_chatbook.DB.ChaChaNotes_DB:_migrate_from_v46_to_v47:7042 - [rag_char_chat_schema V46→V47] Migration completed successfully for DB: db_sha256=memory.
2026-10-03 19:17:29.205 | DEBUG    | tldw_chatbook.DB.ChaChaNotes_DB:_enter_transaction:24458 - Entered nested transaction level 2 on thread 8494865792.
2026-10-03 19:17:29.223 | INFO     | tldw_chatbook.DB.ChaChaNotes_DB:_migrate_from_v48_to_v49:7198 - Migrating schema from V48 to V49 for 'rag_char_chat_schema' in DB: db_sha256=memory...
2026-10-03 19:17:29.223 | DEBUG    | tldw_chatbook.DB.ChaChaNotes_DB:_enter_transaction:24458 - Entered nested transaction level 2 on thread 8494865792.
2026-10-03 19:17:29.226 | INFO     | tldw_chatbook.DB.ChaChaNotes_DB:_migrate_from_v48_to_v49:7233 - [rag_char_chat_schema V48→V49] Migration completed successfully for DB: db_sha256=memory.
2026-10-03 19:17:29.226 | INFO     | tldw_chatbook.DB.ChaChaNotes_DB:_migrate_from_v49_to_v50:7281 - Migrating schema from V49 to V50 for 'rag_char_chat_schema' in DB: db_sha256=memory...
2026-10-03 19:17:29.226 | DEBUG    | tldw_chatbook.DB.ChaChaNotes_DB:_enter_transaction:24458 - Entered nested transaction level 2 on thread 8494865792.
2026-10-03 19:17:29.228 | INFO     | tldw_chatbook.DB.ChaChaNotes_DB:_migrate_from_v49_to_v50:7315 - [rag_char_chat_schema V49→V50] Migration completed successfully for DB: db_sha256=memory.
2026-10-03 19:17:29.228 | DEBUG    | tldw_chatbook.DB.ChaChaNotes_DB:_enter_transaction:24458 - Entered nested transaction level 2 on thread 8494865792.
2026-10-03 19:17:29.235 | DEBUG    | tldw_chatbook.DB.ChaChaNotes_DB:_enter_transaction:24458 - Entered nested transaction level 2 on thread 8494865792.
2026-10-03 19:17:29.253 | INFO     | tldw_chatbook.DB.ChaChaNotes_DB:_migrate_from_v52_to_v53:7440 - Migrating schema from V52 to V53 for 'rag_char_chat_schema' in DB: db_sha256=memory...
2026-10-03 19:17:29.253 | DEBUG    | tldw_chatbook.DB.ChaChaNotes_DB:_enter_transaction:24458 - Entered nested transaction level 2 on thread 8494865792.
2026-10-03 19:17:29.254 | INFO     | tldw_chatbook.DB.ChaChaNotes_DB:_migrate_from_v52_to_v53:7505 - [rag_char_chat_schema V52→V53] Migration completed for DB: db_sha256=memory (examined 0, compacted 0, skipped 0 unreadable).
2026-10-03 19:17:29.254 | DEBUG    | tldw_chatbook.DB.ChaChaNotes_DB:_enter_transaction:24458 - Entered nested transaction level 2 on thread 8494865792.
2026-10-03 19:17:29.264 | DEBUG    | tldw_chatbook.DB.ChaChaNotes_DB:_enter_transaction:24458 - Entered nested transaction level 2 on thread 8494865792.
2026-10-03 19:17:29.268 | DEBUG    | tldw_chatbook.DB.ChaChaNotes_DB:_enter_transaction:24458 - Entered nested transaction level 2 on thread 8494865792.
2026-10-03 19:17:29.304 | DEBUG    | tldw_chatbook.DB.ChaChaNotes_DB:_enter_transaction:24458 - Entered nested transaction level 2 on thread 8494865792.
2026-10-03 19:17:29.309 | DEBUG    | tldw_chatbook.DB.ChaChaNotes_DB:_enter_transaction:24458 - Entered nested transaction level 2 on thread 8494865792.
2026-10-03 19:17:29.341 | DEBUG    | tldw_chatbook.DB.ChaChaNotes_DB:_enter_transaction:24458 - Entered nested transaction level 2 on thread 8494865792.
2026-10-03 19:17:29.343 | DEBUG    | tldw_chatbook.DB.ChaChaNotes_DB:_enter_transaction:24458 - Entered nested transaction level 2 on thread 8494865792.
2026-10-03 19:17:29.345 | DEBUG    | tldw_chatbook.DB.ChaChaNotes_DB:_enter_transaction:24458 - Entered nested transaction level 2 on thread 8494865792.
2026-10-03 19:17:29.347 | DEBUG    | tldw_chatbook.DB.ChaChaNotes_DB:_enter_transaction:24458 - Entered nested transaction level 2 on thread 8494865792.
2026-10-03 19:17:29.378 | DEBUG    | tldw_chatbook.DB.ChaChaNotes_DB:_enter_transaction:24458 - Entered nested transaction level 2 on thread 8494865792.
2026-10-03 19:17:29.390 | DEBUG    | tldw_chatbook.DB.ChaChaNotes_DB:_enter_transaction:24458 - Entered nested transaction level 2 on thread 8494865792.
2026-10-03 19:17:29.426 | DEBUG    | tldw_chatbook.DB.ChaChaNotes_DB:_enter_transaction:24458 - Entered nested transaction level 2 on thread 8494865792.
2026-10-03 19:17:29.428 | DEBUG    | tldw_chatbook.DB.ChaChaNotes_DB:_enter_transaction:24458 - Entered nested transaction level 2 on thread 8494865792.
2026-10-03 19:17:29.436 | DEBUG    | tldw_chatbook.DB.ChaChaNotes_DB:_enter_transaction:24458 - Entered nested transaction level 3 on thread 8494865792.
2026-10-03 19:17:29.436 | DEBUG    | tldw_chatbook.DB.ChaChaNotes_DB:_enter_transaction:24458 - Entered nested transaction level 3 on thread 8494865792.
2026-10-03 19:17:29.437 | DEBUG    | tldw_chatbook.DB.ChaChaNotes_DB:_enter_transaction:24458 - Entered nested transaction level 2 on thread 8494865792.
2026-10-03 19:17:29.444 | DEBUG    | tldw_chatbook.DB.ChaChaNotes_DB:_enter_transaction:24458 - Entered nested transaction level 2 on thread 8494865792.
2026-10-03 19:17:29.481 | DEBUG    | tldw_chatbook.DB.ChaChaNotes_DB:_enter_transaction:24458 - Entered nested transaction level 2 on thread 8494865792.
2026-10-03 19:17:29.487 | DEBUG    | tldw_chatbook.DB.ChaChaNotes_DB:_enter_transaction:24458 - Entered nested transaction level 2 on thread 8494865792.
2026-10-03 19:17:29.490 | DEBUG    | tldw_chatbook.DB.ChaChaNotes_DB:_enter_transaction:24458 - Entered nested transaction level 2 on thread 8494865792.
2026-10-03 19:17:29.505 | DEBUG    | tldw_chatbook.DB.ChaChaNotes_DB:_enter_transaction:24458 - Entered nested transaction level 2 on thread 8494865792.
2026-10-03 19:17:29.536 | DEBUG    | tldw_chatbook.DB.ChaChaNotes_DB:_enter_transaction:24458 - Entered nested transaction level 2 on thread 8494865792.
2026-10-03 19:17:29.537 | DEBUG    | tldw_chatbook.DB.ChaChaNotes_DB:_enter_transaction:24458 - Entered nested transaction level 2 on thread 8494865792.
2026-10-03 19:17:29.549 | DEBUG    | tldw_chatbook.DB.ChaChaNotes_DB:_enter_transaction:24458 - Entered nested transaction level 2 on thread 8494865792.
2026-10-03 19:17:29.552 | DEBUG    | tldw_chatbook.DB.ChaChaNotes_DB:_enter_transaction:24458 - Entered nested transaction level 2 on thread 8494865792.
2026-10-03 19:17:29.600 | INFO     | tldw_chatbook.DB.ChaChaNotes_DB:_initialize_schema:8685 - Database schema 'rag_char_chat_schema' successfully initialized/migrated to version 76.
2026-10-03 19:17:29.600 | DEBUG    | tldw_chatbook.DB.ChaChaNotes_DB:_exit_transaction:24552 - Transaction (outermost) committed successfully on thread 8494865792.
2026-10-03 19:17:29.600 | DEBUG    | tldw_chatbook.DB.ChaChaNotes_DB:__init__:3399 - CharactersRAGDB initialization completed successfully db_sha256=memory
2026-10-03 19:17:30.188 | DEBUG    | tldw_chatbook.UI.Navigation.base_app_screen:__init__:89 - Initializing ChatScreen screen: chat
2026-10-03 19:17:30.213 | DEBUG    | tldw_chatbook.DB.ChaChaNotes_DB:_enter_transaction:24489 - Started outermost transaction on thread 8494865792.
2026-10-03 19:17:30.213 | DEBUG    | tldw_chatbook.DB.ChaChaNotes_DB:_exit_transaction:24552 - Transaction (outermost) committed successfully on thread 8494865792.
2026-10-03 19:17:30.224 | DEBUG    | tldw_chatbook.Chat.chat_persistence_service:__init__:271 - Recovered-media message source is unavailable.
2026-10-03 19:17:30.331 | ERROR    | tldw_chatbook.UI.Navigation.base_app_screen:_compose_content_or_failure:446 - Screen content failed to compose (screen='chat', exception_category=AttributeError).
Traceback (most recent call last):
  File "<frozen runpy>", line 198, in _run_module_as_main
  File "<frozen runpy>", line 88, in _run_code
  File "/Users/macbook-dev/Documents/GitHub/tldw_chatbook/.venv/lib/python3.12/site-packages/pytest/__main__.py", line 9, in <module>
    raise SystemExit(pytest.console_main())
  File "/Users/macbook-dev/Documents/GitHub/tldw_chatbook/.venv/lib/python3.12/site-packages/_pytest/config/__init__.py", line 201, in console_main
    code = main()
  File "/Users/macbook-dev/Documents/GitHub/tldw_chatbook/.venv/lib/python3.12/site-packages/_pytest/config/__init__.py", line 175, in main
    ret: ExitCode | int = config.hook.pytest_cmdline_main(config=config)
  File "/Users/macbook-dev/Documents/GitHub/tldw_chatbook/.venv/lib/python3.12/site-packages/pluggy/_hooks.py", line 512, in __call__
    return self._hookexec(self.name, self._hookimpls.copy(), kwargs, firstresult)
  File "/Users/macbook-dev/Documents/GitHub/tldw_chatbook/.venv/lib/python3.12/site-packages/pluggy/_manager.py", line 120, in _hookexec
    return self._inner_hookexec(hook_name, methods, kwargs, firstresult)
  File "/Users/macbook-dev/Documents/GitHub/tldw_chatbook/.venv/lib/python3.12/site-packages/pluggy/_callers.py", line 121, in _multicall
    res = hook_impl.function(*args)
  File "/Users/macbook-dev/Documents/GitHub/tldw_chatbook/.venv/lib/python3.12/site-packages/_pytest/main.py", line 336, in pytest_cmdline_main
    return wrap_session(config, _main)
  File "/Users/macbook-dev/Documents/GitHub/tldw_chatbook/.venv/lib/python3.12/site-packages/_pytest/main.py", line 289, in wrap_session
    session.exitstatus = doit(config, session) or 0
  File "/Users/macbook-dev/Documents/GitHub/tldw_chatbook/.venv/lib/python3.12/site-packages/_pytest/main.py", line 343, in _main
    config.hook.pytest_runtestloop(session=session)
  File "/Users/macbook-dev/Documents/GitHub/tldw_chatbook/.venv/lib/python3.12/site-packages/pluggy/_hooks.py", line 512, in __call__
    return self._hookexec(self.name, self._hookimpls.copy(), kwargs, firstresult)
  File "/Users/macbook-dev/Documents/GitHub/tldw_chatbook/.venv/lib/python3.12/site-packages/pluggy/_manager.py", line 120, in _hookexec
    return self._inner_hookexec(hook_name, methods, kwargs, firstresult)
  File "/Users/macbook-dev/Documents/GitHub/tldw_chatbook/.venv/lib/python3.12/site-packages/pluggy/_callers.py", line 121, in _multicall
    res = hook_impl.function(*args)
  File "/Users/macbook-dev/Documents/GitHub/tldw_chatbook/.venv/lib/python3.12/site-packages/_pytest/main.py", line 367, in pytest_runtestloop
    item.config.hook.pytest_runtest_protocol(item=item, nextitem=nextitem)
  File "/Users/macbook-dev/Documents/GitHub/tldw_chatbook/.venv/lib/python3.12/site-packages/pluggy/_hooks.py", line 512, in __call__
    return self._hookexec(self.name, self._hookimpls.copy(), kwargs, firstresult)
  File "/Users/macbook-dev/Documents/GitHub/tldw_chatbook/.venv/lib/python3.12/site-packages/pluggy/_manager.py", line 120, in _hookexec
    return self._inner_hookexec(hook_name, methods, kwargs, firstresult)
  File "/Users/macbook-dev/Documents/GitHub/tldw_chatbook/.venv/lib/python3.12/site-packages/pluggy/_callers.py", line 121, in _multicall
    res = hook_impl.function(*args)
  File "/Users/macbook-dev/Documents/GitHub/tldw_chatbook/.venv/lib/python3.12/site-packages/_pytest/runner.py", line 117, in pytest_runtest_protocol
    runtestprotocol(item, nextitem=nextitem)
  File "/Users/macbook-dev/Documents/GitHub/tldw_chatbook/.venv/lib/python3.12/site-packages/_pytest/runner.py", line 136, in runtestprotocol
    reports.append(call_and_report(item, "call", log))
  File "/Users/macbook-dev/Documents/GitHub/tldw_chatbook/.venv/lib/python3.12/site-packages/_pytest/runner.py", line 245, in call_and_report
    call = CallInfo.from_call(
  File "/Users/macbook-dev/Documents/GitHub/tldw_chatbook/.venv/lib/python3.12/site-packages/_pytest/runner.py", line 344, in from_call
    result: TResult | None = func()
  File "/Users/macbook-dev/Documents/GitHub/tldw_chatbook/.venv/lib/python3.12/site-packages/_pytest/runner.py", line 246, in <lambda>
    lambda: runtest_hook(item=item, **kwds), when=when, reraise=reraise
  File "/Users/macbook-dev/Documents/GitHub/tldw_chatbook/.venv/lib/python3.12/site-packages/pluggy/_hooks.py", line 512, in __call__
    return self._hookexec(self.name, self._hookimpls.copy(), kwargs, firstresult)
  File "/Users/macbook-dev/Documents/GitHub/tldw_chatbook/.venv/lib/python3.12/site-packages/pluggy/_manager.py", line 120, in _hookexec
    return self._inner_hookexec(hook_name, methods, kwargs, firstresult)
  File "/Users/macbook-dev/Documents/GitHub/tldw_chatbook/.venv/lib/python3.12/site-packages/pluggy/_callers.py", line 121, in _multicall
    res = hook_impl.function(*args)
  File "/Users/macbook-dev/Documents/GitHub/tldw_chatbook/.venv/lib/python3.12/site-packages/_pytest/runner.py", line 178, in pytest_runtest_call
    item.runtest()
  File "/Users/macbook-dev/Documents/GitHub/tldw_chatbook/.venv/lib/python3.12/site-packages/pytest_asyncio/plugin.py", line 474, in runtest
    super().runtest()
  File "/Users/macbook-dev/Documents/GitHub/tldw_chatbook/.venv/lib/python3.12/site-packages/_pytest/python.py", line 1671, in runtest
    self.ihook.pytest_pyfunc_call(pyfuncitem=self)
  File "/Users/macbook-dev/Documents/GitHub/tldw_chatbook/.venv/lib/python3.12/site-packages/pluggy/_hooks.py", line 512, in __call__
    return self._hookexec(self.name, self._hookimpls.copy(), kwargs, firstresult)
  File "/Users/macbook-dev/Documents/GitHub/tldw_chatbook/.venv/lib/python3.12/site-packages/pluggy/_manager.py", line 120, in _hookexec
    return self._inner_hookexec(hook_name, methods, kwargs, firstresult)
  File "/Users/macbook-dev/Documents/GitHub/tldw_chatbook/.venv/lib/python3.12/site-packages/pluggy/_callers.py", line 121, in _multicall
    res = hook_impl.function(*args)
  File "/Users/macbook-dev/Documents/GitHub/tldw_chatbook/.venv/lib/python3.12/site-packages/_pytest/python.py", line 157, in pytest_pyfunc_call
    result = testfunction(**testargs)
  File "/Users/macbook-dev/Documents/GitHub/tldw_chatbook/.venv/lib/python3.12/site-packages/pytest_asyncio/plugin.py", line 721, in inner
    runner.run(coro, context=context)
  File "/Users/macbook-dev/.local/share/uv/python/cpython-3.12.11-macos-aarch64-none/lib/python3.12/asyncio/runners.py", line 118, in run
    return self._loop.run_until_complete(task)
  File "/Users/macbook-dev/.local/share/uv/python/cpython-3.12.11-macos-aarch64-none/lib/python3.12/asyncio/base_events.py", line 678, in run_until_complete
    self.run_forever()
  File "/Users/macbook-dev/.local/share/uv/python/cpython-3.12.11-macos-aarch64-none/lib/python3.12/asyncio/base_events.py", line 645, in run_forever
    self._run_once()
  File "/Users/macbook-dev/.local/share/uv/python/cpython-3.12.11-macos-aarch64-none/lib/python3.12/asyncio/base_events.py", line 1999, in _run_once
    handle._run()
  File "/Users/macbook-dev/.local/share/uv/python/cpython-3.12.11-macos-aarch64-none/lib/python3.12/asyncio/events.py", line 88, in _run
    self._context.run(self._callback, *self._args)
  File "/Users/macbook-dev/Documents/GitHub/tldw_chatbook/.venv/lib/python3.12/site-packages/textual/message_pump.py", line 566, in _process_messages
    if not await self._pre_process():
  File "/Users/macbook-dev/Documents/GitHub/tldw_chatbook/.venv/lib/python3.12/site-packages/textual/message_pump.py", line 599, in _pre_process
    await self._dispatch_message(events.Compose())
  File "/Users/macbook-dev/Documents/GitHub/tldw_chatbook/.venv/lib/python3.12/site-packages/textual/message_pump.py", line 727, in _dispatch_message
    await self.on_event(message)
  File "/Users/macbook-dev/Documents/GitHub/tldw_chatbook/.venv/lib/python3.12/site-packages/textual/message_pump.py", line 808, in on_event
    await self._on_message(event)
  File "/Users/macbook-dev/Documents/GitHub/tldw_chatbook/.venv/lib/python3.12/site-packages/textual/message_pump.py", line 829, in _on_message
    await invoke(method, message)
  File "/Users/macbook-dev/Documents/GitHub/tldw_chatbook/.venv/lib/python3.12/site-packages/textual/_callback.py", line 96, in invoke
    return await _invoke(callback, *params)
  File "/Users/macbook-dev/Documents/GitHub/tldw_chatbook/.venv/lib/python3.12/site-packages/textual/_callback.py", line 58, in _invoke
    result = await result
  File "/Users/macbook-dev/Documents/GitHub/tldw_chatbook/.venv/lib/python3.12/site-packages/textual/widget.py", line 4714, in _on_compose
    await self._compose()
  File "/Users/macbook-dev/Documents/GitHub/tldw_chatbook/.venv/lib/python3.12/site-packages/textual/screen.py", line 1486, in _compose
    await super()._compose()
  File "/Users/macbook-dev/Documents/GitHub/tldw_chatbook/.venv/lib/python3.12/site-packages/textual/widget.py", line 4718, in _compose
    widgets = [*self._pending_children, *compose(self)]
  File "/Users/macbook-dev/Documents/GitHub/tldw_chatbook/.venv/lib/python3.12/site-packages/textual/compose.py", line 54, in compose
    child = next(iter_compose)
  File "/private/tmp/console-pr2995-base-nfsxecon/tldw_chatbook/UI/Navigation/base_app_screen.py", line 391, in compose
    yield from self._compose_content_or_failure()
> File "/private/tmp/console-pr2995-base-nfsxecon/tldw_chatbook/UI/Navigation/base_app_screen.py", line 444, in _compose_content_or_failure
    yield from self.compose_content()
  File "/private/tmp/console-pr2995-base-nfsxecon/tldw_chatbook/UI/Screens/chat_screen.py", line 16198, in compose_content
    settings_summary_state = self._build_console_settings_summary_state()
  File "/private/tmp/console-pr2995-base-nfsxecon/tldw_chatbook/UI/Screens/chat_screen.py", line 8432, in _build_console_settings_summary_state
    estimate = self._active_console_settings_context_estimate()
  File "/private/tmp/console-pr2995-base-nfsxecon/tldw_chatbook/UI/Screens/chat_screen.py", line 8144, in _active_console_settings_context_estimate
    return self._console_settings_context_estimate_for_session(session_id)
  File "/private/tmp/console-pr2995-base-nfsxecon/tldw_chatbook/UI/Screens/chat_screen.py", line 8270, in _console_settings_context_estimate_for_session
    self._ensure_console_provider_gateway().cached_context_window(settings)
AttributeError: 'BlockedGateway' object has no attribute 'cached_context_window'
2026-10-03 19:17:30.403 | DEBUG    | tldw_chatbook.UI.Console_Modules.workspace:_persisted_console_browser_rows:3825 - Local persisted conversation service is unavailable
2026-10-03 19:17:30.403 | DEBUG    | tldw_chatbook.UI.Screens.chat_screen:_sync_console_workspace_context:14058 - No Console workspace context tray available for sync
2026-10-03 19:17:30.405 | INFO     | tldw_chatbook.config:save_setting_to_cli_config:9309 - Attempting to save setting: [console.rail_state].console_rail_state:global:shared-layout-v1 = {'left_open': True, 'workspace_open': False, 'conversations_open': True, 'model_open': False, 'details_open': False, 'agent_open': False, 'inspector_more_open': False, 'environment_open': True, 'tasks_open': True}
2026-10-03 19:17:30.408 | WARNING  | tldw_chatbook.Chat.console_fleet_wake:recover:1001 - wake recovery failed (exception_type=AttributeError)
2026-10-03 19:17:30.854 | DEBUG    | tldw_chatbook.UI.Screens.chat_screen:_sync_console_workspace_context:14058 - No Console workspace context tray available for sync
2026-10-03 19:17:30.873 | INFO     | tldw_chatbook.config:_apply_literal_settings_transaction_locked:8612 - Attempting to apply literal settings mutation: sets={"('console', 'rail_state')": ['console_rail_state:global:shared-layout-v1']}, deletes={}
2026-10-03 19:17:30.965 | DEBUG    | tldw_chatbook.Widgets.compact_model_bar:handle_compact_temp_change:203 - Sidebar temperature input not found for sync
2026-10-03 19:17:30.975 | SUCCESS  | tldw_chatbook.config:_apply_literal_settings_transaction_locked:8670 - Successfully replaced settings file at /Users/macbook-dev/.codex/worktrees/console-chat-starts/tldw_chatbook/.superpowers/sdd/2026-10-03-console-pr2995-review-and-merge/composer-failures-base-profile-yvla87wr/config/config.toml
2026-10-03 19:17:30.983 | INFO     | tldw_chatbook.config:_load_settings_uncached:2134 - Determined ACTUAL_PROJECT_ROOT for general paths: /private/tmp/console-pr2995-base-nfsxecon/tldw_chatbook
2026-10-03 19:17:30.984 | INFO     | tldw_chatbook.config:_load_settings_uncached:2137 - Determined APP_COMPONENT_ROOT for config files: /private/tmp/console-pr2995-base-nfsxecon/tldw_chatbook
2026-10-03 19:17:30.987 | DEBUG    | tldw_chatbook.config:_load_settings_uncached:2160 - load_settings: Configuration loaded from disk (cache miss or forced reload)
2026-10-03 19:17:30.989 | DEBUG    | tldw_chatbook.config:_load_settings_uncached:2482 - Darwin platform-preferred STT provider resolved to: faster-whisper
2026-10-03 19:17:31.082 | INFO     | tldw_chatbook.UI.Navigation.base_app_screen:on_mount:532 - Screen chat mounted
2026-10-03 19:17:31.083 | DEBUG    | tldw_chatbook.DB.ChaChaNotes_DB:_enter_transaction:24489 - Started outermost transaction on thread 8494865792.
2026-10-03 19:17:31.086 | DEBUG    | tldw_chatbook.DB.ChaChaNotes_DB:_exit_transaction:24552 - Transaction (outermost) committed successfully on thread 8494865792.
2026-10-03 19:17:31.087 | DEBUG    | tldw_chatbook.UI.Screens.chat_screen:on_screen_resume:23581 - Chat screen resuming
2026-10-03 19:17:31.452 | DEBUG    | tldw_chatbook.config:_load_settings_uncached:3712 - Ensured chat dictionaries folder exists: /Users/macbook-dev/.codex/worktrees/console-chat-starts/tldw_chatbook/.superpowers/sdd/2026-10-03-console-pr2995-review-and-merge/composer-failures-base-profile-yvla87wr/home/.local/share/tldw_cli/default_user/chat_dicts
2026-10-03 19:17:31.463 | DEBUG    | tldw_chatbook.config:_load_settings_uncached:3743 - load_settings: Configuration cached for future use
2026-10-03 19:17:31.466 | INFO     | tldw_chatbook.config:_apply_literal_settings_transaction_locked:8698 - Global configuration caches invalidated and reloaded.
2026-10-03 19:17:32.333 | DEBUG    | tldw_chatbook.DB.ChaChaNotes_DB:_enter_transaction:24489 - Started outermost transaction on thread 8494865792.
2026-10-03 19:17:32.334 | DEBUG    | tldw_chatbook.DB.ChaChaNotes_DB:_exit_transaction:24552 - Transaction (outermost) committed successfully on thread 8494865792.
2026-10-03 19:17:32.370 | INFO     | tldw_chatbook.UI.Navigation.base_app_screen:on_unmount:563 - Screen chat unmounted
2026-10-03 19:17:32.386 | DEBUG    | tldw_chatbook.LLM_Calls.pricing_catalog:_compile_patterns:655 - Compiled 10 pricing patterns for provider anthropic
2026-10-03 19:17:32.389 | DEBUG    | tldw_chatbook.LLM_Calls.pricing_catalog:_compile_patterns:655 - Compiled 18 pricing patterns for provider openai
2026-10-03 19:17:32.389 | DEBUG    | tldw_chatbook.LLM_Calls.pricing_catalog:_compile_patterns:655 - Compiled 5 pricing patterns for provider cohere
2026-10-03 19:17:32.390 | DEBUG    | tldw_chatbook.LLM_Calls.pricing_catalog:_compile_patterns:655 - Compiled 5 pricing patterns for provider google
2026-10-03 19:17:32.393 | DEBUG    | tldw_chatbook.LLM_Calls.pricing_catalog:_compile_patterns:655 - Compiled 4 pricing patterns for provider mistral
2026-10-03 19:17:32.393 | DEBUG    | tldw_chatbook.LLM_Calls.pricing_catalog:_compile_patterns:655 - Compiled 4 pricing patterns for provider mistralai
2026-10-03 19:17:32.393 | DEBUG    | tldw_chatbook.LLM_Calls.pricing_catalog:_compile_patterns:655 - Compiled 2 pricing patterns for provider deepseek
2026-10-03 19:17:32.393 | DEBUG    | tldw_chatbook.LLM_Calls.pricing_catalog:__init__:630 - PricingCatalog initialized with 62 direct mappings and patterns for 7 providers
2026-10-03 19:17:32.394 | WARNING  | tldw_chatbook.UI.Screens.chat_screen:_build_console_cost_state:11766 - cost_chip_state_failed
Traceback (most recent call last):
  File "<frozen runpy>", line 198, in _run_module_as_main
  File "<frozen runpy>", line 88, in _run_code
  File "/Users/macbook-dev/Documents/GitHub/tldw_chatbook/.venv/lib/python3.12/site-packages/pytest/__main__.py", line 9, in <module>
    raise SystemExit(pytest.console_main())
  File "/Users/macbook-dev/Documents/GitHub/tldw_chatbook/.venv/lib/python3.12/site-packages/_pytest/config/__init__.py", line 201, in console_main
    code = main()
  File "/Users/macbook-dev/Documents/GitHub/tldw_chatbook/.venv/lib/python3.12/site-packages/_pytest/config/__init__.py", line 175, in main
    ret: ExitCode | int = config.hook.pytest_cmdline_main(config=config)
  File "/Users/macbook-dev/Documents/GitHub/tldw_chatbook/.venv/lib/python3.12/site-packages/pluggy/_hooks.py", line 512, in __call__
    return self._hookexec(self.name, self._hookimpls.copy(), kwargs, firstresult)
  File "/Users/macbook-dev/Documents/GitHub/tldw_chatbook/.venv/lib/python3.12/site-packages/pluggy/_manager.py", line 120, in _hookexec
    return self._inner_hookexec(hook_name, methods, kwargs, firstresult)
  File "/Users/macbook-dev/Documents/GitHub/tldw_chatbook/.venv/lib/python3.12/site-packages/pluggy/_callers.py", line 121, in _multicall
    res = hook_impl.function(*args)
  File "/Users/macbook-dev/Documents/GitHub/tldw_chatbook/.venv/lib/python3.12/site-packages/_pytest/main.py", line 336, in pytest_cmdline_main
    return wrap_session(config, _main)
  File "/Users/macbook-dev/Documents/GitHub/tldw_chatbook/.venv/lib/python3.12/site-packages/_pytest/main.py", line 289, in wrap_session
    session.exitstatus = doit(config, session) or 0
  File "/Users/macbook-dev/Documents/GitHub/tldw_chatbook/.venv/lib/python3.12/site-packages/_pytest/main.py", line 343, in _main
    config.hook.pytest_runtestloop(session=session)
  File "/Users/macbook-dev/Documents/GitHub/tldw_chatbook/.venv/lib/python3.12/site-packages/pluggy/_hooks.py", line 512, in __call__
    return self._hookexec(self.name, self._hookimpls.copy(), kwargs, firstresult)
  File "/Users/macbook-dev/Documents/GitHub/tldw_chatbook/.venv/lib/python3.12/site-packages/pluggy/_manager.py", line 120, in _hookexec
    return self._inner_hookexec(hook_name, methods, kwargs, firstresult)
  File "/Users/macbook-dev/Documents/GitHub/tldw_chatbook/.venv/lib/python3.12/site-packages/pluggy/_callers.py", line 121, in _multicall
    res = hook_impl.function(*args)
  File "/Users/macbook-dev/Documents/GitHub/tldw_chatbook/.venv/lib/python3.12/site-packages/_pytest/main.py", line 367, in pytest_runtestloop
    item.config.hook.pytest_runtest_protocol(item=item, nextitem=nextitem)
  File "/Users/macbook-dev/Documents/GitHub/tldw_chatbook/.venv/lib/python3.12/site-packages/pluggy/_hooks.py", line 512, in __call__
    return self._hookexec(self.name, self._hookimpls.copy(), kwargs, firstresult)
  File "/Users/macbook-dev/Documents/GitHub/tldw_chatbook/.venv/lib/python3.12/site-packages/pluggy/_manager.py", line 120, in _hookexec
    return self._inner_hookexec(hook_name, methods, kwargs, firstresult)
  File "/Users/macbook-dev/Documents/GitHub/tldw_chatbook/.venv/lib/python3.12/site-packages/pluggy/_callers.py", line 121, in _multicall
    res = hook_impl.function(*args)
  File "/Users/macbook-dev/Documents/GitHub/tldw_chatbook/.venv/lib/python3.12/site-packages/_pytest/runner.py", line 117, in pytest_runtest_protocol
    runtestprotocol(item, nextitem=nextitem)
  File "/Users/macbook-dev/Documents/GitHub/tldw_chatbook/.venv/lib/python3.12/site-packages/_pytest/runner.py", line 136, in runtestprotocol
    reports.append(call_and_report(item, "call", log))
  File "/Users/macbook-dev/Documents/GitHub/tldw_chatbook/.venv/lib/python3.12/site-packages/_pytest/runner.py", line 245, in call_and_report
    call = CallInfo.from_call(
  File "/Users/macbook-dev/Documents/GitHub/tldw_chatbook/.venv/lib/python3.12/site-packages/_pytest/runner.py", line 344, in from_call
    result: TResult | None = func()
  File "/Users/macbook-dev/Documents/GitHub/tldw_chatbook/.venv/lib/python3.12/site-packages/_pytest/runner.py", line 246, in <lambda>
    lambda: runtest_hook(item=item, **kwds), when=when, reraise=reraise
  File "/Users/macbook-dev/Documents/GitHub/tldw_chatbook/.venv/lib/python3.12/site-packages/pluggy/_hooks.py", line 512, in __call__
    return self._hookexec(self.name, self._hookimpls.copy(), kwargs, firstresult)
  File "/Users/macbook-dev/Documents/GitHub/tldw_chatbook/.venv/lib/python3.12/site-packages/pluggy/_manager.py", line 120, in _hookexec
    return self._inner_hookexec(hook_name, methods, kwargs, firstresult)
  File "/Users/macbook-dev/Documents/GitHub/tldw_chatbook/.venv/lib/python3.12/site-packages/pluggy/_callers.py", line 121, in _multicall
    res = hook_impl.function(*args)
  File "/Users/macbook-dev/Documents/GitHub/tldw_chatbook/.venv/lib/python3.12/site-packages/_pytest/runner.py", line 178, in pytest_runtest_call
    item.runtest()
  File "/Users/macbook-dev/Documents/GitHub/tldw_chatbook/.venv/lib/python3.12/site-packages/pytest_asyncio/plugin.py", line 474, in runtest
    super().runtest()
  File "/Users/macbook-dev/Documents/GitHub/tldw_chatbook/.venv/lib/python3.12/site-packages/_pytest/python.py", line 1671, in runtest
    self.ihook.pytest_pyfunc_call(pyfuncitem=self)
  File "/Users/macbook-dev/Documents/GitHub/tldw_chatbook/.venv/lib/python3.12/site-packages/pluggy/_hooks.py", line 512, in __call__
    return self._hookexec(self.name, self._hookimpls.copy(), kwargs, firstresult)
  File "/Users/macbook-dev/Documents/GitHub/tldw_chatbook/.venv/lib/python3.12/site-packages/pluggy/_manager.py", line 120, in _hookexec
    return self._inner_hookexec(hook_name, methods, kwargs, firstresult)
  File "/Users/macbook-dev/Documents/GitHub/tldw_chatbook/.venv/lib/python3.12/site-packages/pluggy/_callers.py", line 121, in _multicall
    res = hook_impl.function(*args)
  File "/Users/macbook-dev/Documents/GitHub/tldw_chatbook/.venv/lib/python3.12/site-packages/_pytest/python.py", line 157, in pytest_pyfunc_call
    result = testfunction(**testargs)
  File "/Users/macbook-dev/Documents/GitHub/tldw_chatbook/.venv/lib/python3.12/site-packages/pytest_asyncio/plugin.py", line 721, in inner
    runner.run(coro, context=context)
  File "/Users/macbook-dev/.local/share/uv/python/cpython-3.12.11-macos-aarch64-none/lib/python3.12/asyncio/runners.py", line 118, in run
    return self._loop.run_until_complete(task)
  File "/Users/macbook-dev/.local/share/uv/python/cpython-3.12.11-macos-aarch64-none/lib/python3.12/asyncio/base_events.py", line 678, in run_until_complete
    self.run_forever()
  File "/Users/macbook-dev/.local/share/uv/python/cpython-3.12.11-macos-aarch64-none/lib/python3.12/asyncio/base_events.py", line 645, in run_forever
    self._run_once()
  File "/Users/macbook-dev/.local/share/uv/python/cpython-3.12.11-macos-aarch64-none/lib/python3.12/asyncio/base_events.py", line 1999, in _run_once
    handle._run()
  File "/Users/macbook-dev/.local/share/uv/python/cpython-3.12.11-macos-aarch64-none/lib/python3.12/asyncio/events.py", line 88, in _run
    self._context.run(self._callback, *self._args)
  File "/Users/macbook-dev/Documents/GitHub/tldw_chatbook/.venv/lib/python3.12/site-packages/textual/message_pump.py", line 582, in _process_messages
    await self._message_loop_exit()
  File "/Users/macbook-dev/Documents/GitHub/tldw_chatbook/.venv/lib/python3.12/site-packages/textual/screen.py", line 1303, in _message_loop_exit
    await super()._message_loop_exit()
  File "/Users/macbook-dev/Documents/GitHub/tldw_chatbook/.venv/lib/python3.12/site-packages/textual/widget.py", line 4525, in _message_loop_exit
    await self._dispatch_message(events.Unmount())
  File "/Users/macbook-dev/Documents/GitHub/tldw_chatbook/.venv/lib/python3.12/site-packages/textual/message_pump.py", line 741, in _dispatch_message
    await self._flush_next_callbacks()
  File "/Users/macbook-dev/Documents/GitHub/tldw_chatbook/.venv/lib/python3.12/site-packages/textual/message_pump.py", line 702, in _flush_next_callbacks
    await invoke(callback.callback)
  File "/Users/macbook-dev/Documents/GitHub/tldw_chatbook/.venv/lib/python3.12/site-packages/textual/_callback.py", line 96, in invoke
    return await _invoke(callback, *params)
  File "/Users/macbook-dev/Documents/GitHub/tldw_chatbook/.venv/lib/python3.12/site-packages/textual/_callback.py", line 58, in _invoke
    result = await result
  File "/Users/macbook-dev/Documents/GitHub/tldw_chatbook/.venv/lib/python3.12/site-packages/textual/screen.py", line 1272, in _invoke_and_clear_callbacks
    await invoke(callback)
  File "/Users/macbook-dev/Documents/GitHub/tldw_chatbook/.venv/lib/python3.12/site-packages/textual/_callback.py", line 96, in invoke
    return await _invoke(callback, *params)
  File "/Users/macbook-dev/Documents/GitHub/tldw_chatbook/.venv/lib/python3.12/site-packages/textual/_callback.py", line 56, in _invoke
    result = callback(*params[:parameter_count])
  File "/private/tmp/console-pr2995-base-nfsxecon/tldw_chatbook/UI/Screens/chat_screen.py", line 21625, in _run_coalesced_control_bar_sync
    self._sync_console_control_bar()
  File "/private/tmp/console-pr2995-base-nfsxecon/tldw_chatbook/UI/Screens/chat_screen.py", line 21645, in _sync_console_control_bar
    return self._run_console_config_sync(
  File "/private/tmp/console-pr2995-base-nfsxecon/tldw_chatbook/UI/Screens/chat_screen.py", line 21676, in _run_console_config_sync
    sync()
  File "/private/tmp/console-pr2995-base-nfsxecon/tldw_chatbook/UI/Screens/chat_screen.py", line 21646, in <lambda>
    lambda: self._sync_console_control_bar_under_config(rail_state)
  File "/private/tmp/console-pr2995-base-nfsxecon/tldw_chatbook/UI/Screens/chat_screen.py", line 21764, in _sync_console_control_bar_under_config
    self._sync_console_cost_chip()
  File "/private/tmp/console-pr2995-base-nfsxecon/tldw_chatbook/UI/Screens/chat_screen.py", line 11780, in _sync_console_cost_chip
    cost_state = self._build_console_cost_state()
> File "/private/tmp/console-pr2995-base-nfsxecon/tldw_chatbook/UI/Screens/chat_screen.py", line 11745, in _build_console_cost_state
    context_state = self._active_console_context_control_state()
  File "/private/tmp/console-pr2995-base-nfsxecon/tldw_chatbook/UI/Screens/chat_screen.py", line 8376, in _active_console_context_control_state
    return self._console_context_control_state_for_session(
  File "/private/tmp/console-pr2995-base-nfsxecon/tldw_chatbook/UI/Screens/chat_screen.py", line 8395, in _console_context_control_state_for_session
    estimate = estimate or self._console_settings_context_estimate_for_session(
  File "/private/tmp/console-pr2995-base-nfsxecon/tldw_chatbook/UI/Screens/chat_screen.py", line 8270, in _console_settings_context_estimate_for_session
    self._ensure_console_provider_gateway().cached_context_window(settings)
AttributeError: 'BlockedGateway' object has no attribute 'cached_context_window'
2026-10-03 19:17:32.397 | DEBUG    | tldw_chatbook.DB.ChaChaNotes_DB:_get_thread_connection:3554 - Opened/Reopened SQLite connection db_sha256=memory thread=6155431936
2026-10-03 19:17:32.397 | DEBUG    | tldw_chatbook.DB.ChaChaNotes_DB:_enter_transaction:24489 - Started outermost transaction on thread 6155431936.
2026-10-03 19:17:32.397 | DEBUG    | tldw_chatbook.DB.ChaChaNotes_DB:_exit_transaction:24589 - Transaction (outermost) rolled back due to exception (OperationalError) on thread 6155431936.
2026-10-03 19:17:32.398 | DEBUG    | tldw_chatbook.DB.ChaChaNotes_DB:_enter_transaction:24489 - Started outermost transaction on thread 6155431936.
2026-10-03 19:17:32.398 | DEBUG    | tldw_chatbook.DB.ChaChaNotes_DB:_exit_transaction:24589 - Transaction (outermost) rolled back due to exception (OperationalError) on thread 6155431936.
2026-10-03 19:17:32.406 | DEBUG    | tldw_chatbook.UI.Screens.chat_screen:_reconcile_console_after_attach:16704 - Console attach reconciliation will retry (exception_type=AttributeError)
2026-10-03 19:17:32.417 | DEBUG    | tldw_chatbook.DB.ChaChaNotes_DB:_get_thread_connection:3554 - Opened/Reopened SQLite connection db_sha256=memory thread=6138605568
2026-10-03 19:17:32.436 | DEBUG    | tldw_chatbook.DB.ChaChaNotes_DB:_enter_transaction:24489 - Started outermost transaction on thread 6138605568.
2026-10-03 19:17:32.436 | DEBUG    | tldw_chatbook.DB.ChaChaNotes_DB:_exit_transaction:24589 - Transaction (outermost) rolled back due to exception (OperationalError) on thread 6138605568.
2026-10-03 19:17:32.438 | DEBUG    | tldw_chatbook.DB.ChaChaNotes_DB:_get_thread_connection:3554 - Opened/Reopened SQLite connection db_sha256=memory thread=6172258304
2026-10-03 19:17:32.441 | DEBUG    | tldw_chatbook.DB.ChaChaNotes_DB:_enter_transaction:24489 - Started outermost transaction on thread 6172258304.
2026-10-03 19:17:32.441 | DEBUG    | tldw_chatbook.DB.ChaChaNotes_DB:_exit_transaction:24589 - Transaction (outermost) rolled back due to exception (OperationalError) on thread 6172258304.
2026-10-03 19:17:32.469 | DEBUG    | tldw_chatbook.UI.Screens.chat_screen:_reconcile_console_after_attach:16704 - Console attach reconciliation will retry (exception_type=AttributeError)
2026-10-03 19:17:32.539 | WARNING  | tldw_chatbook.UI.Screens.chat_screen:_build_console_cost_state:11766 - cost_chip_state_failed
Traceback (most recent call last):
  File "<frozen runpy>", line 198, in _run_module_as_main
  File "<frozen runpy>", line 88, in _run_code
  File "/Users/macbook-dev/Documents/GitHub/tldw_chatbook/.venv/lib/python3.12/site-packages/pytest/__main__.py", line 9, in <module>
    raise SystemExit(pytest.console_main())
  File "/Users/macbook-dev/Documents/GitHub/tldw_chatbook/.venv/lib/python3.12/site-packages/_pytest/config/__init__.py", line 201, in console_main
    code = main()
  File "/Users/macbook-dev/Documents/GitHub/tldw_chatbook/.venv/lib/python3.12/site-packages/_pytest/config/__init__.py", line 175, in main
    ret: ExitCode | int = config.hook.pytest_cmdline_main(config=config)
  File "/Users/macbook-dev/Documents/GitHub/tldw_chatbook/.venv/lib/python3.12/site-packages/pluggy/_hooks.py", line 512, in __call__
    return self._hookexec(self.name, self._hookimpls.copy(), kwargs, firstresult)
  File "/Users/macbook-dev/Documents/GitHub/tldw_chatbook/.venv/lib/python3.12/site-packages/pluggy/_manager.py", line 120, in _hookexec
    return self._inner_hookexec(hook_name, methods, kwargs, firstresult)
  File "/Users/macbook-dev/Documents/GitHub/tldw_chatbook/.venv/lib/python3.12/site-packages/pluggy/_callers.py", line 121, in _multicall
    res = hook_impl.function(*args)
  File "/Users/macbook-dev/Documents/GitHub/tldw_chatbook/.venv/lib/python3.12/site-packages/_pytest/main.py", line 336, in pytest_cmdline_main
    return wrap_session(config, _main)
  File "/Users/macbook-dev/Documents/GitHub/tldw_chatbook/.venv/lib/python3.12/site-packages/_pytest/main.py", line 289, in wrap_session
    session.exitstatus = doit(config, session) or 0
  File "/Users/macbook-dev/Documents/GitHub/tldw_chatbook/.venv/lib/python3.12/site-packages/_pytest/main.py", line 343, in _main
    config.hook.pytest_runtestloop(session=session)
  File "/Users/macbook-dev/Documents/GitHub/tldw_chatbook/.venv/lib/python3.12/site-packages/pluggy/_hooks.py", line 512, in __call__
    return self._hookexec(self.name, self._hookimpls.copy(), kwargs, firstresult)
  File "/Users/macbook-dev/Documents/GitHub/tldw_chatbook/.venv/lib/python3.12/site-packages/pluggy/_manager.py", line 120, in _hookexec
    return self._inner_hookexec(hook_name, methods, kwargs, firstresult)
  File "/Users/macbook-dev/Documents/GitHub/tldw_chatbook/.venv/lib/python3.12/site-packages/pluggy/_callers.py", line 121, in _multicall
    res = hook_impl.function(*args)
  File "/Users/macbook-dev/Documents/GitHub/tldw_chatbook/.venv/lib/python3.12/site-packages/_pytest/main.py", line 367, in pytest_runtestloop
    item.config.hook.pytest_runtest_protocol(item=item, nextitem=nextitem)
  File "/Users/macbook-dev/Documents/GitHub/tldw_chatbook/.venv/lib/python3.12/site-packages/pluggy/_hooks.py", line 512, in __call__
    return self._hookexec(self.name, self._hookimpls.copy(), kwargs, firstresult)
  File "/Users/macbook-dev/Documents/GitHub/tldw_chatbook/.venv/lib/python3.12/site-packages/pluggy/_manager.py", line 120, in _hookexec
    return self._inner_hookexec(hook_name, methods, kwargs, firstresult)
  File "/Users/macbook-dev/Documents/GitHub/tldw_chatbook/.venv/lib/python3.12/site-packages/pluggy/_callers.py", line 121, in _multicall
    res = hook_impl.function(*args)
  File "/Users/macbook-dev/Documents/GitHub/tldw_chatbook/.venv/lib/python3.12/site-packages/_pytest/runner.py", line 117, in pytest_runtest_protocol
    runtestprotocol(item, nextitem=nextitem)
  File "/Users/macbook-dev/Documents/GitHub/tldw_chatbook/.venv/lib/python3.12/site-packages/_pytest/runner.py", line 136, in runtestprotocol
    reports.append(call_and_report(item, "call", log))
  File "/Users/macbook-dev/Documents/GitHub/tldw_chatbook/.venv/lib/python3.12/site-packages/_pytest/runner.py", line 245, in call_and_report
    call = CallInfo.from_call(
  File "/Users/macbook-dev/Documents/GitHub/tldw_chatbook/.venv/lib/python3.12/site-packages/_pytest/runner.py", line 344, in from_call
    result: TResult | None = func()
  File "/Users/macbook-dev/Documents/GitHub/tldw_chatbook/.venv/lib/python3.12/site-packages/_pytest/runner.py", line 246, in <lambda>
    lambda: runtest_hook(item=item, **kwds), when=when, reraise=reraise
  File "/Users/macbook-dev/Documents/GitHub/tldw_chatbook/.venv/lib/python3.12/site-packages/pluggy/_hooks.py", line 512, in __call__
    return self._hookexec(self.name, self._hookimpls.copy(), kwargs, firstresult)
  File "/Users/macbook-dev/Documents/GitHub/tldw_chatbook/.venv/lib/python3.12/site-packages/pluggy/_manager.py", line 120, in _hookexec
    return self._inner_hookexec(hook_name, methods, kwargs, firstresult)
  File "/Users/macbook-dev/Documents/GitHub/tldw_chatbook/.venv/lib/python3.12/site-packages/pluggy/_callers.py", line 121, in _multicall
    res = hook_impl.function(*args)
  File "/Users/macbook-dev/Documents/GitHub/tldw_chatbook/.venv/lib/python3.12/site-packages/_pytest/runner.py", line 178, in pytest_runtest_call
    item.runtest()
  File "/Users/macbook-dev/Documents/GitHub/tldw_chatbook/.venv/lib/python3.12/site-packages/pytest_asyncio/plugin.py", line 474, in runtest
    super().runtest()
  File "/Users/macbook-dev/Documents/GitHub/tldw_chatbook/.venv/lib/python3.12/site-packages/_pytest/python.py", line 1671, in runtest
    self.ihook.pytest_pyfunc_call(pyfuncitem=self)
  File "/Users/macbook-dev/Documents/GitHub/tldw_chatbook/.venv/lib/python3.12/site-packages/pluggy/_hooks.py", line 512, in __call__
    return self._hookexec(self.name, self._hookimpls.copy(), kwargs, firstresult)
  File "/Users/macbook-dev/Documents/GitHub/tldw_chatbook/.venv/lib/python3.12/site-packages/pluggy/_manager.py", line 120, in _hookexec
    return self._inner_hookexec(hook_name, methods, kwargs, firstresult)
  File "/Users/macbook-dev/Documents/GitHub/tldw_chatbook/.venv/lib/python3.12/site-packages/pluggy/_callers.py", line 121, in _multicall
    res = hook_impl.function(*args)
  File "/Users/macbook-dev/Documents/GitHub/tldw_chatbook/.venv/lib/python3.12/site-packages/_pytest/python.py", line 157, in pytest_pyfunc_call
    result = testfunction(**testargs)
  File "/Users/macbook-dev/Documents/GitHub/tldw_chatbook/.venv/lib/python3.12/site-packages/pytest_asyncio/plugin.py", line 721, in inner
    runner.run(coro, context=context)
  File "/Users/macbook-dev/.local/share/uv/python/cpython-3.12.11-macos-aarch64-none/lib/python3.12/asyncio/runners.py", line 118, in run
    return self._loop.run_until_complete(task)
  File "/Users/macbook-dev/.local/share/uv/python/cpython-3.12.11-macos-aarch64-none/lib/python3.12/asyncio/base_events.py", line 678, in run_until_complete
    self.run_forever()
  File "/Users/macbook-dev/.local/share/uv/python/cpython-3.12.11-macos-aarch64-none/lib/python3.12/asyncio/base_events.py", line 645, in run_forever
    self._run_once()
  File "/Users/macbook-dev/.local/share/uv/python/cpython-3.12.11-macos-aarch64-none/lib/python3.12/asyncio/base_events.py", line 1999, in _run_once
    handle._run()
  File "/Users/macbook-dev/.local/share/uv/python/cpython-3.12.11-macos-aarch64-none/lib/python3.12/asyncio/events.py", line 88, in _run
    self._context.run(self._callback, *self._args)
  File "/Users/macbook-dev/Documents/GitHub/tldw_chatbook/.venv/lib/python3.12/site-packages/textual/worker.py", line 370, in _run
    self._result = await self.run()
  File "/Users/macbook-dev/Documents/GitHub/tldw_chatbook/.venv/lib/python3.12/site-packages/textual/worker.py", line 354, in run
    return await (
  File "/Users/macbook-dev/Documents/GitHub/tldw_chatbook/.venv/lib/python3.12/site-packages/textual/worker.py", line 339, in _run_async
    return await self._work()
  File "/private/tmp/console-pr2995-base-nfsxecon/tldw_chatbook/UI/Screens/chat_screen.py", line 19125, in _refresh_console_hooks
    await self._hooks.refresh()
  File "/private/tmp/console-pr2995-base-nfsxecon/tldw_chatbook/UI/Console_Modules/hooks.py", line 143, in refresh
    self._on_state(snapshot)
  File "/private/tmp/console-pr2995-base-nfsxecon/tldw_chatbook/UI/Console_Modules/wiring.py", line 2316, in <lambda>
    on_state=lambda snapshot: screen._apply_console_hooks_state(snapshot),
  File "/private/tmp/console-pr2995-base-nfsxecon/tldw_chatbook/UI/Screens/chat_screen.py", line 19129, in _apply_console_hooks_state
    self._sync_console_control_bar()
  File "/private/tmp/console-pr2995-base-nfsxecon/tldw_chatbook/UI/Screens/chat_screen.py", line 21645, in _sync_console_control_bar
    return self._run_console_config_sync(
  File "/private/tmp/console-pr2995-base-nfsxecon/tldw_chatbook/UI/Screens/chat_screen.py", line 21676, in _run_console_config_sync
    sync()
  File "/private/tmp/console-pr2995-base-nfsxecon/tldw_chatbook/UI/Screens/chat_screen.py", line 21646, in <lambda>
    lambda: self._sync_console_control_bar_under_config(rail_state)
  File "/private/tmp/console-pr2995-base-nfsxecon/tldw_chatbook/UI/Screens/chat_screen.py", line 21764, in _sync_console_control_bar_under_config
    self._sync_console_cost_chip()
  File "/private/tmp/console-pr2995-base-nfsxecon/tldw_chatbook/UI/Screens/chat_screen.py", line 11780, in _sync_console_cost_chip
    cost_state = self._build_console_cost_state()
> File "/private/tmp/console-pr2995-base-nfsxecon/tldw_chatbook/UI/Screens/chat_screen.py", line 11745, in _build_console_cost_state
    context_state = self._active_console_context_control_state()
  File "/private/tmp/console-pr2995-base-nfsxecon/tldw_chatbook/UI/Screens/chat_screen.py", line 8376, in _active_console_context_control_state
    return self._console_context_control_state_for_session(
  File "/private/tmp/console-pr2995-base-nfsxecon/tldw_chatbook/UI/Screens/chat_screen.py", line 8395, in _console_context_control_state_for_session
    estimate = estimate or self._console_settings_context_estimate_for_session(
  File "/private/tmp/console-pr2995-base-nfsxecon/tldw_chatbook/UI/Screens/chat_screen.py", line 8270, in _console_settings_context_estimate_for_session
    self._ensure_console_provider_gateway().cached_context_window(settings)
AttributeError: 'BlockedGateway' object has no attribute 'cached_context_window'
╭───────────────────── Traceback (most recent call last) ──────────────────────╮
│ /private/tmp/console-pr2995-base-nfsxecon/tldw_chatbook/UI/Screens/chat_scre │
│ en.py:22377 in _adapt_console_workspace_to_width                             │
│                                                                              │
│   22374 │   │   except QueryError:                                           │
│   22375 │   │   │   return                                                   │
│   22376 │   │   focused = self.app.focused                                   │
│ ❱ 22377 │   │   left_rail = self.query_one("#console-left-rail")             │
│   22378 │   │   right_rail = self.query_one("#console-right-rail")           │
│   22379 │   │   left_handle = self.query_one("#console-context-rail-handle") │
│   22380 │   │   right_handle = self.query_one("#console-inspector-rail-handl │
│                                                                              │
│ ╭──────────────────────────── locals ─────────────────────────────╮          │
│ │    band = 'standard'                                            │          │
│ │   event = Resize(size=Size(width=160, height=48))               │          │
│ │ focused = NavigationButton(                                     │          │
│ │           │   id='nav-home',                                    │          │
│ │           │   classes='ascii-nav-tab -style-default nav-button' │          │
│ │           )                                                     │          │
│ │    self = ChatScreen()                                          │          │
│ ╰─────────────────────────────────────────────────────────────────╯          │
╰──────────────────────────────────────────────────────────────────────────────╯
NoMatches: No nodes match '#console-left-rail' on ChatScreen()
------------------------------ Captured log call -------------------------------
INFO     root:app.py:1385 App __init__: Determined initial tab value: chat
WARNING  root:app.py:1492 Prompts service not initialized, self.prompts_db set to None.
ERROR    root:app.py:1513 ChaChaNotesDB (CharactersRAGDB) instance not found/assigned in app.__init__.
______ test_console_armed_unknown_mouse_send_snapshots_before_skill_await ______

monkeypatch = <_pytest.monkeypatch.MonkeyPatch object at 0x12302fcb0>

    @pytest.mark.asyncio
    async def test_console_armed_unknown_mouse_send_snapshots_before_skill_await(
        monkeypatch,
    ):
        """Typing during the unknown-command check belongs to the next draft."""
    
        app = _ready_openai_app(monkeypatch, "unused")
        host = ConsoleHarness(app)
    
        async with host.run_test(size=(160, 48)) as pilot:
            console = host.screen_stack[-1]
            await _wait_for_selector(console, pilot, "#console-native-composer")
            monkeypatch.setattr(
                console._prompt_queue, "_blocked_reason_accessor", lambda: ""
            )
            composer = console.query_one("#console-native-composer", ConsoleComposerBar)
            store = console._ensure_console_chat_store()
            session = store.ensure_session()
            console._session._sync_console_session_draft()
            armed = "/nosuchcommand"
            composer.load_draft(armed)
            store.set_session_draft(session.id, armed)
            console._console_unknown_send_armed = armed
    
            entered = asyncio.Event()
            release = asyncio.Event()
    
            async def delayed_skill_context():
                entered.set()
                await release.wait()
                return object()
    
            async def no_blocked_match(_name, _summaries):
                return False
    
            monkeypatch.setattr(
                console._skill, "_fetch_console_skill_context", delayed_skill_context
            )
            monkeypatch.setattr(
                console._skill, "_console_skill_blocked_summaries", lambda _context: ()
            )
            monkeypatch.setattr(
                console._skill,
                "_console_skill_blocked_match_response",
                no_blocked_match,
            )
            requests: list[object] = []
    
            def record_accept(request):
                requests.append(request)
                return request.turn_id
    
            monkeypatch.setattr(console._console_runtime(), "accept_turn", record_accept)
            send_button = console.query_one("#console-send-message", Button)
            send_task = asyncio.create_task(
                console.handle_console_send_message(Button.Pressed(send_button))
            )
    
            await entered.wait()
            composer.insert_text(" suffix")
            release.set()
    
>           assert await send_task
E           assert False

Tests/UI/test_console_send_draft_snapshot.py:363: AssertionError
----------------------------- Captured stderr call -----------------------------
2026-10-03 19:17:35.479 | INFO     | tldw_chatbook.app:__init__:1251 - Loaded app_config - strip_thinking_tags: True
2026-10-03 19:17:35.493 | INFO     | tldw_chatbook.app:__init__:1359 - Parallel init task 'prompts_service' completed in 0.000s
2026-10-03 19:17:35.494 | INFO     | tldw_chatbook.app:__init__:1359 - Parallel init task 'providers_models' completed in 0.000s
2026-10-03 19:17:35.494 | INFO     | tldw_chatbook.app:__init__:1359 - Parallel init task 'notes_service' completed in 0.000s
2026-10-03 19:17:35.494 | INFO     | tldw_chatbook.app:__init__:1359 - Parallel init task 'media_db' completed in 0.000s
2026-10-03 19:17:35.599 | INFO     | tldw_chatbook.DB.base_db:__init__:989 - LibraryCollectionsDB initialized with path: /private/var/folders/sn/m80n2j152t9gw3w8qwk2nykh0000gn/T/tldw-chatbook-test-f4ck3aua/library_collections.sqlite [Client: tldw_cli_local_instance_v1]
2026-10-03 19:17:35.727 | INFO     | tldw_chatbook.DB.base_db:__init__:989 - WorkspaceDB initialized with path: /private/var/folders/sn/m80n2j152t9gw3w8qwk2nykh0000gn/T/tldw-chatbook-test-f4ck3aua/workspaces.sqlite [Client: tldw_cli_local_instance_v1]
2026-10-03 19:17:35.933 | INFO     | tldw_chatbook.DB.base_db:__init__:989 - SubscriptionsDB initialized with path: /private/var/folders/sn/m80n2j152t9gw3w8qwk2nykh0000gn/T/tldw-chatbook-test-f4ck3aua/subscriptions.sqlite [Client: tldw_cli_local_instance_v1]
2026-10-03 19:17:35.944 | INFO     | tldw_chatbook.DB.base_db:__init__:989 - ClientNotificationsDB initialized with path: :memory: [Client: tldw_cli_local_instance_v1]
2026-10-03 19:17:35.946 | INFO     | tldw_chatbook.DB.base_db:__init__:989 - EventStateRepository initialized with path: /private/var/folders/sn/m80n2j152t9gw3w8qwk2nykh0000gn/T/tldw-chatbook-test-f4ck3aua/tldw_chatbook_event_state.db [Client: tldw_cli_local_instance_v1]
2026-10-03 19:17:35.946 | INFO     | tldw_chatbook.DB.base_db:__init__:989 - SyncStateRepository initialized with path: /private/var/folders/sn/m80n2j152t9gw3w8qwk2nykh0000gn/T/tldw-chatbook-test-f4ck3aua/tldw_chatbook_sync_state.db [Client: tldw_cli_local_instance_v1]
2026-10-03 19:17:36.224 | DEBUG    | tldw_chatbook.Scheduling.db.migrations.v1_to_v2:migrate:75 - Scheduling schema migrated to version 2 (missed_count column)
2026-10-03 19:17:36.297 | DEBUG    | tldw_chatbook.Scheduling.db.migrations.v2_to_v3:migrate:62 - Scheduling schema migrated to version 3 (timeout_seconds column)
2026-10-03 19:17:36.391 | DEBUG    | tldw_chatbook.Scheduling.db.migrations.v3_to_v4:migrate:137 - Scheduling schema migrated to version 4 (automation runs/results)
2026-10-03 19:17:36.470 | DEBUG    | tldw_chatbook.Scheduling.db.migrations.v4_to_v5:migrate:63 - Scheduling schema migrated to version 5 (scheduled_task_runs)
2026-10-03 19:17:36.544 | DEBUG    | tldw_chatbook.Scheduling.db.migrations.v5_to_v6:migrate:68 - Scheduling schema migrated to version 6 (task_incidents)
2026-10-03 19:17:36.616 | DEBUG    | tldw_chatbook.Scheduling.db.migrations.v6_to_v7:migrate:107 - Scheduling schema migrated to version 7 (automation_results server_id unique index)
2026-10-03 19:17:36.616 | INFO     | tldw_chatbook.DB.base_db:__init__:989 - ScheduledTasksDB initialized with path: /private/var/folders/sn/m80n2j152t9gw3w8qwk2nykh0000gn/T/tldw-chatbook-test-f4ck3aua/scheduled_tasks.sqlite [Client: default]
2026-10-03 19:17:36.644 | DEBUG    | tldw_chatbook.app:__init__:1430 - ULTRA EARLY APP INIT: self._media_types_for_ui VALUE: ['All Media']
2026-10-03 19:17:36.644 | DEBUG    | tldw_chatbook.app:__init__:1433 - ULTRA EARLY APP INIT: self._media_types_for_ui TYPE: <class 'list'>
2026-10-03 19:17:36.727 | INFO     | tldw_chatbook.DB.Evals_DB:__init__:193 - EvalsDB initialized with path: /Users/macbook-dev/.codex/worktrees/console-chat-starts/tldw_chatbook/.superpowers/sdd/2026-10-03-console-pr2995-review-and-merge/composer-failures-base-profile-yvla87wr/home/.local/share/tldw_cli/default_user/evals.db
2026-10-03 19:17:36.728 | INFO     | tldw_chatbook.Evals.task_loader:__init__:98 - TaskLoader initialized
2026-10-03 19:17:36.756 | DEBUG    | tldw_chatbook.Event_Handlers.worker_handlers.base_handler:register:155 - Registered worker handler: MiscWorkerHandler
2026-10-03 19:17:36.756 | INFO     | tldw_chatbook.app:_init_worker_handlers:2167 - Worker handler registry initialized with all handlers
2026-10-03 19:17:36.756 | INFO     | tldw_chatbook.app:__init__:1615 - === STARTUP TIMING SUMMARY ===
2026-10-03 19:17:36.756 | INFO     | tldw_chatbook.app:__init__:1616 - Total initialization time: 1.300 seconds
2026-10-03 19:17:36.756 | INFO     | tldw_chatbook.app:__init__:1622 -   basic_init: 0.032s (2.5%)
2026-10-03 19:17:36.756 | INFO     | tldw_chatbook.app:__init__:1622 -   attribute_init: 0.000s (0.0%)
2026-10-03 19:17:36.756 | INFO     | tldw_chatbook.app:__init__:1622 -   parallel_init: 0.002s (0.2%)
2026-10-03 19:17:36.756 | INFO     | tldw_chatbook.app:__init__:1635 -     - notes_service: 0.000s (0.2% of parallel_init)
2026-10-03 19:17:36.756 | INFO     | tldw_chatbook.app:__init__:1635 -     - providers_models: 0.000s (0.1% of parallel_init)
2026-10-03 19:17:36.757 | INFO     | tldw_chatbook.app:__init__:1635 -     - prompts_service: 0.000s (0.1% of parallel_init)
2026-10-03 19:17:36.757 | INFO     | tldw_chatbook.app:__init__:1635 -     - media_db: 0.000s (0.1% of parallel_init)
2026-10-03 19:17:36.757 | INFO     | tldw_chatbook.app:__init__:1639 - ==============================
2026-10-03 19:17:36.757 | INFO     | tldw_chatbook.DB.ChaChaNotes_DB:__init__:3376 - Initializing CharactersRAGDB db_sha256=memory [Client ID: test-client]
2026-10-03 19:17:36.758 | DEBUG    | tldw_chatbook.DB.ChaChaNotes_DB:_get_thread_connection:3554 - Opened/Reopened SQLite connection db_sha256=memory thread=8494865792
2026-10-03 19:17:36.758 | DEBUG    | tldw_chatbook.DB.ChaChaNotes_DB:_enter_transaction:24489 - Started outermost transaction on thread 8494865792.
2026-10-03 19:17:36.758 | INFO     | tldw_chatbook.DB.ChaChaNotes_DB:_initialize_schema:8550 - Checking DB schema 'rag_char_chat_schema'. Current version: 0. Code supports: 76
2026-10-03 19:17:36.758 | INFO     | tldw_chatbook.DB.ChaChaNotes_DB:_apply_schema_v4:4437 - Applying schema Version 4 for 'rag_char_chat_schema' to DB: db_sha256=memory...
2026-10-03 19:17:36.758 | DEBUG    | tldw_chatbook.DB.ChaChaNotes_DB:_enter_transaction:24458 - Entered nested transaction level 2 on thread 8494865792.
2026-10-03 19:17:36.766 | DEBUG    | tldw_chatbook.DB.ChaChaNotes_DB:_apply_schema_v4:4478 - [rag_char_chat_schema V4] Full schema script executed.
2026-10-03 19:17:36.766 | INFO     | tldw_chatbook.DB.ChaChaNotes_DB:_apply_schema_v4:4485 - [rag_char_chat_schema V4] Schema 4 applied and version confirmed for DB: db_sha256=memory.
2026-10-03 19:17:36.766 | DEBUG    | tldw_chatbook.DB.ChaChaNotes_DB:_enrich_default_assistant_card_if_bare:4749 - [task-2451] Default Assistant enrichment UPDATE affected 1 row(s) in DB: db_sha256=memory.
2026-10-03 19:17:36.766 | INFO     | tldw_chatbook.DB.ChaChaNotes_DB:_migrate_from_v4_to_v5:4770 - Migrating schema from V4 to V5 for 'rag_char_chat_schema' in DB: db_sha256=memory...
2026-10-03 19:17:36.767 | DEBUG    | tldw_chatbook.DB.ChaChaNotes_DB:_enter_transaction:24458 - Entered nested transaction level 2 on thread 8494865792.
2026-10-03 19:17:36.778 | DEBUG    | tldw_chatbook.DB.ChaChaNotes_DB:_migrate_from_v4_to_v5:4780 - [rag_char_chat_schema V4→V5] Migration script executed.
2026-10-03 19:17:36.778 | INFO     | tldw_chatbook.DB.ChaChaNotes_DB:_migrate_from_v4_to_v5:4789 - [rag_char_chat_schema V4→V5] Migration completed successfully for DB: db_sha256=memory.
2026-10-03 19:17:36.779 | INFO     | tldw_chatbook.DB.ChaChaNotes_DB:_migrate_from_v5_to_v6:4823 - Migrating schema from V5 to V6 for 'rag_char_chat_schema' in DB: db_sha256=memory...
2026-10-03 19:17:36.779 | DEBUG    | tldw_chatbook.DB.ChaChaNotes_DB:_enter_transaction:24458 - Entered nested transaction level 2 on thread 8494865792.
2026-10-03 19:17:36.780 | DEBUG    | tldw_chatbook.DB.ChaChaNotes_DB:_migrate_from_v5_to_v6:4831 - [rag_char_chat_schema V5→V6] Migration script executed.
2026-10-03 19:17:36.780 | INFO     | tldw_chatbook.DB.ChaChaNotes_DB:_migrate_from_v5_to_v6:4840 - [rag_char_chat_schema V5→V6] Migration completed successfully for DB: db_sha256=memory.
2026-10-03 19:17:36.780 | INFO     | tldw_chatbook.DB.ChaChaNotes_DB:_migrate_from_v6_to_v7:4874 - Migrating schema from V6 to V7 for 'rag_char_chat_schema' in DB: db_sha256=memory...
2026-10-03 19:17:36.780 | DEBUG    | tldw_chatbook.DB.ChaChaNotes_DB:_enter_transaction:24458 - Entered nested transaction level 2 on thread 8494865792.
2026-10-03 19:17:36.782 | DEBUG    | tldw_chatbook.DB.ChaChaNotes_DB:_migrate_from_v6_to_v7:4882 - [rag_char_chat_schema V6→V7] Migration script executed.
2026-10-03 19:17:36.782 | INFO     | tldw_chatbook.DB.ChaChaNotes_DB:_migrate_from_v6_to_v7:4891 - [rag_char_chat_schema V6→V7] Migration completed successfully for DB: db_sha256=memory.
2026-10-03 19:17:36.782 | INFO     | tldw_chatbook.DB.ChaChaNotes_DB:_migrate_from_v7_to_v8:8464 - Migrating schema from V7 to V8 for 'rag_char_chat_schema' in DB: db_sha256=memory...
2026-10-03 19:17:36.782 | DEBUG    | tldw_chatbook.DB.ChaChaNotes_DB:_enter_transaction:24458 - Entered nested transaction level 2 on thread 8494865792.
2026-10-03 19:17:36.784 | DEBUG    | tldw_chatbook.DB.ChaChaNotes_DB:_migrate_from_v7_to_v8:8472 - [rag_char_chat_schema V7→V8] Migration script executed.
2026-10-03 19:17:36.784 | INFO     | tldw_chatbook.DB.ChaChaNotes_DB:_migrate_from_v7_to_v8:8481 - [rag_char_chat_schema V7→V8] Migration completed successfully for DB: db_sha256=memory.
2026-10-03 19:17:36.784 | INFO     | tldw_chatbook.DB.ChaChaNotes_DB:_migrate_from_v8_to_v9:4925 - Migrating schema from V8 to V9 for 'rag_char_chat_schema' in DB: db_sha256=memory...
2026-10-03 19:17:36.784 | DEBUG    | tldw_chatbook.DB.ChaChaNotes_DB:_enter_transaction:24458 - Entered nested transaction level 2 on thread 8494865792.
2026-10-03 19:17:36.787 | DEBUG    | tldw_chatbook.DB.ChaChaNotes_DB:_migrate_from_v8_to_v9:4933 - [rag_char_chat_schema V8→V9] Migration script executed.
2026-10-03 19:17:36.787 | INFO     | tldw_chatbook.DB.ChaChaNotes_DB:_migrate_from_v8_to_v9:4942 - [rag_char_chat_schema V8→V9] Migration completed successfully for DB: db_sha256=memory.
2026-10-03 19:17:36.787 | INFO     | tldw_chatbook.DB.ChaChaNotes_DB:_migrate_from_v9_to_v10:4976 - Migrating schema from V9 to V10 for 'rag_char_chat_schema' in DB: db_sha256=memory...
2026-10-03 19:17:36.787 | DEBUG    | tldw_chatbook.DB.ChaChaNotes_DB:_enter_transaction:24458 - Entered nested transaction level 2 on thread 8494865792.
2026-10-03 19:17:36.788 | DEBUG    | tldw_chatbook.DB.ChaChaNotes_DB:_migrate_from_v9_to_v10:4984 - [rag_char_chat_schema V9→V10] Migration script executed.
2026-10-03 19:17:36.788 | INFO     | tldw_chatbook.DB.ChaChaNotes_DB:_migrate_from_v9_to_v10:4993 - [rag_char_chat_schema V9→V10] Migration completed successfully for DB: db_sha256=memory.
2026-10-03 19:17:36.788 | INFO     | tldw_chatbook.DB.ChaChaNotes_DB:_migrate_from_v10_to_v11:5027 - Migrating schema from V10 to V11 for 'rag_char_chat_schema' in DB: db_sha256=memory...
2026-10-03 19:17:36.788 | DEBUG    | tldw_chatbook.DB.ChaChaNotes_DB:_enter_transaction:24458 - Entered nested transaction level 2 on thread 8494865792.
2026-10-03 19:17:36.791 | DEBUG    | tldw_chatbook.DB.ChaChaNotes_DB:_migrate_from_v10_to_v11:5035 - [rag_char_chat_schema V10→V11] Migration script executed.
2026-10-03 19:17:36.791 | INFO     | tldw_chatbook.DB.ChaChaNotes_DB:_migrate_from_v10_to_v11:5044 - [rag_char_chat_schema V10→V11] Migration completed successfully for DB: db_sha256=memory.
2026-10-03 19:17:36.791 | INFO     | tldw_chatbook.DB.ChaChaNotes_DB:_migrate_from_v11_to_v12:5078 - Migrating schema from V11 to V12 for 'rag_char_chat_schema' in DB: db_sha256=memory...
2026-10-03 19:17:36.791 | DEBUG    | tldw_chatbook.DB.ChaChaNotes_DB:_enter_transaction:24458 - Entered nested transaction level 2 on thread 8494865792.
2026-10-03 19:17:36.800 | DEBUG    | tldw_chatbook.DB.ChaChaNotes_DB:_migrate_from_v11_to_v12:5086 - [rag_char_chat_schema V11→V12] Migration script executed.
2026-10-03 19:17:36.800 | INFO     | tldw_chatbook.DB.ChaChaNotes_DB:_migrate_from_v11_to_v12:5095 - [rag_char_chat_schema V11→V12] Migration completed successfully for DB: db_sha256=memory.
2026-10-03 19:17:36.800 | INFO     | tldw_chatbook.DB.ChaChaNotes_DB:_migrate_from_v12_to_v13:5121 - Migrating schema from V12 to V13 for 'rag_char_chat_schema' in DB: db_sha256=memory...
2026-10-03 19:17:36.800 | DEBUG    | tldw_chatbook.DB.ChaChaNotes_DB:_enter_transaction:24458 - Entered nested transaction level 2 on thread 8494865792.
2026-10-03 19:17:36.834 | DEBUG    | tldw_chatbook.DB.ChaChaNotes_DB:_migrate_from_v12_to_v13:5129 - [rag_char_chat_schema V12→V13] Migration script executed.
2026-10-03 19:17:36.834 | INFO     | tldw_chatbook.DB.ChaChaNotes_DB:_migrate_from_v12_to_v13:5137 - [rag_char_chat_schema V12→V13] Migration completed successfully for DB: db_sha256=memory.
2026-10-03 19:17:36.834 | INFO     | tldw_chatbook.DB.ChaChaNotes_DB:_migrate_from_v13_to_v14:5162 - Migrating schema from V13 to V14 for 'rag_char_chat_schema' in DB: db_sha256=memory...
2026-10-03 19:17:36.834 | DEBUG    | tldw_chatbook.DB.ChaChaNotes_DB:_enter_transaction:24458 - Entered nested transaction level 2 on thread 8494865792.
2026-10-03 19:17:36.844 | DEBUG    | tldw_chatbook.DB.ChaChaNotes_DB:_migrate_from_v13_to_v14:5170 - [rag_char_chat_schema V13→V14] Migration script executed.
2026-10-03 19:17:36.844 | INFO     | tldw_chatbook.DB.ChaChaNotes_DB:_migrate_from_v13_to_v14:5178 - [rag_char_chat_schema V13→V14] Migration completed successfully for DB: db_sha256=memory.
2026-10-03 19:17:36.844 | INFO     | tldw_chatbook.DB.ChaChaNotes_DB:_migrate_from_v14_to_v15:5203 - Migrating schema from V14 to V15 for 'rag_char_chat_schema' in DB: db_sha256=memory...
2026-10-03 19:17:36.844 | DEBUG    | tldw_chatbook.DB.ChaChaNotes_DB:_enter_transaction:24458 - Entered nested transaction level 2 on thread 8494865792.
2026-10-03 19:17:36.845 | DEBUG    | tldw_chatbook.DB.ChaChaNotes_DB:_migrate_from_v14_to_v15:5211 - [rag_char_chat_schema V14→V15] Migration script executed.
2026-10-03 19:17:36.845 | INFO     | tldw_chatbook.DB.ChaChaNotes_DB:_migrate_from_v14_to_v15:5219 - [rag_char_chat_schema V14→V15] Migration completed successfully for DB: db_sha256=memory.
2026-10-03 19:17:36.845 | INFO     | tldw_chatbook.DB.ChaChaNotes_DB:_migrate_from_v15_to_v16:5245 - Migrating schema from V15 to V16 for 'rag_char_chat_schema' in DB: db_sha256=memory...
2026-10-03 19:17:36.845 | DEBUG    | tldw_chatbook.DB.ChaChaNotes_DB:_enter_transaction:24458 - Entered nested transaction level 2 on thread 8494865792.
2026-10-03 19:17:36.846 | DEBUG    | tldw_chatbook.DB.ChaChaNotes_DB:_migrate_from_v15_to_v16:5288 - [rag_char_chat_schema V15→V16] Migration script executed.
2026-10-03 19:17:36.846 | INFO     | tldw_chatbook.DB.ChaChaNotes_DB:_migrate_from_v15_to_v16:5298 - [rag_char_chat_schema V15→V16] Migration completed successfully for DB: db_sha256=memory.
2026-10-03 19:17:36.846 | INFO     | tldw_chatbook.DB.ChaChaNotes_DB:_migrate_from_v16_to_v17:5324 - Migrating schema from V16 to V17 for 'rag_char_chat_schema' in DB: db_sha256=memory...
2026-10-03 19:17:36.846 | DEBUG    | tldw_chatbook.DB.ChaChaNotes_DB:_enter_transaction:24458 - Entered nested transaction level 2 on thread 8494865792.
2026-10-03 19:17:36.846 | DEBUG    | tldw_chatbook.DB.ChaChaNotes_DB:_migrate_from_v16_to_v17:5332 - [rag_char_chat_schema V16→V17] Migration script executed.
2026-10-03 19:17:36.846 | INFO     | tldw_chatbook.DB.ChaChaNotes_DB:_migrate_from_v16_to_v17:5340 - [rag_char_chat_schema V16→V17] Migration completed successfully for DB: db_sha256=memory.
2026-10-03 19:17:36.846 | INFO     | tldw_chatbook.DB.ChaChaNotes_DB:_migrate_from_v17_to_v18:5368 - Migrating schema from V17 to V18 for 'rag_char_chat_schema' in DB: db_sha256=memory...
2026-10-03 19:17:36.846 | DEBUG    | tldw_chatbook.DB.ChaChaNotes_DB:_enter_transaction:24458 - Entered nested transaction level 2 on thread 8494865792.
2026-10-03 19:17:36.850 | DEBUG    | tldw_chatbook.DB.ChaChaNotes_DB:_migrate_from_v17_to_v18:5376 - [rag_char_chat_schema V17→V18] Migration script executed.
2026-10-03 19:17:36.850 | INFO     | tldw_chatbook.DB.ChaChaNotes_DB:_migrate_from_v17_to_v18:5384 - [rag_char_chat_schema V17→V18] Migration completed successfully for DB: db_sha256=memory.
2026-10-03 19:17:36.850 | INFO     | tldw_chatbook.DB.ChaChaNotes_DB:_migrate_from_v18_to_v19:8414 - Migrating schema from V18 to V19 for 'rag_char_chat_schema' in DB: db_sha256=memory...
2026-10-03 19:17:36.850 | DEBUG    | tldw_chatbook.DB.ChaChaNotes_DB:_enter_transaction:24458 - Entered nested transaction level 2 on thread 8494865792.
2026-10-03 19:17:36.851 | DEBUG    | tldw_chatbook.DB.ChaChaNotes_DB:_migrate_from_v18_to_v19:8422 - [rag_char_chat_schema V18→V19] Migration script executed.
2026-10-03 19:17:36.851 | INFO     | tldw_chatbook.DB.ChaChaNotes_DB:_migrate_from_v18_to_v19:8430 - [rag_char_chat_schema V18→V19] Migration completed successfully for DB: db_sha256=memory.
2026-10-03 19:17:36.851 | INFO     | tldw_chatbook.DB.ChaChaNotes_DB:_migrate_from_v19_to_v20:5412 - Migrating schema from V19 to V20 for 'rag_char_chat_schema' in DB: db_sha256=memory...
2026-10-03 19:17:36.851 | DEBUG    | tldw_chatbook.DB.ChaChaNotes_DB:_enter_transaction:24458 - Entered nested transaction level 2 on thread 8494865792.
2026-10-03 19:17:36.854 | DEBUG    | tldw_chatbook.DB.ChaChaNotes_DB:_migrate_from_v19_to_v20:5431 - [rag_char_chat_schema V19→V20] Migration script executed.
2026-10-03 19:17:36.855 | INFO     | tldw_chatbook.DB.ChaChaNotes_DB:_migrate_from_v19_to_v20:5439 - [rag_char_chat_schema V19→V20] Migration completed successfully for DB: db_sha256=memory.
2026-10-03 19:17:36.855 | INFO     | tldw_chatbook.DB.ChaChaNotes_DB:_migrate_from_v20_to_v21:5467 - Migrating schema from V20 to V21 for 'rag_char_chat_schema' in DB: db_sha256=memory...
2026-10-03 19:17:36.855 | DEBUG    | tldw_chatbook.DB.ChaChaNotes_DB:_enter_transaction:24458 - Entered nested transaction level 2 on thread 8494865792.
2026-10-03 19:17:36.855 | DEBUG    | tldw_chatbook.DB.ChaChaNotes_DB:_migrate_from_v20_to_v21:5488 - [rag_char_chat_schema V20→V21] Migration script executed.
2026-10-03 19:17:36.855 | INFO     | tldw_chatbook.DB.ChaChaNotes_DB:_migrate_from_v20_to_v21:5496 - [rag_char_chat_schema V20→V21] Migration completed successfully for DB: db_sha256=memory.
2026-10-03 19:17:36.855 | INFO     | tldw_chatbook.DB.ChaChaNotes_DB:_migrate_from_v21_to_v22:5518 - Migrating schema from V21 to V22 for 'rag_char_chat_schema' in DB: db_sha256=memory...
2026-10-03 19:17:36.855 | DEBUG    | tldw_chatbook.DB.ChaChaNotes_DB:_enter_transaction:24458 - Entered nested transaction level 2 on thread 8494865792.
2026-10-03 19:17:36.856 | DEBUG    | tldw_chatbook.DB.ChaChaNotes_DB:_migrate_from_v21_to_v22:5536 - [rag_char_chat_schema V21→V22] Migration script executed.
2026-10-03 19:17:36.856 | INFO     | tldw_chatbook.DB.ChaChaNotes_DB:_migrate_from_v21_to_v22:5542 - [rag_char_chat_schema V21→V22] Migration completed successfully for DB: db_sha256=memory.
2026-10-03 19:17:36.856 | INFO     | tldw_chatbook.DB.ChaChaNotes_DB:_migrate_from_v22_to_v23:5564 - Migrating schema from V22 to V23 for 'rag_char_chat_schema' in DB: db_sha256=memory...
2026-10-03 19:17:36.856 | DEBUG    | tldw_chatbook.DB.ChaChaNotes_DB:_enter_transaction:24458 - Entered nested transaction level 2 on thread 8494865792.
2026-10-03 19:17:36.856 | DEBUG    | tldw_chatbook.DB.ChaChaNotes_DB:_migrate_from_v22_to_v23:5572 - [rag_char_chat_schema V22→V23] Migration script executed.
2026-10-03 19:17:36.856 | INFO     | tldw_chatbook.DB.ChaChaNotes_DB:_migrate_from_v22_to_v23:5578 - [rag_char_chat_schema V22→V23] Migration completed successfully for DB: db_sha256=memory.
2026-10-03 19:17:36.856 | INFO     | tldw_chatbook.DB.ChaChaNotes_DB:_migrate_from_v23_to_v24:5601 - Migrating schema from V23 to V24 for 'rag_char_chat_schema' in DB: db_sha256=memory...
2026-10-03 19:17:36.856 | DEBUG    | tldw_chatbook.DB.ChaChaNotes_DB:_enter_transaction:24458 - Entered nested transaction level 2 on thread 8494865792.
2026-10-03 19:17:36.859 | DEBUG    | tldw_chatbook.DB.ChaChaNotes_DB:_migrate_from_v23_to_v24:5619 - [rag_char_chat_schema V23→V24] Migration script executed.
2026-10-03 19:17:36.859 | INFO     | tldw_chatbook.DB.ChaChaNotes_DB:_migrate_from_v23_to_v24:5625 - [rag_char_chat_schema V23→V24] Migration completed successfully for DB: db_sha256=memory.
2026-10-03 19:17:36.859 | INFO     | tldw_chatbook.DB.ChaChaNotes_DB:_migrate_from_v24_to_v25:5648 - Migrating schema from V24 to V25 for 'rag_char_chat_schema' in DB: db_sha256=memory...
2026-10-03 19:17:36.859 | DEBUG    | tldw_chatbook.DB.ChaChaNotes_DB:_enter_transaction:24458 - Entered nested transaction level 2 on thread 8494865792.
2026-10-03 19:17:36.860 | DEBUG    | tldw_chatbook.DB.ChaChaNotes_DB:_migrate_from_v24_to_v25:5656 - [rag_char_chat_schema V24→V25] Migration script executed.
2026-10-03 19:17:36.860 | INFO     | tldw_chatbook.DB.ChaChaNotes_DB:_migrate_from_v24_to_v25:5662 - [rag_char_chat_schema V24→V25] Migration completed successfully for DB: db_sha256=memory.
2026-10-03 19:17:36.860 | INFO     | tldw_chatbook.DB.ChaChaNotes_DB:_migrate_from_v25_to_v26:5686 - Migrating schema from V25 to V26 for 'rag_char_chat_schema' in DB: db_sha256=memory...
2026-10-03 19:17:36.860 | DEBUG    | tldw_chatbook.DB.ChaChaNotes_DB:_enter_transaction:24458 - Entered nested transaction level 2 on thread 8494865792.
2026-10-03 19:17:36.865 | DEBUG    | tldw_chatbook.DB.ChaChaNotes_DB:_migrate_from_v25_to_v26:5708 - [rag_char_chat_schema V25→V26] Migration script executed.
2026-10-03 19:17:36.865 | INFO     | tldw_chatbook.DB.ChaChaNotes_DB:_migrate_from_v25_to_v26:5714 - [rag_char_chat_schema V25→V26] Migration completed successfully for DB: db_sha256=memory.
2026-10-03 19:17:36.865 | DEBUG    | tldw_chatbook.DB.ChaChaNotes_DB:_enter_transaction:24458 - Entered nested transaction level 2 on thread 8494865792.
2026-10-03 19:17:36.871 | DEBUG    | tldw_chatbook.DB.ChaChaNotes_DB:_enter_transaction:24458 - Entered nested transaction level 2 on thread 8494865792.
2026-10-03 19:17:36.871 | DEBUG    | tldw_chatbook.DB.ChaChaNotes_DB:_enter_transaction:24458 - Entered nested transaction level 3 on thread 8494865792.
2026-10-03 19:17:36.877 | INFO     | tldw_chatbook.DB.ChaChaNotes_DB:_migrate_from_v28_to_v29:5901 - Migrating schema from V28 to V29 for 'rag_char_chat_schema' in DB: db_sha256=memory...
2026-10-03 19:17:36.877 | DEBUG    | tldw_chatbook.DB.ChaChaNotes_DB:_enter_transaction:24458 - Entered nested transaction level 2 on thread 8494865792.
2026-10-03 19:17:36.878 | DEBUG    | tldw_chatbook.DB.ChaChaNotes_DB:_migrate_from_v28_to_v29:5909 - [rag_char_chat_schema V28→V29] Migration script executed.
2026-10-03 19:17:36.878 | INFO     | tldw_chatbook.DB.ChaChaNotes_DB:_migrate_from_v28_to_v29:5917 - [rag_char_chat_schema V28→V29] Migration completed successfully for DB: db_sha256=memory.
2026-10-03 19:17:36.878 | INFO     | tldw_chatbook.DB.ChaChaNotes_DB:_migrate_from_v29_to_v30:5944 - Migrating schema from V29 to V30 for 'rag_char_chat_schema' in DB: db_sha256=memory...
2026-10-03 19:17:36.878 | DEBUG    | tldw_chatbook.DB.ChaChaNotes_DB:_enter_transaction:24458 - Entered nested transaction level 2 on thread 8494865792.
2026-10-03 19:17:36.883 | DEBUG    | tldw_chatbook.DB.ChaChaNotes_DB:_migrate_from_v29_to_v30:5970 - [rag_char_chat_schema V29→V30] Migration script executed.
2026-10-03 19:17:36.883 | INFO     | tldw_chatbook.DB.ChaChaNotes_DB:_migrate_from_v29_to_v30:5994 - [rag_char_chat_schema V29→V30] Migration completed successfully for DB: db_sha256=memory.
2026-10-03 19:17:36.883 | INFO     | tldw_chatbook.DB.ChaChaNotes_DB:_migrate_from_v30_to_v31:6021 - Migrating schema from V30 to V31 for 'rag_char_chat_schema' in DB: db_sha256=memory...
2026-10-03 19:17:36.883 | DEBUG    | tldw_chatbook.DB.ChaChaNotes_DB:_enter_transaction:24458 - Entered nested transaction level 2 on thread 8494865792.
2026-10-03 19:17:36.887 | DEBUG    | tldw_chatbook.DB.ChaChaNotes_DB:_migrate_from_v30_to_v31:6047 - [rag_char_chat_schema V30→V31] Migration script executed.
2026-10-03 19:17:36.888 | INFO     | tldw_chatbook.DB.ChaChaNotes_DB:_migrate_from_v30_to_v31:6071 - [rag_char_chat_schema V30→V31] Migration completed successfully for DB: db_sha256=memory.
2026-10-03 19:17:36.888 | INFO     | tldw_chatbook.DB.ChaChaNotes_DB:_migrate_from_v31_to_v32:6104 - Migrating schema from V31 to V32 for 'rag_char_chat_schema' in DB: db_sha256=memory...
2026-10-03 19:17:36.889 | DEBUG    | tldw_chatbook.DB.ChaChaNotes_DB:_enrich_default_assistant_card_if_bare:4749 - [task-2451] Default Assistant enrichment UPDATE affected 0 row(s) in DB: db_sha256=memory.
2026-10-03 19:17:36.889 | INFO     | tldw_chatbook.DB.ChaChaNotes_DB:_migrate_from_v31_to_v32:6130 - [rag_char_chat_schema V31→V32] Migration completed successfully for DB: db_sha256=memory.
2026-10-03 19:17:36.889 | DEBUG    | tldw_chatbook.DB.ChaChaNotes_DB:_enter_transaction:24458 - Entered nested transaction level 2 on thread 8494865792.
2026-10-03 19:17:36.891 | DEBUG    | tldw_chatbook.DB.ChaChaNotes_DB:_enter_transaction:24458 - Entered nested transaction level 2 on thread 8494865792.
2026-10-03 19:17:36.898 | DEBUG    | tldw_chatbook.DB.ChaChaNotes_DB:_enter_transaction:24458 - Entered nested transaction level 2 on thread 8494865792.
2026-10-03 19:17:36.904 | DEBUG    | tldw_chatbook.DB.ChaChaNotes_DB:_enter_transaction:24458 - Entered nested transaction level 2 on thread 8494865792.
2026-10-03 19:17:36.906 | DEBUG    | tldw_chatbook.DB.ChaChaNotes_DB:_enter_transaction:24458 - Entered nested transaction level 2 on thread 8494865792.
2026-10-03 19:17:36.912 | DEBUG    | tldw_chatbook.DB.ChaChaNotes_DB:_enter_transaction:24458 - Entered nested transaction level 2 on thread 8494865792.
2026-10-03 19:17:36.914 | DEBUG    | tldw_chatbook.DB.ChaChaNotes_DB:_enter_transaction:24458 - Entered nested transaction level 2 on thread 8494865792.
2026-10-03 19:17:36.917 | DEBUG    | tldw_chatbook.DB.ChaChaNotes_DB:_enter_transaction:24458 - Entered nested transaction level 2 on thread 8494865792.
2026-10-03 19:17:36.917 | DEBUG    | tldw_chatbook.DB.ChaChaNotes_DB:_enter_transaction:24458 - Entered nested transaction level 2 on thread 8494865792.
2026-10-03 19:17:36.919 | INFO     | tldw_chatbook.DB.ChaChaNotes_DB:_migrate_from_v41_to_v42:6450 - Migrating schema from V41 to V42 for 'rag_char_chat_schema' in DB: db_sha256=memory...
2026-10-03 19:17:36.920 | INFO     | tldw_chatbook.DB.ChaChaNotes_DB:_migrate_from_v41_to_v42:6514 - [rag_char_chat_schema V41→V42] conversations.console_project_context_json already present; applying the version bump only.
2026-10-03 19:17:36.921 | INFO     | tldw_chatbook.DB.ChaChaNotes_DB:_migrate_from_v42_to_v43:6564 - Migrating schema from V42 to V43 for 'rag_char_chat_schema' in DB: db_sha256=memory...
2026-10-03 19:17:36.921 | DEBUG    | tldw_chatbook.DB.ChaChaNotes_DB:_enter_transaction:24458 - Entered nested transaction level 2 on thread 8494865792.
2026-10-03 19:17:36.922 | INFO     | tldw_chatbook.DB.ChaChaNotes_DB:_migrate_from_v42_to_v43:6703 - [rag_char_chat_schema V42→V43] Migration completed successfully for DB: db_sha256=memory.
2026-10-03 19:17:36.922 | INFO     | tldw_chatbook.DB.ChaChaNotes_DB:_migrate_from_v43_to_v44:6733 - Migrating schema from V43 to V44 for 'rag_char_chat_schema' in DB: db_sha256=memory...
2026-10-03 19:17:36.922 | DEBUG    | tldw_chatbook.DB.ChaChaNotes_DB:_enter_transaction:24458 - Entered nested transaction level 2 on thread 8494865792.
2026-10-03 19:17:36.936 | INFO     | tldw_chatbook.DB.ChaChaNotes_DB:_migrate_from_v43_to_v44:6773 - [rag_char_chat_schema V43→V44] Migration completed successfully for DB: db_sha256=memory.
2026-10-03 19:17:36.936 | INFO     | tldw_chatbook.DB.ChaChaNotes_DB:_migrate_from_v44_to_v45:6842 - Actor Pack schema migration started: chachanotes_v44_to_v45
2026-10-03 19:17:36.936 | DEBUG    | tldw_chatbook.DB.ChaChaNotes_DB:_enter_transaction:24458 - Entered nested transaction level 2 on thread 8494865792.
2026-10-03 19:17:36.939 | INFO     | tldw_chatbook.DB.ChaChaNotes_DB:_migrate_from_v44_to_v45:6875 - Actor Pack schema migration completed: chachanotes_v44_to_v45
2026-10-03 19:17:36.939 | INFO     | tldw_chatbook.DB.ChaChaNotes_DB:_migrate_from_v45_to_v46:6919 - Migrating schema from V45 to V46 for 'rag_char_chat_schema' in DB: db_sha256=memory...
2026-10-03 19:17:36.939 | DEBUG    | tldw_chatbook.DB.ChaChaNotes_DB:_enter_transaction:24458 - Entered nested transaction level 2 on thread 8494865792.
2026-10-03 19:17:36.947 | INFO     | tldw_chatbook.DB.ChaChaNotes_DB:_migrate_from_v45_to_v46:6965 - [rag_char_chat_schema V45→V46] Migration completed successfully for DB: db_sha256=memory. Purged 0 unreachable sync_log row(s) of 1.
2026-10-03 19:17:36.947 | INFO     | tldw_chatbook.DB.ChaChaNotes_DB:_migrate_from_v46_to_v47:7007 - Migrating schema from V46 to V47 for 'rag_char_chat_schema' in DB: db_sha256=memory...
2026-10-03 19:17:36.947 | DEBUG    | tldw_chatbook.DB.ChaChaNotes_DB:_enter_transaction:24458 - Entered nested transaction level 2 on thread 8494865792.
2026-10-03 19:17:36.951 | INFO     | tldw_chatbook.DB.ChaChaNotes_DB:_migrate_from_v46_to_v47:7042 - [rag_char_chat_schema V46→V47] Migration completed successfully for DB: db_sha256=memory.
2026-10-03 19:17:36.951 | DEBUG    | tldw_chatbook.DB.ChaChaNotes_DB:_enter_transaction:24458 - Entered nested transaction level 2 on thread 8494865792.
2026-10-03 19:17:36.964 | INFO     | tldw_chatbook.DB.ChaChaNotes_DB:_migrate_from_v48_to_v49:7198 - Migrating schema from V48 to V49 for 'rag_char_chat_schema' in DB: db_sha256=memory...
2026-10-03 19:17:36.965 | DEBUG    | tldw_chatbook.DB.ChaChaNotes_DB:_enter_transaction:24458 - Entered nested transaction level 2 on thread 8494865792.
2026-10-03 19:17:36.967 | INFO     | tldw_chatbook.DB.ChaChaNotes_DB:_migrate_from_v48_to_v49:7233 - [rag_char_chat_schema V48→V49] Migration completed successfully for DB: db_sha256=memory.
2026-10-03 19:17:36.967 | INFO     | tldw_chatbook.DB.ChaChaNotes_DB:_migrate_from_v49_to_v50:7281 - Migrating schema from V49 to V50 for 'rag_char_chat_schema' in DB: db_sha256=memory...
2026-10-03 19:17:36.967 | DEBUG    | tldw_chatbook.DB.ChaChaNotes_DB:_enter_transaction:24458 - Entered nested transaction level 2 on thread 8494865792.
2026-10-03 19:17:36.968 | INFO     | tldw_chatbook.DB.ChaChaNotes_DB:_migrate_from_v49_to_v50:7315 - [rag_char_chat_schema V49→V50] Migration completed successfully for DB: db_sha256=memory.
2026-10-03 19:17:36.968 | DEBUG    | tldw_chatbook.DB.ChaChaNotes_DB:_enter_transaction:24458 - Entered nested transaction level 2 on thread 8494865792.
2026-10-03 19:17:36.975 | DEBUG    | tldw_chatbook.DB.ChaChaNotes_DB:_enter_transaction:24458 - Entered nested transaction level 2 on thread 8494865792.
2026-10-03 19:17:36.992 | INFO     | tldw_chatbook.DB.ChaChaNotes_DB:_migrate_from_v52_to_v53:7440 - Migrating schema from V52 to V53 for 'rag_char_chat_schema' in DB: db_sha256=memory...
2026-10-03 19:17:36.995 | DEBUG    | tldw_chatbook.DB.ChaChaNotes_DB:_enter_transaction:24458 - Entered nested transaction level 2 on thread 8494865792.
2026-10-03 19:17:36.995 | INFO     | tldw_chatbook.DB.ChaChaNotes_DB:_migrate_from_v52_to_v53:7505 - [rag_char_chat_schema V52→V53] Migration completed for DB: db_sha256=memory (examined 0, compacted 0, skipped 0 unreadable).
2026-10-03 19:17:36.996 | DEBUG    | tldw_chatbook.DB.ChaChaNotes_DB:_enter_transaction:24458 - Entered nested transaction level 2 on thread 8494865792.
2026-10-03 19:17:37.006 | DEBUG    | tldw_chatbook.DB.ChaChaNotes_DB:_enter_transaction:24458 - Entered nested transaction level 2 on thread 8494865792.
2026-10-03 19:17:37.013 | DEBUG    | tldw_chatbook.DB.ChaChaNotes_DB:_enter_transaction:24458 - Entered nested transaction level 2 on thread 8494865792.
2026-10-03 19:17:37.039 | DEBUG    | tldw_chatbook.DB.ChaChaNotes_DB:_enter_transaction:24458 - Entered nested transaction level 2 on thread 8494865792.
2026-10-03 19:17:37.042 | DEBUG    | tldw_chatbook.DB.ChaChaNotes_DB:_enter_transaction:24458 - Entered nested transaction level 2 on thread 8494865792.
2026-10-03 19:17:37.068 | DEBUG    | tldw_chatbook.DB.ChaChaNotes_DB:_enter_transaction:24458 - Entered nested transaction level 2 on thread 8494865792.
2026-10-03 19:17:37.072 | DEBUG    | tldw_chatbook.DB.ChaChaNotes_DB:_enter_transaction:24458 - Entered nested transaction level 2 on thread 8494865792.
2026-10-03 19:17:37.074 | DEBUG    | tldw_chatbook.DB.ChaChaNotes_DB:_enter_transaction:24458 - Entered nested transaction level 2 on thread 8494865792.
2026-10-03 19:17:37.080 | DEBUG    | tldw_chatbook.DB.ChaChaNotes_DB:_enter_transaction:24458 - Entered nested transaction level 2 on thread 8494865792.
2026-10-03 19:17:37.135 | DEBUG    | tldw_chatbook.DB.ChaChaNotes_DB:_enter_transaction:24458 - Entered nested transaction level 2 on thread 8494865792.
2026-10-03 19:17:37.146 | DEBUG    | tldw_chatbook.DB.ChaChaNotes_DB:_enter_transaction:24458 - Entered nested transaction level 2 on thread 8494865792.
2026-10-03 19:17:37.181 | DEBUG    | tldw_chatbook.DB.ChaChaNotes_DB:_enter_transaction:24458 - Entered nested transaction level 2 on thread 8494865792.
2026-10-03 19:17:37.184 | DEBUG    | tldw_chatbook.DB.ChaChaNotes_DB:_enter_transaction:24458 - Entered nested transaction level 2 on thread 8494865792.
2026-10-03 19:17:37.198 | DEBUG    | tldw_chatbook.DB.ChaChaNotes_DB:_enter_transaction:24458 - Entered nested transaction level 3 on thread 8494865792.
2026-10-03 19:17:37.198 | DEBUG    | tldw_chatbook.DB.ChaChaNotes_DB:_enter_transaction:24458 - Entered nested transaction level 3 on thread 8494865792.
2026-10-03 19:17:37.201 | DEBUG    | tldw_chatbook.DB.ChaChaNotes_DB:_enter_transaction:24458 - Entered nested transaction level 2 on thread 8494865792.
2026-10-03 19:17:37.209 | DEBUG    | tldw_chatbook.DB.ChaChaNotes_DB:_enter_transaction:24458 - Entered nested transaction level 2 on thread 8494865792.
2026-10-03 19:17:37.262 | DEBUG    | tldw_chatbook.DB.ChaChaNotes_DB:_enter_transaction:24458 - Entered nested transaction level 2 on thread 8494865792.
2026-10-03 19:17:37.264 | DEBUG    | tldw_chatbook.DB.ChaChaNotes_DB:_enter_transaction:24458 - Entered nested transaction level 2 on thread 8494865792.
2026-10-03 19:17:37.270 | DEBUG    | tldw_chatbook.DB.ChaChaNotes_DB:_enter_transaction:24458 - Entered nested transaction level 2 on thread 8494865792.
2026-10-03 19:17:37.288 | DEBUG    | tldw_chatbook.DB.ChaChaNotes_DB:_enter_transaction:24458 - Entered nested transaction level 2 on thread 8494865792.
2026-10-03 19:17:37.322 | DEBUG    | tldw_chatbook.DB.ChaChaNotes_DB:_enter_transaction:24458 - Entered nested transaction level 2 on thread 8494865792.
2026-10-03 19:17:37.324 | DEBUG    | tldw_chatbook.DB.ChaChaNotes_DB:_enter_transaction:24458 - Entered nested transaction level 2 on thread 8494865792.
2026-10-03 19:17:37.340 | DEBUG    | tldw_chatbook.DB.ChaChaNotes_DB:_enter_transaction:24458 - Entered nested transaction level 2 on thread 8494865792.
2026-10-03 19:17:37.341 | DEBUG    | tldw_chatbook.DB.ChaChaNotes_DB:_enter_transaction:24458 - Entered nested transaction level 2 on thread 8494865792.
2026-10-03 19:17:37.381 | INFO     | tldw_chatbook.DB.ChaChaNotes_DB:_initialize_schema:8685 - Database schema 'rag_char_chat_schema' successfully initialized/migrated to version 76.
2026-10-03 19:17:37.381 | DEBUG    | tldw_chatbook.DB.ChaChaNotes_DB:_exit_transaction:24552 - Transaction (outermost) committed successfully on thread 8494865792.
2026-10-03 19:17:37.382 | DEBUG    | tldw_chatbook.DB.ChaChaNotes_DB:__init__:3399 - CharactersRAGDB initialization completed successfully db_sha256=memory
2026-10-03 19:17:37.420 | INFO     | tldw_chatbook.config:_apply_literal_settings_transaction_locked:8612 - Attempting to apply literal settings mutation: sets={"('console',)": ['exchange_capture']}, deletes={}
2026-10-03 19:17:37.453 | SUCCESS  | tldw_chatbook.config:_apply_literal_settings_transaction_locked:8670 - Successfully replaced settings file at /Users/macbook-dev/.codex/worktrees/console-chat-starts/tldw_chatbook/.superpowers/sdd/2026-10-03-console-pr2995-review-and-merge/composer-failures-base-profile-yvla87wr/config/config.toml
2026-10-03 19:17:37.457 | INFO     | tldw_chatbook.config:_load_settings_uncached:2134 - Determined ACTUAL_PROJECT_ROOT for general paths: /private/tmp/console-pr2995-base-nfsxecon/tldw_chatbook
2026-10-03 19:17:37.457 | INFO     | tldw_chatbook.config:_load_settings_uncached:2137 - Determined APP_COMPONENT_ROOT for config files: /private/tmp/console-pr2995-base-nfsxecon/tldw_chatbook
2026-10-03 19:17:37.459 | DEBUG    | tldw_chatbook.config:_load_settings_uncached:2160 - load_settings: Configuration loaded from disk (cache miss or forced reload)
2026-10-03 19:17:37.459 | DEBUG    | tldw_chatbook.config:_load_settings_uncached:2482 - Darwin platform-preferred STT provider resolved to: faster-whisper
2026-10-03 19:17:37.524 | DEBUG    | tldw_chatbook.config:_load_settings_uncached:3712 - Ensured chat dictionaries folder exists: /Users/macbook-dev/.codex/worktrees/console-chat-starts/tldw_chatbook/.superpowers/sdd/2026-10-03-console-pr2995-review-and-merge/composer-failures-base-profile-yvla87wr/home/.local/share/tldw_cli/default_user/chat_dicts
2026-10-03 19:17:37.525 | DEBUG    | tldw_chatbook.config:_load_settings_uncached:3743 - load_settings: Configuration cached for future use
2026-10-03 19:17:37.527 | INFO     | tldw_chatbook.config:_apply_literal_settings_transaction_locked:8698 - Global configuration caches invalidated and reloaded.
2026-10-03 19:17:37.586 | INFO     | tldw_chatbook.config:_apply_literal_settings_transaction_locked:8612 - Attempting to apply literal settings mutation: sets={"('first_run',)": ['setup_completed'], "('chat_defaults',)": ['provider', 'model'], "('api_settings', 'openai')": ['api_key']}, deletes={}
2026-10-03 19:17:37.624 | SUCCESS  | tldw_chatbook.config:_apply_literal_settings_transaction_locked:8670 - Successfully replaced settings file at /Users/macbook-dev/.codex/worktrees/console-chat-starts/tldw_chatbook/.superpowers/sdd/2026-10-03-console-pr2995-review-and-merge/composer-failures-base-profile-yvla87wr/config/config.toml
2026-10-03 19:17:37.628 | INFO     | tldw_chatbook.config:_load_settings_uncached:2134 - Determined ACTUAL_PROJECT_ROOT for general paths: /private/tmp/console-pr2995-base-nfsxecon/tldw_chatbook
2026-10-03 19:17:37.629 | INFO     | tldw_chatbook.config:_load_settings_uncached:2137 - Determined APP_COMPONENT_ROOT for config files: /private/tmp/console-pr2995-base-nfsxecon/tldw_chatbook
2026-10-03 19:17:37.630 | DEBUG    | tldw_chatbook.config:_load_settings_uncached:2160 - load_settings: Configuration loaded from disk (cache miss or forced reload)
2026-10-03 19:17:37.630 | DEBUG    | tldw_chatbook.config:_load_settings_uncached:2482 - Darwin platform-preferred STT provider resolved to: faster-whisper
2026-10-03 19:17:37.690 | DEBUG    | tldw_chatbook.config:_load_settings_uncached:3712 - Ensured chat dictionaries folder exists: /Users/macbook-dev/.codex/worktrees/console-chat-starts/tldw_chatbook/.superpowers/sdd/2026-10-03-console-pr2995-review-and-merge/composer-failures-base-profile-yvla87wr/home/.local/share/tldw_cli/default_user/chat_dicts
2026-10-03 19:17:37.690 | DEBUG    | tldw_chatbook.config:_load_settings_uncached:3743 - load_settings: Configuration cached for future use
2026-10-03 19:17:37.691 | INFO     | tldw_chatbook.config:_apply_literal_settings_transaction_locked:8698 - Global configuration caches invalidated and reloaded.
2026-10-03 19:17:37.707 | INFO     | tldw_chatbook.config:_load_settings_uncached:2134 - Determined ACTUAL_PROJECT_ROOT for general paths: /private/tmp/console-pr2995-base-nfsxecon/tldw_chatbook
2026-10-03 19:17:37.707 | INFO     | tldw_chatbook.config:_load_settings_uncached:2137 - Determined APP_COMPONENT_ROOT for config files: /private/tmp/console-pr2995-base-nfsxecon/tldw_chatbook
2026-10-03 19:17:37.714 | INFO     | tldw_chatbook.config:_load_cli_config_bootstrap_unlocked:6847 - Attempting to load CLI config from: /Users/macbook-dev/.codex/worktrees/console-chat-starts/tldw_chatbook/.superpowers/sdd/2026-10-03-console-pr2995-review-and-merge/composer-failures-base-profile-yvla87wr/config/config.toml
2026-10-03 19:17:37.726 | INFO     | tldw_chatbook.config:_load_cli_config_bootstrap_unlocked:6868 - Successfully loaded and merged CLI config from /Users/macbook-dev/.codex/worktrees/console-chat-starts/tldw_chatbook/.superpowers/sdd/2026-10-03-console-pr2995-review-and-merge/composer-failures-base-profile-yvla87wr/config/config.toml
2026-10-03 19:17:37.727 | DEBUG    | tldw_chatbook.config:_load_cli_config_bootstrap_unlocked:6952 - load_cli_config_and_ensure_existence returning config with top-level keys: ['config_schema_version', 'general', 'console', 'console_ssh', 'hooks', 'skills', 'tamagotchi', 'appearance', 'acp', 'tldw_api', 'library', 'caching', 'agents', 'splash_screen', 'logging', 'metrics', 'database', 'webhooks', 'scheduling', 'media_cleanup', 'api_endpoints', 'providers', 'model_catalog', 'api_settings', 'chat_defaults', 'chat', 'web_security', 'network', 'image_generation', 'character_defaults', 'analysis_defaults', 'permission_summary', 'llm_management', 'llamacpp_snapshots', 'notes', 'Prompts', 'prompts', 'embedding_config', 'rag_citations', 'rag', 'rag_search', 'chunking', 'model_capabilities', 'tools', 'SearchSettings', 'webfetch', 'SearchEngines', 'media_processing', 'meetings', 'dictation', 'transcription', 'diarization', 'local_ingestion', 'mcp', 'subscriptions', 'github', 'briefings_feed_server', 'canvas', 'web_server', 'first_run']
2026-10-03 19:17:37.727 | DEBUG    | tldw_chatbook.config:_load_cli_config_bootstrap_unlocked:6956 -   'api_settings' found with keys: ['openai', 'anthropic', 'cohere', 'deepseek', 'groq', 'google', 'huggingface', 'mistralai', 'openrouter', 'moonshot', 'qwencloud', 'zai', 'databricks', 'together', 'fireworks', 'cerebras', 'sambanova', 'nvidia', 'deepinfra', 'nebius', 'novita', 'minimax', 'mimo', 'tokenhub', 'byteplus', 'stepfun', 'vercel', 'zenmux', 'kilo', 'siliconflow', 'baseten', 'gmi', 'ollama_cloud', 'upstage', 'arcee', 'qianfan', 'nous', 'venice', 'meta', 'azure', 'wandb', 'cloudflare', 'opencode_zen', 'commandcode', 'llama_cpp', 'oobabooga', 'koboldcpp', 'ollama', 'vllm', 'aphrodite', 'tabbyapi', 'custom', 'custom_2', 'local-llm', 'local_llamafile', 'local_llamacpp', 'local_vllm', 'local_ollama', 'local_onnx', 'local_transformers', 'local_mlx_lm']
2026-10-03 19:17:37.728 | DEBUG    | tldw_chatbook.config:_load_settings_uncached:2160 - load_settings: Configuration loaded from disk (cache miss or forced reload)
2026-10-03 19:17:37.729 | DEBUG    | tldw_chatbook.config:_load_settings_uncached:2482 - Darwin platform-preferred STT provider resolved to: faster-whisper
2026-10-03 19:17:37.811 | DEBUG    | tldw_chatbook.config:_load_settings_uncached:3712 - Ensured chat dictionaries folder exists: /Users/macbook-dev/.codex/worktrees/console-chat-starts/tldw_chatbook/.superpowers/sdd/2026-10-03-console-pr2995-review-and-merge/composer-failures-base-profile-yvla87wr/home/.local/share/tldw_cli/default_user/chat_dicts
2026-10-03 19:17:37.811 | DEBUG    | tldw_chatbook.config:_load_settings_uncached:3743 - load_settings: Configuration cached for future use
2026-10-03 19:17:37.842 | DEBUG    | tldw_chatbook.UI.Navigation.base_app_screen:__init__:89 - Initializing ChatScreen screen: chat
2026-10-03 19:17:37.880 | DEBUG    | tldw_chatbook.DB.ChaChaNotes_DB:_enter_transaction:24489 - Started outermost transaction on thread 8494865792.
2026-10-03 19:17:37.881 | DEBUG    | tldw_chatbook.DB.ChaChaNotes_DB:_exit_transaction:24552 - Transaction (outermost) committed successfully on thread 8494865792.
2026-10-03 19:17:37.962 | DEBUG    | tldw_chatbook.Chat.chat_persistence_service:__init__:271 - Recovered-media message source is unavailable.
2026-10-03 19:17:38.208 | DEBUG    | tldw_chatbook.UI.Console_Modules.workspace:_persisted_console_browser_rows:3825 - Local persisted conversation service is unavailable
2026-10-03 19:17:38.208 | DEBUG    | tldw_chatbook.UI.Screens.chat_screen:_sync_console_workspace_context:14058 - No Console workspace context tray available for sync
2026-10-03 19:17:38.208 | WARNING  | tldw_chatbook.Chat.console_fleet_wake:recover:1001 - wake recovery failed (exception_type=AttributeError)
2026-10-03 19:17:38.915 | DEBUG    | tldw_chatbook.UI.Screens.chat_screen:_sync_console_workspace_context:14058 - No Console workspace context tray available for sync
2026-10-03 19:17:39.914 | DEBUG    | tldw_chatbook.DB.ChaChaNotes_DB:_get_thread_connection:3554 - Opened/Reopened SQLite connection db_sha256=memory thread=6138605568
2026-10-03 19:17:39.925 | DEBUG    | tldw_chatbook.DB.ChaChaNotes_DB:_enter_transaction:24489 - Started outermost transaction on thread 6138605568.
2026-10-03 19:17:39.929 | DEBUG    | tldw_chatbook.DB.ChaChaNotes_DB:_exit_transaction:24589 - Transaction (outermost) rolled back due to exception (OperationalError) on thread 6138605568.
2026-10-03 19:17:39.992 | DEBUG    | tldw_chatbook.DB.ChaChaNotes_DB:_enter_transaction:24489 - Started outermost transaction on thread 6138605568.
2026-10-03 19:17:40.000 | DEBUG    | tldw_chatbook.DB.ChaChaNotes_DB:_exit_transaction:24589 - Transaction (outermost) rolled back due to exception (OperationalError) on thread 6138605568.
2026-10-03 19:17:40.029 | DEBUG    | tldw_chatbook.Widgets.compact_model_bar:handle_compact_temp_change:203 - Sidebar temperature input not found for sync
2026-10-03 19:17:40.231 | INFO     | tldw_chatbook.UI.Navigation.base_app_screen:on_mount:532 - Screen chat mounted
2026-10-03 19:17:40.239 | DEBUG    | tldw_chatbook.DB.ChaChaNotes_DB:_enter_transaction:24489 - Started outermost transaction on thread 8494865792.
2026-10-03 19:17:40.242 | DEBUG    | tldw_chatbook.DB.ChaChaNotes_DB:_exit_transaction:24552 - Transaction (outermost) committed successfully on thread 8494865792.
2026-10-03 19:17:40.247 | DEBUG    | tldw_chatbook.UI.Screens.chat_screen:on_screen_resume:23581 - Chat screen resuming
2026-10-03 19:17:40.957 | DEBUG    | tldw_chatbook.DB.ChaChaNotes_DB:_enter_transaction:24489 - Started outermost transaction on thread 6138605568.
2026-10-03 19:17:40.958 | DEBUG    | tldw_chatbook.DB.ChaChaNotes_DB:_exit_transaction:24589 - Transaction (outermost) rolled back due to exception (OperationalError) on thread 6138605568.
2026-10-03 19:17:40.977 | DEBUG    | tldw_chatbook.DB.ChaChaNotes_DB:_enter_transaction:24489 - Started outermost transaction on thread 6138605568.
2026-10-03 19:17:40.977 | DEBUG    | tldw_chatbook.DB.ChaChaNotes_DB:_exit_transaction:24589 - Transaction (outermost) rolled back due to exception (OperationalError) on thread 6138605568.
2026-10-03 19:17:41.223 | DEBUG    | tldw_chatbook.DB.ChaChaNotes_DB:_enter_transaction:24489 - Started outermost transaction on thread 8494865792.
2026-10-03 19:17:41.224 | DEBUG    | tldw_chatbook.DB.ChaChaNotes_DB:_exit_transaction:24552 - Transaction (outermost) committed successfully on thread 8494865792.
2026-10-03 19:17:41.224 | DEBUG    | tldw_chatbook.UI.Screens.chat_screen:on_screen_resume:23581 - Chat screen resuming
2026-10-03 19:17:41.339 | DEBUG    | tldw_chatbook.DB.ChaChaNotes_DB:_enter_transaction:24489 - Started outermost transaction on thread 6138605568.
2026-10-03 19:17:41.343 | DEBUG    | tldw_chatbook.DB.ChaChaNotes_DB:list_all_active_conversations:11274 - Listing all active conversations: limit=1000, offset=0
2026-10-03 19:17:41.344 | DEBUG    | tldw_chatbook.DB.ChaChaNotes_DB:_exit_transaction:24589 - Transaction (outermost) rolled back due to exception (OperationalError) on thread 6138605568.
2026-10-03 19:17:41.344 | DEBUG    | tldw_chatbook.DB.ChaChaNotes_DB:_get_thread_connection:3554 - Opened/Reopened SQLite connection db_sha256=memory thread=6155431936
2026-10-03 19:17:41.344 | DEBUG    | tldw_chatbook.DB.ChaChaNotes_DB:execute_query:4046 - Executing SQL (script=False): 
                SELECT id,                        root_id,                        character_id,                        assistant_kind,                        assistant_id,                        assistant_authority_id,                        runtime_backend,                        discovery_owner, ... Params: (test-client, 1000, 0)
2026-10-03 19:17:41.344 | ERROR    | tldw_chatbook.DB.ChaChaNotes_DB:execute_query:4122 - Query execution failed: 
                SELECT id,                        root_id,                        character_id,                        assistant_kind,                        assistant_id,                        assistant_authority_id,                        runtime_backend,                        discovery_owner, ... Error: exception_type=OperationalError
2026-10-03 19:17:41.344 | ERROR    | tldw_chatbook.DB.ChaChaNotes_DB:list_all_active_conversations:11332 - Database error listing all active conversations: exception_type=CharactersRAGDBError
2026-10-03 19:17:41.344 | DEBUG    | tldw_chatbook.DB.ChaChaNotes_DB:close_connection:3900 - Closed SQLite connection db_sha256=memory thread=6155431936.
2026-10-03 19:17:41.344 | WARNING  | tldw_chatbook.UI.Screens.chat_screen:_prune_console_rail_preferences:13097 - Console rail preference prune skipped: Query execution failed: no such table: conversations
2026-10-03 19:17:41.474 | DEBUG    | tldw_chatbook.DB.ChaChaNotes_DB:_get_thread_connection:3554 - Opened/Reopened SQLite connection db_sha256=memory thread=6189658112
2026-10-03 19:17:41.474 | DEBUG    | tldw_chatbook.DB.ChaChaNotes_DB:_enter_transaction:24489 - Started outermost transaction on thread 6189658112.
2026-10-03 19:17:41.474 | DEBUG    | tldw_chatbook.DB.ChaChaNotes_DB:_exit_transaction:24589 - Transaction (outermost) rolled back due to exception (OperationalError) on thread 6189658112.
2026-10-03 19:17:41.666 | DEBUG    | tldw_chatbook.UI.Screens.chat_screen:_restore_collapsible_states:25203 - No collapsible states to restore
2026-10-03 19:17:42.017 | DEBUG    | tldw_chatbook.DB.ChaChaNotes_DB:_enter_transaction:24489 - Started outermost transaction on thread 6138605568.
2026-10-03 19:17:42.017 | DEBUG    | tldw_chatbook.DB.ChaChaNotes_DB:_exit_transaction:24589 - Transaction (outermost) rolled back due to exception (OperationalError) on thread 6138605568.
2026-10-03 19:17:42.197 | DEBUG    | tldw_chatbook.DB.ChaChaNotes_DB:_enter_transaction:24489 - Started outermost transaction on thread 6189658112.
2026-10-03 19:17:42.198 | DEBUG    | tldw_chatbook.DB.ChaChaNotes_DB:_exit_transaction:24589 - Transaction (outermost) rolled back due to exception (OperationalError) on thread 6189658112.
2026-10-03 19:17:42.911 | DEBUG    | tldw_chatbook.DB.ChaChaNotes_DB:_enter_transaction:24489 - Started outermost transaction on thread 8494865792.
2026-10-03 19:17:42.911 | DEBUG    | tldw_chatbook.DB.ChaChaNotes_DB:_exit_transaction:24552 - Transaction (outermost) committed successfully on thread 8494865792.
2026-10-03 19:17:42.916 | INFO     | tldw_chatbook.UI.Navigation.base_app_screen:on_unmount:563 - Screen chat unmounted
------------------------------ Captured log call -------------------------------
INFO     root:app.py:1385 App __init__: Determined initial tab value: chat
WARNING  root:app.py:1492 Prompts service not initialized, self.prompts_db set to None.
ERROR    root:app.py:1513 ChaChaNotesDB (CharactersRAGDB) instance not found/assigned in app.__init__.
INFO     tldw_chatbook.model_capabilities:model_capabilities.py:1046 No capability information found for openai/gpt-4.1, using defaults
INFO     tldw_chatbook.diagnostics.console:persistent_diagnostics.py:256 event=console_send_stage app_version=0.2.3 attempt_id=3e54d0fafc4349e3b0a92cde481e8c98 component=console duration_ms=0 phase=ui_action python_version=3.12.11 sqlite_version=3.49.1 status=entered
INFO     tldw_chatbook.diagnostics.console:persistent_diagnostics.py:256 event=console_send_stage attempt_id=3e54d0fafc4349e3b0a92cde481e8c98 component=console duration_ms=19 phase=ui_dispatch status=entered
INFO     tldw_chatbook.diagnostics.console:persistent_diagnostics.py:256 event=console_send_stage attempt_id=3e54d0fafc4349e3b0a92cde481e8c98 component=console duration_ms=158 phase=ui_dispatch status=refused
INFO     tldw_chatbook.diagnostics.console:persistent_diagnostics.py:256 event=console_send_stage attempt_id=3e54d0fafc4349e3b0a92cde481e8c98 component=console duration_ms=158 phase=ui_action status=not_dispatched
____ test_console_blocked_send_retains_exact_recovery_after_runtime_custody ____

    @pytest.mark.asyncio
    async def test_console_blocked_send_retains_exact_recovery_after_runtime_custody():
        app = _build_console_send_test_app()
        app.chat_api_provider_value = "llama_cpp"
        app.chat_api_model_value = "test-model"
        app.console_provider_gateway_factory = BlockedGateway
        host = ConsoleHarness(app)
    
        async with host.run_test(size=(160, 48)) as pilot:
            console = host.screen_stack[-1]
>           await _wait_for_selector(console, pilot, "#console-native-composer")

Tests/UI/test_console_send_draft_snapshot.py:380: 
_ _ _ _ _ _ _ _ _ _ _ _ _ _ _ _ _ _ _ _ _ _ _ _ _ _ _ _ _ _ _ _ _ _ _ _ _ _ _ _ 

screen = ChatScreen()
pilot = <Pilot app=ConsoleHarness(title='ConsoleHarness', classes={'-dark-mode'}, pseudo_classes={'focus', 'dark', 'nocolor'})>
selector = '#console-native-composer'

    async def _wait_for_selector(
        screen, pilot, selector: str, *, timeout: float = 2.0
    ) -> None:
        deadline = time.monotonic() + timeout
        while time.monotonic() < deadline:
            if screen.query(selector):
                await pilot.pause()
                return
            await pilot.pause(0.01)
>       raise AssertionError(
            f"Timed out waiting for {selector}. Visible text: {_visible_text(screen)}"
        )
E       AssertionError: Timed out waiting for #console-native-composer. Visible text:

Tests/UI/test_destination_shells.py:1191: AssertionError

During handling of the above exception, another exception occurred:

    @pytest.mark.asyncio
    async def test_console_blocked_send_retains_exact_recovery_after_runtime_custody():
        app = _build_console_send_test_app()
        app.chat_api_provider_value = "llama_cpp"
        app.chat_api_model_value = "test-model"
        app.console_provider_gateway_factory = BlockedGateway
        host = ConsoleHarness(app)
    
>       async with host.run_test(size=(160, 48)) as pilot:
                   ^^^^^^^^^^^^^^^^^^^^^^^^^^^^^

Tests/UI/test_console_send_draft_snapshot.py:378: 
_ _ _ _ _ _ _ _ _ _ _ _ _ _ _ _ _ _ _ _ _ _ _ _ _ _ _ _ _ _ _ _ _ _ _ _ _ _ _ _ 
/Users/macbook-dev/.local/share/uv/python/cpython-3.12.11-macos-aarch64-none/lib/python3.12/contextlib.py:231: in __aexit__
    await self.gen.athrow(value)
/Users/macbook-dev/Documents/GitHub/tldw_chatbook/.venv/lib/python3.12/site-packages/textual/app.py:2218: in run_test
    raise self._exception
/Users/macbook-dev/Documents/GitHub/tldw_chatbook/.venv/lib/python3.12/site-packages/textual/message_pump.py:663: in _process_messages_loop
    await self._dispatch_message(message)
/Users/macbook-dev/Documents/GitHub/tldw_chatbook/.venv/lib/python3.12/site-packages/textual/message_pump.py:727: in _dispatch_message
    await self.on_event(message)
/Users/macbook-dev/Documents/GitHub/tldw_chatbook/.venv/lib/python3.12/site-packages/textual/message_pump.py:808: in on_event
    await self._on_message(event)
/Users/macbook-dev/Documents/GitHub/tldw_chatbook/.venv/lib/python3.12/site-packages/textual/message_pump.py:829: in _on_message
    await invoke(method, message)
/Users/macbook-dev/Documents/GitHub/tldw_chatbook/.venv/lib/python3.12/site-packages/textual/_callback.py:96: in invoke
    return await _invoke(callback, *params)
           ^^^^^^^^^^^^^^^^^^^^^^^^^^^^^^^^
/Users/macbook-dev/Documents/GitHub/tldw_chatbook/.venv/lib/python3.12/site-packages/textual/_callback.py:56: in _invoke
    result = callback(*params[:parameter_count])
             ^^^^^^^^^^^^^^^^^^^^^^^^^^^^^^^^^^^
tldw_chatbook/UI/Screens/chat_screen.py:22377: in _adapt_console_workspace_to_width
    left_rail = self.query_one("#console-left-rail")
                ^^^^^^^^^^^^^^^^^^^^^^^^^^^^^^^^^^^^
_ _ _ _ _ _ _ _ _ _ _ _ _ _ _ _ _ _ _ _ _ _ _ _ _ _ _ _ _ _ _ _ _ _ _ _ _ _ _ _ 

self = ChatScreen(), selector = '#console-left-rail', expect_type = None

    def query_one(
        self,
        selector: str | type[QueryType],
        expect_type: type[QueryType] | None = None,
    ) -> QueryType | Widget:
        """Get a widget from this widget's children that matches a selector or widget type.
    
        Args:
            selector: A selector or widget type.
            expect_type: Require the object be of the supplied type, or None for any type.
    
        Raises:
            WrongType: If the wrong type was found.
            NoMatches: If no node matches the query.
    
        Returns:
            A widget matching the selector.
        """
        _rich_traceback_omit = True
    
        base_node = self._get_dom_base()
    
        if isinstance(selector, str):
            query_selector = selector
        else:
            query_selector = selector.__name__
    
        if is_id_selector(query_selector):
            cache_key = (base_node._nodes._updates, query_selector, expect_type)
            cached_result = base_node._query_one_cache.get(cache_key)
            if cached_result is not None:
                return cached_result
            if (
                node := walk_breadth_search_id(
                    base_node, query_selector[1:], with_root=False
                )
            ) is not None:
                if expect_type is not None and not isinstance(node, expect_type):
                    raise WrongType(
                        f"Node matching {query_selector!r} is the wrong type; expected type {expect_type.__name__!r}, found {node}"
                    )
                base_node._query_one_cache[cache_key] = node
                return node
>           raise NoMatches(f"No nodes match {query_selector!r} on {base_node!r}")
E           textual.css.query.NoMatches: No nodes match '#console-left-rail' on ChatScreen()

/Users/macbook-dev/Documents/GitHub/tldw_chatbook/.venv/lib/python3.12/site-packages/textual/dom.py:1505: NoMatches
----------------------------- Captured stderr call -----------------------------
2026-10-03 19:17:43.277 | INFO     | tldw_chatbook.app:__init__:1251 - Loaded app_config - strip_thinking_tags: True
2026-10-03 19:17:43.293 | INFO     | tldw_chatbook.app:__init__:1359 - Parallel init task 'providers_models' completed in 0.000s
2026-10-03 19:17:43.295 | INFO     | tldw_chatbook.app:__init__:1359 - Parallel init task 'notes_service' completed in 0.000s
2026-10-03 19:17:43.295 | INFO     | tldw_chatbook.app:__init__:1359 - Parallel init task 'prompts_service' completed in 0.000s
2026-10-03 19:17:43.295 | INFO     | tldw_chatbook.app:__init__:1359 - Parallel init task 'media_db' completed in 0.000s
2026-10-03 19:17:43.399 | INFO     | tldw_chatbook.DB.base_db:__init__:989 - LibraryCollectionsDB initialized with path: /private/var/folders/sn/m80n2j152t9gw3w8qwk2nykh0000gn/T/tldw-chatbook-test-6yxp3o5x/library_collections.sqlite [Client: tldw_cli_local_instance_v1]
2026-10-03 19:17:43.480 | INFO     | tldw_chatbook.DB.base_db:__init__:989 - WorkspaceDB initialized with path: /private/var/folders/sn/m80n2j152t9gw3w8qwk2nykh0000gn/T/tldw-chatbook-test-6yxp3o5x/workspaces.sqlite [Client: tldw_cli_local_instance_v1]
2026-10-03 19:17:43.594 | INFO     | tldw_chatbook.DB.base_db:__init__:989 - SubscriptionsDB initialized with path: /private/var/folders/sn/m80n2j152t9gw3w8qwk2nykh0000gn/T/tldw-chatbook-test-6yxp3o5x/subscriptions.sqlite [Client: tldw_cli_local_instance_v1]
2026-10-03 19:17:43.597 | INFO     | tldw_chatbook.DB.base_db:__init__:989 - ClientNotificationsDB initialized with path: :memory: [Client: tldw_cli_local_instance_v1]
2026-10-03 19:17:43.599 | INFO     | tldw_chatbook.DB.base_db:__init__:989 - EventStateRepository initialized with path: /private/var/folders/sn/m80n2j152t9gw3w8qwk2nykh0000gn/T/tldw-chatbook-test-6yxp3o5x/tldw_chatbook_event_state.db [Client: tldw_cli_local_instance_v1]
2026-10-03 19:17:43.599 | INFO     | tldw_chatbook.DB.base_db:__init__:989 - SyncStateRepository initialized with path: /private/var/folders/sn/m80n2j152t9gw3w8qwk2nykh0000gn/T/tldw-chatbook-test-6yxp3o5x/tldw_chatbook_sync_state.db [Client: tldw_cli_local_instance_v1]
2026-10-03 19:17:43.844 | DEBUG    | tldw_chatbook.Scheduling.db.migrations.v1_to_v2:migrate:75 - Scheduling schema migrated to version 2 (missed_count column)
2026-10-03 19:17:43.942 | DEBUG    | tldw_chatbook.Scheduling.db.migrations.v2_to_v3:migrate:62 - Scheduling schema migrated to version 3 (timeout_seconds column)
2026-10-03 19:17:44.020 | DEBUG    | tldw_chatbook.Scheduling.db.migrations.v3_to_v4:migrate:137 - Scheduling schema migrated to version 4 (automation runs/results)
2026-10-03 19:17:44.095 | DEBUG    | tldw_chatbook.Scheduling.db.migrations.v4_to_v5:migrate:63 - Scheduling schema migrated to version 5 (scheduled_task_runs)
2026-10-03 19:17:44.165 | DEBUG    | tldw_chatbook.Scheduling.db.migrations.v5_to_v6:migrate:68 - Scheduling schema migrated to version 6 (task_incidents)
2026-10-03 19:17:44.249 | DEBUG    | tldw_chatbook.Scheduling.db.migrations.v6_to_v7:migrate:107 - Scheduling schema migrated to version 7 (automation_results server_id unique index)
2026-10-03 19:17:44.249 | INFO     | tldw_chatbook.DB.base_db:__init__:989 - ScheduledTasksDB initialized with path: /private/var/folders/sn/m80n2j152t9gw3w8qwk2nykh0000gn/T/tldw-chatbook-test-6yxp3o5x/scheduled_tasks.sqlite [Client: default]
2026-10-03 19:17:44.288 | DEBUG    | tldw_chatbook.app:__init__:1430 - ULTRA EARLY APP INIT: self._media_types_for_ui VALUE: ['All Media']
2026-10-03 19:17:44.288 | DEBUG    | tldw_chatbook.app:__init__:1433 - ULTRA EARLY APP INIT: self._media_types_for_ui TYPE: <class 'list'>
2026-10-03 19:17:44.378 | INFO     | tldw_chatbook.DB.Evals_DB:__init__:193 - EvalsDB initialized with path: /Users/macbook-dev/.codex/worktrees/console-chat-starts/tldw_chatbook/.superpowers/sdd/2026-10-03-console-pr2995-review-and-merge/composer-failures-base-profile-yvla87wr/home/.local/share/tldw_cli/default_user/evals.db
2026-10-03 19:17:44.378 | INFO     | tldw_chatbook.Evals.task_loader:__init__:98 - TaskLoader initialized
2026-10-03 19:17:44.413 | DEBUG    | tldw_chatbook.Event_Handlers.worker_handlers.base_handler:register:155 - Registered worker handler: MiscWorkerHandler
2026-10-03 19:17:44.413 | INFO     | tldw_chatbook.app:_init_worker_handlers:2167 - Worker handler registry initialized with all handlers
2026-10-03 19:17:44.413 | INFO     | tldw_chatbook.app:__init__:1615 - === STARTUP TIMING SUMMARY ===
2026-10-03 19:17:44.413 | INFO     | tldw_chatbook.app:__init__:1616 - Total initialization time: 1.157 seconds
2026-10-03 19:17:44.413 | INFO     | tldw_chatbook.app:__init__:1622 -   basic_init: 0.034s (2.9%)
2026-10-03 19:17:44.413 | INFO     | tldw_chatbook.app:__init__:1622 -   attribute_init: 0.000s (0.0%)
2026-10-03 19:17:44.413 | INFO     | tldw_chatbook.app:__init__:1622 -   parallel_init: 0.004s (0.3%)
2026-10-03 19:17:44.413 | INFO     | tldw_chatbook.app:__init__:1635 -     - providers_models: 0.000s (0.1% of parallel_init)
2026-10-03 19:17:44.413 | INFO     | tldw_chatbook.app:__init__:1635 -     - media_db: 0.000s (0.1% of parallel_init)
2026-10-03 19:17:44.413 | INFO     | tldw_chatbook.app:__init__:1635 -     - notes_service: 0.000s (0.1% of parallel_init)
2026-10-03 19:17:44.413 | INFO     | tldw_chatbook.app:__init__:1635 -     - prompts_service: 0.000s (0.0% of parallel_init)
2026-10-03 19:17:44.413 | INFO     | tldw_chatbook.app:__init__:1639 - ==============================
2026-10-03 19:17:44.414 | INFO     | tldw_chatbook.DB.ChaChaNotes_DB:__init__:3376 - Initializing CharactersRAGDB db_sha256=memory [Client ID: test-client]
2026-10-03 19:17:44.414 | DEBUG    | tldw_chatbook.DB.ChaChaNotes_DB:_get_thread_connection:3554 - Opened/Reopened SQLite connection db_sha256=memory thread=8494865792
2026-10-03 19:17:44.415 | DEBUG    | tldw_chatbook.DB.ChaChaNotes_DB:_enter_transaction:24489 - Started outermost transaction on thread 8494865792.
2026-10-03 19:17:44.415 | INFO     | tldw_chatbook.DB.ChaChaNotes_DB:_initialize_schema:8550 - Checking DB schema 'rag_char_chat_schema'. Current version: 0. Code supports: 76
2026-10-03 19:17:44.415 | INFO     | tldw_chatbook.DB.ChaChaNotes_DB:_apply_schema_v4:4437 - Applying schema Version 4 for 'rag_char_chat_schema' to DB: db_sha256=memory...
2026-10-03 19:17:44.415 | DEBUG    | tldw_chatbook.DB.ChaChaNotes_DB:_enter_transaction:24458 - Entered nested transaction level 2 on thread 8494865792.
2026-10-03 19:17:44.428 | DEBUG    | tldw_chatbook.DB.ChaChaNotes_DB:_apply_schema_v4:4478 - [rag_char_chat_schema V4] Full schema script executed.
2026-10-03 19:17:44.428 | INFO     | tldw_chatbook.DB.ChaChaNotes_DB:_apply_schema_v4:4485 - [rag_char_chat_schema V4] Schema 4 applied and version confirmed for DB: db_sha256=memory.
2026-10-03 19:17:44.429 | DEBUG    | tldw_chatbook.DB.ChaChaNotes_DB:_enrich_default_assistant_card_if_bare:4749 - [task-2451] Default Assistant enrichment UPDATE affected 1 row(s) in DB: db_sha256=memory.
2026-10-03 19:17:44.429 | INFO     | tldw_chatbook.DB.ChaChaNotes_DB:_migrate_from_v4_to_v5:4770 - Migrating schema from V4 to V5 for 'rag_char_chat_schema' in DB: db_sha256=memory...
2026-10-03 19:17:44.429 | DEBUG    | tldw_chatbook.DB.ChaChaNotes_DB:_enter_transaction:24458 - Entered nested transaction level 2 on thread 8494865792.
2026-10-03 19:17:44.441 | DEBUG    | tldw_chatbook.DB.ChaChaNotes_DB:_migrate_from_v4_to_v5:4780 - [rag_char_chat_schema V4→V5] Migration script executed.
2026-10-03 19:17:44.441 | INFO     | tldw_chatbook.DB.ChaChaNotes_DB:_migrate_from_v4_to_v5:4789 - [rag_char_chat_schema V4→V5] Migration completed successfully for DB: db_sha256=memory.
2026-10-03 19:17:44.441 | INFO     | tldw_chatbook.DB.ChaChaNotes_DB:_migrate_from_v5_to_v6:4823 - Migrating schema from V5 to V6 for 'rag_char_chat_schema' in DB: db_sha256=memory...
2026-10-03 19:17:44.441 | DEBUG    | tldw_chatbook.DB.ChaChaNotes_DB:_enter_transaction:24458 - Entered nested transaction level 2 on thread 8494865792.
2026-10-03 19:17:44.442 | DEBUG    | tldw_chatbook.DB.ChaChaNotes_DB:_migrate_from_v5_to_v6:4831 - [rag_char_chat_schema V5→V6] Migration script executed.
2026-10-03 19:17:44.443 | INFO     | tldw_chatbook.DB.ChaChaNotes_DB:_migrate_from_v5_to_v6:4840 - [rag_char_chat_schema V5→V6] Migration completed successfully for DB: db_sha256=memory.
2026-10-03 19:17:44.443 | INFO     | tldw_chatbook.DB.ChaChaNotes_DB:_migrate_from_v6_to_v7:4874 - Migrating schema from V6 to V7 for 'rag_char_chat_schema' in DB: db_sha256=memory...
2026-10-03 19:17:44.443 | DEBUG    | tldw_chatbook.DB.ChaChaNotes_DB:_enter_transaction:24458 - Entered nested transaction level 2 on thread 8494865792.
2026-10-03 19:17:44.444 | DEBUG    | tldw_chatbook.DB.ChaChaNotes_DB:_migrate_from_v6_to_v7:4882 - [rag_char_chat_schema V6→V7] Migration script executed.
2026-10-03 19:17:44.444 | INFO     | tldw_chatbook.DB.ChaChaNotes_DB:_migrate_from_v6_to_v7:4891 - [rag_char_chat_schema V6→V7] Migration completed successfully for DB: db_sha256=memory.
2026-10-03 19:17:44.444 | INFO     | tldw_chatbook.DB.ChaChaNotes_DB:_migrate_from_v7_to_v8:8464 - Migrating schema from V7 to V8 for 'rag_char_chat_schema' in DB: db_sha256=memory...
2026-10-03 19:17:44.445 | DEBUG    | tldw_chatbook.DB.ChaChaNotes_DB:_enter_transaction:24458 - Entered nested transaction level 2 on thread 8494865792.
2026-10-03 19:17:44.446 | DEBUG    | tldw_chatbook.DB.ChaChaNotes_DB:_migrate_from_v7_to_v8:8472 - [rag_char_chat_schema V7→V8] Migration script executed.
2026-10-03 19:17:44.447 | INFO     | tldw_chatbook.DB.ChaChaNotes_DB:_migrate_from_v7_to_v8:8481 - [rag_char_chat_schema V7→V8] Migration completed successfully for DB: db_sha256=memory.
2026-10-03 19:17:44.447 | INFO     | tldw_chatbook.DB.ChaChaNotes_DB:_migrate_from_v8_to_v9:4925 - Migrating schema from V8 to V9 for 'rag_char_chat_schema' in DB: db_sha256=memory...
2026-10-03 19:17:44.447 | DEBUG    | tldw_chatbook.DB.ChaChaNotes_DB:_enter_transaction:24458 - Entered nested transaction level 2 on thread 8494865792.
2026-10-03 19:17:44.451 | DEBUG    | tldw_chatbook.DB.ChaChaNotes_DB:_migrate_from_v8_to_v9:4933 - [rag_char_chat_schema V8→V9] Migration script executed.
2026-10-03 19:17:44.451 | INFO     | tldw_chatbook.DB.ChaChaNotes_DB:_migrate_from_v8_to_v9:4942 - [rag_char_chat_schema V8→V9] Migration completed successfully for DB: db_sha256=memory.
2026-10-03 19:17:44.451 | INFO     | tldw_chatbook.DB.ChaChaNotes_DB:_migrate_from_v9_to_v10:4976 - Migrating schema from V9 to V10 for 'rag_char_chat_schema' in DB: db_sha256=memory...
2026-10-03 19:17:44.451 | DEBUG    | tldw_chatbook.DB.ChaChaNotes_DB:_enter_transaction:24458 - Entered nested transaction level 2 on thread 8494865792.
2026-10-03 19:17:44.452 | DEBUG    | tldw_chatbook.DB.ChaChaNotes_DB:_migrate_from_v9_to_v10:4984 - [rag_char_chat_schema V9→V10] Migration script executed.
2026-10-03 19:17:44.452 | INFO     | tldw_chatbook.DB.ChaChaNotes_DB:_migrate_from_v9_to_v10:4993 - [rag_char_chat_schema V9→V10] Migration completed successfully for DB: db_sha256=memory.
2026-10-03 19:17:44.452 | INFO     | tldw_chatbook.DB.ChaChaNotes_DB:_migrate_from_v10_to_v11:5027 - Migrating schema from V10 to V11 for 'rag_char_chat_schema' in DB: db_sha256=memory...
2026-10-03 19:17:44.452 | DEBUG    | tldw_chatbook.DB.ChaChaNotes_DB:_enter_transaction:24458 - Entered nested transaction level 2 on thread 8494865792.
2026-10-03 19:17:44.456 | DEBUG    | tldw_chatbook.DB.ChaChaNotes_DB:_migrate_from_v10_to_v11:5035 - [rag_char_chat_schema V10→V11] Migration script executed.
2026-10-03 19:17:44.456 | INFO     | tldw_chatbook.DB.ChaChaNotes_DB:_migrate_from_v10_to_v11:5044 - [rag_char_chat_schema V10→V11] Migration completed successfully for DB: db_sha256=memory.
2026-10-03 19:17:44.456 | INFO     | tldw_chatbook.DB.ChaChaNotes_DB:_migrate_from_v11_to_v12:5078 - Migrating schema from V11 to V12 for 'rag_char_chat_schema' in DB: db_sha256=memory...
2026-10-03 19:17:44.456 | DEBUG    | tldw_chatbook.DB.ChaChaNotes_DB:_enter_transaction:24458 - Entered nested transaction level 2 on thread 8494865792.
2026-10-03 19:17:44.468 | DEBUG    | tldw_chatbook.DB.ChaChaNotes_DB:_migrate_from_v11_to_v12:5086 - [rag_char_chat_schema V11→V12] Migration script executed.
2026-10-03 19:17:44.468 | INFO     | tldw_chatbook.DB.ChaChaNotes_DB:_migrate_from_v11_to_v12:5095 - [rag_char_chat_schema V11→V12] Migration completed successfully for DB: db_sha256=memory.
2026-10-03 19:17:44.468 | INFO     | tldw_chatbook.DB.ChaChaNotes_DB:_migrate_from_v12_to_v13:5121 - Migrating schema from V12 to V13 for 'rag_char_chat_schema' in DB: db_sha256=memory...
2026-10-03 19:17:44.468 | DEBUG    | tldw_chatbook.DB.ChaChaNotes_DB:_enter_transaction:24458 - Entered nested transaction level 2 on thread 8494865792.
2026-10-03 19:17:44.513 | DEBUG    | tldw_chatbook.DB.ChaChaNotes_DB:_migrate_from_v12_to_v13:5129 - [rag_char_chat_schema V12→V13] Migration script executed.
2026-10-03 19:17:44.513 | INFO     | tldw_chatbook.DB.ChaChaNotes_DB:_migrate_from_v12_to_v13:5137 - [rag_char_chat_schema V12→V13] Migration completed successfully for DB: db_sha256=memory.
2026-10-03 19:17:44.513 | INFO     | tldw_chatbook.DB.ChaChaNotes_DB:_migrate_from_v13_to_v14:5162 - Migrating schema from V13 to V14 for 'rag_char_chat_schema' in DB: db_sha256=memory...
2026-10-03 19:17:44.513 | DEBUG    | tldw_chatbook.DB.ChaChaNotes_DB:_enter_transaction:24458 - Entered nested transaction level 2 on thread 8494865792.
2026-10-03 19:17:44.526 | DEBUG    | tldw_chatbook.DB.ChaChaNotes_DB:_migrate_from_v13_to_v14:5170 - [rag_char_chat_schema V13→V14] Migration script executed.
2026-10-03 19:17:44.527 | INFO     | tldw_chatbook.DB.ChaChaNotes_DB:_migrate_from_v13_to_v14:5178 - [rag_char_chat_schema V13→V14] Migration completed successfully for DB: db_sha256=memory.
2026-10-03 19:17:44.527 | INFO     | tldw_chatbook.DB.ChaChaNotes_DB:_migrate_from_v14_to_v15:5203 - Migrating schema from V14 to V15 for 'rag_char_chat_schema' in DB: db_sha256=memory...
2026-10-03 19:17:44.527 | DEBUG    | tldw_chatbook.DB.ChaChaNotes_DB:_enter_transaction:24458 - Entered nested transaction level 2 on thread 8494865792.
2026-10-03 19:17:44.528 | DEBUG    | tldw_chatbook.DB.ChaChaNotes_DB:_migrate_from_v14_to_v15:5211 - [rag_char_chat_schema V14→V15] Migration script executed.
2026-10-03 19:17:44.528 | INFO     | tldw_chatbook.DB.ChaChaNotes_DB:_migrate_from_v14_to_v15:5219 - [rag_char_chat_schema V14→V15] Migration completed successfully for DB: db_sha256=memory.
2026-10-03 19:17:44.528 | INFO     | tldw_chatbook.DB.ChaChaNotes_DB:_migrate_from_v15_to_v16:5245 - Migrating schema from V15 to V16 for 'rag_char_chat_schema' in DB: db_sha256=memory...
2026-10-03 19:17:44.528 | DEBUG    | tldw_chatbook.DB.ChaChaNotes_DB:_enter_transaction:24458 - Entered nested transaction level 2 on thread 8494865792.
2026-10-03 19:17:44.529 | DEBUG    | tldw_chatbook.DB.ChaChaNotes_DB:_migrate_from_v15_to_v16:5288 - [rag_char_chat_schema V15→V16] Migration script executed.
2026-10-03 19:17:44.529 | INFO     | tldw_chatbook.DB.ChaChaNotes_DB:_migrate_from_v15_to_v16:5298 - [rag_char_chat_schema V15→V16] Migration completed successfully for DB: db_sha256=memory.
2026-10-03 19:17:44.529 | INFO     | tldw_chatbook.DB.ChaChaNotes_DB:_migrate_from_v16_to_v17:5324 - Migrating schema from V16 to V17 for 'rag_char_chat_schema' in DB: db_sha256=memory...
2026-10-03 19:17:44.529 | DEBUG    | tldw_chatbook.DB.ChaChaNotes_DB:_enter_transaction:24458 - Entered nested transaction level 2 on thread 8494865792.
2026-10-03 19:17:44.529 | DEBUG    | tldw_chatbook.DB.ChaChaNotes_DB:_migrate_from_v16_to_v17:5332 - [rag_char_chat_schema V16→V17] Migration script executed.
2026-10-03 19:17:44.529 | INFO     | tldw_chatbook.DB.ChaChaNotes_DB:_migrate_from_v16_to_v17:5340 - [rag_char_chat_schema V16→V17] Migration completed successfully for DB: db_sha256=memory.
2026-10-03 19:17:44.529 | INFO     | tldw_chatbook.DB.ChaChaNotes_DB:_migrate_from_v17_to_v18:5368 - Migrating schema from V17 to V18 for 'rag_char_chat_schema' in DB: db_sha256=memory...
2026-10-03 19:17:44.529 | DEBUG    | tldw_chatbook.DB.ChaChaNotes_DB:_enter_transaction:24458 - Entered nested transaction level 2 on thread 8494865792.
2026-10-03 19:17:44.534 | DEBUG    | tldw_chatbook.DB.ChaChaNotes_DB:_migrate_from_v17_to_v18:5376 - [rag_char_chat_schema V17→V18] Migration script executed.
2026-10-03 19:17:44.535 | INFO     | tldw_chatbook.DB.ChaChaNotes_DB:_migrate_from_v17_to_v18:5384 - [rag_char_chat_schema V17→V18] Migration completed successfully for DB: db_sha256=memory.
2026-10-03 19:17:44.535 | INFO     | tldw_chatbook.DB.ChaChaNotes_DB:_migrate_from_v18_to_v19:8414 - Migrating schema from V18 to V19 for 'rag_char_chat_schema' in DB: db_sha256=memory...
2026-10-03 19:17:44.535 | DEBUG    | tldw_chatbook.DB.ChaChaNotes_DB:_enter_transaction:24458 - Entered nested transaction level 2 on thread 8494865792.
2026-10-03 19:17:44.535 | DEBUG    | tldw_chatbook.DB.ChaChaNotes_DB:_migrate_from_v18_to_v19:8422 - [rag_char_chat_schema V18→V19] Migration script executed.
2026-10-03 19:17:44.535 | INFO     | tldw_chatbook.DB.ChaChaNotes_DB:_migrate_from_v18_to_v19:8430 - [rag_char_chat_schema V18→V19] Migration completed successfully for DB: db_sha256=memory.
2026-10-03 19:17:44.535 | INFO     | tldw_chatbook.DB.ChaChaNotes_DB:_migrate_from_v19_to_v20:5412 - Migrating schema from V19 to V20 for 'rag_char_chat_schema' in DB: db_sha256=memory...
2026-10-03 19:17:44.535 | DEBUG    | tldw_chatbook.DB.ChaChaNotes_DB:_enter_transaction:24458 - Entered nested transaction level 2 on thread 8494865792.
2026-10-03 19:17:44.539 | DEBUG    | tldw_chatbook.DB.ChaChaNotes_DB:_migrate_from_v19_to_v20:5431 - [rag_char_chat_schema V19→V20] Migration script executed.
2026-10-03 19:17:44.540 | INFO     | tldw_chatbook.DB.ChaChaNotes_DB:_migrate_from_v19_to_v20:5439 - [rag_char_chat_schema V19→V20] Migration completed successfully for DB: db_sha256=memory.
2026-10-03 19:17:44.540 | INFO     | tldw_chatbook.DB.ChaChaNotes_DB:_migrate_from_v20_to_v21:5467 - Migrating schema from V20 to V21 for 'rag_char_chat_schema' in DB: db_sha256=memory...
2026-10-03 19:17:44.540 | DEBUG    | tldw_chatbook.DB.ChaChaNotes_DB:_enter_transaction:24458 - Entered nested transaction level 2 on thread 8494865792.
2026-10-03 19:17:44.541 | DEBUG    | tldw_chatbook.DB.ChaChaNotes_DB:_migrate_from_v20_to_v21:5488 - [rag_char_chat_schema V20→V21] Migration script executed.
2026-10-03 19:17:44.541 | INFO     | tldw_chatbook.DB.ChaChaNotes_DB:_migrate_from_v20_to_v21:5496 - [rag_char_chat_schema V20→V21] Migration completed successfully for DB: db_sha256=memory.
2026-10-03 19:17:44.541 | INFO     | tldw_chatbook.DB.ChaChaNotes_DB:_migrate_from_v21_to_v22:5518 - Migrating schema from V21 to V22 for 'rag_char_chat_schema' in DB: db_sha256=memory...
2026-10-03 19:17:44.541 | DEBUG    | tldw_chatbook.DB.ChaChaNotes_DB:_enter_transaction:24458 - Entered nested transaction level 2 on thread 8494865792.
2026-10-03 19:17:44.542 | DEBUG    | tldw_chatbook.DB.ChaChaNotes_DB:_migrate_from_v21_to_v22:5536 - [rag_char_chat_schema V21→V22] Migration script executed.
2026-10-03 19:17:44.542 | INFO     | tldw_chatbook.DB.ChaChaNotes_DB:_migrate_from_v21_to_v22:5542 - [rag_char_chat_schema V21→V22] Migration completed successfully for DB: db_sha256=memory.
2026-10-03 19:17:44.542 | INFO     | tldw_chatbook.DB.ChaChaNotes_DB:_migrate_from_v22_to_v23:5564 - Migrating schema from V22 to V23 for 'rag_char_chat_schema' in DB: db_sha256=memory...
2026-10-03 19:17:44.542 | DEBUG    | tldw_chatbook.DB.ChaChaNotes_DB:_enter_transaction:24458 - Entered nested transaction level 2 on thread 8494865792.
2026-10-03 19:17:44.543 | DEBUG    | tldw_chatbook.DB.ChaChaNotes_DB:_migrate_from_v22_to_v23:5572 - [rag_char_chat_schema V22→V23] Migration script executed.
2026-10-03 19:17:44.543 | INFO     | tldw_chatbook.DB.ChaChaNotes_DB:_migrate_from_v22_to_v23:5578 - [rag_char_chat_schema V22→V23] Migration completed successfully for DB: db_sha256=memory.
2026-10-03 19:17:44.543 | INFO     | tldw_chatbook.DB.ChaChaNotes_DB:_migrate_from_v23_to_v24:5601 - Migrating schema from V23 to V24 for 'rag_char_chat_schema' in DB: db_sha256=memory...
2026-10-03 19:17:44.543 | DEBUG    | tldw_chatbook.DB.ChaChaNotes_DB:_enter_transaction:24458 - Entered nested transaction level 2 on thread 8494865792.
2026-10-03 19:17:44.547 | DEBUG    | tldw_chatbook.DB.ChaChaNotes_DB:_migrate_from_v23_to_v24:5619 - [rag_char_chat_schema V23→V24] Migration script executed.
2026-10-03 19:17:44.547 | INFO     | tldw_chatbook.DB.ChaChaNotes_DB:_migrate_from_v23_to_v24:5625 - [rag_char_chat_schema V23→V24] Migration completed successfully for DB: db_sha256=memory.
2026-10-03 19:17:44.547 | INFO     | tldw_chatbook.DB.ChaChaNotes_DB:_migrate_from_v24_to_v25:5648 - Migrating schema from V24 to V25 for 'rag_char_chat_schema' in DB: db_sha256=memory...
2026-10-03 19:17:44.547 | DEBUG    | tldw_chatbook.DB.ChaChaNotes_DB:_enter_transaction:24458 - Entered nested transaction level 2 on thread 8494865792.
2026-10-03 19:17:44.548 | DEBUG    | tldw_chatbook.DB.ChaChaNotes_DB:_migrate_from_v24_to_v25:5656 - [rag_char_chat_schema V24→V25] Migration script executed.
2026-10-03 19:17:44.548 | INFO     | tldw_chatbook.DB.ChaChaNotes_DB:_migrate_from_v24_to_v25:5662 - [rag_char_chat_schema V24→V25] Migration completed successfully for DB: db_sha256=memory.
2026-10-03 19:17:44.548 | INFO     | tldw_chatbook.DB.ChaChaNotes_DB:_migrate_from_v25_to_v26:5686 - Migrating schema from V25 to V26 for 'rag_char_chat_schema' in DB: db_sha256=memory...
2026-10-03 19:17:44.548 | DEBUG    | tldw_chatbook.DB.ChaChaNotes_DB:_enter_transaction:24458 - Entered nested transaction level 2 on thread 8494865792.
2026-10-03 19:17:44.555 | DEBUG    | tldw_chatbook.DB.ChaChaNotes_DB:_migrate_from_v25_to_v26:5708 - [rag_char_chat_schema V25→V26] Migration script executed.
2026-10-03 19:17:44.555 | INFO     | tldw_chatbook.DB.ChaChaNotes_DB:_migrate_from_v25_to_v26:5714 - [rag_char_chat_schema V25→V26] Migration completed successfully for DB: db_sha256=memory.
2026-10-03 19:17:44.555 | DEBUG    | tldw_chatbook.DB.ChaChaNotes_DB:_enter_transaction:24458 - Entered nested transaction level 2 on thread 8494865792.
2026-10-03 19:17:44.561 | DEBUG    | tldw_chatbook.DB.ChaChaNotes_DB:_enter_transaction:24458 - Entered nested transaction level 2 on thread 8494865792.
2026-10-03 19:17:44.562 | DEBUG    | tldw_chatbook.DB.ChaChaNotes_DB:_enter_transaction:24458 - Entered nested transaction level 3 on thread 8494865792.
2026-10-03 19:17:44.569 | INFO     | tldw_chatbook.DB.ChaChaNotes_DB:_migrate_from_v28_to_v29:5901 - Migrating schema from V28 to V29 for 'rag_char_chat_schema' in DB: db_sha256=memory...
2026-10-03 19:17:44.570 | DEBUG    | tldw_chatbook.DB.ChaChaNotes_DB:_enter_transaction:24458 - Entered nested transaction level 2 on thread 8494865792.
2026-10-03 19:17:44.570 | DEBUG    | tldw_chatbook.DB.ChaChaNotes_DB:_migrate_from_v28_to_v29:5909 - [rag_char_chat_schema V28→V29] Migration script executed.
2026-10-03 19:17:44.571 | INFO     | tldw_chatbook.DB.ChaChaNotes_DB:_migrate_from_v28_to_v29:5917 - [rag_char_chat_schema V28→V29] Migration completed successfully for DB: db_sha256=memory.
2026-10-03 19:17:44.571 | INFO     | tldw_chatbook.DB.ChaChaNotes_DB:_migrate_from_v29_to_v30:5944 - Migrating schema from V29 to V30 for 'rag_char_chat_schema' in DB: db_sha256=memory...
2026-10-03 19:17:44.571 | DEBUG    | tldw_chatbook.DB.ChaChaNotes_DB:_enter_transaction:24458 - Entered nested transaction level 2 on thread 8494865792.
2026-10-03 19:17:44.575 | DEBUG    | tldw_chatbook.DB.ChaChaNotes_DB:_migrate_from_v29_to_v30:5970 - [rag_char_chat_schema V29→V30] Migration script executed.
2026-10-03 19:17:44.576 | INFO     | tldw_chatbook.DB.ChaChaNotes_DB:_migrate_from_v29_to_v30:5994 - [rag_char_chat_schema V29→V30] Migration completed successfully for DB: db_sha256=memory.
2026-10-03 19:17:44.576 | INFO     | tldw_chatbook.DB.ChaChaNotes_DB:_migrate_from_v30_to_v31:6021 - Migrating schema from V30 to V31 for 'rag_char_chat_schema' in DB: db_sha256=memory...
2026-10-03 19:17:44.576 | DEBUG    | tldw_chatbook.DB.ChaChaNotes_DB:_enter_transaction:24458 - Entered nested transaction level 2 on thread 8494865792.
2026-10-03 19:17:44.580 | DEBUG    | tldw_chatbook.DB.ChaChaNotes_DB:_migrate_from_v30_to_v31:6047 - [rag_char_chat_schema V30→V31] Migration script executed.
2026-10-03 19:17:44.581 | INFO     | tldw_chatbook.DB.ChaChaNotes_DB:_migrate_from_v30_to_v31:6071 - [rag_char_chat_schema V30→V31] Migration completed successfully for DB: db_sha256=memory.
2026-10-03 19:17:44.581 | INFO     | tldw_chatbook.DB.ChaChaNotes_DB:_migrate_from_v31_to_v32:6104 - Migrating schema from V31 to V32 for 'rag_char_chat_schema' in DB: db_sha256=memory...
2026-10-03 19:17:44.581 | DEBUG    | tldw_chatbook.DB.ChaChaNotes_DB:_enrich_default_assistant_card_if_bare:4749 - [task-2451] Default Assistant enrichment UPDATE affected 0 row(s) in DB: db_sha256=memory.
2026-10-03 19:17:44.581 | INFO     | tldw_chatbook.DB.ChaChaNotes_DB:_migrate_from_v31_to_v32:6130 - [rag_char_chat_schema V31→V32] Migration completed successfully for DB: db_sha256=memory.
2026-10-03 19:17:44.582 | DEBUG    | tldw_chatbook.DB.ChaChaNotes_DB:_enter_transaction:24458 - Entered nested transaction level 2 on thread 8494865792.
2026-10-03 19:17:44.584 | DEBUG    | tldw_chatbook.DB.ChaChaNotes_DB:_enter_transaction:24458 - Entered nested transaction level 2 on thread 8494865792.
2026-10-03 19:17:44.590 | DEBUG    | tldw_chatbook.DB.ChaChaNotes_DB:_enter_transaction:24458 - Entered nested transaction level 2 on thread 8494865792.
2026-10-03 19:17:44.593 | DEBUG    | tldw_chatbook.DB.ChaChaNotes_DB:_enter_transaction:24458 - Entered nested transaction level 2 on thread 8494865792.
2026-10-03 19:17:44.595 | DEBUG    | tldw_chatbook.DB.ChaChaNotes_DB:_enter_transaction:24458 - Entered nested transaction level 2 on thread 8494865792.
2026-10-03 19:17:44.601 | DEBUG    | tldw_chatbook.DB.ChaChaNotes_DB:_enter_transaction:24458 - Entered nested transaction level 2 on thread 8494865792.
2026-10-03 19:17:44.602 | DEBUG    | tldw_chatbook.DB.ChaChaNotes_DB:_enter_transaction:24458 - Entered nested transaction level 2 on thread 8494865792.
2026-10-03 19:17:44.604 | DEBUG    | tldw_chatbook.DB.ChaChaNotes_DB:_enter_transaction:24458 - Entered nested transaction level 2 on thread 8494865792.
2026-10-03 19:17:44.605 | DEBUG    | tldw_chatbook.DB.ChaChaNotes_DB:_enter_transaction:24458 - Entered nested transaction level 2 on thread 8494865792.
2026-10-03 19:17:44.606 | INFO     | tldw_chatbook.DB.ChaChaNotes_DB:_migrate_from_v41_to_v42:6450 - Migrating schema from V41 to V42 for 'rag_char_chat_schema' in DB: db_sha256=memory...
2026-10-03 19:17:44.608 | INFO     | tldw_chatbook.DB.ChaChaNotes_DB:_migrate_from_v41_to_v42:6514 - [rag_char_chat_schema V41→V42] conversations.console_project_context_json already present; applying the version bump only.
2026-10-03 19:17:44.608 | INFO     | tldw_chatbook.DB.ChaChaNotes_DB:_migrate_from_v42_to_v43:6564 - Migrating schema from V42 to V43 for 'rag_char_chat_schema' in DB: db_sha256=memory...
2026-10-03 19:17:44.608 | DEBUG    | tldw_chatbook.DB.ChaChaNotes_DB:_enter_transaction:24458 - Entered nested transaction level 2 on thread 8494865792.
2026-10-03 19:17:44.610 | INFO     | tldw_chatbook.DB.ChaChaNotes_DB:_migrate_from_v42_to_v43:6703 - [rag_char_chat_schema V42→V43] Migration completed successfully for DB: db_sha256=memory.
2026-10-03 19:17:44.610 | INFO     | tldw_chatbook.DB.ChaChaNotes_DB:_migrate_from_v43_to_v44:6733 - Migrating schema from V43 to V44 for 'rag_char_chat_schema' in DB: db_sha256=memory...
2026-10-03 19:17:44.610 | DEBUG    | tldw_chatbook.DB.ChaChaNotes_DB:_enter_transaction:24458 - Entered nested transaction level 2 on thread 8494865792.
2026-10-03 19:17:44.626 | INFO     | tldw_chatbook.DB.ChaChaNotes_DB:_migrate_from_v43_to_v44:6773 - [rag_char_chat_schema V43→V44] Migration completed successfully for DB: db_sha256=memory.
2026-10-03 19:17:44.626 | INFO     | tldw_chatbook.DB.ChaChaNotes_DB:_migrate_from_v44_to_v45:6842 - Actor Pack schema migration started: chachanotes_v44_to_v45
2026-10-03 19:17:44.626 | DEBUG    | tldw_chatbook.DB.ChaChaNotes_DB:_enter_transaction:24458 - Entered nested transaction level 2 on thread 8494865792.
2026-10-03 19:17:44.628 | INFO     | tldw_chatbook.DB.ChaChaNotes_DB:_migrate_from_v44_to_v45:6875 - Actor Pack schema migration completed: chachanotes_v44_to_v45
2026-10-03 19:17:44.628 | INFO     | tldw_chatbook.DB.ChaChaNotes_DB:_migrate_from_v45_to_v46:6919 - Migrating schema from V45 to V46 for 'rag_char_chat_schema' in DB: db_sha256=memory...
2026-10-03 19:17:44.628 | DEBUG    | tldw_chatbook.DB.ChaChaNotes_DB:_enter_transaction:24458 - Entered nested transaction level 2 on thread 8494865792.
2026-10-03 19:17:44.636 | INFO     | tldw_chatbook.DB.ChaChaNotes_DB:_migrate_from_v45_to_v46:6965 - [rag_char_chat_schema V45→V46] Migration completed successfully for DB: db_sha256=memory. Purged 0 unreachable sync_log row(s) of 1.
2026-10-03 19:17:44.636 | INFO     | tldw_chatbook.DB.ChaChaNotes_DB:_migrate_from_v46_to_v47:7007 - Migrating schema from V46 to V47 for 'rag_char_chat_schema' in DB: db_sha256=memory...
2026-10-03 19:17:44.636 | DEBUG    | tldw_chatbook.DB.ChaChaNotes_DB:_enter_transaction:24458 - Entered nested transaction level 2 on thread 8494865792.
2026-10-03 19:17:44.638 | INFO     | tldw_chatbook.DB.ChaChaNotes_DB:_migrate_from_v46_to_v47:7042 - [rag_char_chat_schema V46→V47] Migration completed successfully for DB: db_sha256=memory.
2026-10-03 19:17:44.638 | DEBUG    | tldw_chatbook.DB.ChaChaNotes_DB:_enter_transaction:24458 - Entered nested transaction level 2 on thread 8494865792.
2026-10-03 19:17:44.646 | INFO     | tldw_chatbook.DB.ChaChaNotes_DB:_migrate_from_v48_to_v49:7198 - Migrating schema from V48 to V49 for 'rag_char_chat_schema' in DB: db_sha256=memory...
2026-10-03 19:17:44.646 | DEBUG    | tldw_chatbook.DB.ChaChaNotes_DB:_enter_transaction:24458 - Entered nested transaction level 2 on thread 8494865792.
2026-10-03 19:17:44.648 | INFO     | tldw_chatbook.DB.ChaChaNotes_DB:_migrate_from_v48_to_v49:7233 - [rag_char_chat_schema V48→V49] Migration completed successfully for DB: db_sha256=memory.
2026-10-03 19:17:44.648 | INFO     | tldw_chatbook.DB.ChaChaNotes_DB:_migrate_from_v49_to_v50:7281 - Migrating schema from V49 to V50 for 'rag_char_chat_schema' in DB: db_sha256=memory...
2026-10-03 19:17:44.648 | DEBUG    | tldw_chatbook.DB.ChaChaNotes_DB:_enter_transaction:24458 - Entered nested transaction level 2 on thread 8494865792.
2026-10-03 19:17:44.648 | INFO     | tldw_chatbook.DB.ChaChaNotes_DB:_migrate_from_v49_to_v50:7315 - [rag_char_chat_schema V49→V50] Migration completed successfully for DB: db_sha256=memory.
2026-10-03 19:17:44.648 | DEBUG    | tldw_chatbook.DB.ChaChaNotes_DB:_enter_transaction:24458 - Entered nested transaction level 2 on thread 8494865792.
2026-10-03 19:17:44.655 | DEBUG    | tldw_chatbook.DB.ChaChaNotes_DB:_enter_transaction:24458 - Entered nested transaction level 2 on thread 8494865792.
2026-10-03 19:17:44.669 | INFO     | tldw_chatbook.DB.ChaChaNotes_DB:_migrate_from_v52_to_v53:7440 - Migrating schema from V52 to V53 for 'rag_char_chat_schema' in DB: db_sha256=memory...
2026-10-03 19:17:44.669 | DEBUG    | tldw_chatbook.DB.ChaChaNotes_DB:_enter_transaction:24458 - Entered nested transaction level 2 on thread 8494865792.
2026-10-03 19:17:44.670 | INFO     | tldw_chatbook.DB.ChaChaNotes_DB:_migrate_from_v52_to_v53:7505 - [rag_char_chat_schema V52→V53] Migration completed for DB: db_sha256=memory (examined 0, compacted 0, skipped 0 unreadable).
2026-10-03 19:17:44.670 | DEBUG    | tldw_chatbook.DB.ChaChaNotes_DB:_enter_transaction:24458 - Entered nested transaction level 2 on thread 8494865792.
2026-10-03 19:17:44.675 | DEBUG    | tldw_chatbook.DB.ChaChaNotes_DB:_enter_transaction:24458 - Entered nested transaction level 2 on thread 8494865792.
2026-10-03 19:17:44.677 | DEBUG    | tldw_chatbook.DB.ChaChaNotes_DB:_enter_transaction:24458 - Entered nested transaction level 2 on thread 8494865792.
2026-10-03 19:17:44.700 | DEBUG    | tldw_chatbook.DB.ChaChaNotes_DB:_enter_transaction:24458 - Entered nested transaction level 2 on thread 8494865792.
2026-10-03 19:17:44.703 | DEBUG    | tldw_chatbook.DB.ChaChaNotes_DB:_enter_transaction:24458 - Entered nested transaction level 2 on thread 8494865792.
2026-10-03 19:17:44.728 | DEBUG    | tldw_chatbook.DB.ChaChaNotes_DB:_enter_transaction:24458 - Entered nested transaction level 2 on thread 8494865792.
2026-10-03 19:17:44.730 | DEBUG    | tldw_chatbook.DB.ChaChaNotes_DB:_enter_transaction:24458 - Entered nested transaction level 2 on thread 8494865792.
2026-10-03 19:17:44.731 | DEBUG    | tldw_chatbook.DB.ChaChaNotes_DB:_enter_transaction:24458 - Entered nested transaction level 2 on thread 8494865792.
2026-10-03 19:17:44.734 | DEBUG    | tldw_chatbook.DB.ChaChaNotes_DB:_enter_transaction:24458 - Entered nested transaction level 2 on thread 8494865792.
2026-10-03 19:17:44.769 | DEBUG    | tldw_chatbook.DB.ChaChaNotes_DB:_enter_transaction:24458 - Entered nested transaction level 2 on thread 8494865792.
2026-10-03 19:17:44.780 | DEBUG    | tldw_chatbook.DB.ChaChaNotes_DB:_enter_transaction:24458 - Entered nested transaction level 2 on thread 8494865792.
2026-10-03 19:17:44.810 | DEBUG    | tldw_chatbook.DB.ChaChaNotes_DB:_enter_transaction:24458 - Entered nested transaction level 2 on thread 8494865792.
2026-10-03 19:17:44.812 | DEBUG    | tldw_chatbook.DB.ChaChaNotes_DB:_enter_transaction:24458 - Entered nested transaction level 2 on thread 8494865792.
2026-10-03 19:17:44.818 | DEBUG    | tldw_chatbook.DB.ChaChaNotes_DB:_enter_transaction:24458 - Entered nested transaction level 3 on thread 8494865792.
2026-10-03 19:17:44.819 | DEBUG    | tldw_chatbook.DB.ChaChaNotes_DB:_enter_transaction:24458 - Entered nested transaction level 3 on thread 8494865792.
2026-10-03 19:17:44.820 | DEBUG    | tldw_chatbook.DB.ChaChaNotes_DB:_enter_transaction:24458 - Entered nested transaction level 2 on thread 8494865792.
2026-10-03 19:17:44.824 | DEBUG    | tldw_chatbook.DB.ChaChaNotes_DB:_enter_transaction:24458 - Entered nested transaction level 2 on thread 8494865792.
2026-10-03 19:17:44.861 | DEBUG    | tldw_chatbook.DB.ChaChaNotes_DB:_enter_transaction:24458 - Entered nested transaction level 2 on thread 8494865792.
2026-10-03 19:17:44.863 | DEBUG    | tldw_chatbook.DB.ChaChaNotes_DB:_enter_transaction:24458 - Entered nested transaction level 2 on thread 8494865792.
2026-10-03 19:17:44.865 | DEBUG    | tldw_chatbook.DB.ChaChaNotes_DB:_enter_transaction:24458 - Entered nested transaction level 2 on thread 8494865792.
2026-10-03 19:17:44.875 | DEBUG    | tldw_chatbook.DB.ChaChaNotes_DB:_enter_transaction:24458 - Entered nested transaction level 2 on thread 8494865792.
2026-10-03 19:17:44.899 | DEBUG    | tldw_chatbook.DB.ChaChaNotes_DB:_enter_transaction:24458 - Entered nested transaction level 2 on thread 8494865792.
2026-10-03 19:17:44.902 | DEBUG    | tldw_chatbook.DB.ChaChaNotes_DB:_enter_transaction:24458 - Entered nested transaction level 2 on thread 8494865792.
2026-10-03 19:17:44.912 | DEBUG    | tldw_chatbook.DB.ChaChaNotes_DB:_enter_transaction:24458 - Entered nested transaction level 2 on thread 8494865792.
2026-10-03 19:17:44.913 | DEBUG    | tldw_chatbook.DB.ChaChaNotes_DB:_enter_transaction:24458 - Entered nested transaction level 2 on thread 8494865792.
2026-10-03 19:17:44.957 | INFO     | tldw_chatbook.DB.ChaChaNotes_DB:_initialize_schema:8685 - Database schema 'rag_char_chat_schema' successfully initialized/migrated to version 76.
2026-10-03 19:17:44.957 | DEBUG    | tldw_chatbook.DB.ChaChaNotes_DB:_exit_transaction:24552 - Transaction (outermost) committed successfully on thread 8494865792.
2026-10-03 19:17:44.957 | DEBUG    | tldw_chatbook.DB.ChaChaNotes_DB:__init__:3399 - CharactersRAGDB initialization completed successfully db_sha256=memory
2026-10-03 19:17:44.975 | DEBUG    | tldw_chatbook.UI.Navigation.base_app_screen:__init__:89 - Initializing ChatScreen screen: chat
2026-10-03 19:17:44.993 | DEBUG    | tldw_chatbook.DB.ChaChaNotes_DB:_enter_transaction:24489 - Started outermost transaction on thread 8494865792.
2026-10-03 19:17:44.994 | DEBUG    | tldw_chatbook.DB.ChaChaNotes_DB:_exit_transaction:24552 - Transaction (outermost) committed successfully on thread 8494865792.
2026-10-03 19:17:45.005 | DEBUG    | tldw_chatbook.Chat.chat_persistence_service:__init__:271 - Recovered-media message source is unavailable.
2026-10-03 19:17:45.049 | ERROR    | tldw_chatbook.UI.Navigation.base_app_screen:_compose_content_or_failure:446 - Screen content failed to compose (screen='chat', exception_category=AttributeError).
Traceback (most recent call last):
  File "<frozen runpy>", line 198, in _run_module_as_main
  File "<frozen runpy>", line 88, in _run_code
  File "/Users/macbook-dev/Documents/GitHub/tldw_chatbook/.venv/lib/python3.12/site-packages/pytest/__main__.py", line 9, in <module>
    raise SystemExit(pytest.console_main())
  File "/Users/macbook-dev/Documents/GitHub/tldw_chatbook/.venv/lib/python3.12/site-packages/_pytest/config/__init__.py", line 201, in console_main
    code = main()
  File "/Users/macbook-dev/Documents/GitHub/tldw_chatbook/.venv/lib/python3.12/site-packages/_pytest/config/__init__.py", line 175, in main
    ret: ExitCode | int = config.hook.pytest_cmdline_main(config=config)
  File "/Users/macbook-dev/Documents/GitHub/tldw_chatbook/.venv/lib/python3.12/site-packages/pluggy/_hooks.py", line 512, in __call__
    return self._hookexec(self.name, self._hookimpls.copy(), kwargs, firstresult)
  File "/Users/macbook-dev/Documents/GitHub/tldw_chatbook/.venv/lib/python3.12/site-packages/pluggy/_manager.py", line 120, in _hookexec
    return self._inner_hookexec(hook_name, methods, kwargs, firstresult)
  File "/Users/macbook-dev/Documents/GitHub/tldw_chatbook/.venv/lib/python3.12/site-packages/pluggy/_callers.py", line 121, in _multicall
    res = hook_impl.function(*args)
  File "/Users/macbook-dev/Documents/GitHub/tldw_chatbook/.venv/lib/python3.12/site-packages/_pytest/main.py", line 336, in pytest_cmdline_main
    return wrap_session(config, _main)
  File "/Users/macbook-dev/Documents/GitHub/tldw_chatbook/.venv/lib/python3.12/site-packages/_pytest/main.py", line 289, in wrap_session
    session.exitstatus = doit(config, session) or 0
  File "/Users/macbook-dev/Documents/GitHub/tldw_chatbook/.venv/lib/python3.12/site-packages/_pytest/main.py", line 343, in _main
    config.hook.pytest_runtestloop(session=session)
  File "/Users/macbook-dev/Documents/GitHub/tldw_chatbook/.venv/lib/python3.12/site-packages/pluggy/_hooks.py", line 512, in __call__
    return self._hookexec(self.name, self._hookimpls.copy(), kwargs, firstresult)
  File "/Users/macbook-dev/Documents/GitHub/tldw_chatbook/.venv/lib/python3.12/site-packages/pluggy/_manager.py", line 120, in _hookexec
    return self._inner_hookexec(hook_name, methods, kwargs, firstresult)
  File "/Users/macbook-dev/Documents/GitHub/tldw_chatbook/.venv/lib/python3.12/site-packages/pluggy/_callers.py", line 121, in _multicall
    res = hook_impl.function(*args)
  File "/Users/macbook-dev/Documents/GitHub/tldw_chatbook/.venv/lib/python3.12/site-packages/_pytest/main.py", line 367, in pytest_runtestloop
    item.config.hook.pytest_runtest_protocol(item=item, nextitem=nextitem)
  File "/Users/macbook-dev/Documents/GitHub/tldw_chatbook/.venv/lib/python3.12/site-packages/pluggy/_hooks.py", line 512, in __call__
    return self._hookexec(self.name, self._hookimpls.copy(), kwargs, firstresult)
  File "/Users/macbook-dev/Documents/GitHub/tldw_chatbook/.venv/lib/python3.12/site-packages/pluggy/_manager.py", line 120, in _hookexec
    return self._inner_hookexec(hook_name, methods, kwargs, firstresult)
  File "/Users/macbook-dev/Documents/GitHub/tldw_chatbook/.venv/lib/python3.12/site-packages/pluggy/_callers.py", line 121, in _multicall
    res = hook_impl.function(*args)
  File "/Users/macbook-dev/Documents/GitHub/tldw_chatbook/.venv/lib/python3.12/site-packages/_pytest/runner.py", line 117, in pytest_runtest_protocol
    runtestprotocol(item, nextitem=nextitem)
  File "/Users/macbook-dev/Documents/GitHub/tldw_chatbook/.venv/lib/python3.12/site-packages/_pytest/runner.py", line 136, in runtestprotocol
    reports.append(call_and_report(item, "call", log))
  File "/Users/macbook-dev/Documents/GitHub/tldw_chatbook/.venv/lib/python3.12/site-packages/_pytest/runner.py", line 245, in call_and_report
    call = CallInfo.from_call(
  File "/Users/macbook-dev/Documents/GitHub/tldw_chatbook/.venv/lib/python3.12/site-packages/_pytest/runner.py", line 344, in from_call
    result: TResult | None = func()
  File "/Users/macbook-dev/Documents/GitHub/tldw_chatbook/.venv/lib/python3.12/site-packages/_pytest/runner.py", line 246, in <lambda>
    lambda: runtest_hook(item=item, **kwds), when=when, reraise=reraise
  File "/Users/macbook-dev/Documents/GitHub/tldw_chatbook/.venv/lib/python3.12/site-packages/pluggy/_hooks.py", line 512, in __call__
    return self._hookexec(self.name, self._hookimpls.copy(), kwargs, firstresult)
  File "/Users/macbook-dev/Documents/GitHub/tldw_chatbook/.venv/lib/python3.12/site-packages/pluggy/_manager.py", line 120, in _hookexec
    return self._inner_hookexec(hook_name, methods, kwargs, firstresult)
  File "/Users/macbook-dev/Documents/GitHub/tldw_chatbook/.venv/lib/python3.12/site-packages/pluggy/_callers.py", line 121, in _multicall
    res = hook_impl.function(*args)
  File "/Users/macbook-dev/Documents/GitHub/tldw_chatbook/.venv/lib/python3.12/site-packages/_pytest/runner.py", line 178, in pytest_runtest_call
    item.runtest()
  File "/Users/macbook-dev/Documents/GitHub/tldw_chatbook/.venv/lib/python3.12/site-packages/pytest_asyncio/plugin.py", line 474, in runtest
    super().runtest()
  File "/Users/macbook-dev/Documents/GitHub/tldw_chatbook/.venv/lib/python3.12/site-packages/_pytest/python.py", line 1671, in runtest
    self.ihook.pytest_pyfunc_call(pyfuncitem=self)
  File "/Users/macbook-dev/Documents/GitHub/tldw_chatbook/.venv/lib/python3.12/site-packages/pluggy/_hooks.py", line 512, in __call__
    return self._hookexec(self.name, self._hookimpls.copy(), kwargs, firstresult)
  File "/Users/macbook-dev/Documents/GitHub/tldw_chatbook/.venv/lib/python3.12/site-packages/pluggy/_manager.py", line 120, in _hookexec
    return self._inner_hookexec(hook_name, methods, kwargs, firstresult)
  File "/Users/macbook-dev/Documents/GitHub/tldw_chatbook/.venv/lib/python3.12/site-packages/pluggy/_callers.py", line 121, in _multicall
    res = hook_impl.function(*args)
  File "/Users/macbook-dev/Documents/GitHub/tldw_chatbook/.venv/lib/python3.12/site-packages/_pytest/python.py", line 157, in pytest_pyfunc_call
    result = testfunction(**testargs)
  File "/Users/macbook-dev/Documents/GitHub/tldw_chatbook/.venv/lib/python3.12/site-packages/pytest_asyncio/plugin.py", line 721, in inner
    runner.run(coro, context=context)
  File "/Users/macbook-dev/.local/share/uv/python/cpython-3.12.11-macos-aarch64-none/lib/python3.12/asyncio/runners.py", line 118, in run
    return self._loop.run_until_complete(task)
  File "/Users/macbook-dev/.local/share/uv/python/cpython-3.12.11-macos-aarch64-none/lib/python3.12/asyncio/base_events.py", line 678, in run_until_complete
    self.run_forever()
  File "/Users/macbook-dev/.local/share/uv/python/cpython-3.12.11-macos-aarch64-none/lib/python3.12/asyncio/base_events.py", line 645, in run_forever
    self._run_once()
  File "/Users/macbook-dev/.local/share/uv/python/cpython-3.12.11-macos-aarch64-none/lib/python3.12/asyncio/base_events.py", line 1999, in _run_once
    handle._run()
  File "/Users/macbook-dev/.local/share/uv/python/cpython-3.12.11-macos-aarch64-none/lib/python3.12/asyncio/events.py", line 88, in _run
    self._context.run(self._callback, *self._args)
  File "/Users/macbook-dev/Documents/GitHub/tldw_chatbook/.venv/lib/python3.12/site-packages/textual/message_pump.py", line 566, in _process_messages
    if not await self._pre_process():
  File "/Users/macbook-dev/Documents/GitHub/tldw_chatbook/.venv/lib/python3.12/site-packages/textual/message_pump.py", line 599, in _pre_process
    await self._dispatch_message(events.Compose())
  File "/Users/macbook-dev/Documents/GitHub/tldw_chatbook/.venv/lib/python3.12/site-packages/textual/message_pump.py", line 727, in _dispatch_message
    await self.on_event(message)
  File "/Users/macbook-dev/Documents/GitHub/tldw_chatbook/.venv/lib/python3.12/site-packages/textual/message_pump.py", line 808, in on_event
    await self._on_message(event)
  File "/Users/macbook-dev/Documents/GitHub/tldw_chatbook/.venv/lib/python3.12/site-packages/textual/message_pump.py", line 829, in _on_message
    await invoke(method, message)
  File "/Users/macbook-dev/Documents/GitHub/tldw_chatbook/.venv/lib/python3.12/site-packages/textual/_callback.py", line 96, in invoke
    return await _invoke(callback, *params)
  File "/Users/macbook-dev/Documents/GitHub/tldw_chatbook/.venv/lib/python3.12/site-packages/textual/_callback.py", line 58, in _invoke
    result = await result
  File "/Users/macbook-dev/Documents/GitHub/tldw_chatbook/.venv/lib/python3.12/site-packages/textual/widget.py", line 4714, in _on_compose
    await self._compose()
  File "/Users/macbook-dev/Documents/GitHub/tldw_chatbook/.venv/lib/python3.12/site-packages/textual/screen.py", line 1486, in _compose
    await super()._compose()
  File "/Users/macbook-dev/Documents/GitHub/tldw_chatbook/.venv/lib/python3.12/site-packages/textual/widget.py", line 4718, in _compose
    widgets = [*self._pending_children, *compose(self)]
  File "/Users/macbook-dev/Documents/GitHub/tldw_chatbook/.venv/lib/python3.12/site-packages/textual/compose.py", line 54, in compose
    child = next(iter_compose)
  File "/private/tmp/console-pr2995-base-nfsxecon/tldw_chatbook/UI/Navigation/base_app_screen.py", line 391, in compose
    yield from self._compose_content_or_failure()
> File "/private/tmp/console-pr2995-base-nfsxecon/tldw_chatbook/UI/Navigation/base_app_screen.py", line 444, in _compose_content_or_failure
    yield from self.compose_content()
  File "/private/tmp/console-pr2995-base-nfsxecon/tldw_chatbook/UI/Screens/chat_screen.py", line 16198, in compose_content
    settings_summary_state = self._build_console_settings_summary_state()
  File "/private/tmp/console-pr2995-base-nfsxecon/tldw_chatbook/UI/Screens/chat_screen.py", line 8432, in _build_console_settings_summary_state
    estimate = self._active_console_settings_context_estimate()
  File "/private/tmp/console-pr2995-base-nfsxecon/tldw_chatbook/UI/Screens/chat_screen.py", line 8144, in _active_console_settings_context_estimate
    return self._console_settings_context_estimate_for_session(session_id)
  File "/private/tmp/console-pr2995-base-nfsxecon/tldw_chatbook/UI/Screens/chat_screen.py", line 8270, in _console_settings_context_estimate_for_session
    self._ensure_console_provider_gateway().cached_context_window(settings)
AttributeError: 'BlockedGateway' object has no attribute 'cached_context_window'
2026-10-03 19:17:45.060 | DEBUG    | tldw_chatbook.UI.Console_Modules.workspace:_persisted_console_browser_rows:3825 - Local persisted conversation service is unavailable
2026-10-03 19:17:45.060 | DEBUG    | tldw_chatbook.UI.Screens.chat_screen:_sync_console_workspace_context:14058 - No Console workspace context tray available for sync
2026-10-03 19:17:45.060 | WARNING  | tldw_chatbook.Chat.console_fleet_wake:recover:1001 - wake recovery failed (exception_type=AttributeError)
2026-10-03 19:17:45.278 | DEBUG    | tldw_chatbook.UI.Screens.chat_screen:_sync_console_workspace_context:14058 - No Console workspace context tray available for sync
2026-10-03 19:17:45.323 | DEBUG    | tldw_chatbook.Widgets.compact_model_bar:handle_compact_temp_change:203 - Sidebar temperature input not found for sync
2026-10-03 19:17:45.363 | INFO     | tldw_chatbook.UI.Navigation.base_app_screen:on_mount:532 - Screen chat mounted
2026-10-03 19:17:45.365 | DEBUG    | tldw_chatbook.DB.ChaChaNotes_DB:_enter_transaction:24489 - Started outermost transaction on thread 8494865792.
2026-10-03 19:17:45.365 | DEBUG    | tldw_chatbook.DB.ChaChaNotes_DB:_exit_transaction:24552 - Transaction (outermost) committed successfully on thread 8494865792.
2026-10-03 19:17:45.365 | DEBUG    | tldw_chatbook.UI.Screens.chat_screen:on_screen_resume:23581 - Chat screen resuming
2026-10-03 19:17:46.662 | DEBUG    | tldw_chatbook.DB.ChaChaNotes_DB:_enter_transaction:24489 - Started outermost transaction on thread 8494865792.
2026-10-03 19:17:46.662 | DEBUG    | tldw_chatbook.DB.ChaChaNotes_DB:_exit_transaction:24552 - Transaction (outermost) committed successfully on thread 8494865792.
2026-10-03 19:17:46.722 | INFO     | tldw_chatbook.UI.Navigation.base_app_screen:on_unmount:563 - Screen chat unmounted
2026-10-03 19:17:46.741 | WARNING  | tldw_chatbook.UI.Screens.chat_screen:_build_console_cost_state:11766 - cost_chip_state_failed
Traceback (most recent call last):
  File "<frozen runpy>", line 198, in _run_module_as_main
  File "<frozen runpy>", line 88, in _run_code
  File "/Users/macbook-dev/Documents/GitHub/tldw_chatbook/.venv/lib/python3.12/site-packages/pytest/__main__.py", line 9, in <module>
    raise SystemExit(pytest.console_main())
  File "/Users/macbook-dev/Documents/GitHub/tldw_chatbook/.venv/lib/python3.12/site-packages/_pytest/config/__init__.py", line 201, in console_main
    code = main()
  File "/Users/macbook-dev/Documents/GitHub/tldw_chatbook/.venv/lib/python3.12/site-packages/_pytest/config/__init__.py", line 175, in main
    ret: ExitCode | int = config.hook.pytest_cmdline_main(config=config)
  File "/Users/macbook-dev/Documents/GitHub/tldw_chatbook/.venv/lib/python3.12/site-packages/pluggy/_hooks.py", line 512, in __call__
    return self._hookexec(self.name, self._hookimpls.copy(), kwargs, firstresult)
  File "/Users/macbook-dev/Documents/GitHub/tldw_chatbook/.venv/lib/python3.12/site-packages/pluggy/_manager.py", line 120, in _hookexec
    return self._inner_hookexec(hook_name, methods, kwargs, firstresult)
  File "/Users/macbook-dev/Documents/GitHub/tldw_chatbook/.venv/lib/python3.12/site-packages/pluggy/_callers.py", line 121, in _multicall
    res = hook_impl.function(*args)
  File "/Users/macbook-dev/Documents/GitHub/tldw_chatbook/.venv/lib/python3.12/site-packages/_pytest/main.py", line 336, in pytest_cmdline_main
    return wrap_session(config, _main)
  File "/Users/macbook-dev/Documents/GitHub/tldw_chatbook/.venv/lib/python3.12/site-packages/_pytest/main.py", line 289, in wrap_session
    session.exitstatus = doit(config, session) or 0
  File "/Users/macbook-dev/Documents/GitHub/tldw_chatbook/.venv/lib/python3.12/site-packages/_pytest/main.py", line 343, in _main
    config.hook.pytest_runtestloop(session=session)
  File "/Users/macbook-dev/Documents/GitHub/tldw_chatbook/.venv/lib/python3.12/site-packages/pluggy/_hooks.py", line 512, in __call__
    return self._hookexec(self.name, self._hookimpls.copy(), kwargs, firstresult)
  File "/Users/macbook-dev/Documents/GitHub/tldw_chatbook/.venv/lib/python3.12/site-packages/pluggy/_manager.py", line 120, in _hookexec
    return self._inner_hookexec(hook_name, methods, kwargs, firstresult)
  File "/Users/macbook-dev/Documents/GitHub/tldw_chatbook/.venv/lib/python3.12/site-packages/pluggy/_callers.py", line 121, in _multicall
    res = hook_impl.function(*args)
  File "/Users/macbook-dev/Documents/GitHub/tldw_chatbook/.venv/lib/python3.12/site-packages/_pytest/main.py", line 367, in pytest_runtestloop
    item.config.hook.pytest_runtest_protocol(item=item, nextitem=nextitem)
  File "/Users/macbook-dev/Documents/GitHub/tldw_chatbook/.venv/lib/python3.12/site-packages/pluggy/_hooks.py", line 512, in __call__
    return self._hookexec(self.name, self._hookimpls.copy(), kwargs, firstresult)
  File "/Users/macbook-dev/Documents/GitHub/tldw_chatbook/.venv/lib/python3.12/site-packages/pluggy/_manager.py", line 120, in _hookexec
    return self._inner_hookexec(hook_name, methods, kwargs, firstresult)
  File "/Users/macbook-dev/Documents/GitHub/tldw_chatbook/.venv/lib/python3.12/site-packages/pluggy/_callers.py", line 121, in _multicall
    res = hook_impl.function(*args)
  File "/Users/macbook-dev/Documents/GitHub/tldw_chatbook/.venv/lib/python3.12/site-packages/_pytest/runner.py", line 117, in pytest_runtest_protocol
    runtestprotocol(item, nextitem=nextitem)
  File "/Users/macbook-dev/Documents/GitHub/tldw_chatbook/.venv/lib/python3.12/site-packages/_pytest/runner.py", line 136, in runtestprotocol
    reports.append(call_and_report(item, "call", log))
  File "/Users/macbook-dev/Documents/GitHub/tldw_chatbook/.venv/lib/python3.12/site-packages/_pytest/runner.py", line 245, in call_and_report
    call = CallInfo.from_call(
  File "/Users/macbook-dev/Documents/GitHub/tldw_chatbook/.venv/lib/python3.12/site-packages/_pytest/runner.py", line 344, in from_call
    result: TResult | None = func()
  File "/Users/macbook-dev/Documents/GitHub/tldw_chatbook/.venv/lib/python3.12/site-packages/_pytest/runner.py", line 246, in <lambda>
    lambda: runtest_hook(item=item, **kwds), when=when, reraise=reraise
  File "/Users/macbook-dev/Documents/GitHub/tldw_chatbook/.venv/lib/python3.12/site-packages/pluggy/_hooks.py", line 512, in __call__
    return self._hookexec(self.name, self._hookimpls.copy(), kwargs, firstresult)
  File "/Users/macbook-dev/Documents/GitHub/tldw_chatbook/.venv/lib/python3.12/site-packages/pluggy/_manager.py", line 120, in _hookexec
    return self._inner_hookexec(hook_name, methods, kwargs, firstresult)
  File "/Users/macbook-dev/Documents/GitHub/tldw_chatbook/.venv/lib/python3.12/site-packages/pluggy/_callers.py", line 121, in _multicall
    res = hook_impl.function(*args)
  File "/Users/macbook-dev/Documents/GitHub/tldw_chatbook/.venv/lib/python3.12/site-packages/_pytest/runner.py", line 178, in pytest_runtest_call
    item.runtest()
  File "/Users/macbook-dev/Documents/GitHub/tldw_chatbook/.venv/lib/python3.12/site-packages/pytest_asyncio/plugin.py", line 474, in runtest
    super().runtest()
  File "/Users/macbook-dev/Documents/GitHub/tldw_chatbook/.venv/lib/python3.12/site-packages/_pytest/python.py", line 1671, in runtest
    self.ihook.pytest_pyfunc_call(pyfuncitem=self)
  File "/Users/macbook-dev/Documents/GitHub/tldw_chatbook/.venv/lib/python3.12/site-packages/pluggy/_hooks.py", line 512, in __call__
    return self._hookexec(self.name, self._hookimpls.copy(), kwargs, firstresult)
  File "/Users/macbook-dev/Documents/GitHub/tldw_chatbook/.venv/lib/python3.12/site-packages/pluggy/_manager.py", line 120, in _hookexec
    return self._inner_hookexec(hook_name, methods, kwargs, firstresult)
  File "/Users/macbook-dev/Documents/GitHub/tldw_chatbook/.venv/lib/python3.12/site-packages/pluggy/_callers.py", line 121, in _multicall
    res = hook_impl.function(*args)
  File "/Users/macbook-dev/Documents/GitHub/tldw_chatbook/.venv/lib/python3.12/site-packages/_pytest/python.py", line 157, in pytest_pyfunc_call
    result = testfunction(**testargs)
  File "/Users/macbook-dev/Documents/GitHub/tldw_chatbook/.venv/lib/python3.12/site-packages/pytest_asyncio/plugin.py", line 721, in inner
    runner.run(coro, context=context)
  File "/Users/macbook-dev/.local/share/uv/python/cpython-3.12.11-macos-aarch64-none/lib/python3.12/asyncio/runners.py", line 118, in run
    return self._loop.run_until_complete(task)
  File "/Users/macbook-dev/.local/share/uv/python/cpython-3.12.11-macos-aarch64-none/lib/python3.12/asyncio/base_events.py", line 678, in run_until_complete
    self.run_forever()
  File "/Users/macbook-dev/.local/share/uv/python/cpython-3.12.11-macos-aarch64-none/lib/python3.12/asyncio/base_events.py", line 645, in run_forever
    self._run_once()
  File "/Users/macbook-dev/.local/share/uv/python/cpython-3.12.11-macos-aarch64-none/lib/python3.12/asyncio/base_events.py", line 1999, in _run_once
    handle._run()
  File "/Users/macbook-dev/.local/share/uv/python/cpython-3.12.11-macos-aarch64-none/lib/python3.12/asyncio/events.py", line 88, in _run
    self._context.run(self._callback, *self._args)
  File "/Users/macbook-dev/Documents/GitHub/tldw_chatbook/.venv/lib/python3.12/site-packages/textual/message_pump.py", line 582, in _process_messages
    await self._message_loop_exit()
  File "/Users/macbook-dev/Documents/GitHub/tldw_chatbook/.venv/lib/python3.12/site-packages/textual/screen.py", line 1303, in _message_loop_exit
    await super()._message_loop_exit()
  File "/Users/macbook-dev/Documents/GitHub/tldw_chatbook/.venv/lib/python3.12/site-packages/textual/widget.py", line 4525, in _message_loop_exit
    await self._dispatch_message(events.Unmount())
  File "/Users/macbook-dev/Documents/GitHub/tldw_chatbook/.venv/lib/python3.12/site-packages/textual/message_pump.py", line 741, in _dispatch_message
    await self._flush_next_callbacks()
  File "/Users/macbook-dev/Documents/GitHub/tldw_chatbook/.venv/lib/python3.12/site-packages/textual/message_pump.py", line 702, in _flush_next_callbacks
    await invoke(callback.callback)
  File "/Users/macbook-dev/Documents/GitHub/tldw_chatbook/.venv/lib/python3.12/site-packages/textual/_callback.py", line 96, in invoke
    return await _invoke(callback, *params)
  File "/Users/macbook-dev/Documents/GitHub/tldw_chatbook/.venv/lib/python3.12/site-packages/textual/_callback.py", line 58, in _invoke
    result = await result
  File "/Users/macbook-dev/Documents/GitHub/tldw_chatbook/.venv/lib/python3.12/site-packages/textual/screen.py", line 1272, in _invoke_and_clear_callbacks
    await invoke(callback)
  File "/Users/macbook-dev/Documents/GitHub/tldw_chatbook/.venv/lib/python3.12/site-packages/textual/_callback.py", line 96, in invoke
    return await _invoke(callback, *params)
  File "/Users/macbook-dev/Documents/GitHub/tldw_chatbook/.venv/lib/python3.12/site-packages/textual/_callback.py", line 56, in _invoke
    result = callback(*params[:parameter_count])
  File "/private/tmp/console-pr2995-base-nfsxecon/tldw_chatbook/UI/Screens/chat_screen.py", line 21625, in _run_coalesced_control_bar_sync
    self._sync_console_control_bar()
  File "/private/tmp/console-pr2995-base-nfsxecon/tldw_chatbook/UI/Screens/chat_screen.py", line 21645, in _sync_console_control_bar
    return self._run_console_config_sync(
  File "/private/tmp/console-pr2995-base-nfsxecon/tldw_chatbook/UI/Screens/chat_screen.py", line 21676, in _run_console_config_sync
    sync()
  File "/private/tmp/console-pr2995-base-nfsxecon/tldw_chatbook/UI/Screens/chat_screen.py", line 21646, in <lambda>
    lambda: self._sync_console_control_bar_under_config(rail_state)
  File "/private/tmp/console-pr2995-base-nfsxecon/tldw_chatbook/UI/Screens/chat_screen.py", line 21764, in _sync_console_control_bar_under_config
    self._sync_console_cost_chip()
  File "/private/tmp/console-pr2995-base-nfsxecon/tldw_chatbook/UI/Screens/chat_screen.py", line 11780, in _sync_console_cost_chip
    cost_state = self._build_console_cost_state()
> File "/private/tmp/console-pr2995-base-nfsxecon/tldw_chatbook/UI/Screens/chat_screen.py", line 11745, in _build_console_cost_state
    context_state = self._active_console_context_control_state()
  File "/private/tmp/console-pr2995-base-nfsxecon/tldw_chatbook/UI/Screens/chat_screen.py", line 8376, in _active_console_context_control_state
    return self._console_context_control_state_for_session(
  File "/private/tmp/console-pr2995-base-nfsxecon/tldw_chatbook/UI/Screens/chat_screen.py", line 8395, in _console_context_control_state_for_session
    estimate = estimate or self._console_settings_context_estimate_for_session(
  File "/private/tmp/console-pr2995-base-nfsxecon/tldw_chatbook/UI/Screens/chat_screen.py", line 8270, in _console_settings_context_estimate_for_session
    self._ensure_console_provider_gateway().cached_context_window(settings)
AttributeError: 'BlockedGateway' object has no attribute 'cached_context_window'
2026-10-03 19:17:46.743 | DEBUG    | tldw_chatbook.DB.ChaChaNotes_DB:_get_thread_connection:3554 - Opened/Reopened SQLite connection db_sha256=memory thread=6138605568
2026-10-03 19:17:46.743 | DEBUG    | tldw_chatbook.DB.ChaChaNotes_DB:_enter_transaction:24489 - Started outermost transaction on thread 6138605568.
2026-10-03 19:17:46.743 | DEBUG    | tldw_chatbook.DB.ChaChaNotes_DB:_exit_transaction:24589 - Transaction (outermost) rolled back due to exception (OperationalError) on thread 6138605568.
2026-10-03 19:17:46.745 | DEBUG    | tldw_chatbook.DB.ChaChaNotes_DB:_enter_transaction:24489 - Started outermost transaction on thread 6138605568.
2026-10-03 19:17:46.746 | DEBUG    | tldw_chatbook.DB.ChaChaNotes_DB:_exit_transaction:24589 - Transaction (outermost) rolled back due to exception (OperationalError) on thread 6138605568.
2026-10-03 19:17:46.761 | DEBUG    | tldw_chatbook.UI.Screens.chat_screen:_reconcile_console_after_attach:16704 - Console attach reconciliation will retry (exception_type=AttributeError)
2026-10-03 19:17:46.763 | DEBUG    | tldw_chatbook.DB.ChaChaNotes_DB:_enter_transaction:24489 - Started outermost transaction on thread 6138605568.
2026-10-03 19:17:46.764 | DEBUG    | tldw_chatbook.DB.ChaChaNotes_DB:_exit_transaction:24589 - Transaction (outermost) rolled back due to exception (OperationalError) on thread 6138605568.
2026-10-03 19:17:46.778 | DEBUG    | tldw_chatbook.DB.ChaChaNotes_DB:_get_thread_connection:3554 - Opened/Reopened SQLite connection db_sha256=memory thread=6155431936
2026-10-03 19:17:46.778 | DEBUG    | tldw_chatbook.DB.ChaChaNotes_DB:_enter_transaction:24489 - Started outermost transaction on thread 6155431936.
2026-10-03 19:17:46.779 | DEBUG    | tldw_chatbook.DB.ChaChaNotes_DB:_exit_transaction:24589 - Transaction (outermost) rolled back due to exception (OperationalError) on thread 6155431936.
2026-10-03 19:17:46.817 | DEBUG    | tldw_chatbook.UI.Screens.chat_screen:_reconcile_console_after_attach:16704 - Console attach reconciliation will retry (exception_type=AttributeError)
2026-10-03 19:17:47.020 | WARNING  | tldw_chatbook.UI.Screens.chat_screen:_build_console_cost_state:11766 - cost_chip_state_failed
Traceback (most recent call last):
  File "<frozen runpy>", line 198, in _run_module_as_main
  File "<frozen runpy>", line 88, in _run_code
  File "/Users/macbook-dev/Documents/GitHub/tldw_chatbook/.venv/lib/python3.12/site-packages/pytest/__main__.py", line 9, in <module>
    raise SystemExit(pytest.console_main())
  File "/Users/macbook-dev/Documents/GitHub/tldw_chatbook/.venv/lib/python3.12/site-packages/_pytest/config/__init__.py", line 201, in console_main
    code = main()
  File "/Users/macbook-dev/Documents/GitHub/tldw_chatbook/.venv/lib/python3.12/site-packages/_pytest/config/__init__.py", line 175, in main
    ret: ExitCode | int = config.hook.pytest_cmdline_main(config=config)
  File "/Users/macbook-dev/Documents/GitHub/tldw_chatbook/.venv/lib/python3.12/site-packages/pluggy/_hooks.py", line 512, in __call__
    return self._hookexec(self.name, self._hookimpls.copy(), kwargs, firstresult)
  File "/Users/macbook-dev/Documents/GitHub/tldw_chatbook/.venv/lib/python3.12/site-packages/pluggy/_manager.py", line 120, in _hookexec
    return self._inner_hookexec(hook_name, methods, kwargs, firstresult)
  File "/Users/macbook-dev/Documents/GitHub/tldw_chatbook/.venv/lib/python3.12/site-packages/pluggy/_callers.py", line 121, in _multicall
    res = hook_impl.function(*args)
  File "/Users/macbook-dev/Documents/GitHub/tldw_chatbook/.venv/lib/python3.12/site-packages/_pytest/main.py", line 336, in pytest_cmdline_main
    return wrap_session(config, _main)
  File "/Users/macbook-dev/Documents/GitHub/tldw_chatbook/.venv/lib/python3.12/site-packages/_pytest/main.py", line 289, in wrap_session
    session.exitstatus = doit(config, session) or 0
  File "/Users/macbook-dev/Documents/GitHub/tldw_chatbook/.venv/lib/python3.12/site-packages/_pytest/main.py", line 343, in _main
    config.hook.pytest_runtestloop(session=session)
  File "/Users/macbook-dev/Documents/GitHub/tldw_chatbook/.venv/lib/python3.12/site-packages/pluggy/_hooks.py", line 512, in __call__
    return self._hookexec(self.name, self._hookimpls.copy(), kwargs, firstresult)
  File "/Users/macbook-dev/Documents/GitHub/tldw_chatbook/.venv/lib/python3.12/site-packages/pluggy/_manager.py", line 120, in _hookexec
    return self._inner_hookexec(hook_name, methods, kwargs, firstresult)
  File "/Users/macbook-dev/Documents/GitHub/tldw_chatbook/.venv/lib/python3.12/site-packages/pluggy/_callers.py", line 121, in _multicall
    res = hook_impl.function(*args)
  File "/Users/macbook-dev/Documents/GitHub/tldw_chatbook/.venv/lib/python3.12/site-packages/_pytest/main.py", line 367, in pytest_runtestloop
    item.config.hook.pytest_runtest_protocol(item=item, nextitem=nextitem)
  File "/Users/macbook-dev/Documents/GitHub/tldw_chatbook/.venv/lib/python3.12/site-packages/pluggy/_hooks.py", line 512, in __call__
    return self._hookexec(self.name, self._hookimpls.copy(), kwargs, firstresult)
  File "/Users/macbook-dev/Documents/GitHub/tldw_chatbook/.venv/lib/python3.12/site-packages/pluggy/_manager.py", line 120, in _hookexec
    return self._inner_hookexec(hook_name, methods, kwargs, firstresult)
  File "/Users/macbook-dev/Documents/GitHub/tldw_chatbook/.venv/lib/python3.12/site-packages/pluggy/_callers.py", line 121, in _multicall
    res = hook_impl.function(*args)
  File "/Users/macbook-dev/Documents/GitHub/tldw_chatbook/.venv/lib/python3.12/site-packages/_pytest/runner.py", line 117, in pytest_runtest_protocol
    runtestprotocol(item, nextitem=nextitem)
  File "/Users/macbook-dev/Documents/GitHub/tldw_chatbook/.venv/lib/python3.12/site-packages/_pytest/runner.py", line 136, in runtestprotocol
    reports.append(call_and_report(item, "call", log))
  File "/Users/macbook-dev/Documents/GitHub/tldw_chatbook/.venv/lib/python3.12/site-packages/_pytest/runner.py", line 245, in call_and_report
    call = CallInfo.from_call(
  File "/Users/macbook-dev/Documents/GitHub/tldw_chatbook/.venv/lib/python3.12/site-packages/_pytest/runner.py", line 344, in from_call
    result: TResult | None = func()
  File "/Users/macbook-dev/Documents/GitHub/tldw_chatbook/.venv/lib/python3.12/site-packages/_pytest/runner.py", line 246, in <lambda>
    lambda: runtest_hook(item=item, **kwds), when=when, reraise=reraise
  File "/Users/macbook-dev/Documents/GitHub/tldw_chatbook/.venv/lib/python3.12/site-packages/pluggy/_hooks.py", line 512, in __call__
    return self._hookexec(self.name, self._hookimpls.copy(), kwargs, firstresult)
  File "/Users/macbook-dev/Documents/GitHub/tldw_chatbook/.venv/lib/python3.12/site-packages/pluggy/_manager.py", line 120, in _hookexec
    return self._inner_hookexec(hook_name, methods, kwargs, firstresult)
  File "/Users/macbook-dev/Documents/GitHub/tldw_chatbook/.venv/lib/python3.12/site-packages/pluggy/_callers.py", line 121, in _multicall
    res = hook_impl.function(*args)
  File "/Users/macbook-dev/Documents/GitHub/tldw_chatbook/.venv/lib/python3.12/site-packages/_pytest/runner.py", line 178, in pytest_runtest_call
    item.runtest()
  File "/Users/macbook-dev/Documents/GitHub/tldw_chatbook/.venv/lib/python3.12/site-packages/pytest_asyncio/plugin.py", line 474, in runtest
    super().runtest()
  File "/Users/macbook-dev/Documents/GitHub/tldw_chatbook/.venv/lib/python3.12/site-packages/_pytest/python.py", line 1671, in runtest
    self.ihook.pytest_pyfunc_call(pyfuncitem=self)
  File "/Users/macbook-dev/Documents/GitHub/tldw_chatbook/.venv/lib/python3.12/site-packages/pluggy/_hooks.py", line 512, in __call__
    return self._hookexec(self.name, self._hookimpls.copy(), kwargs, firstresult)
  File "/Users/macbook-dev/Documents/GitHub/tldw_chatbook/.venv/lib/python3.12/site-packages/pluggy/_manager.py", line 120, in _hookexec
    return self._inner_hookexec(hook_name, methods, kwargs, firstresult)
  File "/Users/macbook-dev/Documents/GitHub/tldw_chatbook/.venv/lib/python3.12/site-packages/pluggy/_callers.py", line 121, in _multicall
    res = hook_impl.function(*args)
  File "/Users/macbook-dev/Documents/GitHub/tldw_chatbook/.venv/lib/python3.12/site-packages/_pytest/python.py", line 157, in pytest_pyfunc_call
    result = testfunction(**testargs)
  File "/Users/macbook-dev/Documents/GitHub/tldw_chatbook/.venv/lib/python3.12/site-packages/pytest_asyncio/plugin.py", line 721, in inner
    runner.run(coro, context=context)
  File "/Users/macbook-dev/.local/share/uv/python/cpython-3.12.11-macos-aarch64-none/lib/python3.12/asyncio/runners.py", line 118, in run
    return self._loop.run_until_complete(task)
  File "/Users/macbook-dev/.local/share/uv/python/cpython-3.12.11-macos-aarch64-none/lib/python3.12/asyncio/base_events.py", line 678, in run_until_complete
    self.run_forever()
  File "/Users/macbook-dev/.local/share/uv/python/cpython-3.12.11-macos-aarch64-none/lib/python3.12/asyncio/base_events.py", line 645, in run_forever
    self._run_once()
  File "/Users/macbook-dev/.local/share/uv/python/cpython-3.12.11-macos-aarch64-none/lib/python3.12/asyncio/base_events.py", line 1999, in _run_once
    handle._run()
  File "/Users/macbook-dev/.local/share/uv/python/cpython-3.12.11-macos-aarch64-none/lib/python3.12/asyncio/events.py", line 88, in _run
    self._context.run(self._callback, *self._args)
  File "/Users/macbook-dev/Documents/GitHub/tldw_chatbook/.venv/lib/python3.12/site-packages/textual/worker.py", line 370, in _run
    self._result = await self.run()
  File "/Users/macbook-dev/Documents/GitHub/tldw_chatbook/.venv/lib/python3.12/site-packages/textual/worker.py", line 354, in run
    return await (
  File "/Users/macbook-dev/Documents/GitHub/tldw_chatbook/.venv/lib/python3.12/site-packages/textual/worker.py", line 339, in _run_async
    return await self._work()
  File "/private/tmp/console-pr2995-base-nfsxecon/tldw_chatbook/UI/Screens/chat_screen.py", line 19125, in _refresh_console_hooks
    await self._hooks.refresh()
  File "/private/tmp/console-pr2995-base-nfsxecon/tldw_chatbook/UI/Console_Modules/hooks.py", line 143, in refresh
    self._on_state(snapshot)
  File "/private/tmp/console-pr2995-base-nfsxecon/tldw_chatbook/UI/Console_Modules/wiring.py", line 2316, in <lambda>
    on_state=lambda snapshot: screen._apply_console_hooks_state(snapshot),
  File "/private/tmp/console-pr2995-base-nfsxecon/tldw_chatbook/UI/Screens/chat_screen.py", line 19129, in _apply_console_hooks_state
    self._sync_console_control_bar()
  File "/private/tmp/console-pr2995-base-nfsxecon/tldw_chatbook/UI/Screens/chat_screen.py", line 21645, in _sync_console_control_bar
    return self._run_console_config_sync(
  File "/private/tmp/console-pr2995-base-nfsxecon/tldw_chatbook/UI/Screens/chat_screen.py", line 21676, in _run_console_config_sync
    sync()
  File "/private/tmp/console-pr2995-base-nfsxecon/tldw_chatbook/UI/Screens/chat_screen.py", line 21646, in <lambda>
    lambda: self._sync_console_control_bar_under_config(rail_state)
  File "/private/tmp/console-pr2995-base-nfsxecon/tldw_chatbook/UI/Screens/chat_screen.py", line 21764, in _sync_console_control_bar_under_config
    self._sync_console_cost_chip()
  File "/private/tmp/console-pr2995-base-nfsxecon/tldw_chatbook/UI/Screens/chat_screen.py", line 11780, in _sync_console_cost_chip
    cost_state = self._build_console_cost_state()
> File "/private/tmp/console-pr2995-base-nfsxecon/tldw_chatbook/UI/Screens/chat_screen.py", line 11745, in _build_console_cost_state
    context_state = self._active_console_context_control_state()
  File "/private/tmp/console-pr2995-base-nfsxecon/tldw_chatbook/UI/Screens/chat_screen.py", line 8376, in _active_console_context_control_state
    return self._console_context_control_state_for_session(
  File "/private/tmp/console-pr2995-base-nfsxecon/tldw_chatbook/UI/Screens/chat_screen.py", line 8395, in _console_context_control_state_for_session
    estimate = estimate or self._console_settings_context_estimate_for_session(
  File "/private/tmp/console-pr2995-base-nfsxecon/tldw_chatbook/UI/Screens/chat_screen.py", line 8270, in _console_settings_context_estimate_for_session
    self._ensure_console_provider_gateway().cached_context_window(settings)
AttributeError: 'BlockedGateway' object has no attribute 'cached_context_window'
╭───────────────────── Traceback (most recent call last) ──────────────────────╮
│ /private/tmp/console-pr2995-base-nfsxecon/tldw_chatbook/UI/Screens/chat_scre │
│ en.py:22377 in _adapt_console_workspace_to_width                             │
│                                                                              │
│   22374 │   │   except QueryError:                                           │
│   22375 │   │   │   return                                                   │
│   22376 │   │   focused = self.app.focused                                   │
│ ❱ 22377 │   │   left_rail = self.query_one("#console-left-rail")             │
│   22378 │   │   right_rail = self.query_one("#console-right-rail")           │
│   22379 │   │   left_handle = self.query_one("#console-context-rail-handle") │
│   22380 │   │   right_handle = self.query_one("#console-inspector-rail-handl │
│                                                                              │
│ ╭──────────────────────────── locals ─────────────────────────────╮          │
│ │    band = 'standard'                                            │          │
│ │   event = Resize(size=Size(width=160, height=48))               │          │
│ │ focused = NavigationButton(                                     │          │
│ │           │   id='nav-home',                                    │          │
│ │           │   classes='ascii-nav-tab -style-default nav-button' │          │
│ │           )                                                     │          │
│ │    self = ChatScreen()                                          │          │
│ ╰─────────────────────────────────────────────────────────────────╯          │
╰──────────────────────────────────────────────────────────────────────────────╯
NoMatches: No nodes match '#console-left-rail' on ChatScreen()
------------------------------ Captured log call -------------------------------
INFO     root:app.py:1385 App __init__: Determined initial tab value: chat
WARNING  root:app.py:1492 Prompts service not initialized, self.prompts_db set to None.
ERROR    root:app.py:1513 ChaChaNotesDB (CharactersRAGDB) instance not found/assigned in app.__init__.
____ test_console_composer_arrow_home_end_keys_move_caret_and_render_glyph _____

    @pytest.mark.asyncio
    async def test_console_composer_arrow_home_end_keys_move_caret_and_render_glyph():
>       app = _build_test_app()
              ^^^^^^^^^^^^^^^^^

Tests/UI/test_console_composer_cursor.py:389: 
_ _ _ _ _ _ _ _ _ _ _ _ _ _ _ _ _ _ _ _ _ _ _ _ _ _ _ _ _ _ _ _ _ _ _ _ _ _ _ _ 
Tests/UI/app_factory.py:357: in _build_test_app
    fake_app_config = build_test_app_config(
Tests/UI/app_factory.py:113: in build_test_app_config
    config = load_settings()
             ^^^^^^^^^^^^^^^
tldw_chatbook/config.py:2027: in load_settings
    return _load_settings_guarded(
tldw_chatbook/Backup_Recovery/config_participants.py:421: in wrapped
    with operation(source, target=target):
         ^^^^^^^^^^^^^^^^^^^^^^^^^^^^^^^^
/Users/macbook-dev/.local/share/uv/python/cpython-3.12.11-macos-aarch64-none/lib/python3.12/contextlib.py:137: in __enter__
    return next(self.gen)
           ^^^^^^^^^^^^^^
tldw_chatbook/Backup_Recovery/config_participants.py:352: in operation
    with raw._scope(source, route, writing=True, selected_read=target) as active:
         ^^^^^^^^^^^^^^^^^^^^^^^^^^^^^^^^^^^^^^^^^^^^^^^^^^^^^^^^^^^^^
/Users/macbook-dev/.local/share/uv/python/cpython-3.12.11-macos-aarch64-none/lib/python3.12/contextlib.py:137: in __enter__
    return next(self.gen)
           ^^^^^^^^^^^^^^
tldw_chatbook/Backup_Recovery/raw_participants.py:649: in _scope
    participant = _raw_participant(source)
                  ^^^^^^^^^^^^^^^^^^^^^^^^
tldw_chatbook/Backup_Recovery/raw_participants.py:296: in _raw_participant
    state = _participant_state(participant)
            ^^^^^^^^^^^^^^^^^^^^^^^^^^^^^^^
_ _ _ _ _ _ _ _ _ _ _ _ _ _ _ _ _ _ _ _ _ _ _ _ _ _ _ _ _ _ _ _ _ _ _ _ _ _ _ _ 

participant = <tldw_chatbook.Backup_Recovery.raw_participants._RawParticipant object at 0x10ba7c830>

    def _participant_state(participant):
        if type(participant) is not _RawParticipant or participant not in _participants:
            raise bootstrap.RecoveryRequired("raw_participant_not_installed")
        state = _participants[participant]
        source = state.source()
        if source is None or type(source) is not state.source_type:
            raise bootstrap.RecoveryRequired("raw_participant_not_installed")
        if _source_participants.get(source) is not participant:
            raise bootstrap.RecoveryRequired("raw_participant_not_installed")
        if state.owner.startswith("mcp."):
            bound = mcp_sources.binding(source)
            if bound is None or not bound[2] or bound[1] != state.selected:
                raise bootstrap.RecoveryRequired("raw_source_selection_changed")
        if state.owner == "chat.dictionaries":
            binding = dictionary_files.binding(source)
            if binding is None or binding[1] != state.selected:
                raise bootstrap.RecoveryRequired("raw_source_selection_changed")
        if state.owner in {"personas", "chat.dictionary_history", "chat.rag_context"}:
            binding = chat_sources.binding(source)
            if binding is None or binding[1] != state.selected:
                raise bootstrap.RecoveryRequired("raw_source_selection_changed")
        if state.owner == "config":
            binding = config_files.binding(source)
            if binding is None or binding[1] != state.selected:
>               raise bootstrap.RecoveryRequired("raw_source_selection_changed")
E               tldw_chatbook.Backup_Recovery.bootstrap.RecoveryRequired: raw_source_selection_changed

tldw_chatbook/Backup_Recovery/raw_participants.py:132: RecoveryRequired
============================= slowest 25 durations =============================
7.47s call     Tests/UI/test_console_send_draft_snapshot.py::test_console_armed_unknown_mouse_send_snapshots_before_skill_await
7.15s call     Tests/UI/test_console_send_draft_snapshot.py::test_console_pre_durable_failure_keeps_newer_typing_and_recovery
5.42s call     Tests/UI/test_console_send_draft_snapshot.py::test_console_blocked_send_retains_exact_recovery_after_runtime_custody

(9 durations < 1s hidden.)
=========================== short test summary info ============================
FAILED Tests/UI/test_console_send_draft_snapshot.py::test_console_pre_durable_failure_keeps_newer_typing_and_recovery
FAILED Tests/UI/test_console_send_draft_snapshot.py::test_console_armed_unknown_mouse_send_snapshots_before_skill_await
FAILED Tests/UI/test_console_send_draft_snapshot.py::test_console_blocked_send_retains_exact_recovery_after_runtime_custody
FAILED Tests/UI/test_console_composer_cursor.py::test_console_composer_arrow_home_end_keys_move_caret_and_render_glyph
4 failed in 33.97s
