FFFFFFFFFFFFFFFFF                                                        [100%]
=================================== FAILURES ===================================
_______ test_build_transcript_note_is_inclusive_and_user_assistant_only ________

tmp_path = PosixPath('/Users/macbook-dev/.codex/worktrees/console-chat-starts/tldw_chatbook/.superpowers/sdd/2026-10-03-console-pr2995-review-and-merge/task-3-base-note-owner-profile-ocy_x__7/pytest/test_build_transcript_note_is_0')

    @pytest.mark.asyncio
    async def test_build_transcript_note_is_inclusive_and_user_assistant_only(
        tmp_path,
    ):
>       controller, store, session, _gateway, _db = _note_controller(tmp_path)
                                                    ^^^^^^^^^^^^^^^^^^^^^^^^^^

Tests/Chat/test_console_note_span_actions.py:111: 
_ _ _ _ _ _ _ _ _ _ _ _ _ _ _ _ _ _ _ _ _ _ _ _ _ _ _ _ _ _ _ _ _ _ _ _ _ _ _ _ 
Tests/Chat/test_console_note_span_actions.py:84: in _note_controller
    controller = ConsoleChatController(
tldw_chatbook/Chat/console_chat_controller.py:4995: in __init__
    auxiliary_timeout_seconds=get_cli_setting(
tldw_chatbook/config.py:9388: in get_cli_setting
    config = load_cli_config_and_ensure_existence()  # Ensures config is loaded
             ^^^^^^^^^^^^^^^^^^^^^^^^^^^^^^^^^^^^^^
tldw_chatbook/config.py:7026: in load_cli_config_and_ensure_existence
    return _load_cli_config_bootstrap(force_reload=force_reload).config
           ^^^^^^^^^^^^^^^^^^^^^^^^^^^^^^^^^^^^^^^^^^^^^^^^^^^^^
tldw_chatbook/Backup_Recovery/config_participants.py:421: in wrapped
    with operation(source, target=target):
         ^^^^^^^^^^^^^^^^^^^^^^^^^^^^^^^^
../../../../.local/share/uv/python/cpython-3.12.11-macos-aarch64-none/lib/python3.12/contextlib.py:137: in __enter__
    return next(self.gen)
           ^^^^^^^^^^^^^^
tldw_chatbook/Backup_Recovery/config_participants.py:352: in operation
    with raw._scope(source, route, writing=True, selected_read=target) as active:
         ^^^^^^^^^^^^^^^^^^^^^^^^^^^^^^^^^^^^^^^^^^^^^^^^^^^^^^^^^^^^^
../../../../.local/share/uv/python/cpython-3.12.11-macos-aarch64-none/lib/python3.12/contextlib.py:137: in __enter__
    return next(self.gen)
           ^^^^^^^^^^^^^^
tldw_chatbook/Backup_Recovery/raw_participants.py:649: in _scope
    participant = _raw_participant(source)
                  ^^^^^^^^^^^^^^^^^^^^^^^^
tldw_chatbook/Backup_Recovery/raw_participants.py:296: in _raw_participant
    state = _participant_state(participant)
            ^^^^^^^^^^^^^^^^^^^^^^^^^^^^^^^
_ _ _ _ _ _ _ _ _ _ _ _ _ _ _ _ _ _ _ _ _ _ _ _ _ _ _ _ _ _ _ _ _ _ _ _ _ _ _ _ 

participant = <tldw_chatbook.Backup_Recovery.raw_participants._RawParticipant object at 0x10ab0d490>

    def _participant_state(participant):
        if type(participant) is not _RawParticipant or participant not in _participants:
            raise bootstrap.RecoveryRequired("raw_participant_not_installed")
        state = _participants[participant]
        source = state.source()
        if source is None or type(source) is not state.source_type:
            raise bootstrap.RecoveryRequired("raw_participant_not_installed")
        if _source_participants.get(source) is not participant:
            raise bootstrap.RecoveryRequired("raw_participant_not_installed")
        if state.owner.startswith("mcp."):
            bound = mcp_sources.binding(source)
            if bound is None or not bound[2] or bound[1] != state.selected:
                raise bootstrap.RecoveryRequired("raw_source_selection_changed")
        if state.owner == "chat.dictionaries":
            binding = dictionary_files.binding(source)
            if binding is None or binding[1] != state.selected:
                raise bootstrap.RecoveryRequired("raw_source_selection_changed")
        if state.owner in {"personas", "chat.dictionary_history", "chat.rag_context"}:
            binding = chat_sources.binding(source)
            if binding is None or binding[1] != state.selected:
                raise bootstrap.RecoveryRequired("raw_source_selection_changed")
        if state.owner == "config":
            binding = config_files.binding(source)
            if binding is None or binding[1] != state.selected:
>               raise bootstrap.RecoveryRequired("raw_source_selection_changed")
E               tldw_chatbook.Backup_Recovery.bootstrap.RecoveryRequired: raw_source_selection_changed

tldw_chatbook/Backup_Recovery/raw_participants.py:132: RecoveryRequired
---------------------------- Captured stderr setup -----------------------------
2026-10-03 20:37:15.195 | DEBUG    | tldw_chatbook.Utils.optional_deps:check_dependency:642 - ✅ huggingface_hub dependency found. Feature 'huggingface_hub' is enabled.
2026-10-03 20:37:15.258 | WARNING  | tldw_chatbook.Audio.recording_service:<module>:52 - PyAudio not available. Install with: pip install pyaudio
2026-10-03 20:37:15.344 | INFO     | tldw_chatbook.Audio.recording_service:<module>:58 - Sounddevice backend available
2026-10-03 20:37:15.347 | INFO     | tldw_chatbook.Audio.recording_service:<module>:73 - WebRTC VAD available for voice activity detection
----------------------------- Captured stderr call -----------------------------
2026-10-03 20:37:15.352 | INFO     | tldw_chatbook.DB.ChaChaNotes_DB:__init__:3376 - Initializing CharactersRAGDB db_sha256=c4c4a5dd4c9d [Client ID: note-span]
2026-10-03 20:37:15.535 | DEBUG    | tldw_chatbook.DB.ChaChaNotes_DB:_get_thread_connection:3554 - Opened/Reopened SQLite connection db_sha256=c4c4a5dd4c9d thread=8494865792
2026-10-03 20:37:15.550 | DEBUG    | tldw_chatbook.DB.ChaChaNotes_DB:_enter_transaction:24489 - Started outermost transaction on thread 8494865792.
2026-10-03 20:37:15.553 | INFO     | tldw_chatbook.DB.ChaChaNotes_DB:_initialize_schema:8550 - Checking DB schema 'rag_char_chat_schema'. Current version: 0. Code supports: 76
2026-10-03 20:37:15.553 | INFO     | tldw_chatbook.DB.ChaChaNotes_DB:_apply_schema_v4:4437 - Applying schema Version 4 for 'rag_char_chat_schema' to DB: db_sha256=c4c4a5dd4c9d...
2026-10-03 20:37:15.553 | DEBUG    | tldw_chatbook.DB.ChaChaNotes_DB:_enter_transaction:24458 - Entered nested transaction level 2 on thread 8494865792.
2026-10-03 20:37:15.565 | DEBUG    | tldw_chatbook.DB.ChaChaNotes_DB:_apply_schema_v4:4478 - [rag_char_chat_schema V4] Full schema script executed.
2026-10-03 20:37:15.565 | INFO     | tldw_chatbook.DB.ChaChaNotes_DB:_apply_schema_v4:4485 - [rag_char_chat_schema V4] Schema 4 applied and version confirmed for DB: db_sha256=c4c4a5dd4c9d.
2026-10-03 20:37:15.566 | DEBUG    | tldw_chatbook.DB.ChaChaNotes_DB:_enrich_default_assistant_card_if_bare:4749 - [task-2451] Default Assistant enrichment UPDATE affected 1 row(s) in DB: db_sha256=c4c4a5dd4c9d.
2026-10-03 20:37:15.566 | INFO     | tldw_chatbook.DB.ChaChaNotes_DB:_migrate_from_v4_to_v5:4770 - Migrating schema from V4 to V5 for 'rag_char_chat_schema' in DB: db_sha256=c4c4a5dd4c9d...
2026-10-03 20:37:15.566 | DEBUG    | tldw_chatbook.DB.ChaChaNotes_DB:_enter_transaction:24458 - Entered nested transaction level 2 on thread 8494865792.
2026-10-03 20:37:15.582 | DEBUG    | tldw_chatbook.DB.ChaChaNotes_DB:_migrate_from_v4_to_v5:4780 - [rag_char_chat_schema V4→V5] Migration script executed.
2026-10-03 20:37:15.584 | INFO     | tldw_chatbook.DB.ChaChaNotes_DB:_migrate_from_v4_to_v5:4789 - [rag_char_chat_schema V4→V5] Migration completed successfully for DB: db_sha256=c4c4a5dd4c9d.
2026-10-03 20:37:15.584 | INFO     | tldw_chatbook.DB.ChaChaNotes_DB:_migrate_from_v5_to_v6:4823 - Migrating schema from V5 to V6 for 'rag_char_chat_schema' in DB: db_sha256=c4c4a5dd4c9d...
2026-10-03 20:37:15.584 | DEBUG    | tldw_chatbook.DB.ChaChaNotes_DB:_enter_transaction:24458 - Entered nested transaction level 2 on thread 8494865792.
2026-10-03 20:37:15.589 | DEBUG    | tldw_chatbook.DB.ChaChaNotes_DB:_migrate_from_v5_to_v6:4831 - [rag_char_chat_schema V5→V6] Migration script executed.
2026-10-03 20:37:15.589 | INFO     | tldw_chatbook.DB.ChaChaNotes_DB:_migrate_from_v5_to_v6:4840 - [rag_char_chat_schema V5→V6] Migration completed successfully for DB: db_sha256=c4c4a5dd4c9d.
2026-10-03 20:37:15.589 | INFO     | tldw_chatbook.DB.ChaChaNotes_DB:_migrate_from_v6_to_v7:4874 - Migrating schema from V6 to V7 for 'rag_char_chat_schema' in DB: db_sha256=c4c4a5dd4c9d...
2026-10-03 20:37:15.590 | DEBUG    | tldw_chatbook.DB.ChaChaNotes_DB:_enter_transaction:24458 - Entered nested transaction level 2 on thread 8494865792.
2026-10-03 20:37:15.592 | DEBUG    | tldw_chatbook.DB.ChaChaNotes_DB:_migrate_from_v6_to_v7:4882 - [rag_char_chat_schema V6→V7] Migration script executed.
2026-10-03 20:37:15.592 | INFO     | tldw_chatbook.DB.ChaChaNotes_DB:_migrate_from_v6_to_v7:4891 - [rag_char_chat_schema V6→V7] Migration completed successfully for DB: db_sha256=c4c4a5dd4c9d.
2026-10-03 20:37:15.592 | INFO     | tldw_chatbook.DB.ChaChaNotes_DB:_migrate_from_v7_to_v8:8464 - Migrating schema from V7 to V8 for 'rag_char_chat_schema' in DB: db_sha256=c4c4a5dd4c9d...
2026-10-03 20:37:15.593 | DEBUG    | tldw_chatbook.DB.ChaChaNotes_DB:_enter_transaction:24458 - Entered nested transaction level 2 on thread 8494865792.
2026-10-03 20:37:15.596 | DEBUG    | tldw_chatbook.DB.ChaChaNotes_DB:_migrate_from_v7_to_v8:8472 - [rag_char_chat_schema V7→V8] Migration script executed.
2026-10-03 20:37:15.596 | INFO     | tldw_chatbook.DB.ChaChaNotes_DB:_migrate_from_v7_to_v8:8481 - [rag_char_chat_schema V7→V8] Migration completed successfully for DB: db_sha256=c4c4a5dd4c9d.
2026-10-03 20:37:15.596 | INFO     | tldw_chatbook.DB.ChaChaNotes_DB:_migrate_from_v8_to_v9:4925 - Migrating schema from V8 to V9 for 'rag_char_chat_schema' in DB: db_sha256=c4c4a5dd4c9d...
2026-10-03 20:37:15.596 | DEBUG    | tldw_chatbook.DB.ChaChaNotes_DB:_enter_transaction:24458 - Entered nested transaction level 2 on thread 8494865792.
2026-10-03 20:37:15.600 | DEBUG    | tldw_chatbook.DB.ChaChaNotes_DB:_migrate_from_v8_to_v9:4933 - [rag_char_chat_schema V8→V9] Migration script executed.
2026-10-03 20:37:15.600 | INFO     | tldw_chatbook.DB.ChaChaNotes_DB:_migrate_from_v8_to_v9:4942 - [rag_char_chat_schema V8→V9] Migration completed successfully for DB: db_sha256=c4c4a5dd4c9d.
2026-10-03 20:37:15.600 | INFO     | tldw_chatbook.DB.ChaChaNotes_DB:_migrate_from_v9_to_v10:4976 - Migrating schema from V9 to V10 for 'rag_char_chat_schema' in DB: db_sha256=c4c4a5dd4c9d...
2026-10-03 20:37:15.601 | DEBUG    | tldw_chatbook.DB.ChaChaNotes_DB:_enter_transaction:24458 - Entered nested transaction level 2 on thread 8494865792.
2026-10-03 20:37:15.601 | DEBUG    | tldw_chatbook.DB.ChaChaNotes_DB:_migrate_from_v9_to_v10:4984 - [rag_char_chat_schema V9→V10] Migration script executed.
2026-10-03 20:37:15.601 | INFO     | tldw_chatbook.DB.ChaChaNotes_DB:_migrate_from_v9_to_v10:4993 - [rag_char_chat_schema V9→V10] Migration completed successfully for DB: db_sha256=c4c4a5dd4c9d.
2026-10-03 20:37:15.601 | INFO     | tldw_chatbook.DB.ChaChaNotes_DB:_migrate_from_v10_to_v11:5027 - Migrating schema from V10 to V11 for 'rag_char_chat_schema' in DB: db_sha256=c4c4a5dd4c9d...
2026-10-03 20:37:15.602 | DEBUG    | tldw_chatbook.DB.ChaChaNotes_DB:_enter_transaction:24458 - Entered nested transaction level 2 on thread 8494865792.
2026-10-03 20:37:15.605 | DEBUG    | tldw_chatbook.DB.ChaChaNotes_DB:_migrate_from_v10_to_v11:5035 - [rag_char_chat_schema V10→V11] Migration script executed.
2026-10-03 20:37:15.607 | INFO     | tldw_chatbook.DB.ChaChaNotes_DB:_migrate_from_v10_to_v11:5044 - [rag_char_chat_schema V10→V11] Migration completed successfully for DB: db_sha256=c4c4a5dd4c9d.
2026-10-03 20:37:15.611 | INFO     | tldw_chatbook.DB.ChaChaNotes_DB:_migrate_from_v11_to_v12:5078 - Migrating schema from V11 to V12 for 'rag_char_chat_schema' in DB: db_sha256=c4c4a5dd4c9d...
2026-10-03 20:37:15.611 | DEBUG    | tldw_chatbook.DB.ChaChaNotes_DB:_enter_transaction:24458 - Entered nested transaction level 2 on thread 8494865792.
2026-10-03 20:37:15.621 | DEBUG    | tldw_chatbook.DB.ChaChaNotes_DB:_migrate_from_v11_to_v12:5086 - [rag_char_chat_schema V11→V12] Migration script executed.
2026-10-03 20:37:15.621 | INFO     | tldw_chatbook.DB.ChaChaNotes_DB:_migrate_from_v11_to_v12:5095 - [rag_char_chat_schema V11→V12] Migration completed successfully for DB: db_sha256=c4c4a5dd4c9d.
2026-10-03 20:37:15.621 | INFO     | tldw_chatbook.DB.ChaChaNotes_DB:_migrate_from_v12_to_v13:5121 - Migrating schema from V12 to V13 for 'rag_char_chat_schema' in DB: db_sha256=c4c4a5dd4c9d...
2026-10-03 20:37:15.622 | DEBUG    | tldw_chatbook.DB.ChaChaNotes_DB:_enter_transaction:24458 - Entered nested transaction level 2 on thread 8494865792.
2026-10-03 20:37:15.656 | DEBUG    | tldw_chatbook.DB.ChaChaNotes_DB:_migrate_from_v12_to_v13:5129 - [rag_char_chat_schema V12→V13] Migration script executed.
2026-10-03 20:37:15.656 | INFO     | tldw_chatbook.DB.ChaChaNotes_DB:_migrate_from_v12_to_v13:5137 - [rag_char_chat_schema V12→V13] Migration completed successfully for DB: db_sha256=c4c4a5dd4c9d.
2026-10-03 20:37:15.656 | INFO     | tldw_chatbook.DB.ChaChaNotes_DB:_migrate_from_v13_to_v14:5162 - Migrating schema from V13 to V14 for 'rag_char_chat_schema' in DB: db_sha256=c4c4a5dd4c9d...
2026-10-03 20:37:15.656 | DEBUG    | tldw_chatbook.DB.ChaChaNotes_DB:_enter_transaction:24458 - Entered nested transaction level 2 on thread 8494865792.
2026-10-03 20:37:15.666 | DEBUG    | tldw_chatbook.DB.ChaChaNotes_DB:_migrate_from_v13_to_v14:5170 - [rag_char_chat_schema V13→V14] Migration script executed.
2026-10-03 20:37:15.666 | INFO     | tldw_chatbook.DB.ChaChaNotes_DB:_migrate_from_v13_to_v14:5178 - [rag_char_chat_schema V13→V14] Migration completed successfully for DB: db_sha256=c4c4a5dd4c9d.
2026-10-03 20:37:15.666 | INFO     | tldw_chatbook.DB.ChaChaNotes_DB:_migrate_from_v14_to_v15:5203 - Migrating schema from V14 to V15 for 'rag_char_chat_schema' in DB: db_sha256=c4c4a5dd4c9d...
2026-10-03 20:37:15.667 | DEBUG    | tldw_chatbook.DB.ChaChaNotes_DB:_enter_transaction:24458 - Entered nested transaction level 2 on thread 8494865792.
2026-10-03 20:37:15.668 | DEBUG    | tldw_chatbook.DB.ChaChaNotes_DB:_migrate_from_v14_to_v15:5211 - [rag_char_chat_schema V14→V15] Migration script executed.
2026-10-03 20:37:15.668 | INFO     | tldw_chatbook.DB.ChaChaNotes_DB:_migrate_from_v14_to_v15:5219 - [rag_char_chat_schema V14→V15] Migration completed successfully for DB: db_sha256=c4c4a5dd4c9d.
2026-10-03 20:37:15.669 | INFO     | tldw_chatbook.DB.ChaChaNotes_DB:_migrate_from_v15_to_v16:5245 - Migrating schema from V15 to V16 for 'rag_char_chat_schema' in DB: db_sha256=c4c4a5dd4c9d...
2026-10-03 20:37:15.669 | DEBUG    | tldw_chatbook.DB.ChaChaNotes_DB:_enter_transaction:24458 - Entered nested transaction level 2 on thread 8494865792.
2026-10-03 20:37:15.670 | DEBUG    | tldw_chatbook.DB.ChaChaNotes_DB:_migrate_from_v15_to_v16:5288 - [rag_char_chat_schema V15→V16] Migration script executed.
2026-10-03 20:37:15.670 | INFO     | tldw_chatbook.DB.ChaChaNotes_DB:_migrate_from_v15_to_v16:5298 - [rag_char_chat_schema V15→V16] Migration completed successfully for DB: db_sha256=c4c4a5dd4c9d.
2026-10-03 20:37:15.670 | INFO     | tldw_chatbook.DB.ChaChaNotes_DB:_migrate_from_v16_to_v17:5324 - Migrating schema from V16 to V17 for 'rag_char_chat_schema' in DB: db_sha256=c4c4a5dd4c9d...
2026-10-03 20:37:15.670 | DEBUG    | tldw_chatbook.DB.ChaChaNotes_DB:_enter_transaction:24458 - Entered nested transaction level 2 on thread 8494865792.
2026-10-03 20:37:15.670 | DEBUG    | tldw_chatbook.DB.ChaChaNotes_DB:_migrate_from_v16_to_v17:5332 - [rag_char_chat_schema V16→V17] Migration script executed.
2026-10-03 20:37:15.670 | INFO     | tldw_chatbook.DB.ChaChaNotes_DB:_migrate_from_v16_to_v17:5340 - [rag_char_chat_schema V16→V17] Migration completed successfully for DB: db_sha256=c4c4a5dd4c9d.
2026-10-03 20:37:15.670 | INFO     | tldw_chatbook.DB.ChaChaNotes_DB:_migrate_from_v17_to_v18:5368 - Migrating schema from V17 to V18 for 'rag_char_chat_schema' in DB: db_sha256=c4c4a5dd4c9d...
2026-10-03 20:37:15.671 | DEBUG    | tldw_chatbook.DB.ChaChaNotes_DB:_enter_transaction:24458 - Entered nested transaction level 2 on thread 8494865792.
2026-10-03 20:37:15.676 | DEBUG    | tldw_chatbook.DB.ChaChaNotes_DB:_migrate_from_v17_to_v18:5376 - [rag_char_chat_schema V17→V18] Migration script executed.
2026-10-03 20:37:15.676 | INFO     | tldw_chatbook.DB.ChaChaNotes_DB:_migrate_from_v17_to_v18:5384 - [rag_char_chat_schema V17→V18] Migration completed successfully for DB: db_sha256=c4c4a5dd4c9d.
2026-10-03 20:37:15.676 | INFO     | tldw_chatbook.DB.ChaChaNotes_DB:_migrate_from_v18_to_v19:8414 - Migrating schema from V18 to V19 for 'rag_char_chat_schema' in DB: db_sha256=c4c4a5dd4c9d...
2026-10-03 20:37:15.676 | DEBUG    | tldw_chatbook.DB.ChaChaNotes_DB:_enter_transaction:24458 - Entered nested transaction level 2 on thread 8494865792.
2026-10-03 20:37:15.677 | DEBUG    | tldw_chatbook.DB.ChaChaNotes_DB:_migrate_from_v18_to_v19:8422 - [rag_char_chat_schema V18→V19] Migration script executed.
2026-10-03 20:37:15.677 | INFO     | tldw_chatbook.DB.ChaChaNotes_DB:_migrate_from_v18_to_v19:8430 - [rag_char_chat_schema V18→V19] Migration completed successfully for DB: db_sha256=c4c4a5dd4c9d.
2026-10-03 20:37:15.677 | INFO     | tldw_chatbook.DB.ChaChaNotes_DB:_migrate_from_v19_to_v20:5412 - Migrating schema from V19 to V20 for 'rag_char_chat_schema' in DB: db_sha256=c4c4a5dd4c9d...
2026-10-03 20:37:15.677 | DEBUG    | tldw_chatbook.DB.ChaChaNotes_DB:_enter_transaction:24458 - Entered nested transaction level 2 on thread 8494865792.
2026-10-03 20:37:15.682 | DEBUG    | tldw_chatbook.DB.ChaChaNotes_DB:_migrate_from_v19_to_v20:5431 - [rag_char_chat_schema V19→V20] Migration script executed.
2026-10-03 20:37:15.682 | INFO     | tldw_chatbook.DB.ChaChaNotes_DB:_migrate_from_v19_to_v20:5439 - [rag_char_chat_schema V19→V20] Migration completed successfully for DB: db_sha256=c4c4a5dd4c9d.
2026-10-03 20:37:15.682 | INFO     | tldw_chatbook.DB.ChaChaNotes_DB:_migrate_from_v20_to_v21:5467 - Migrating schema from V20 to V21 for 'rag_char_chat_schema' in DB: db_sha256=c4c4a5dd4c9d...
2026-10-03 20:37:15.683 | DEBUG    | tldw_chatbook.DB.ChaChaNotes_DB:_enter_transaction:24458 - Entered nested transaction level 2 on thread 8494865792.
2026-10-03 20:37:15.683 | DEBUG    | tldw_chatbook.DB.ChaChaNotes_DB:_migrate_from_v20_to_v21:5488 - [rag_char_chat_schema V20→V21] Migration script executed.
2026-10-03 20:37:15.683 | INFO     | tldw_chatbook.DB.ChaChaNotes_DB:_migrate_from_v20_to_v21:5496 - [rag_char_chat_schema V20→V21] Migration completed successfully for DB: db_sha256=c4c4a5dd4c9d.
2026-10-03 20:37:15.684 | INFO     | tldw_chatbook.DB.ChaChaNotes_DB:_migrate_from_v21_to_v22:5518 - Migrating schema from V21 to V22 for 'rag_char_chat_schema' in DB: db_sha256=c4c4a5dd4c9d...
2026-10-03 20:37:15.684 | DEBUG    | tldw_chatbook.DB.ChaChaNotes_DB:_enter_transaction:24458 - Entered nested transaction level 2 on thread 8494865792.
2026-10-03 20:37:15.685 | DEBUG    | tldw_chatbook.DB.ChaChaNotes_DB:_migrate_from_v21_to_v22:5536 - [rag_char_chat_schema V21→V22] Migration script executed.
2026-10-03 20:37:15.685 | INFO     | tldw_chatbook.DB.ChaChaNotes_DB:_migrate_from_v21_to_v22:5542 - [rag_char_chat_schema V21→V22] Migration completed successfully for DB: db_sha256=c4c4a5dd4c9d.
2026-10-03 20:37:15.685 | INFO     | tldw_chatbook.DB.ChaChaNotes_DB:_migrate_from_v22_to_v23:5564 - Migrating schema from V22 to V23 for 'rag_char_chat_schema' in DB: db_sha256=c4c4a5dd4c9d...
2026-10-03 20:37:15.685 | DEBUG    | tldw_chatbook.DB.ChaChaNotes_DB:_enter_transaction:24458 - Entered nested transaction level 2 on thread 8494865792.
2026-10-03 20:37:15.685 | DEBUG    | tldw_chatbook.DB.ChaChaNotes_DB:_migrate_from_v22_to_v23:5572 - [rag_char_chat_schema V22→V23] Migration script executed.
2026-10-03 20:37:15.685 | INFO     | tldw_chatbook.DB.ChaChaNotes_DB:_migrate_from_v22_to_v23:5578 - [rag_char_chat_schema V22→V23] Migration completed successfully for DB: db_sha256=c4c4a5dd4c9d.
2026-10-03 20:37:15.686 | INFO     | tldw_chatbook.DB.ChaChaNotes_DB:_migrate_from_v23_to_v24:5601 - Migrating schema from V23 to V24 for 'rag_char_chat_schema' in DB: db_sha256=c4c4a5dd4c9d...
2026-10-03 20:37:15.686 | DEBUG    | tldw_chatbook.DB.ChaChaNotes_DB:_enter_transaction:24458 - Entered nested transaction level 2 on thread 8494865792.
2026-10-03 20:37:15.688 | DEBUG    | tldw_chatbook.DB.ChaChaNotes_DB:_migrate_from_v23_to_v24:5619 - [rag_char_chat_schema V23→V24] Migration script executed.
2026-10-03 20:37:15.689 | INFO     | tldw_chatbook.DB.ChaChaNotes_DB:_migrate_from_v23_to_v24:5625 - [rag_char_chat_schema V23→V24] Migration completed successfully for DB: db_sha256=c4c4a5dd4c9d.
2026-10-03 20:37:15.689 | INFO     | tldw_chatbook.DB.ChaChaNotes_DB:_migrate_from_v24_to_v25:5648 - Migrating schema from V24 to V25 for 'rag_char_chat_schema' in DB: db_sha256=c4c4a5dd4c9d...
2026-10-03 20:37:15.689 | DEBUG    | tldw_chatbook.DB.ChaChaNotes_DB:_enter_transaction:24458 - Entered nested transaction level 2 on thread 8494865792.
2026-10-03 20:37:15.689 | DEBUG    | tldw_chatbook.DB.ChaChaNotes_DB:_migrate_from_v24_to_v25:5656 - [rag_char_chat_schema V24→V25] Migration script executed.
2026-10-03 20:37:15.689 | INFO     | tldw_chatbook.DB.ChaChaNotes_DB:_migrate_from_v24_to_v25:5662 - [rag_char_chat_schema V24→V25] Migration completed successfully for DB: db_sha256=c4c4a5dd4c9d.
2026-10-03 20:37:15.689 | INFO     | tldw_chatbook.DB.ChaChaNotes_DB:_migrate_from_v25_to_v26:5686 - Migrating schema from V25 to V26 for 'rag_char_chat_schema' in DB: db_sha256=c4c4a5dd4c9d...
2026-10-03 20:37:15.690 | DEBUG    | tldw_chatbook.DB.ChaChaNotes_DB:_enter_transaction:24458 - Entered nested transaction level 2 on thread 8494865792.
2026-10-03 20:37:15.695 | DEBUG    | tldw_chatbook.DB.ChaChaNotes_DB:_migrate_from_v25_to_v26:5708 - [rag_char_chat_schema V25→V26] Migration script executed.
2026-10-03 20:37:15.695 | INFO     | tldw_chatbook.DB.ChaChaNotes_DB:_migrate_from_v25_to_v26:5714 - [rag_char_chat_schema V25→V26] Migration completed successfully for DB: db_sha256=c4c4a5dd4c9d.
2026-10-03 20:37:15.696 | DEBUG    | tldw_chatbook.DB.ChaChaNotes_DB:_enter_transaction:24458 - Entered nested transaction level 2 on thread 8494865792.
2026-10-03 20:37:15.701 | DEBUG    | tldw_chatbook.DB.ChaChaNotes_DB:_enter_transaction:24458 - Entered nested transaction level 2 on thread 8494865792.
2026-10-03 20:37:15.701 | DEBUG    | tldw_chatbook.DB.ChaChaNotes_DB:_enter_transaction:24458 - Entered nested transaction level 3 on thread 8494865792.
2026-10-03 20:37:15.706 | INFO     | tldw_chatbook.DB.ChaChaNotes_DB:_migrate_from_v28_to_v29:5901 - Migrating schema from V28 to V29 for 'rag_char_chat_schema' in DB: db_sha256=c4c4a5dd4c9d...
2026-10-03 20:37:15.706 | DEBUG    | tldw_chatbook.DB.ChaChaNotes_DB:_enter_transaction:24458 - Entered nested transaction level 2 on thread 8494865792.
2026-10-03 20:37:15.707 | DEBUG    | tldw_chatbook.DB.ChaChaNotes_DB:_migrate_from_v28_to_v29:5909 - [rag_char_chat_schema V28→V29] Migration script executed.
2026-10-03 20:37:15.707 | INFO     | tldw_chatbook.DB.ChaChaNotes_DB:_migrate_from_v28_to_v29:5917 - [rag_char_chat_schema V28→V29] Migration completed successfully for DB: db_sha256=c4c4a5dd4c9d.
2026-10-03 20:37:15.707 | INFO     | tldw_chatbook.DB.ChaChaNotes_DB:_migrate_from_v29_to_v30:5944 - Migrating schema from V29 to V30 for 'rag_char_chat_schema' in DB: db_sha256=c4c4a5dd4c9d...
2026-10-03 20:37:15.707 | DEBUG    | tldw_chatbook.DB.ChaChaNotes_DB:_enter_transaction:24458 - Entered nested transaction level 2 on thread 8494865792.
2026-10-03 20:37:15.711 | DEBUG    | tldw_chatbook.DB.ChaChaNotes_DB:_migrate_from_v29_to_v30:5970 - [rag_char_chat_schema V29→V30] Migration script executed.
2026-10-03 20:37:15.711 | INFO     | tldw_chatbook.DB.ChaChaNotes_DB:_migrate_from_v29_to_v30:5994 - [rag_char_chat_schema V29→V30] Migration completed successfully for DB: db_sha256=c4c4a5dd4c9d.
2026-10-03 20:37:15.711 | INFO     | tldw_chatbook.DB.ChaChaNotes_DB:_migrate_from_v30_to_v31:6021 - Migrating schema from V30 to V31 for 'rag_char_chat_schema' in DB: db_sha256=c4c4a5dd4c9d...
2026-10-03 20:37:15.712 | DEBUG    | tldw_chatbook.DB.ChaChaNotes_DB:_enter_transaction:24458 - Entered nested transaction level 2 on thread 8494865792.
2026-10-03 20:37:15.715 | DEBUG    | tldw_chatbook.DB.ChaChaNotes_DB:_migrate_from_v30_to_v31:6047 - [rag_char_chat_schema V30→V31] Migration script executed.
2026-10-03 20:37:15.715 | INFO     | tldw_chatbook.DB.ChaChaNotes_DB:_migrate_from_v30_to_v31:6071 - [rag_char_chat_schema V30→V31] Migration completed successfully for DB: db_sha256=c4c4a5dd4c9d.
2026-10-03 20:37:15.716 | INFO     | tldw_chatbook.DB.ChaChaNotes_DB:_migrate_from_v31_to_v32:6104 - Migrating schema from V31 to V32 for 'rag_char_chat_schema' in DB: db_sha256=c4c4a5dd4c9d...
2026-10-03 20:37:15.716 | DEBUG    | tldw_chatbook.DB.ChaChaNotes_DB:_enrich_default_assistant_card_if_bare:4749 - [task-2451] Default Assistant enrichment UPDATE affected 0 row(s) in DB: db_sha256=c4c4a5dd4c9d.
2026-10-03 20:37:15.716 | INFO     | tldw_chatbook.DB.ChaChaNotes_DB:_migrate_from_v31_to_v32:6130 - [rag_char_chat_schema V31→V32] Migration completed successfully for DB: db_sha256=c4c4a5dd4c9d.
2026-10-03 20:37:15.717 | DEBUG    | tldw_chatbook.DB.ChaChaNotes_DB:_enter_transaction:24458 - Entered nested transaction level 2 on thread 8494865792.
2026-10-03 20:37:15.719 | DEBUG    | tldw_chatbook.DB.ChaChaNotes_DB:_enter_transaction:24458 - Entered nested transaction level 2 on thread 8494865792.
2026-10-03 20:37:15.724 | DEBUG    | tldw_chatbook.DB.ChaChaNotes_DB:_enter_transaction:24458 - Entered nested transaction level 2 on thread 8494865792.
2026-10-03 20:37:15.727 | DEBUG    | tldw_chatbook.DB.ChaChaNotes_DB:_enter_transaction:24458 - Entered nested transaction level 2 on thread 8494865792.
2026-10-03 20:37:15.729 | DEBUG    | tldw_chatbook.DB.ChaChaNotes_DB:_enter_transaction:24458 - Entered nested transaction level 2 on thread 8494865792.
2026-10-03 20:37:15.736 | DEBUG    | tldw_chatbook.DB.ChaChaNotes_DB:_enter_transaction:24458 - Entered nested transaction level 2 on thread 8494865792.
2026-10-03 20:37:15.738 | DEBUG    | tldw_chatbook.DB.ChaChaNotes_DB:_enter_transaction:24458 - Entered nested transaction level 2 on thread 8494865792.
2026-10-03 20:37:15.739 | DEBUG    | tldw_chatbook.DB.ChaChaNotes_DB:_enter_transaction:24458 - Entered nested transaction level 2 on thread 8494865792.
2026-10-03 20:37:15.740 | DEBUG    | tldw_chatbook.DB.ChaChaNotes_DB:_enter_transaction:24458 - Entered nested transaction level 2 on thread 8494865792.
2026-10-03 20:37:15.742 | INFO     | tldw_chatbook.DB.ChaChaNotes_DB:_migrate_from_v41_to_v42:6450 - Migrating schema from V41 to V42 for 'rag_char_chat_schema' in DB: db_sha256=c4c4a5dd4c9d...
2026-10-03 20:37:15.743 | INFO     | tldw_chatbook.DB.ChaChaNotes_DB:_migrate_from_v41_to_v42:6514 - [rag_char_chat_schema V41→V42] conversations.console_project_context_json already present; applying the version bump only.
2026-10-03 20:37:15.743 | INFO     | tldw_chatbook.DB.ChaChaNotes_DB:_migrate_from_v42_to_v43:6564 - Migrating schema from V42 to V43 for 'rag_char_chat_schema' in DB: db_sha256=c4c4a5dd4c9d...
2026-10-03 20:37:15.743 | DEBUG    | tldw_chatbook.DB.ChaChaNotes_DB:_enter_transaction:24458 - Entered nested transaction level 2 on thread 8494865792.
2026-10-03 20:37:15.745 | INFO     | tldw_chatbook.DB.ChaChaNotes_DB:_migrate_from_v42_to_v43:6703 - [rag_char_chat_schema V42→V43] Migration completed successfully for DB: db_sha256=c4c4a5dd4c9d.
2026-10-03 20:37:15.745 | INFO     | tldw_chatbook.DB.ChaChaNotes_DB:_migrate_from_v43_to_v44:6733 - Migrating schema from V43 to V44 for 'rag_char_chat_schema' in DB: db_sha256=c4c4a5dd4c9d...
2026-10-03 20:37:15.745 | DEBUG    | tldw_chatbook.DB.ChaChaNotes_DB:_enter_transaction:24458 - Entered nested transaction level 2 on thread 8494865792.
2026-10-03 20:37:15.760 | INFO     | tldw_chatbook.DB.ChaChaNotes_DB:_migrate_from_v43_to_v44:6773 - [rag_char_chat_schema V43→V44] Migration completed successfully for DB: db_sha256=c4c4a5dd4c9d.
2026-10-03 20:37:15.760 | INFO     | tldw_chatbook.DB.ChaChaNotes_DB:_migrate_from_v44_to_v45:6842 - Actor Pack schema migration started: chachanotes_v44_to_v45
2026-10-03 20:37:15.760 | DEBUG    | tldw_chatbook.DB.ChaChaNotes_DB:_enter_transaction:24458 - Entered nested transaction level 2 on thread 8494865792.
2026-10-03 20:37:15.762 | INFO     | tldw_chatbook.DB.ChaChaNotes_DB:_migrate_from_v44_to_v45:6875 - Actor Pack schema migration completed: chachanotes_v44_to_v45
2026-10-03 20:37:15.765 | INFO     | tldw_chatbook.DB.ChaChaNotes_DB:_migrate_from_v45_to_v46:6919 - Migrating schema from V45 to V46 for 'rag_char_chat_schema' in DB: db_sha256=c4c4a5dd4c9d...
2026-10-03 20:37:15.765 | DEBUG    | tldw_chatbook.DB.ChaChaNotes_DB:_enter_transaction:24458 - Entered nested transaction level 2 on thread 8494865792.
2026-10-03 20:37:15.772 | INFO     | tldw_chatbook.DB.ChaChaNotes_DB:_migrate_from_v45_to_v46:6965 - [rag_char_chat_schema V45→V46] Migration completed successfully for DB: db_sha256=c4c4a5dd4c9d. Purged 0 unreachable sync_log row(s) of 1.
2026-10-03 20:37:15.775 | INFO     | tldw_chatbook.DB.ChaChaNotes_DB:_migrate_from_v46_to_v47:7007 - Migrating schema from V46 to V47 for 'rag_char_chat_schema' in DB: db_sha256=c4c4a5dd4c9d...
2026-10-03 20:37:15.775 | DEBUG    | tldw_chatbook.DB.ChaChaNotes_DB:_enter_transaction:24458 - Entered nested transaction level 2 on thread 8494865792.
2026-10-03 20:37:15.776 | INFO     | tldw_chatbook.DB.ChaChaNotes_DB:_migrate_from_v46_to_v47:7042 - [rag_char_chat_schema V46→V47] Migration completed successfully for DB: db_sha256=c4c4a5dd4c9d.
2026-10-03 20:37:15.780 | DEBUG    | tldw_chatbook.DB.ChaChaNotes_DB:_enter_transaction:24458 - Entered nested transaction level 2 on thread 8494865792.
2026-10-03 20:37:15.787 | INFO     | tldw_chatbook.DB.ChaChaNotes_DB:_migrate_from_v48_to_v49:7198 - Migrating schema from V48 to V49 for 'rag_char_chat_schema' in DB: db_sha256=c4c4a5dd4c9d...
2026-10-03 20:37:15.791 | DEBUG    | tldw_chatbook.DB.ChaChaNotes_DB:_enter_transaction:24458 - Entered nested transaction level 2 on thread 8494865792.
2026-10-03 20:37:15.792 | INFO     | tldw_chatbook.DB.ChaChaNotes_DB:_migrate_from_v48_to_v49:7233 - [rag_char_chat_schema V48→V49] Migration completed successfully for DB: db_sha256=c4c4a5dd4c9d.
2026-10-03 20:37:15.793 | INFO     | tldw_chatbook.DB.ChaChaNotes_DB:_migrate_from_v49_to_v50:7281 - Migrating schema from V49 to V50 for 'rag_char_chat_schema' in DB: db_sha256=c4c4a5dd4c9d...
2026-10-03 20:37:15.796 | DEBUG    | tldw_chatbook.DB.ChaChaNotes_DB:_enter_transaction:24458 - Entered nested transaction level 2 on thread 8494865792.
2026-10-03 20:37:15.797 | INFO     | tldw_chatbook.DB.ChaChaNotes_DB:_migrate_from_v49_to_v50:7315 - [rag_char_chat_schema V49→V50] Migration completed successfully for DB: db_sha256=c4c4a5dd4c9d.
2026-10-03 20:37:15.797 | DEBUG    | tldw_chatbook.DB.ChaChaNotes_DB:_enter_transaction:24458 - Entered nested transaction level 2 on thread 8494865792.
2026-10-03 20:37:15.803 | DEBUG    | tldw_chatbook.DB.ChaChaNotes_DB:_enter_transaction:24458 - Entered nested transaction level 2 on thread 8494865792.
2026-10-03 20:37:15.819 | INFO     | tldw_chatbook.DB.ChaChaNotes_DB:_migrate_from_v52_to_v53:7440 - Migrating schema from V52 to V53 for 'rag_char_chat_schema' in DB: db_sha256=c4c4a5dd4c9d...
2026-10-03 20:37:15.819 | DEBUG    | tldw_chatbook.DB.ChaChaNotes_DB:_enter_transaction:24458 - Entered nested transaction level 2 on thread 8494865792.
2026-10-03 20:37:15.823 | INFO     | tldw_chatbook.DB.ChaChaNotes_DB:_migrate_from_v52_to_v53:7505 - [rag_char_chat_schema V52→V53] Migration completed for DB: db_sha256=c4c4a5dd4c9d (examined 0, compacted 0, skipped 0 unreadable).
2026-10-03 20:37:15.823 | DEBUG    | tldw_chatbook.DB.ChaChaNotes_DB:_enter_transaction:24458 - Entered nested transaction level 2 on thread 8494865792.
2026-10-03 20:37:15.830 | DEBUG    | tldw_chatbook.DB.ChaChaNotes_DB:_enter_transaction:24458 - Entered nested transaction level 2 on thread 8494865792.
2026-10-03 20:37:15.835 | DEBUG    | tldw_chatbook.DB.ChaChaNotes_DB:_enter_transaction:24458 - Entered nested transaction level 2 on thread 8494865792.
2026-10-03 20:37:15.860 | DEBUG    | tldw_chatbook.DB.ChaChaNotes_DB:_enter_transaction:24458 - Entered nested transaction level 2 on thread 8494865792.
2026-10-03 20:37:15.871 | DEBUG    | tldw_chatbook.DB.ChaChaNotes_DB:_enter_transaction:24458 - Entered nested transaction level 2 on thread 8494865792.
2026-10-03 20:37:15.931 | DEBUG    | tldw_chatbook.DB.ChaChaNotes_DB:_enter_transaction:24458 - Entered nested transaction level 2 on thread 8494865792.
2026-10-03 20:37:15.942 | DEBUG    | tldw_chatbook.DB.ChaChaNotes_DB:_enter_transaction:24458 - Entered nested transaction level 2 on thread 8494865792.
2026-10-03 20:37:15.953 | DEBUG    | tldw_chatbook.DB.ChaChaNotes_DB:_enter_transaction:24458 - Entered nested transaction level 2 on thread 8494865792.
2026-10-03 20:37:15.958 | DEBUG    | tldw_chatbook.DB.ChaChaNotes_DB:_enter_transaction:24458 - Entered nested transaction level 2 on thread 8494865792.
2026-10-03 20:37:15.990 | DEBUG    | tldw_chatbook.DB.ChaChaNotes_DB:_enter_transaction:24458 - Entered nested transaction level 2 on thread 8494865792.
2026-10-03 20:37:16.008 | DEBUG    | tldw_chatbook.DB.ChaChaNotes_DB:_enter_transaction:24458 - Entered nested transaction level 2 on thread 8494865792.
2026-10-03 20:37:16.039 | DEBUG    | tldw_chatbook.DB.ChaChaNotes_DB:_enter_transaction:24458 - Entered nested transaction level 2 on thread 8494865792.
2026-10-03 20:37:16.041 | DEBUG    | tldw_chatbook.DB.ChaChaNotes_DB:_enter_transaction:24458 - Entered nested transaction level 2 on thread 8494865792.
2026-10-03 20:37:16.065 | DEBUG    | tldw_chatbook.DB.ChaChaNotes_DB:_enter_transaction:24458 - Entered nested transaction level 3 on thread 8494865792.
2026-10-03 20:37:16.068 | DEBUG    | tldw_chatbook.DB.ChaChaNotes_DB:_enter_transaction:24458 - Entered nested transaction level 3 on thread 8494865792.
2026-10-03 20:37:16.070 | DEBUG    | tldw_chatbook.DB.ChaChaNotes_DB:_enter_transaction:24458 - Entered nested transaction level 2 on thread 8494865792.
2026-10-03 20:37:16.081 | DEBUG    | tldw_chatbook.DB.ChaChaNotes_DB:_enter_transaction:24458 - Entered nested transaction level 2 on thread 8494865792.
2026-10-03 20:37:16.122 | DEBUG    | tldw_chatbook.DB.ChaChaNotes_DB:_enter_transaction:24458 - Entered nested transaction level 2 on thread 8494865792.
2026-10-03 20:37:16.128 | DEBUG    | tldw_chatbook.DB.ChaChaNotes_DB:_enter_transaction:24458 - Entered nested transaction level 2 on thread 8494865792.
2026-10-03 20:37:16.132 | DEBUG    | tldw_chatbook.DB.ChaChaNotes_DB:_enter_transaction:24458 - Entered nested transaction level 2 on thread 8494865792.
2026-10-03 20:37:16.148 | DEBUG    | tldw_chatbook.DB.ChaChaNotes_DB:_enter_transaction:24458 - Entered nested transaction level 2 on thread 8494865792.
2026-10-03 20:37:16.178 | DEBUG    | tldw_chatbook.DB.ChaChaNotes_DB:_enter_transaction:24458 - Entered nested transaction level 2 on thread 8494865792.
2026-10-03 20:37:16.180 | DEBUG    | tldw_chatbook.DB.ChaChaNotes_DB:_enter_transaction:24458 - Entered nested transaction level 2 on thread 8494865792.
2026-10-03 20:37:16.191 | DEBUG    | tldw_chatbook.DB.ChaChaNotes_DB:_enter_transaction:24458 - Entered nested transaction level 2 on thread 8494865792.
2026-10-03 20:37:16.192 | DEBUG    | tldw_chatbook.DB.ChaChaNotes_DB:_enter_transaction:24458 - Entered nested transaction level 2 on thread 8494865792.
2026-10-03 20:37:16.247 | INFO     | tldw_chatbook.DB.ChaChaNotes_DB:_initialize_schema:8685 - Database schema 'rag_char_chat_schema' successfully initialized/migrated to version 76.
2026-10-03 20:37:16.368 | DEBUG    | tldw_chatbook.DB.ChaChaNotes_DB:_exit_transaction:24552 - Transaction (outermost) committed successfully on thread 8494865792.
2026-10-03 20:37:16.368 | DEBUG    | tldw_chatbook.DB.ChaChaNotes_DB:__init__:3399 - CharactersRAGDB initialization completed successfully db_sha256=c4c4a5dd4c9d
2026-10-03 20:37:16.406 | DEBUG    | tldw_chatbook.Chat.chat_persistence_service:__init__:271 - Recovered-media message source is unavailable.
2026-10-03 20:37:16.425 | DEBUG    | tldw_chatbook.DB.ChaChaNotes_DB:_enter_transaction:24489 - Started outermost transaction on thread 8494865792.
2026-10-03 20:37:16.426 | DEBUG    | tldw_chatbook.DB.ChaChaNotes_DB:_enter_transaction:24458 - Entered nested transaction level 2 on thread 8494865792.
2026-10-03 20:37:16.434 | DEBUG    | tldw_chatbook.DB.ChaChaNotes_DB:add_conversation:11073 - Added conversation ID: 90629777-f5ce-4a37-9f52-31335a351d36.
2026-10-03 20:37:16.435 | DEBUG    | tldw_chatbook.DB.ChaChaNotes_DB:_enter_transaction:24458 - Entered nested transaction level 2 on thread 8494865792.
2026-10-03 20:37:16.440 | DEBUG    | tldw_chatbook.DB.ChaChaNotes_DB:_exit_transaction:24552 - Transaction (outermost) committed successfully on thread 8494865792.
2026-10-03 20:37:16.451 | DEBUG    | tldw_chatbook.DB.ChaChaNotes_DB:_enter_transaction:24489 - Started outermost transaction on thread 8494865792.
2026-10-03 20:37:16.455 | DEBUG    | tldw_chatbook.DB.ChaChaNotes_DB:_exit_transaction:24552 - Transaction (outermost) committed successfully on thread 8494865792.
_____________ test_build_transcript_note_accepts_assistant_target ______________

tmp_path = PosixPath('/Users/macbook-dev/.codex/worktrees/console-chat-starts/tldw_chatbook/.superpowers/sdd/2026-10-03-console-pr2995-review-and-merge/task-3-base-note-owner-profile-ocy_x__7/pytest/test_build_transcript_note_acc0')

    @pytest.mark.asyncio
    async def test_build_transcript_note_accepts_assistant_target(tmp_path):
>       controller, store, session, _gateway, _db = _note_controller(tmp_path)
                                                    ^^^^^^^^^^^^^^^^^^^^^^^^^^

Tests/Chat/test_console_note_span_actions.py:130: 
_ _ _ _ _ _ _ _ _ _ _ _ _ _ _ _ _ _ _ _ _ _ _ _ _ _ _ _ _ _ _ _ _ _ _ _ _ _ _ _ 
Tests/Chat/test_console_note_span_actions.py:84: in _note_controller
    controller = ConsoleChatController(
tldw_chatbook/Chat/console_chat_controller.py:4995: in __init__
    auxiliary_timeout_seconds=get_cli_setting(
tldw_chatbook/config.py:9388: in get_cli_setting
    config = load_cli_config_and_ensure_existence()  # Ensures config is loaded
             ^^^^^^^^^^^^^^^^^^^^^^^^^^^^^^^^^^^^^^
tldw_chatbook/config.py:7026: in load_cli_config_and_ensure_existence
    return _load_cli_config_bootstrap(force_reload=force_reload).config
           ^^^^^^^^^^^^^^^^^^^^^^^^^^^^^^^^^^^^^^^^^^^^^^^^^^^^^
tldw_chatbook/Backup_Recovery/config_participants.py:421: in wrapped
    with operation(source, target=target):
         ^^^^^^^^^^^^^^^^^^^^^^^^^^^^^^^^
../../../../.local/share/uv/python/cpython-3.12.11-macos-aarch64-none/lib/python3.12/contextlib.py:137: in __enter__
    return next(self.gen)
           ^^^^^^^^^^^^^^
tldw_chatbook/Backup_Recovery/config_participants.py:352: in operation
    with raw._scope(source, route, writing=True, selected_read=target) as active:
         ^^^^^^^^^^^^^^^^^^^^^^^^^^^^^^^^^^^^^^^^^^^^^^^^^^^^^^^^^^^^^
../../../../.local/share/uv/python/cpython-3.12.11-macos-aarch64-none/lib/python3.12/contextlib.py:137: in __enter__
    return next(self.gen)
           ^^^^^^^^^^^^^^
tldw_chatbook/Backup_Recovery/raw_participants.py:649: in _scope
    participant = _raw_participant(source)
                  ^^^^^^^^^^^^^^^^^^^^^^^^
tldw_chatbook/Backup_Recovery/raw_participants.py:296: in _raw_participant
    state = _participant_state(participant)
            ^^^^^^^^^^^^^^^^^^^^^^^^^^^^^^^
_ _ _ _ _ _ _ _ _ _ _ _ _ _ _ _ _ _ _ _ _ _ _ _ _ _ _ _ _ _ _ _ _ _ _ _ _ _ _ _ 

participant = <tldw_chatbook.Backup_Recovery.raw_participants._RawParticipant object at 0x10ab0d490>

    def _participant_state(participant):
        if type(participant) is not _RawParticipant or participant not in _participants:
            raise bootstrap.RecoveryRequired("raw_participant_not_installed")
        state = _participants[participant]
        source = state.source()
        if source is None or type(source) is not state.source_type:
            raise bootstrap.RecoveryRequired("raw_participant_not_installed")
        if _source_participants.get(source) is not participant:
            raise bootstrap.RecoveryRequired("raw_participant_not_installed")
        if state.owner.startswith("mcp."):
            bound = mcp_sources.binding(source)
            if bound is None or not bound[2] or bound[1] != state.selected:
                raise bootstrap.RecoveryRequired("raw_source_selection_changed")
        if state.owner == "chat.dictionaries":
            binding = dictionary_files.binding(source)
            if binding is None or binding[1] != state.selected:
                raise bootstrap.RecoveryRequired("raw_source_selection_changed")
        if state.owner in {"personas", "chat.dictionary_history", "chat.rag_context"}:
            binding = chat_sources.binding(source)
            if binding is None or binding[1] != state.selected:
                raise bootstrap.RecoveryRequired("raw_source_selection_changed")
        if state.owner == "config":
            binding = config_files.binding(source)
            if binding is None or binding[1] != state.selected:
>               raise bootstrap.RecoveryRequired("raw_source_selection_changed")
E               tldw_chatbook.Backup_Recovery.bootstrap.RecoveryRequired: raw_source_selection_changed

tldw_chatbook/Backup_Recovery/raw_participants.py:132: RecoveryRequired
----------------------------- Captured stderr call -----------------------------
2026-10-03 20:37:17.049 | INFO     | tldw_chatbook.DB.ChaChaNotes_DB:__init__:3376 - Initializing CharactersRAGDB db_sha256=523fb9cd5811 [Client ID: note-span]
2026-10-03 20:37:17.288 | DEBUG    | tldw_chatbook.DB.ChaChaNotes_DB:_get_thread_connection:3554 - Opened/Reopened SQLite connection db_sha256=523fb9cd5811 thread=8494865792
2026-10-03 20:37:17.304 | DEBUG    | tldw_chatbook.DB.ChaChaNotes_DB:_enter_transaction:24489 - Started outermost transaction on thread 8494865792.
2026-10-03 20:37:17.304 | INFO     | tldw_chatbook.DB.ChaChaNotes_DB:_initialize_schema:8550 - Checking DB schema 'rag_char_chat_schema'. Current version: 0. Code supports: 76
2026-10-03 20:37:17.304 | INFO     | tldw_chatbook.DB.ChaChaNotes_DB:_apply_schema_v4:4437 - Applying schema Version 4 for 'rag_char_chat_schema' to DB: db_sha256=523fb9cd5811...
2026-10-03 20:37:17.305 | DEBUG    | tldw_chatbook.DB.ChaChaNotes_DB:_enter_transaction:24458 - Entered nested transaction level 2 on thread 8494865792.
2026-10-03 20:37:17.316 | DEBUG    | tldw_chatbook.DB.ChaChaNotes_DB:_apply_schema_v4:4478 - [rag_char_chat_schema V4] Full schema script executed.
2026-10-03 20:37:17.320 | INFO     | tldw_chatbook.DB.ChaChaNotes_DB:_apply_schema_v4:4485 - [rag_char_chat_schema V4] Schema 4 applied and version confirmed for DB: db_sha256=523fb9cd5811.
2026-10-03 20:37:17.321 | DEBUG    | tldw_chatbook.DB.ChaChaNotes_DB:_enrich_default_assistant_card_if_bare:4749 - [task-2451] Default Assistant enrichment UPDATE affected 1 row(s) in DB: db_sha256=523fb9cd5811.
2026-10-03 20:37:17.324 | INFO     | tldw_chatbook.DB.ChaChaNotes_DB:_migrate_from_v4_to_v5:4770 - Migrating schema from V4 to V5 for 'rag_char_chat_schema' in DB: db_sha256=523fb9cd5811...
2026-10-03 20:37:17.324 | DEBUG    | tldw_chatbook.DB.ChaChaNotes_DB:_enter_transaction:24458 - Entered nested transaction level 2 on thread 8494865792.
2026-10-03 20:37:17.343 | DEBUG    | tldw_chatbook.DB.ChaChaNotes_DB:_migrate_from_v4_to_v5:4780 - [rag_char_chat_schema V4→V5] Migration script executed.
2026-10-03 20:37:17.346 | INFO     | tldw_chatbook.DB.ChaChaNotes_DB:_migrate_from_v4_to_v5:4789 - [rag_char_chat_schema V4→V5] Migration completed successfully for DB: db_sha256=523fb9cd5811.
2026-10-03 20:37:17.346 | INFO     | tldw_chatbook.DB.ChaChaNotes_DB:_migrate_from_v5_to_v6:4823 - Migrating schema from V5 to V6 for 'rag_char_chat_schema' in DB: db_sha256=523fb9cd5811...
2026-10-03 20:37:17.346 | DEBUG    | tldw_chatbook.DB.ChaChaNotes_DB:_enter_transaction:24458 - Entered nested transaction level 2 on thread 8494865792.
2026-10-03 20:37:17.351 | DEBUG    | tldw_chatbook.DB.ChaChaNotes_DB:_migrate_from_v5_to_v6:4831 - [rag_char_chat_schema V5→V6] Migration script executed.
2026-10-03 20:37:17.351 | INFO     | tldw_chatbook.DB.ChaChaNotes_DB:_migrate_from_v5_to_v6:4840 - [rag_char_chat_schema V5→V6] Migration completed successfully for DB: db_sha256=523fb9cd5811.
2026-10-03 20:37:17.351 | INFO     | tldw_chatbook.DB.ChaChaNotes_DB:_migrate_from_v6_to_v7:4874 - Migrating schema from V6 to V7 for 'rag_char_chat_schema' in DB: db_sha256=523fb9cd5811...
2026-10-03 20:37:17.351 | DEBUG    | tldw_chatbook.DB.ChaChaNotes_DB:_enter_transaction:24458 - Entered nested transaction level 2 on thread 8494865792.
2026-10-03 20:37:17.353 | DEBUG    | tldw_chatbook.DB.ChaChaNotes_DB:_migrate_from_v6_to_v7:4882 - [rag_char_chat_schema V6→V7] Migration script executed.
2026-10-03 20:37:17.353 | INFO     | tldw_chatbook.DB.ChaChaNotes_DB:_migrate_from_v6_to_v7:4891 - [rag_char_chat_schema V6→V7] Migration completed successfully for DB: db_sha256=523fb9cd5811.
2026-10-03 20:37:17.354 | INFO     | tldw_chatbook.DB.ChaChaNotes_DB:_migrate_from_v7_to_v8:8464 - Migrating schema from V7 to V8 for 'rag_char_chat_schema' in DB: db_sha256=523fb9cd5811...
2026-10-03 20:37:17.354 | DEBUG    | tldw_chatbook.DB.ChaChaNotes_DB:_enter_transaction:24458 - Entered nested transaction level 2 on thread 8494865792.
2026-10-03 20:37:17.356 | DEBUG    | tldw_chatbook.DB.ChaChaNotes_DB:_migrate_from_v7_to_v8:8472 - [rag_char_chat_schema V7→V8] Migration script executed.
2026-10-03 20:37:17.356 | INFO     | tldw_chatbook.DB.ChaChaNotes_DB:_migrate_from_v7_to_v8:8481 - [rag_char_chat_schema V7→V8] Migration completed successfully for DB: db_sha256=523fb9cd5811.
2026-10-03 20:37:17.356 | INFO     | tldw_chatbook.DB.ChaChaNotes_DB:_migrate_from_v8_to_v9:4925 - Migrating schema from V8 to V9 for 'rag_char_chat_schema' in DB: db_sha256=523fb9cd5811...
2026-10-03 20:37:17.357 | DEBUG    | tldw_chatbook.DB.ChaChaNotes_DB:_enter_transaction:24458 - Entered nested transaction level 2 on thread 8494865792.
2026-10-03 20:37:17.360 | DEBUG    | tldw_chatbook.DB.ChaChaNotes_DB:_migrate_from_v8_to_v9:4933 - [rag_char_chat_schema V8→V9] Migration script executed.
2026-10-03 20:37:17.364 | INFO     | tldw_chatbook.DB.ChaChaNotes_DB:_migrate_from_v8_to_v9:4942 - [rag_char_chat_schema V8→V9] Migration completed successfully for DB: db_sha256=523fb9cd5811.
2026-10-03 20:37:17.364 | INFO     | tldw_chatbook.DB.ChaChaNotes_DB:_migrate_from_v9_to_v10:4976 - Migrating schema from V9 to V10 for 'rag_char_chat_schema' in DB: db_sha256=523fb9cd5811...
2026-10-03 20:37:17.364 | DEBUG    | tldw_chatbook.DB.ChaChaNotes_DB:_enter_transaction:24458 - Entered nested transaction level 2 on thread 8494865792.
2026-10-03 20:37:17.367 | DEBUG    | tldw_chatbook.DB.ChaChaNotes_DB:_migrate_from_v9_to_v10:4984 - [rag_char_chat_schema V9→V10] Migration script executed.
2026-10-03 20:37:17.367 | INFO     | tldw_chatbook.DB.ChaChaNotes_DB:_migrate_from_v9_to_v10:4993 - [rag_char_chat_schema V9→V10] Migration completed successfully for DB: db_sha256=523fb9cd5811.
2026-10-03 20:37:17.367 | INFO     | tldw_chatbook.DB.ChaChaNotes_DB:_migrate_from_v10_to_v11:5027 - Migrating schema from V10 to V11 for 'rag_char_chat_schema' in DB: db_sha256=523fb9cd5811...
2026-10-03 20:37:17.368 | DEBUG    | tldw_chatbook.DB.ChaChaNotes_DB:_enter_transaction:24458 - Entered nested transaction level 2 on thread 8494865792.
2026-10-03 20:37:17.371 | DEBUG    | tldw_chatbook.DB.ChaChaNotes_DB:_migrate_from_v10_to_v11:5035 - [rag_char_chat_schema V10→V11] Migration script executed.
2026-10-03 20:37:17.371 | INFO     | tldw_chatbook.DB.ChaChaNotes_DB:_migrate_from_v10_to_v11:5044 - [rag_char_chat_schema V10→V11] Migration completed successfully for DB: db_sha256=523fb9cd5811.
2026-10-03 20:37:17.371 | INFO     | tldw_chatbook.DB.ChaChaNotes_DB:_migrate_from_v11_to_v12:5078 - Migrating schema from V11 to V12 for 'rag_char_chat_schema' in DB: db_sha256=523fb9cd5811...
2026-10-03 20:37:17.371 | DEBUG    | tldw_chatbook.DB.ChaChaNotes_DB:_enter_transaction:24458 - Entered nested transaction level 2 on thread 8494865792.
2026-10-03 20:37:17.381 | DEBUG    | tldw_chatbook.DB.ChaChaNotes_DB:_migrate_from_v11_to_v12:5086 - [rag_char_chat_schema V11→V12] Migration script executed.
2026-10-03 20:37:17.381 | INFO     | tldw_chatbook.DB.ChaChaNotes_DB:_migrate_from_v11_to_v12:5095 - [rag_char_chat_schema V11→V12] Migration completed successfully for DB: db_sha256=523fb9cd5811.
2026-10-03 20:37:17.381 | INFO     | tldw_chatbook.DB.ChaChaNotes_DB:_migrate_from_v12_to_v13:5121 - Migrating schema from V12 to V13 for 'rag_char_chat_schema' in DB: db_sha256=523fb9cd5811...
2026-10-03 20:37:17.382 | DEBUG    | tldw_chatbook.DB.ChaChaNotes_DB:_enter_transaction:24458 - Entered nested transaction level 2 on thread 8494865792.
2026-10-03 20:37:17.415 | DEBUG    | tldw_chatbook.DB.ChaChaNotes_DB:_migrate_from_v12_to_v13:5129 - [rag_char_chat_schema V12→V13] Migration script executed.
2026-10-03 20:37:17.415 | INFO     | tldw_chatbook.DB.ChaChaNotes_DB:_migrate_from_v12_to_v13:5137 - [rag_char_chat_schema V12→V13] Migration completed successfully for DB: db_sha256=523fb9cd5811.
2026-10-03 20:37:17.416 | INFO     | tldw_chatbook.DB.ChaChaNotes_DB:_migrate_from_v13_to_v14:5162 - Migrating schema from V13 to V14 for 'rag_char_chat_schema' in DB: db_sha256=523fb9cd5811...
2026-10-03 20:37:17.416 | DEBUG    | tldw_chatbook.DB.ChaChaNotes_DB:_enter_transaction:24458 - Entered nested transaction level 2 on thread 8494865792.
2026-10-03 20:37:17.426 | DEBUG    | tldw_chatbook.DB.ChaChaNotes_DB:_migrate_from_v13_to_v14:5170 - [rag_char_chat_schema V13→V14] Migration script executed.
2026-10-03 20:37:17.426 | INFO     | tldw_chatbook.DB.ChaChaNotes_DB:_migrate_from_v13_to_v14:5178 - [rag_char_chat_schema V13→V14] Migration completed successfully for DB: db_sha256=523fb9cd5811.
2026-10-03 20:37:17.426 | INFO     | tldw_chatbook.DB.ChaChaNotes_DB:_migrate_from_v14_to_v15:5203 - Migrating schema from V14 to V15 for 'rag_char_chat_schema' in DB: db_sha256=523fb9cd5811...
2026-10-03 20:37:17.427 | DEBUG    | tldw_chatbook.DB.ChaChaNotes_DB:_enter_transaction:24458 - Entered nested transaction level 2 on thread 8494865792.
2026-10-03 20:37:17.428 | DEBUG    | tldw_chatbook.DB.ChaChaNotes_DB:_migrate_from_v14_to_v15:5211 - [rag_char_chat_schema V14→V15] Migration script executed.
2026-10-03 20:37:17.428 | INFO     | tldw_chatbook.DB.ChaChaNotes_DB:_migrate_from_v14_to_v15:5219 - [rag_char_chat_schema V14→V15] Migration completed successfully for DB: db_sha256=523fb9cd5811.
2026-10-03 20:37:17.428 | INFO     | tldw_chatbook.DB.ChaChaNotes_DB:_migrate_from_v15_to_v16:5245 - Migrating schema from V15 to V16 for 'rag_char_chat_schema' in DB: db_sha256=523fb9cd5811...
2026-10-03 20:37:17.428 | DEBUG    | tldw_chatbook.DB.ChaChaNotes_DB:_enter_transaction:24458 - Entered nested transaction level 2 on thread 8494865792.
2026-10-03 20:37:17.429 | DEBUG    | tldw_chatbook.DB.ChaChaNotes_DB:_migrate_from_v15_to_v16:5288 - [rag_char_chat_schema V15→V16] Migration script executed.
2026-10-03 20:37:17.429 | INFO     | tldw_chatbook.DB.ChaChaNotes_DB:_migrate_from_v15_to_v16:5298 - [rag_char_chat_schema V15→V16] Migration completed successfully for DB: db_sha256=523fb9cd5811.
2026-10-03 20:37:17.429 | INFO     | tldw_chatbook.DB.ChaChaNotes_DB:_migrate_from_v16_to_v17:5324 - Migrating schema from V16 to V17 for 'rag_char_chat_schema' in DB: db_sha256=523fb9cd5811...
2026-10-03 20:37:17.429 | DEBUG    | tldw_chatbook.DB.ChaChaNotes_DB:_enter_transaction:24458 - Entered nested transaction level 2 on thread 8494865792.
2026-10-03 20:37:17.429 | DEBUG    | tldw_chatbook.DB.ChaChaNotes_DB:_migrate_from_v16_to_v17:5332 - [rag_char_chat_schema V16→V17] Migration script executed.
2026-10-03 20:37:17.429 | INFO     | tldw_chatbook.DB.ChaChaNotes_DB:_migrate_from_v16_to_v17:5340 - [rag_char_chat_schema V16→V17] Migration completed successfully for DB: db_sha256=523fb9cd5811.
2026-10-03 20:37:17.429 | INFO     | tldw_chatbook.DB.ChaChaNotes_DB:_migrate_from_v17_to_v18:5368 - Migrating schema from V17 to V18 for 'rag_char_chat_schema' in DB: db_sha256=523fb9cd5811...
2026-10-03 20:37:17.430 | DEBUG    | tldw_chatbook.DB.ChaChaNotes_DB:_enter_transaction:24458 - Entered nested transaction level 2 on thread 8494865792.
2026-10-03 20:37:17.434 | DEBUG    | tldw_chatbook.DB.ChaChaNotes_DB:_migrate_from_v17_to_v18:5376 - [rag_char_chat_schema V17→V18] Migration script executed.
2026-10-03 20:37:17.434 | INFO     | tldw_chatbook.DB.ChaChaNotes_DB:_migrate_from_v17_to_v18:5384 - [rag_char_chat_schema V17→V18] Migration completed successfully for DB: db_sha256=523fb9cd5811.
2026-10-03 20:37:17.434 | INFO     | tldw_chatbook.DB.ChaChaNotes_DB:_migrate_from_v18_to_v19:8414 - Migrating schema from V18 to V19 for 'rag_char_chat_schema' in DB: db_sha256=523fb9cd5811...
2026-10-03 20:37:17.434 | DEBUG    | tldw_chatbook.DB.ChaChaNotes_DB:_enter_transaction:24458 - Entered nested transaction level 2 on thread 8494865792.
2026-10-03 20:37:17.434 | DEBUG    | tldw_chatbook.DB.ChaChaNotes_DB:_migrate_from_v18_to_v19:8422 - [rag_char_chat_schema V18→V19] Migration script executed.
2026-10-03 20:37:17.434 | INFO     | tldw_chatbook.DB.ChaChaNotes_DB:_migrate_from_v18_to_v19:8430 - [rag_char_chat_schema V18→V19] Migration completed successfully for DB: db_sha256=523fb9cd5811.
2026-10-03 20:37:17.434 | INFO     | tldw_chatbook.DB.ChaChaNotes_DB:_migrate_from_v19_to_v20:5412 - Migrating schema from V19 to V20 for 'rag_char_chat_schema' in DB: db_sha256=523fb9cd5811...
2026-10-03 20:37:17.435 | DEBUG    | tldw_chatbook.DB.ChaChaNotes_DB:_enter_transaction:24458 - Entered nested transaction level 2 on thread 8494865792.
2026-10-03 20:37:17.439 | DEBUG    | tldw_chatbook.DB.ChaChaNotes_DB:_migrate_from_v19_to_v20:5431 - [rag_char_chat_schema V19→V20] Migration script executed.
2026-10-03 20:37:17.439 | INFO     | tldw_chatbook.DB.ChaChaNotes_DB:_migrate_from_v19_to_v20:5439 - [rag_char_chat_schema V19→V20] Migration completed successfully for DB: db_sha256=523fb9cd5811.
2026-10-03 20:37:17.439 | INFO     | tldw_chatbook.DB.ChaChaNotes_DB:_migrate_from_v20_to_v21:5467 - Migrating schema from V20 to V21 for 'rag_char_chat_schema' in DB: db_sha256=523fb9cd5811...
2026-10-03 20:37:17.439 | DEBUG    | tldw_chatbook.DB.ChaChaNotes_DB:_enter_transaction:24458 - Entered nested transaction level 2 on thread 8494865792.
2026-10-03 20:37:17.440 | DEBUG    | tldw_chatbook.DB.ChaChaNotes_DB:_migrate_from_v20_to_v21:5488 - [rag_char_chat_schema V20→V21] Migration script executed.
2026-10-03 20:37:17.440 | INFO     | tldw_chatbook.DB.ChaChaNotes_DB:_migrate_from_v20_to_v21:5496 - [rag_char_chat_schema V20→V21] Migration completed successfully for DB: db_sha256=523fb9cd5811.
2026-10-03 20:37:17.440 | INFO     | tldw_chatbook.DB.ChaChaNotes_DB:_migrate_from_v21_to_v22:5518 - Migrating schema from V21 to V22 for 'rag_char_chat_schema' in DB: db_sha256=523fb9cd5811...
2026-10-03 20:37:17.440 | DEBUG    | tldw_chatbook.DB.ChaChaNotes_DB:_enter_transaction:24458 - Entered nested transaction level 2 on thread 8494865792.
2026-10-03 20:37:17.441 | DEBUG    | tldw_chatbook.DB.ChaChaNotes_DB:_migrate_from_v21_to_v22:5536 - [rag_char_chat_schema V21→V22] Migration script executed.
2026-10-03 20:37:17.441 | INFO     | tldw_chatbook.DB.ChaChaNotes_DB:_migrate_from_v21_to_v22:5542 - [rag_char_chat_schema V21→V22] Migration completed successfully for DB: db_sha256=523fb9cd5811.
2026-10-03 20:37:17.441 | INFO     | tldw_chatbook.DB.ChaChaNotes_DB:_migrate_from_v22_to_v23:5564 - Migrating schema from V22 to V23 for 'rag_char_chat_schema' in DB: db_sha256=523fb9cd5811...
2026-10-03 20:37:17.441 | DEBUG    | tldw_chatbook.DB.ChaChaNotes_DB:_enter_transaction:24458 - Entered nested transaction level 2 on thread 8494865792.
2026-10-03 20:37:17.441 | DEBUG    | tldw_chatbook.DB.ChaChaNotes_DB:_migrate_from_v22_to_v23:5572 - [rag_char_chat_schema V22→V23] Migration script executed.
2026-10-03 20:37:17.441 | INFO     | tldw_chatbook.DB.ChaChaNotes_DB:_migrate_from_v22_to_v23:5578 - [rag_char_chat_schema V22→V23] Migration completed successfully for DB: db_sha256=523fb9cd5811.
2026-10-03 20:37:17.441 | INFO     | tldw_chatbook.DB.ChaChaNotes_DB:_migrate_from_v23_to_v24:5601 - Migrating schema from V23 to V24 for 'rag_char_chat_schema' in DB: db_sha256=523fb9cd5811...
2026-10-03 20:37:17.442 | DEBUG    | tldw_chatbook.DB.ChaChaNotes_DB:_enter_transaction:24458 - Entered nested transaction level 2 on thread 8494865792.
2026-10-03 20:37:17.444 | DEBUG    | tldw_chatbook.DB.ChaChaNotes_DB:_migrate_from_v23_to_v24:5619 - [rag_char_chat_schema V23→V24] Migration script executed.
2026-10-03 20:37:17.444 | INFO     | tldw_chatbook.DB.ChaChaNotes_DB:_migrate_from_v23_to_v24:5625 - [rag_char_chat_schema V23→V24] Migration completed successfully for DB: db_sha256=523fb9cd5811.
2026-10-03 20:37:17.444 | INFO     | tldw_chatbook.DB.ChaChaNotes_DB:_migrate_from_v24_to_v25:5648 - Migrating schema from V24 to V25 for 'rag_char_chat_schema' in DB: db_sha256=523fb9cd5811...
2026-10-03 20:37:17.445 | DEBUG    | tldw_chatbook.DB.ChaChaNotes_DB:_enter_transaction:24458 - Entered nested transaction level 2 on thread 8494865792.
2026-10-03 20:37:17.445 | DEBUG    | tldw_chatbook.DB.ChaChaNotes_DB:_migrate_from_v24_to_v25:5656 - [rag_char_chat_schema V24→V25] Migration script executed.
2026-10-03 20:37:17.445 | INFO     | tldw_chatbook.DB.ChaChaNotes_DB:_migrate_from_v24_to_v25:5662 - [rag_char_chat_schema V24→V25] Migration completed successfully for DB: db_sha256=523fb9cd5811.
2026-10-03 20:37:17.445 | INFO     | tldw_chatbook.DB.ChaChaNotes_DB:_migrate_from_v25_to_v26:5686 - Migrating schema from V25 to V26 for 'rag_char_chat_schema' in DB: db_sha256=523fb9cd5811...
2026-10-03 20:37:17.445 | DEBUG    | tldw_chatbook.DB.ChaChaNotes_DB:_enter_transaction:24458 - Entered nested transaction level 2 on thread 8494865792.
2026-10-03 20:37:17.450 | DEBUG    | tldw_chatbook.DB.ChaChaNotes_DB:_migrate_from_v25_to_v26:5708 - [rag_char_chat_schema V25→V26] Migration script executed.
2026-10-03 20:37:17.450 | INFO     | tldw_chatbook.DB.ChaChaNotes_DB:_migrate_from_v25_to_v26:5714 - [rag_char_chat_schema V25→V26] Migration completed successfully for DB: db_sha256=523fb9cd5811.
2026-10-03 20:37:17.451 | DEBUG    | tldw_chatbook.DB.ChaChaNotes_DB:_enter_transaction:24458 - Entered nested transaction level 2 on thread 8494865792.
2026-10-03 20:37:17.456 | DEBUG    | tldw_chatbook.DB.ChaChaNotes_DB:_enter_transaction:24458 - Entered nested transaction level 2 on thread 8494865792.
2026-10-03 20:37:17.456 | DEBUG    | tldw_chatbook.DB.ChaChaNotes_DB:_enter_transaction:24458 - Entered nested transaction level 3 on thread 8494865792.
2026-10-03 20:37:17.461 | INFO     | tldw_chatbook.DB.ChaChaNotes_DB:_migrate_from_v28_to_v29:5901 - Migrating schema from V28 to V29 for 'rag_char_chat_schema' in DB: db_sha256=523fb9cd5811...
2026-10-03 20:37:17.462 | DEBUG    | tldw_chatbook.DB.ChaChaNotes_DB:_enter_transaction:24458 - Entered nested transaction level 2 on thread 8494865792.
2026-10-03 20:37:17.463 | DEBUG    | tldw_chatbook.DB.ChaChaNotes_DB:_migrate_from_v28_to_v29:5909 - [rag_char_chat_schema V28→V29] Migration script executed.
2026-10-03 20:37:17.463 | INFO     | tldw_chatbook.DB.ChaChaNotes_DB:_migrate_from_v28_to_v29:5917 - [rag_char_chat_schema V28→V29] Migration completed successfully for DB: db_sha256=523fb9cd5811.
2026-10-03 20:37:17.463 | INFO     | tldw_chatbook.DB.ChaChaNotes_DB:_migrate_from_v29_to_v30:5944 - Migrating schema from V29 to V30 for 'rag_char_chat_schema' in DB: db_sha256=523fb9cd5811...
2026-10-03 20:37:17.463 | DEBUG    | tldw_chatbook.DB.ChaChaNotes_DB:_enter_transaction:24458 - Entered nested transaction level 2 on thread 8494865792.
2026-10-03 20:37:17.467 | DEBUG    | tldw_chatbook.DB.ChaChaNotes_DB:_migrate_from_v29_to_v30:5970 - [rag_char_chat_schema V29→V30] Migration script executed.
2026-10-03 20:37:17.468 | INFO     | tldw_chatbook.DB.ChaChaNotes_DB:_migrate_from_v29_to_v30:5994 - [rag_char_chat_schema V29→V30] Migration completed successfully for DB: db_sha256=523fb9cd5811.
2026-10-03 20:37:17.468 | INFO     | tldw_chatbook.DB.ChaChaNotes_DB:_migrate_from_v30_to_v31:6021 - Migrating schema from V30 to V31 for 'rag_char_chat_schema' in DB: db_sha256=523fb9cd5811...
2026-10-03 20:37:17.468 | DEBUG    | tldw_chatbook.DB.ChaChaNotes_DB:_enter_transaction:24458 - Entered nested transaction level 2 on thread 8494865792.
2026-10-03 20:37:17.472 | DEBUG    | tldw_chatbook.DB.ChaChaNotes_DB:_migrate_from_v30_to_v31:6047 - [rag_char_chat_schema V30→V31] Migration script executed.
2026-10-03 20:37:17.474 | INFO     | tldw_chatbook.DB.ChaChaNotes_DB:_migrate_from_v30_to_v31:6071 - [rag_char_chat_schema V30→V31] Migration completed successfully for DB: db_sha256=523fb9cd5811.
2026-10-03 20:37:17.474 | INFO     | tldw_chatbook.DB.ChaChaNotes_DB:_migrate_from_v31_to_v32:6104 - Migrating schema from V31 to V32 for 'rag_char_chat_schema' in DB: db_sha256=523fb9cd5811...
2026-10-03 20:37:17.474 | DEBUG    | tldw_chatbook.DB.ChaChaNotes_DB:_enrich_default_assistant_card_if_bare:4749 - [task-2451] Default Assistant enrichment UPDATE affected 0 row(s) in DB: db_sha256=523fb9cd5811.
2026-10-03 20:37:17.478 | INFO     | tldw_chatbook.DB.ChaChaNotes_DB:_migrate_from_v31_to_v32:6130 - [rag_char_chat_schema V31→V32] Migration completed successfully for DB: db_sha256=523fb9cd5811.
2026-10-03 20:37:17.478 | DEBUG    | tldw_chatbook.DB.ChaChaNotes_DB:_enter_transaction:24458 - Entered nested transaction level 2 on thread 8494865792.
2026-10-03 20:37:17.480 | DEBUG    | tldw_chatbook.DB.ChaChaNotes_DB:_enter_transaction:24458 - Entered nested transaction level 2 on thread 8494865792.
2026-10-03 20:37:17.486 | DEBUG    | tldw_chatbook.DB.ChaChaNotes_DB:_enter_transaction:24458 - Entered nested transaction level 2 on thread 8494865792.
2026-10-03 20:37:17.489 | DEBUG    | tldw_chatbook.DB.ChaChaNotes_DB:_enter_transaction:24458 - Entered nested transaction level 2 on thread 8494865792.
2026-10-03 20:37:17.492 | DEBUG    | tldw_chatbook.DB.ChaChaNotes_DB:_enter_transaction:24458 - Entered nested transaction level 2 on thread 8494865792.
2026-10-03 20:37:17.501 | DEBUG    | tldw_chatbook.DB.ChaChaNotes_DB:_enter_transaction:24458 - Entered nested transaction level 2 on thread 8494865792.
2026-10-03 20:37:17.505 | DEBUG    | tldw_chatbook.DB.ChaChaNotes_DB:_enter_transaction:24458 - Entered nested transaction level 2 on thread 8494865792.
2026-10-03 20:37:17.509 | DEBUG    | tldw_chatbook.DB.ChaChaNotes_DB:_enter_transaction:24458 - Entered nested transaction level 2 on thread 8494865792.
2026-10-03 20:37:17.512 | DEBUG    | tldw_chatbook.DB.ChaChaNotes_DB:_enter_transaction:24458 - Entered nested transaction level 2 on thread 8494865792.
2026-10-03 20:37:17.516 | INFO     | tldw_chatbook.DB.ChaChaNotes_DB:_migrate_from_v41_to_v42:6450 - Migrating schema from V41 to V42 for 'rag_char_chat_schema' in DB: db_sha256=523fb9cd5811...
2026-10-03 20:37:17.520 | INFO     | tldw_chatbook.DB.ChaChaNotes_DB:_migrate_from_v41_to_v42:6514 - [rag_char_chat_schema V41→V42] conversations.console_project_context_json already present; applying the version bump only.
2026-10-03 20:37:17.523 | INFO     | tldw_chatbook.DB.ChaChaNotes_DB:_migrate_from_v42_to_v43:6564 - Migrating schema from V42 to V43 for 'rag_char_chat_schema' in DB: db_sha256=523fb9cd5811...
2026-10-03 20:37:17.523 | DEBUG    | tldw_chatbook.DB.ChaChaNotes_DB:_enter_transaction:24458 - Entered nested transaction level 2 on thread 8494865792.
2026-10-03 20:37:17.525 | INFO     | tldw_chatbook.DB.ChaChaNotes_DB:_migrate_from_v42_to_v43:6703 - [rag_char_chat_schema V42→V43] Migration completed successfully for DB: db_sha256=523fb9cd5811.
2026-10-03 20:37:17.525 | INFO     | tldw_chatbook.DB.ChaChaNotes_DB:_migrate_from_v43_to_v44:6733 - Migrating schema from V43 to V44 for 'rag_char_chat_schema' in DB: db_sha256=523fb9cd5811...
2026-10-03 20:37:17.525 | DEBUG    | tldw_chatbook.DB.ChaChaNotes_DB:_enter_transaction:24458 - Entered nested transaction level 2 on thread 8494865792.
2026-10-03 20:37:17.539 | INFO     | tldw_chatbook.DB.ChaChaNotes_DB:_migrate_from_v43_to_v44:6773 - [rag_char_chat_schema V43→V44] Migration completed successfully for DB: db_sha256=523fb9cd5811.
2026-10-03 20:37:17.540 | INFO     | tldw_chatbook.DB.ChaChaNotes_DB:_migrate_from_v44_to_v45:6842 - Actor Pack schema migration started: chachanotes_v44_to_v45
2026-10-03 20:37:17.540 | DEBUG    | tldw_chatbook.DB.ChaChaNotes_DB:_enter_transaction:24458 - Entered nested transaction level 2 on thread 8494865792.
2026-10-03 20:37:17.545 | INFO     | tldw_chatbook.DB.ChaChaNotes_DB:_migrate_from_v44_to_v45:6875 - Actor Pack schema migration completed: chachanotes_v44_to_v45
2026-10-03 20:37:17.548 | INFO     | tldw_chatbook.DB.ChaChaNotes_DB:_migrate_from_v45_to_v46:6919 - Migrating schema from V45 to V46 for 'rag_char_chat_schema' in DB: db_sha256=523fb9cd5811...
2026-10-03 20:37:17.548 | DEBUG    | tldw_chatbook.DB.ChaChaNotes_DB:_enter_transaction:24458 - Entered nested transaction level 2 on thread 8494865792.
2026-10-03 20:37:17.557 | INFO     | tldw_chatbook.DB.ChaChaNotes_DB:_migrate_from_v45_to_v46:6965 - [rag_char_chat_schema V45→V46] Migration completed successfully for DB: db_sha256=523fb9cd5811. Purged 0 unreachable sync_log row(s) of 1.
2026-10-03 20:37:17.559 | INFO     | tldw_chatbook.DB.ChaChaNotes_DB:_migrate_from_v46_to_v47:7007 - Migrating schema from V46 to V47 for 'rag_char_chat_schema' in DB: db_sha256=523fb9cd5811...
2026-10-03 20:37:17.560 | DEBUG    | tldw_chatbook.DB.ChaChaNotes_DB:_enter_transaction:24458 - Entered nested transaction level 2 on thread 8494865792.
2026-10-03 20:37:17.564 | INFO     | tldw_chatbook.DB.ChaChaNotes_DB:_migrate_from_v46_to_v47:7042 - [rag_char_chat_schema V46→V47] Migration completed successfully for DB: db_sha256=523fb9cd5811.
2026-10-03 20:37:17.567 | DEBUG    | tldw_chatbook.DB.ChaChaNotes_DB:_enter_transaction:24458 - Entered nested transaction level 2 on thread 8494865792.
2026-10-03 20:37:17.577 | INFO     | tldw_chatbook.DB.ChaChaNotes_DB:_migrate_from_v48_to_v49:7198 - Migrating schema from V48 to V49 for 'rag_char_chat_schema' in DB: db_sha256=523fb9cd5811...
2026-10-03 20:37:17.577 | DEBUG    | tldw_chatbook.DB.ChaChaNotes_DB:_enter_transaction:24458 - Entered nested transaction level 2 on thread 8494865792.
2026-10-03 20:37:17.578 | INFO     | tldw_chatbook.DB.ChaChaNotes_DB:_migrate_from_v48_to_v49:7233 - [rag_char_chat_schema V48→V49] Migration completed successfully for DB: db_sha256=523fb9cd5811.
2026-10-03 20:37:17.578 | INFO     | tldw_chatbook.DB.ChaChaNotes_DB:_migrate_from_v49_to_v50:7281 - Migrating schema from V49 to V50 for 'rag_char_chat_schema' in DB: db_sha256=523fb9cd5811...
2026-10-03 20:37:17.579 | DEBUG    | tldw_chatbook.DB.ChaChaNotes_DB:_enter_transaction:24458 - Entered nested transaction level 2 on thread 8494865792.
2026-10-03 20:37:17.579 | INFO     | tldw_chatbook.DB.ChaChaNotes_DB:_migrate_from_v49_to_v50:7315 - [rag_char_chat_schema V49→V50] Migration completed successfully for DB: db_sha256=523fb9cd5811.
2026-10-03 20:37:17.579 | DEBUG    | tldw_chatbook.DB.ChaChaNotes_DB:_enter_transaction:24458 - Entered nested transaction level 2 on thread 8494865792.
2026-10-03 20:37:17.584 | DEBUG    | tldw_chatbook.DB.ChaChaNotes_DB:_enter_transaction:24458 - Entered nested transaction level 2 on thread 8494865792.
2026-10-03 20:37:17.596 | INFO     | tldw_chatbook.DB.ChaChaNotes_DB:_migrate_from_v52_to_v53:7440 - Migrating schema from V52 to V53 for 'rag_char_chat_schema' in DB: db_sha256=523fb9cd5811...
2026-10-03 20:37:17.596 | DEBUG    | tldw_chatbook.DB.ChaChaNotes_DB:_enter_transaction:24458 - Entered nested transaction level 2 on thread 8494865792.
2026-10-03 20:37:17.597 | INFO     | tldw_chatbook.DB.ChaChaNotes_DB:_migrate_from_v52_to_v53:7505 - [rag_char_chat_schema V52→V53] Migration completed for DB: db_sha256=523fb9cd5811 (examined 0, compacted 0, skipped 0 unreadable).
2026-10-03 20:37:17.597 | DEBUG    | tldw_chatbook.DB.ChaChaNotes_DB:_enter_transaction:24458 - Entered nested transaction level 2 on thread 8494865792.
2026-10-03 20:37:17.602 | DEBUG    | tldw_chatbook.DB.ChaChaNotes_DB:_enter_transaction:24458 - Entered nested transaction level 2 on thread 8494865792.
2026-10-03 20:37:17.604 | DEBUG    | tldw_chatbook.DB.ChaChaNotes_DB:_enter_transaction:24458 - Entered nested transaction level 2 on thread 8494865792.
2026-10-03 20:37:17.620 | DEBUG    | tldw_chatbook.DB.ChaChaNotes_DB:_enter_transaction:24458 - Entered nested transaction level 2 on thread 8494865792.
2026-10-03 20:37:17.629 | DEBUG    | tldw_chatbook.DB.ChaChaNotes_DB:_enter_transaction:24458 - Entered nested transaction level 2 on thread 8494865792.
2026-10-03 20:37:17.666 | DEBUG    | tldw_chatbook.DB.ChaChaNotes_DB:_enter_transaction:24458 - Entered nested transaction level 2 on thread 8494865792.
2026-10-03 20:37:17.667 | DEBUG    | tldw_chatbook.DB.ChaChaNotes_DB:_enter_transaction:24458 - Entered nested transaction level 2 on thread 8494865792.
2026-10-03 20:37:17.669 | DEBUG    | tldw_chatbook.DB.ChaChaNotes_DB:_enter_transaction:24458 - Entered nested transaction level 2 on thread 8494865792.
2026-10-03 20:37:17.670 | DEBUG    | tldw_chatbook.DB.ChaChaNotes_DB:_enter_transaction:24458 - Entered nested transaction level 2 on thread 8494865792.
2026-10-03 20:37:17.699 | DEBUG    | tldw_chatbook.DB.ChaChaNotes_DB:_enter_transaction:24458 - Entered nested transaction level 2 on thread 8494865792.
2026-10-03 20:37:17.706 | DEBUG    | tldw_chatbook.DB.ChaChaNotes_DB:_enter_transaction:24458 - Entered nested transaction level 2 on thread 8494865792.
2026-10-03 20:37:17.738 | DEBUG    | tldw_chatbook.DB.ChaChaNotes_DB:_enter_transaction:24458 - Entered nested transaction level 2 on thread 8494865792.
2026-10-03 20:37:17.740 | DEBUG    | tldw_chatbook.DB.ChaChaNotes_DB:_enter_transaction:24458 - Entered nested transaction level 2 on thread 8494865792.
2026-10-03 20:37:17.746 | DEBUG    | tldw_chatbook.DB.ChaChaNotes_DB:_enter_transaction:24458 - Entered nested transaction level 3 on thread 8494865792.
2026-10-03 20:37:17.747 | DEBUG    | tldw_chatbook.DB.ChaChaNotes_DB:_enter_transaction:24458 - Entered nested transaction level 3 on thread 8494865792.
2026-10-03 20:37:17.749 | DEBUG    | tldw_chatbook.DB.ChaChaNotes_DB:_enter_transaction:24458 - Entered nested transaction level 2 on thread 8494865792.
2026-10-03 20:37:17.752 | DEBUG    | tldw_chatbook.DB.ChaChaNotes_DB:_enter_transaction:24458 - Entered nested transaction level 2 on thread 8494865792.
2026-10-03 20:37:17.786 | DEBUG    | tldw_chatbook.DB.ChaChaNotes_DB:_enter_transaction:24458 - Entered nested transaction level 2 on thread 8494865792.
2026-10-03 20:37:17.788 | DEBUG    | tldw_chatbook.DB.ChaChaNotes_DB:_enter_transaction:24458 - Entered nested transaction level 2 on thread 8494865792.
2026-10-03 20:37:17.790 | DEBUG    | tldw_chatbook.DB.ChaChaNotes_DB:_enter_transaction:24458 - Entered nested transaction level 2 on thread 8494865792.
2026-10-03 20:37:17.800 | DEBUG    | tldw_chatbook.DB.ChaChaNotes_DB:_enter_transaction:24458 - Entered nested transaction level 2 on thread 8494865792.
2026-10-03 20:37:17.818 | DEBUG    | tldw_chatbook.DB.ChaChaNotes_DB:_enter_transaction:24458 - Entered nested transaction level 2 on thread 8494865792.
2026-10-03 20:37:17.819 | DEBUG    | tldw_chatbook.DB.ChaChaNotes_DB:_enter_transaction:24458 - Entered nested transaction level 2 on thread 8494865792.
2026-10-03 20:37:17.829 | DEBUG    | tldw_chatbook.DB.ChaChaNotes_DB:_enter_transaction:24458 - Entered nested transaction level 2 on thread 8494865792.
2026-10-03 20:37:17.830 | DEBUG    | tldw_chatbook.DB.ChaChaNotes_DB:_enter_transaction:24458 - Entered nested transaction level 2 on thread 8494865792.
2026-10-03 20:37:17.860 | INFO     | tldw_chatbook.DB.ChaChaNotes_DB:_initialize_schema:8685 - Database schema 'rag_char_chat_schema' successfully initialized/migrated to version 76.
2026-10-03 20:37:17.868 | DEBUG    | tldw_chatbook.DB.ChaChaNotes_DB:_exit_transaction:24552 - Transaction (outermost) committed successfully on thread 8494865792.
2026-10-03 20:37:17.868 | DEBUG    | tldw_chatbook.DB.ChaChaNotes_DB:__init__:3399 - CharactersRAGDB initialization completed successfully db_sha256=523fb9cd5811
2026-10-03 20:37:17.887 | DEBUG    | tldw_chatbook.Chat.chat_persistence_service:__init__:271 - Recovered-media message source is unavailable.
2026-10-03 20:37:17.896 | DEBUG    | tldw_chatbook.DB.ChaChaNotes_DB:_enter_transaction:24489 - Started outermost transaction on thread 8494865792.
2026-10-03 20:37:17.897 | DEBUG    | tldw_chatbook.DB.ChaChaNotes_DB:_enter_transaction:24458 - Entered nested transaction level 2 on thread 8494865792.
2026-10-03 20:37:17.898 | DEBUG    | tldw_chatbook.DB.ChaChaNotes_DB:add_conversation:11073 - Added conversation ID: 599a1baa-4f90-48f0-aaa8-96b66d4dcfda.
2026-10-03 20:37:17.899 | DEBUG    | tldw_chatbook.DB.ChaChaNotes_DB:_enter_transaction:24458 - Entered nested transaction level 2 on thread 8494865792.
2026-10-03 20:37:17.899 | DEBUG    | tldw_chatbook.DB.ChaChaNotes_DB:_exit_transaction:24552 - Transaction (outermost) committed successfully on thread 8494865792.
2026-10-03 20:37:17.908 | DEBUG    | tldw_chatbook.DB.ChaChaNotes_DB:_enter_transaction:24489 - Started outermost transaction on thread 8494865792.
2026-10-03 20:37:17.909 | DEBUG    | tldw_chatbook.DB.ChaChaNotes_DB:_exit_transaction:24552 - Transaction (outermost) committed successfully on thread 8494865792.
_____________ test_note_actions_block_off_path_and_unknown_targets _____________

tmp_path = PosixPath('/Users/macbook-dev/.codex/worktrees/console-chat-starts/tldw_chatbook/.superpowers/sdd/2026-10-03-console-pr2995-review-and-merge/task-3-base-note-owner-profile-ocy_x__7/pytest/test_note_actions_block_off_pa0')

    @pytest.mark.asyncio
    async def test_note_actions_block_off_path_and_unknown_targets(tmp_path):
>       controller, store, session, _gateway, _db = _note_controller(tmp_path)
                                                    ^^^^^^^^^^^^^^^^^^^^^^^^^^

Tests/Chat/test_console_note_span_actions.py:141: 
_ _ _ _ _ _ _ _ _ _ _ _ _ _ _ _ _ _ _ _ _ _ _ _ _ _ _ _ _ _ _ _ _ _ _ _ _ _ _ _ 
Tests/Chat/test_console_note_span_actions.py:84: in _note_controller
    controller = ConsoleChatController(
tldw_chatbook/Chat/console_chat_controller.py:4995: in __init__
    auxiliary_timeout_seconds=get_cli_setting(
tldw_chatbook/config.py:9388: in get_cli_setting
    config = load_cli_config_and_ensure_existence()  # Ensures config is loaded
             ^^^^^^^^^^^^^^^^^^^^^^^^^^^^^^^^^^^^^^
tldw_chatbook/config.py:7026: in load_cli_config_and_ensure_existence
    return _load_cli_config_bootstrap(force_reload=force_reload).config
           ^^^^^^^^^^^^^^^^^^^^^^^^^^^^^^^^^^^^^^^^^^^^^^^^^^^^^
tldw_chatbook/Backup_Recovery/config_participants.py:421: in wrapped
    with operation(source, target=target):
         ^^^^^^^^^^^^^^^^^^^^^^^^^^^^^^^^
../../../../.local/share/uv/python/cpython-3.12.11-macos-aarch64-none/lib/python3.12/contextlib.py:137: in __enter__
    return next(self.gen)
           ^^^^^^^^^^^^^^
tldw_chatbook/Backup_Recovery/config_participants.py:352: in operation
    with raw._scope(source, route, writing=True, selected_read=target) as active:
         ^^^^^^^^^^^^^^^^^^^^^^^^^^^^^^^^^^^^^^^^^^^^^^^^^^^^^^^^^^^^^
../../../../.local/share/uv/python/cpython-3.12.11-macos-aarch64-none/lib/python3.12/contextlib.py:137: in __enter__
    return next(self.gen)
           ^^^^^^^^^^^^^^
tldw_chatbook/Backup_Recovery/raw_participants.py:649: in _scope
    participant = _raw_participant(source)
                  ^^^^^^^^^^^^^^^^^^^^^^^^
tldw_chatbook/Backup_Recovery/raw_participants.py:296: in _raw_participant
    state = _participant_state(participant)
            ^^^^^^^^^^^^^^^^^^^^^^^^^^^^^^^
_ _ _ _ _ _ _ _ _ _ _ _ _ _ _ _ _ _ _ _ _ _ _ _ _ _ _ _ _ _ _ _ _ _ _ _ _ _ _ _ 

participant = <tldw_chatbook.Backup_Recovery.raw_participants._RawParticipant object at 0x10ab0d490>

    def _participant_state(participant):
        if type(participant) is not _RawParticipant or participant not in _participants:
            raise bootstrap.RecoveryRequired("raw_participant_not_installed")
        state = _participants[participant]
        source = state.source()
        if source is None or type(source) is not state.source_type:
            raise bootstrap.RecoveryRequired("raw_participant_not_installed")
        if _source_participants.get(source) is not participant:
            raise bootstrap.RecoveryRequired("raw_participant_not_installed")
        if state.owner.startswith("mcp."):
            bound = mcp_sources.binding(source)
            if bound is None or not bound[2] or bound[1] != state.selected:
                raise bootstrap.RecoveryRequired("raw_source_selection_changed")
        if state.owner == "chat.dictionaries":
            binding = dictionary_files.binding(source)
            if binding is None or binding[1] != state.selected:
                raise bootstrap.RecoveryRequired("raw_source_selection_changed")
        if state.owner in {"personas", "chat.dictionary_history", "chat.rag_context"}:
            binding = chat_sources.binding(source)
            if binding is None or binding[1] != state.selected:
                raise bootstrap.RecoveryRequired("raw_source_selection_changed")
        if state.owner == "config":
            binding = config_files.binding(source)
            if binding is None or binding[1] != state.selected:
>               raise bootstrap.RecoveryRequired("raw_source_selection_changed")
E               tldw_chatbook.Backup_Recovery.bootstrap.RecoveryRequired: raw_source_selection_changed

tldw_chatbook/Backup_Recovery/raw_participants.py:132: RecoveryRequired
----------------------------- Captured stderr call -----------------------------
2026-10-03 20:37:18.257 | INFO     | tldw_chatbook.DB.ChaChaNotes_DB:__init__:3376 - Initializing CharactersRAGDB db_sha256=c9ec138c2e76 [Client ID: note-span]
2026-10-03 20:37:18.418 | DEBUG    | tldw_chatbook.DB.ChaChaNotes_DB:_get_thread_connection:3554 - Opened/Reopened SQLite connection db_sha256=c9ec138c2e76 thread=8494865792
2026-10-03 20:37:18.428 | DEBUG    | tldw_chatbook.DB.ChaChaNotes_DB:_enter_transaction:24489 - Started outermost transaction on thread 8494865792.
2026-10-03 20:37:18.428 | INFO     | tldw_chatbook.DB.ChaChaNotes_DB:_initialize_schema:8550 - Checking DB schema 'rag_char_chat_schema'. Current version: 0. Code supports: 76
2026-10-03 20:37:18.428 | INFO     | tldw_chatbook.DB.ChaChaNotes_DB:_apply_schema_v4:4437 - Applying schema Version 4 for 'rag_char_chat_schema' to DB: db_sha256=c9ec138c2e76...
2026-10-03 20:37:18.429 | DEBUG    | tldw_chatbook.DB.ChaChaNotes_DB:_enter_transaction:24458 - Entered nested transaction level 2 on thread 8494865792.
2026-10-03 20:37:18.437 | DEBUG    | tldw_chatbook.DB.ChaChaNotes_DB:_apply_schema_v4:4478 - [rag_char_chat_schema V4] Full schema script executed.
2026-10-03 20:37:18.437 | INFO     | tldw_chatbook.DB.ChaChaNotes_DB:_apply_schema_v4:4485 - [rag_char_chat_schema V4] Schema 4 applied and version confirmed for DB: db_sha256=c9ec138c2e76.
2026-10-03 20:37:18.437 | DEBUG    | tldw_chatbook.DB.ChaChaNotes_DB:_enrich_default_assistant_card_if_bare:4749 - [task-2451] Default Assistant enrichment UPDATE affected 1 row(s) in DB: db_sha256=c9ec138c2e76.
2026-10-03 20:37:18.437 | INFO     | tldw_chatbook.DB.ChaChaNotes_DB:_migrate_from_v4_to_v5:4770 - Migrating schema from V4 to V5 for 'rag_char_chat_schema' in DB: db_sha256=c9ec138c2e76...
2026-10-03 20:37:18.438 | DEBUG    | tldw_chatbook.DB.ChaChaNotes_DB:_enter_transaction:24458 - Entered nested transaction level 2 on thread 8494865792.
2026-10-03 20:37:18.450 | DEBUG    | tldw_chatbook.DB.ChaChaNotes_DB:_migrate_from_v4_to_v5:4780 - [rag_char_chat_schema V4→V5] Migration script executed.
2026-10-03 20:37:18.450 | INFO     | tldw_chatbook.DB.ChaChaNotes_DB:_migrate_from_v4_to_v5:4789 - [rag_char_chat_schema V4→V5] Migration completed successfully for DB: db_sha256=c9ec138c2e76.
2026-10-03 20:37:18.450 | INFO     | tldw_chatbook.DB.ChaChaNotes_DB:_migrate_from_v5_to_v6:4823 - Migrating schema from V5 to V6 for 'rag_char_chat_schema' in DB: db_sha256=c9ec138c2e76...
2026-10-03 20:37:18.451 | DEBUG    | tldw_chatbook.DB.ChaChaNotes_DB:_enter_transaction:24458 - Entered nested transaction level 2 on thread 8494865792.
2026-10-03 20:37:18.453 | DEBUG    | tldw_chatbook.DB.ChaChaNotes_DB:_migrate_from_v5_to_v6:4831 - [rag_char_chat_schema V5→V6] Migration script executed.
2026-10-03 20:37:18.453 | INFO     | tldw_chatbook.DB.ChaChaNotes_DB:_migrate_from_v5_to_v6:4840 - [rag_char_chat_schema V5→V6] Migration completed successfully for DB: db_sha256=c9ec138c2e76.
2026-10-03 20:37:18.453 | INFO     | tldw_chatbook.DB.ChaChaNotes_DB:_migrate_from_v6_to_v7:4874 - Migrating schema from V6 to V7 for 'rag_char_chat_schema' in DB: db_sha256=c9ec138c2e76...
2026-10-03 20:37:18.453 | DEBUG    | tldw_chatbook.DB.ChaChaNotes_DB:_enter_transaction:24458 - Entered nested transaction level 2 on thread 8494865792.
2026-10-03 20:37:18.455 | DEBUG    | tldw_chatbook.DB.ChaChaNotes_DB:_migrate_from_v6_to_v7:4882 - [rag_char_chat_schema V6→V7] Migration script executed.
2026-10-03 20:37:18.455 | INFO     | tldw_chatbook.DB.ChaChaNotes_DB:_migrate_from_v6_to_v7:4891 - [rag_char_chat_schema V6→V7] Migration completed successfully for DB: db_sha256=c9ec138c2e76.
2026-10-03 20:37:18.455 | INFO     | tldw_chatbook.DB.ChaChaNotes_DB:_migrate_from_v7_to_v8:8464 - Migrating schema from V7 to V8 for 'rag_char_chat_schema' in DB: db_sha256=c9ec138c2e76...
2026-10-03 20:37:18.456 | DEBUG    | tldw_chatbook.DB.ChaChaNotes_DB:_enter_transaction:24458 - Entered nested transaction level 2 on thread 8494865792.
2026-10-03 20:37:18.458 | DEBUG    | tldw_chatbook.DB.ChaChaNotes_DB:_migrate_from_v7_to_v8:8472 - [rag_char_chat_schema V7→V8] Migration script executed.
2026-10-03 20:37:18.458 | INFO     | tldw_chatbook.DB.ChaChaNotes_DB:_migrate_from_v7_to_v8:8481 - [rag_char_chat_schema V7→V8] Migration completed successfully for DB: db_sha256=c9ec138c2e76.
2026-10-03 20:37:18.458 | INFO     | tldw_chatbook.DB.ChaChaNotes_DB:_migrate_from_v8_to_v9:4925 - Migrating schema from V8 to V9 for 'rag_char_chat_schema' in DB: db_sha256=c9ec138c2e76...
2026-10-03 20:37:18.459 | DEBUG    | tldw_chatbook.DB.ChaChaNotes_DB:_enter_transaction:24458 - Entered nested transaction level 2 on thread 8494865792.
2026-10-03 20:37:18.462 | DEBUG    | tldw_chatbook.DB.ChaChaNotes_DB:_migrate_from_v8_to_v9:4933 - [rag_char_chat_schema V8→V9] Migration script executed.
2026-10-03 20:37:18.462 | INFO     | tldw_chatbook.DB.ChaChaNotes_DB:_migrate_from_v8_to_v9:4942 - [rag_char_chat_schema V8→V9] Migration completed successfully for DB: db_sha256=c9ec138c2e76.
2026-10-03 20:37:18.462 | INFO     | tldw_chatbook.DB.ChaChaNotes_DB:_migrate_from_v9_to_v10:4976 - Migrating schema from V9 to V10 for 'rag_char_chat_schema' in DB: db_sha256=c9ec138c2e76...
2026-10-03 20:37:18.463 | DEBUG    | tldw_chatbook.DB.ChaChaNotes_DB:_enter_transaction:24458 - Entered nested transaction level 2 on thread 8494865792.
2026-10-03 20:37:18.463 | DEBUG    | tldw_chatbook.DB.ChaChaNotes_DB:_migrate_from_v9_to_v10:4984 - [rag_char_chat_schema V9→V10] Migration script executed.
2026-10-03 20:37:18.463 | INFO     | tldw_chatbook.DB.ChaChaNotes_DB:_migrate_from_v9_to_v10:4993 - [rag_char_chat_schema V9→V10] Migration completed successfully for DB: db_sha256=c9ec138c2e76.
2026-10-03 20:37:18.463 | INFO     | tldw_chatbook.DB.ChaChaNotes_DB:_migrate_from_v10_to_v11:5027 - Migrating schema from V10 to V11 for 'rag_char_chat_schema' in DB: db_sha256=c9ec138c2e76...
2026-10-03 20:37:18.464 | DEBUG    | tldw_chatbook.DB.ChaChaNotes_DB:_enter_transaction:24458 - Entered nested transaction level 2 on thread 8494865792.
2026-10-03 20:37:18.467 | DEBUG    | tldw_chatbook.DB.ChaChaNotes_DB:_migrate_from_v10_to_v11:5035 - [rag_char_chat_schema V10→V11] Migration script executed.
2026-10-03 20:37:18.468 | INFO     | tldw_chatbook.DB.ChaChaNotes_DB:_migrate_from_v10_to_v11:5044 - [rag_char_chat_schema V10→V11] Migration completed successfully for DB: db_sha256=c9ec138c2e76.
2026-10-03 20:37:18.468 | INFO     | tldw_chatbook.DB.ChaChaNotes_DB:_migrate_from_v11_to_v12:5078 - Migrating schema from V11 to V12 for 'rag_char_chat_schema' in DB: db_sha256=c9ec138c2e76...
2026-10-03 20:37:18.468 | DEBUG    | tldw_chatbook.DB.ChaChaNotes_DB:_enter_transaction:24458 - Entered nested transaction level 2 on thread 8494865792.
2026-10-03 20:37:18.478 | DEBUG    | tldw_chatbook.DB.ChaChaNotes_DB:_migrate_from_v11_to_v12:5086 - [rag_char_chat_schema V11→V12] Migration script executed.
2026-10-03 20:37:18.479 | INFO     | tldw_chatbook.DB.ChaChaNotes_DB:_migrate_from_v11_to_v12:5095 - [rag_char_chat_schema V11→V12] Migration completed successfully for DB: db_sha256=c9ec138c2e76.
2026-10-03 20:37:18.479 | INFO     | tldw_chatbook.DB.ChaChaNotes_DB:_migrate_from_v12_to_v13:5121 - Migrating schema from V12 to V13 for 'rag_char_chat_schema' in DB: db_sha256=c9ec138c2e76...
2026-10-03 20:37:18.479 | DEBUG    | tldw_chatbook.DB.ChaChaNotes_DB:_enter_transaction:24458 - Entered nested transaction level 2 on thread 8494865792.
2026-10-03 20:37:18.510 | DEBUG    | tldw_chatbook.DB.ChaChaNotes_DB:_migrate_from_v12_to_v13:5129 - [rag_char_chat_schema V12→V13] Migration script executed.
2026-10-03 20:37:18.510 | INFO     | tldw_chatbook.DB.ChaChaNotes_DB:_migrate_from_v12_to_v13:5137 - [rag_char_chat_schema V12→V13] Migration completed successfully for DB: db_sha256=c9ec138c2e76.
2026-10-03 20:37:18.510 | INFO     | tldw_chatbook.DB.ChaChaNotes_DB:_migrate_from_v13_to_v14:5162 - Migrating schema from V13 to V14 for 'rag_char_chat_schema' in DB: db_sha256=c9ec138c2e76...
2026-10-03 20:37:18.511 | DEBUG    | tldw_chatbook.DB.ChaChaNotes_DB:_enter_transaction:24458 - Entered nested transaction level 2 on thread 8494865792.
2026-10-03 20:37:18.520 | DEBUG    | tldw_chatbook.DB.ChaChaNotes_DB:_migrate_from_v13_to_v14:5170 - [rag_char_chat_schema V13→V14] Migration script executed.
2026-10-03 20:37:18.523 | INFO     | tldw_chatbook.DB.ChaChaNotes_DB:_migrate_from_v13_to_v14:5178 - [rag_char_chat_schema V13→V14] Migration completed successfully for DB: db_sha256=c9ec138c2e76.
2026-10-03 20:37:18.523 | INFO     | tldw_chatbook.DB.ChaChaNotes_DB:_migrate_from_v14_to_v15:5203 - Migrating schema from V14 to V15 for 'rag_char_chat_schema' in DB: db_sha256=c9ec138c2e76...
2026-10-03 20:37:18.523 | DEBUG    | tldw_chatbook.DB.ChaChaNotes_DB:_enter_transaction:24458 - Entered nested transaction level 2 on thread 8494865792.
2026-10-03 20:37:18.528 | DEBUG    | tldw_chatbook.DB.ChaChaNotes_DB:_migrate_from_v14_to_v15:5211 - [rag_char_chat_schema V14→V15] Migration script executed.
2026-10-03 20:37:18.529 | INFO     | tldw_chatbook.DB.ChaChaNotes_DB:_migrate_from_v14_to_v15:5219 - [rag_char_chat_schema V14→V15] Migration completed successfully for DB: db_sha256=c9ec138c2e76.
2026-10-03 20:37:18.529 | INFO     | tldw_chatbook.DB.ChaChaNotes_DB:_migrate_from_v15_to_v16:5245 - Migrating schema from V15 to V16 for 'rag_char_chat_schema' in DB: db_sha256=c9ec138c2e76...
2026-10-03 20:37:18.529 | DEBUG    | tldw_chatbook.DB.ChaChaNotes_DB:_enter_transaction:24458 - Entered nested transaction level 2 on thread 8494865792.
2026-10-03 20:37:18.530 | DEBUG    | tldw_chatbook.DB.ChaChaNotes_DB:_migrate_from_v15_to_v16:5288 - [rag_char_chat_schema V15→V16] Migration script executed.
2026-10-03 20:37:18.530 | INFO     | tldw_chatbook.DB.ChaChaNotes_DB:_migrate_from_v15_to_v16:5298 - [rag_char_chat_schema V15→V16] Migration completed successfully for DB: db_sha256=c9ec138c2e76.
2026-10-03 20:37:18.530 | INFO     | tldw_chatbook.DB.ChaChaNotes_DB:_migrate_from_v16_to_v17:5324 - Migrating schema from V16 to V17 for 'rag_char_chat_schema' in DB: db_sha256=c9ec138c2e76...
2026-10-03 20:37:18.530 | DEBUG    | tldw_chatbook.DB.ChaChaNotes_DB:_enter_transaction:24458 - Entered nested transaction level 2 on thread 8494865792.
2026-10-03 20:37:18.530 | DEBUG    | tldw_chatbook.DB.ChaChaNotes_DB:_migrate_from_v16_to_v17:5332 - [rag_char_chat_schema V16→V17] Migration script executed.
2026-10-03 20:37:18.530 | INFO     | tldw_chatbook.DB.ChaChaNotes_DB:_migrate_from_v16_to_v17:5340 - [rag_char_chat_schema V16→V17] Migration completed successfully for DB: db_sha256=c9ec138c2e76.
2026-10-03 20:37:18.530 | INFO     | tldw_chatbook.DB.ChaChaNotes_DB:_migrate_from_v17_to_v18:5368 - Migrating schema from V17 to V18 for 'rag_char_chat_schema' in DB: db_sha256=c9ec138c2e76...
2026-10-03 20:37:18.530 | DEBUG    | tldw_chatbook.DB.ChaChaNotes_DB:_enter_transaction:24458 - Entered nested transaction level 2 on thread 8494865792.
2026-10-03 20:37:18.534 | DEBUG    | tldw_chatbook.DB.ChaChaNotes_DB:_migrate_from_v17_to_v18:5376 - [rag_char_chat_schema V17→V18] Migration script executed.
2026-10-03 20:37:18.538 | INFO     | tldw_chatbook.DB.ChaChaNotes_DB:_migrate_from_v17_to_v18:5384 - [rag_char_chat_schema V17→V18] Migration completed successfully for DB: db_sha256=c9ec138c2e76.
2026-10-03 20:37:18.538 | INFO     | tldw_chatbook.DB.ChaChaNotes_DB:_migrate_from_v18_to_v19:8414 - Migrating schema from V18 to V19 for 'rag_char_chat_schema' in DB: db_sha256=c9ec138c2e76...
2026-10-03 20:37:18.538 | DEBUG    | tldw_chatbook.DB.ChaChaNotes_DB:_enter_transaction:24458 - Entered nested transaction level 2 on thread 8494865792.
2026-10-03 20:37:18.542 | DEBUG    | tldw_chatbook.DB.ChaChaNotes_DB:_migrate_from_v18_to_v19:8422 - [rag_char_chat_schema V18→V19] Migration script executed.
2026-10-03 20:37:18.545 | INFO     | tldw_chatbook.DB.ChaChaNotes_DB:_migrate_from_v18_to_v19:8430 - [rag_char_chat_schema V18→V19] Migration completed successfully for DB: db_sha256=c9ec138c2e76.
2026-10-03 20:37:18.545 | INFO     | tldw_chatbook.DB.ChaChaNotes_DB:_migrate_from_v19_to_v20:5412 - Migrating schema from V19 to V20 for 'rag_char_chat_schema' in DB: db_sha256=c9ec138c2e76...
2026-10-03 20:37:18.545 | DEBUG    | tldw_chatbook.DB.ChaChaNotes_DB:_enter_transaction:24458 - Entered nested transaction level 2 on thread 8494865792.
2026-10-03 20:37:18.552 | DEBUG    | tldw_chatbook.DB.ChaChaNotes_DB:_migrate_from_v19_to_v20:5431 - [rag_char_chat_schema V19→V20] Migration script executed.
2026-10-03 20:37:18.553 | INFO     | tldw_chatbook.DB.ChaChaNotes_DB:_migrate_from_v19_to_v20:5439 - [rag_char_chat_schema V19→V20] Migration completed successfully for DB: db_sha256=c9ec138c2e76.
2026-10-03 20:37:18.553 | INFO     | tldw_chatbook.DB.ChaChaNotes_DB:_migrate_from_v20_to_v21:5467 - Migrating schema from V20 to V21 for 'rag_char_chat_schema' in DB: db_sha256=c9ec138c2e76...
2026-10-03 20:37:18.553 | DEBUG    | tldw_chatbook.DB.ChaChaNotes_DB:_enter_transaction:24458 - Entered nested transaction level 2 on thread 8494865792.
2026-10-03 20:37:18.556 | DEBUG    | tldw_chatbook.DB.ChaChaNotes_DB:_migrate_from_v20_to_v21:5488 - [rag_char_chat_schema V20→V21] Migration script executed.
2026-10-03 20:37:18.559 | INFO     | tldw_chatbook.DB.ChaChaNotes_DB:_migrate_from_v20_to_v21:5496 - [rag_char_chat_schema V20→V21] Migration completed successfully for DB: db_sha256=c9ec138c2e76.
2026-10-03 20:37:18.559 | INFO     | tldw_chatbook.DB.ChaChaNotes_DB:_migrate_from_v21_to_v22:5518 - Migrating schema from V21 to V22 for 'rag_char_chat_schema' in DB: db_sha256=c9ec138c2e76...
2026-10-03 20:37:18.559 | DEBUG    | tldw_chatbook.DB.ChaChaNotes_DB:_enter_transaction:24458 - Entered nested transaction level 2 on thread 8494865792.
2026-10-03 20:37:18.562 | DEBUG    | tldw_chatbook.DB.ChaChaNotes_DB:_migrate_from_v21_to_v22:5536 - [rag_char_chat_schema V21→V22] Migration script executed.
2026-10-03 20:37:18.565 | INFO     | tldw_chatbook.DB.ChaChaNotes_DB:_migrate_from_v21_to_v22:5542 - [rag_char_chat_schema V21→V22] Migration completed successfully for DB: db_sha256=c9ec138c2e76.
2026-10-03 20:37:18.565 | INFO     | tldw_chatbook.DB.ChaChaNotes_DB:_migrate_from_v22_to_v23:5564 - Migrating schema from V22 to V23 for 'rag_char_chat_schema' in DB: db_sha256=c9ec138c2e76...
2026-10-03 20:37:18.565 | DEBUG    | tldw_chatbook.DB.ChaChaNotes_DB:_enter_transaction:24458 - Entered nested transaction level 2 on thread 8494865792.
2026-10-03 20:37:18.569 | DEBUG    | tldw_chatbook.DB.ChaChaNotes_DB:_migrate_from_v22_to_v23:5572 - [rag_char_chat_schema V22→V23] Migration script executed.
2026-10-03 20:37:18.569 | INFO     | tldw_chatbook.DB.ChaChaNotes_DB:_migrate_from_v22_to_v23:5578 - [rag_char_chat_schema V22→V23] Migration completed successfully for DB: db_sha256=c9ec138c2e76.
2026-10-03 20:37:18.573 | INFO     | tldw_chatbook.DB.ChaChaNotes_DB:_migrate_from_v23_to_v24:5601 - Migrating schema from V23 to V24 for 'rag_char_chat_schema' in DB: db_sha256=c9ec138c2e76...
2026-10-03 20:37:18.573 | DEBUG    | tldw_chatbook.DB.ChaChaNotes_DB:_enter_transaction:24458 - Entered nested transaction level 2 on thread 8494865792.
2026-10-03 20:37:18.580 | DEBUG    | tldw_chatbook.DB.ChaChaNotes_DB:_migrate_from_v23_to_v24:5619 - [rag_char_chat_schema V23→V24] Migration script executed.
2026-10-03 20:37:18.581 | INFO     | tldw_chatbook.DB.ChaChaNotes_DB:_migrate_from_v23_to_v24:5625 - [rag_char_chat_schema V23→V24] Migration completed successfully for DB: db_sha256=c9ec138c2e76.
2026-10-03 20:37:18.581 | INFO     | tldw_chatbook.DB.ChaChaNotes_DB:_migrate_from_v24_to_v25:5648 - Migrating schema from V24 to V25 for 'rag_char_chat_schema' in DB: db_sha256=c9ec138c2e76...
2026-10-03 20:37:18.581 | DEBUG    | tldw_chatbook.DB.ChaChaNotes_DB:_enter_transaction:24458 - Entered nested transaction level 2 on thread 8494865792.
2026-10-03 20:37:18.585 | DEBUG    | tldw_chatbook.DB.ChaChaNotes_DB:_migrate_from_v24_to_v25:5656 - [rag_char_chat_schema V24→V25] Migration script executed.
2026-10-03 20:37:18.585 | INFO     | tldw_chatbook.DB.ChaChaNotes_DB:_migrate_from_v24_to_v25:5662 - [rag_char_chat_schema V24→V25] Migration completed successfully for DB: db_sha256=c9ec138c2e76.
2026-10-03 20:37:18.585 | INFO     | tldw_chatbook.DB.ChaChaNotes_DB:_migrate_from_v25_to_v26:5686 - Migrating schema from V25 to V26 for 'rag_char_chat_schema' in DB: db_sha256=c9ec138c2e76...
2026-10-03 20:37:18.586 | DEBUG    | tldw_chatbook.DB.ChaChaNotes_DB:_enter_transaction:24458 - Entered nested transaction level 2 on thread 8494865792.
2026-10-03 20:37:18.591 | DEBUG    | tldw_chatbook.DB.ChaChaNotes_DB:_migrate_from_v25_to_v26:5708 - [rag_char_chat_schema V25→V26] Migration script executed.
2026-10-03 20:37:18.592 | INFO     | tldw_chatbook.DB.ChaChaNotes_DB:_migrate_from_v25_to_v26:5714 - [rag_char_chat_schema V25→V26] Migration completed successfully for DB: db_sha256=c9ec138c2e76.
2026-10-03 20:37:18.592 | DEBUG    | tldw_chatbook.DB.ChaChaNotes_DB:_enter_transaction:24458 - Entered nested transaction level 2 on thread 8494865792.
2026-10-03 20:37:18.598 | DEBUG    | tldw_chatbook.DB.ChaChaNotes_DB:_enter_transaction:24458 - Entered nested transaction level 2 on thread 8494865792.
2026-10-03 20:37:18.598 | DEBUG    | tldw_chatbook.DB.ChaChaNotes_DB:_enter_transaction:24458 - Entered nested transaction level 3 on thread 8494865792.
2026-10-03 20:37:18.602 | INFO     | tldw_chatbook.DB.ChaChaNotes_DB:_migrate_from_v28_to_v29:5901 - Migrating schema from V28 to V29 for 'rag_char_chat_schema' in DB: db_sha256=c9ec138c2e76...
2026-10-03 20:37:18.602 | DEBUG    | tldw_chatbook.DB.ChaChaNotes_DB:_enter_transaction:24458 - Entered nested transaction level 2 on thread 8494865792.
2026-10-03 20:37:18.603 | DEBUG    | tldw_chatbook.DB.ChaChaNotes_DB:_migrate_from_v28_to_v29:5909 - [rag_char_chat_schema V28→V29] Migration script executed.
2026-10-03 20:37:18.603 | INFO     | tldw_chatbook.DB.ChaChaNotes_DB:_migrate_from_v28_to_v29:5917 - [rag_char_chat_schema V28→V29] Migration completed successfully for DB: db_sha256=c9ec138c2e76.
2026-10-03 20:37:18.603 | INFO     | tldw_chatbook.DB.ChaChaNotes_DB:_migrate_from_v29_to_v30:5944 - Migrating schema from V29 to V30 for 'rag_char_chat_schema' in DB: db_sha256=c9ec138c2e76...
2026-10-03 20:37:18.603 | DEBUG    | tldw_chatbook.DB.ChaChaNotes_DB:_enter_transaction:24458 - Entered nested transaction level 2 on thread 8494865792.
2026-10-03 20:37:18.606 | DEBUG    | tldw_chatbook.DB.ChaChaNotes_DB:_migrate_from_v29_to_v30:5970 - [rag_char_chat_schema V29→V30] Migration script executed.
2026-10-03 20:37:18.606 | INFO     | tldw_chatbook.DB.ChaChaNotes_DB:_migrate_from_v29_to_v30:5994 - [rag_char_chat_schema V29→V30] Migration completed successfully for DB: db_sha256=c9ec138c2e76.
2026-10-03 20:37:18.606 | INFO     | tldw_chatbook.DB.ChaChaNotes_DB:_migrate_from_v30_to_v31:6021 - Migrating schema from V30 to V31 for 'rag_char_chat_schema' in DB: db_sha256=c9ec138c2e76...
2026-10-03 20:37:18.607 | DEBUG    | tldw_chatbook.DB.ChaChaNotes_DB:_enter_transaction:24458 - Entered nested transaction level 2 on thread 8494865792.
2026-10-03 20:37:18.610 | DEBUG    | tldw_chatbook.DB.ChaChaNotes_DB:_migrate_from_v30_to_v31:6047 - [rag_char_chat_schema V30→V31] Migration script executed.
2026-10-03 20:37:18.610 | INFO     | tldw_chatbook.DB.ChaChaNotes_DB:_migrate_from_v30_to_v31:6071 - [rag_char_chat_schema V30→V31] Migration completed successfully for DB: db_sha256=c9ec138c2e76.
2026-10-03 20:37:18.610 | INFO     | tldw_chatbook.DB.ChaChaNotes_DB:_migrate_from_v31_to_v32:6104 - Migrating schema from V31 to V32 for 'rag_char_chat_schema' in DB: db_sha256=c9ec138c2e76...
2026-10-03 20:37:18.611 | DEBUG    | tldw_chatbook.DB.ChaChaNotes_DB:_enrich_default_assistant_card_if_bare:4749 - [task-2451] Default Assistant enrichment UPDATE affected 0 row(s) in DB: db_sha256=c9ec138c2e76.
2026-10-03 20:37:18.611 | INFO     | tldw_chatbook.DB.ChaChaNotes_DB:_migrate_from_v31_to_v32:6130 - [rag_char_chat_schema V31→V32] Migration completed successfully for DB: db_sha256=c9ec138c2e76.
2026-10-03 20:37:18.611 | DEBUG    | tldw_chatbook.DB.ChaChaNotes_DB:_enter_transaction:24458 - Entered nested transaction level 2 on thread 8494865792.
2026-10-03 20:37:18.613 | DEBUG    | tldw_chatbook.DB.ChaChaNotes_DB:_enter_transaction:24458 - Entered nested transaction level 2 on thread 8494865792.
2026-10-03 20:37:18.621 | DEBUG    | tldw_chatbook.DB.ChaChaNotes_DB:_enter_transaction:24458 - Entered nested transaction level 2 on thread 8494865792.
2026-10-03 20:37:18.623 | DEBUG    | tldw_chatbook.DB.ChaChaNotes_DB:_enter_transaction:24458 - Entered nested transaction level 2 on thread 8494865792.
2026-10-03 20:37:18.626 | DEBUG    | tldw_chatbook.DB.ChaChaNotes_DB:_enter_transaction:24458 - Entered nested transaction level 2 on thread 8494865792.
2026-10-03 20:37:18.632 | DEBUG    | tldw_chatbook.DB.ChaChaNotes_DB:_enter_transaction:24458 - Entered nested transaction level 2 on thread 8494865792.
2026-10-03 20:37:18.635 | DEBUG    | tldw_chatbook.DB.ChaChaNotes_DB:_enter_transaction:24458 - Entered nested transaction level 2 on thread 8494865792.
2026-10-03 20:37:18.639 | DEBUG    | tldw_chatbook.DB.ChaChaNotes_DB:_enter_transaction:24458 - Entered nested transaction level 2 on thread 8494865792.
2026-10-03 20:37:18.643 | DEBUG    | tldw_chatbook.DB.ChaChaNotes_DB:_enter_transaction:24458 - Entered nested transaction level 2 on thread 8494865792.
2026-10-03 20:37:18.647 | INFO     | tldw_chatbook.DB.ChaChaNotes_DB:_migrate_from_v41_to_v42:6450 - Migrating schema from V41 to V42 for 'rag_char_chat_schema' in DB: db_sha256=c9ec138c2e76...
2026-10-03 20:37:18.651 | INFO     | tldw_chatbook.DB.ChaChaNotes_DB:_migrate_from_v41_to_v42:6514 - [rag_char_chat_schema V41→V42] conversations.console_project_context_json already present; applying the version bump only.
2026-10-03 20:37:18.654 | INFO     | tldw_chatbook.DB.ChaChaNotes_DB:_migrate_from_v42_to_v43:6564 - Migrating schema from V42 to V43 for 'rag_char_chat_schema' in DB: db_sha256=c9ec138c2e76...
2026-10-03 20:37:18.674 | DEBUG    | tldw_chatbook.DB.ChaChaNotes_DB:_enter_transaction:24458 - Entered nested transaction level 2 on thread 8494865792.
2026-10-03 20:37:18.678 | INFO     | tldw_chatbook.DB.ChaChaNotes_DB:_migrate_from_v42_to_v43:6703 - [rag_char_chat_schema V42→V43] Migration completed successfully for DB: db_sha256=c9ec138c2e76.
2026-10-03 20:37:18.681 | INFO     | tldw_chatbook.DB.ChaChaNotes_DB:_migrate_from_v43_to_v44:6733 - Migrating schema from V43 to V44 for 'rag_char_chat_schema' in DB: db_sha256=c9ec138c2e76...
2026-10-03 20:37:18.681 | DEBUG    | tldw_chatbook.DB.ChaChaNotes_DB:_enter_transaction:24458 - Entered nested transaction level 2 on thread 8494865792.
2026-10-03 20:37:18.698 | INFO     | tldw_chatbook.DB.ChaChaNotes_DB:_migrate_from_v43_to_v44:6773 - [rag_char_chat_schema V43→V44] Migration completed successfully for DB: db_sha256=c9ec138c2e76.
2026-10-03 20:37:18.701 | INFO     | tldw_chatbook.DB.ChaChaNotes_DB:_migrate_from_v44_to_v45:6842 - Actor Pack schema migration started: chachanotes_v44_to_v45
2026-10-03 20:37:18.701 | DEBUG    | tldw_chatbook.DB.ChaChaNotes_DB:_enter_transaction:24458 - Entered nested transaction level 2 on thread 8494865792.
2026-10-03 20:37:18.703 | INFO     | tldw_chatbook.DB.ChaChaNotes_DB:_migrate_from_v44_to_v45:6875 - Actor Pack schema migration completed: chachanotes_v44_to_v45
2026-10-03 20:37:18.703 | INFO     | tldw_chatbook.DB.ChaChaNotes_DB:_migrate_from_v45_to_v46:6919 - Migrating schema from V45 to V46 for 'rag_char_chat_schema' in DB: db_sha256=c9ec138c2e76...
2026-10-03 20:37:18.704 | DEBUG    | tldw_chatbook.DB.ChaChaNotes_DB:_enter_transaction:24458 - Entered nested transaction level 2 on thread 8494865792.
2026-10-03 20:37:18.711 | INFO     | tldw_chatbook.DB.ChaChaNotes_DB:_migrate_from_v45_to_v46:6965 - [rag_char_chat_schema V45→V46] Migration completed successfully for DB: db_sha256=c9ec138c2e76. Purged 0 unreachable sync_log row(s) of 1.
2026-10-03 20:37:18.711 | INFO     | tldw_chatbook.DB.ChaChaNotes_DB:_migrate_from_v46_to_v47:7007 - Migrating schema from V46 to V47 for 'rag_char_chat_schema' in DB: db_sha256=c9ec138c2e76...
2026-10-03 20:37:18.712 | DEBUG    | tldw_chatbook.DB.ChaChaNotes_DB:_enter_transaction:24458 - Entered nested transaction level 2 on thread 8494865792.
2026-10-03 20:37:18.713 | INFO     | tldw_chatbook.DB.ChaChaNotes_DB:_migrate_from_v46_to_v47:7042 - [rag_char_chat_schema V46→V47] Migration completed successfully for DB: db_sha256=c9ec138c2e76.
2026-10-03 20:37:18.713 | DEBUG    | tldw_chatbook.DB.ChaChaNotes_DB:_enter_transaction:24458 - Entered nested transaction level 2 on thread 8494865792.
2026-10-03 20:37:18.722 | INFO     | tldw_chatbook.DB.ChaChaNotes_DB:_migrate_from_v48_to_v49:7198 - Migrating schema from V48 to V49 for 'rag_char_chat_schema' in DB: db_sha256=c9ec138c2e76...
2026-10-03 20:37:18.723 | DEBUG    | tldw_chatbook.DB.ChaChaNotes_DB:_enter_transaction:24458 - Entered nested transaction level 2 on thread 8494865792.
2026-10-03 20:37:18.724 | INFO     | tldw_chatbook.DB.ChaChaNotes_DB:_migrate_from_v48_to_v49:7233 - [rag_char_chat_schema V48→V49] Migration completed successfully for DB: db_sha256=c9ec138c2e76.
2026-10-03 20:37:18.724 | INFO     | tldw_chatbook.DB.ChaChaNotes_DB:_migrate_from_v49_to_v50:7281 - Migrating schema from V49 to V50 for 'rag_char_chat_schema' in DB: db_sha256=c9ec138c2e76...
2026-10-03 20:37:18.725 | DEBUG    | tldw_chatbook.DB.ChaChaNotes_DB:_enter_transaction:24458 - Entered nested transaction level 2 on thread 8494865792.
2026-10-03 20:37:18.725 | INFO     | tldw_chatbook.DB.ChaChaNotes_DB:_migrate_from_v49_to_v50:7315 - [rag_char_chat_schema V49→V50] Migration completed successfully for DB: db_sha256=c9ec138c2e76.
2026-10-03 20:37:18.726 | DEBUG    | tldw_chatbook.DB.ChaChaNotes_DB:_enter_transaction:24458 - Entered nested transaction level 2 on thread 8494865792.
2026-10-03 20:37:18.732 | DEBUG    | tldw_chatbook.DB.ChaChaNotes_DB:_enter_transaction:24458 - Entered nested transaction level 2 on thread 8494865792.
2026-10-03 20:37:18.747 | INFO     | tldw_chatbook.DB.ChaChaNotes_DB:_migrate_from_v52_to_v53:7440 - Migrating schema from V52 to V53 for 'rag_char_chat_schema' in DB: db_sha256=c9ec138c2e76...
2026-10-03 20:37:18.749 | DEBUG    | tldw_chatbook.DB.ChaChaNotes_DB:_enter_transaction:24458 - Entered nested transaction level 2 on thread 8494865792.
2026-10-03 20:37:18.753 | INFO     | tldw_chatbook.DB.ChaChaNotes_DB:_migrate_from_v52_to_v53:7505 - [rag_char_chat_schema V52→V53] Migration completed for DB: db_sha256=c9ec138c2e76 (examined 0, compacted 0, skipped 0 unreadable).
2026-10-03 20:37:18.757 | DEBUG    | tldw_chatbook.DB.ChaChaNotes_DB:_enter_transaction:24458 - Entered nested transaction level 2 on thread 8494865792.
2026-10-03 20:37:18.767 | DEBUG    | tldw_chatbook.DB.ChaChaNotes_DB:_enter_transaction:24458 - Entered nested transaction level 2 on thread 8494865792.
2026-10-03 20:37:18.770 | DEBUG    | tldw_chatbook.DB.ChaChaNotes_DB:_enter_transaction:24458 - Entered nested transaction level 2 on thread 8494865792.
2026-10-03 20:37:18.790 | DEBUG    | tldw_chatbook.DB.ChaChaNotes_DB:_enter_transaction:24458 - Entered nested transaction level 2 on thread 8494865792.
2026-10-03 20:37:18.794 | DEBUG    | tldw_chatbook.DB.ChaChaNotes_DB:_enter_transaction:24458 - Entered nested transaction level 2 on thread 8494865792.
2026-10-03 20:37:18.818 | DEBUG    | tldw_chatbook.DB.ChaChaNotes_DB:_enter_transaction:24458 - Entered nested transaction level 2 on thread 8494865792.
2026-10-03 20:37:18.827 | DEBUG    | tldw_chatbook.DB.ChaChaNotes_DB:_enter_transaction:24458 - Entered nested transaction level 2 on thread 8494865792.
2026-10-03 20:37:18.828 | DEBUG    | tldw_chatbook.DB.ChaChaNotes_DB:_enter_transaction:24458 - Entered nested transaction level 2 on thread 8494865792.
2026-10-03 20:37:18.830 | DEBUG    | tldw_chatbook.DB.ChaChaNotes_DB:_enter_transaction:24458 - Entered nested transaction level 2 on thread 8494865792.
2026-10-03 20:37:18.852 | DEBUG    | tldw_chatbook.DB.ChaChaNotes_DB:_enter_transaction:24458 - Entered nested transaction level 2 on thread 8494865792.
2026-10-03 20:37:18.858 | DEBUG    | tldw_chatbook.DB.ChaChaNotes_DB:_enter_transaction:24458 - Entered nested transaction level 2 on thread 8494865792.
2026-10-03 20:37:18.886 | DEBUG    | tldw_chatbook.DB.ChaChaNotes_DB:_enter_transaction:24458 - Entered nested transaction level 2 on thread 8494865792.
2026-10-03 20:37:18.887 | DEBUG    | tldw_chatbook.DB.ChaChaNotes_DB:_enter_transaction:24458 - Entered nested transaction level 2 on thread 8494865792.
2026-10-03 20:37:18.905 | DEBUG    | tldw_chatbook.DB.ChaChaNotes_DB:_enter_transaction:24458 - Entered nested transaction level 3 on thread 8494865792.
2026-10-03 20:37:18.906 | DEBUG    | tldw_chatbook.DB.ChaChaNotes_DB:_enter_transaction:24458 - Entered nested transaction level 3 on thread 8494865792.
2026-10-03 20:37:18.908 | DEBUG    | tldw_chatbook.DB.ChaChaNotes_DB:_enter_transaction:24458 - Entered nested transaction level 2 on thread 8494865792.
2026-10-03 20:37:18.936 | DEBUG    | tldw_chatbook.DB.ChaChaNotes_DB:_enter_transaction:24458 - Entered nested transaction level 2 on thread 8494865792.
2026-10-03 20:37:18.972 | DEBUG    | tldw_chatbook.DB.ChaChaNotes_DB:_enter_transaction:24458 - Entered nested transaction level 2 on thread 8494865792.
2026-10-03 20:37:18.974 | DEBUG    | tldw_chatbook.DB.ChaChaNotes_DB:_enter_transaction:24458 - Entered nested transaction level 2 on thread 8494865792.
2026-10-03 20:37:18.989 | DEBUG    | tldw_chatbook.DB.ChaChaNotes_DB:_enter_transaction:24458 - Entered nested transaction level 2 on thread 8494865792.
2026-10-03 20:37:19.003 | DEBUG    | tldw_chatbook.DB.ChaChaNotes_DB:_enter_transaction:24458 - Entered nested transaction level 2 on thread 8494865792.
2026-10-03 20:37:19.051 | DEBUG    | tldw_chatbook.DB.ChaChaNotes_DB:_enter_transaction:24458 - Entered nested transaction level 2 on thread 8494865792.
2026-10-03 20:37:19.061 | DEBUG    | tldw_chatbook.DB.ChaChaNotes_DB:_enter_transaction:24458 - Entered nested transaction level 2 on thread 8494865792.
2026-10-03 20:37:19.075 | DEBUG    | tldw_chatbook.DB.ChaChaNotes_DB:_enter_transaction:24458 - Entered nested transaction level 2 on thread 8494865792.
2026-10-03 20:37:19.076 | DEBUG    | tldw_chatbook.DB.ChaChaNotes_DB:_enter_transaction:24458 - Entered nested transaction level 2 on thread 8494865792.
2026-10-03 20:37:19.107 | INFO     | tldw_chatbook.DB.ChaChaNotes_DB:_initialize_schema:8685 - Database schema 'rag_char_chat_schema' successfully initialized/migrated to version 76.
2026-10-03 20:37:19.160 | DEBUG    | tldw_chatbook.DB.ChaChaNotes_DB:_exit_transaction:24552 - Transaction (outermost) committed successfully on thread 8494865792.
2026-10-03 20:37:19.160 | DEBUG    | tldw_chatbook.DB.ChaChaNotes_DB:__init__:3399 - CharactersRAGDB initialization completed successfully db_sha256=c9ec138c2e76
2026-10-03 20:37:19.179 | DEBUG    | tldw_chatbook.Chat.chat_persistence_service:__init__:271 - Recovered-media message source is unavailable.
2026-10-03 20:37:19.188 | DEBUG    | tldw_chatbook.DB.ChaChaNotes_DB:_enter_transaction:24489 - Started outermost transaction on thread 8494865792.
2026-10-03 20:37:19.190 | DEBUG    | tldw_chatbook.DB.ChaChaNotes_DB:_enter_transaction:24458 - Entered nested transaction level 2 on thread 8494865792.
2026-10-03 20:37:19.195 | DEBUG    | tldw_chatbook.DB.ChaChaNotes_DB:add_conversation:11073 - Added conversation ID: 7bb3c547-9c10-4b32-aa3d-80f68a275923.
2026-10-03 20:37:19.196 | DEBUG    | tldw_chatbook.DB.ChaChaNotes_DB:_enter_transaction:24458 - Entered nested transaction level 2 on thread 8494865792.
2026-10-03 20:37:19.197 | DEBUG    | tldw_chatbook.DB.ChaChaNotes_DB:_exit_transaction:24552 - Transaction (outermost) committed successfully on thread 8494865792.
2026-10-03 20:37:19.207 | DEBUG    | tldw_chatbook.DB.ChaChaNotes_DB:_enter_transaction:24489 - Started outermost transaction on thread 8494865792.
2026-10-03 20:37:19.213 | DEBUG    | tldw_chatbook.DB.ChaChaNotes_DB:_exit_transaction:24552 - Transaction (outermost) committed successfully on thread 8494865792.
_____ test_summarize_span_as_note_returns_draft_without_compaction_writes ______

tmp_path = PosixPath('/Users/macbook-dev/.codex/worktrees/console-chat-starts/tldw_chatbook/.superpowers/sdd/2026-10-03-console-pr2995-review-and-merge/task-3-base-note-owner-profile-ocy_x__7/pytest/test_summarize_span_as_note_re0')

    @pytest.mark.asyncio
    async def test_summarize_span_as_note_returns_draft_without_compaction_writes(
        tmp_path,
    ):
>       controller, store, session, gateway, db = _note_controller(tmp_path)
                                                  ^^^^^^^^^^^^^^^^^^^^^^^^^^

Tests/Chat/test_console_note_span_actions.py:159: 
_ _ _ _ _ _ _ _ _ _ _ _ _ _ _ _ _ _ _ _ _ _ _ _ _ _ _ _ _ _ _ _ _ _ _ _ _ _ _ _ 
Tests/Chat/test_console_note_span_actions.py:84: in _note_controller
    controller = ConsoleChatController(
tldw_chatbook/Chat/console_chat_controller.py:4995: in __init__
    auxiliary_timeout_seconds=get_cli_setting(
tldw_chatbook/config.py:9388: in get_cli_setting
    config = load_cli_config_and_ensure_existence()  # Ensures config is loaded
             ^^^^^^^^^^^^^^^^^^^^^^^^^^^^^^^^^^^^^^
tldw_chatbook/config.py:7026: in load_cli_config_and_ensure_existence
    return _load_cli_config_bootstrap(force_reload=force_reload).config
           ^^^^^^^^^^^^^^^^^^^^^^^^^^^^^^^^^^^^^^^^^^^^^^^^^^^^^
tldw_chatbook/Backup_Recovery/config_participants.py:421: in wrapped
    with operation(source, target=target):
         ^^^^^^^^^^^^^^^^^^^^^^^^^^^^^^^^
../../../../.local/share/uv/python/cpython-3.12.11-macos-aarch64-none/lib/python3.12/contextlib.py:137: in __enter__
    return next(self.gen)
           ^^^^^^^^^^^^^^
tldw_chatbook/Backup_Recovery/config_participants.py:352: in operation
    with raw._scope(source, route, writing=True, selected_read=target) as active:
         ^^^^^^^^^^^^^^^^^^^^^^^^^^^^^^^^^^^^^^^^^^^^^^^^^^^^^^^^^^^^^
../../../../.local/share/uv/python/cpython-3.12.11-macos-aarch64-none/lib/python3.12/contextlib.py:137: in __enter__
    return next(self.gen)
           ^^^^^^^^^^^^^^
tldw_chatbook/Backup_Recovery/raw_participants.py:649: in _scope
    participant = _raw_participant(source)
                  ^^^^^^^^^^^^^^^^^^^^^^^^
tldw_chatbook/Backup_Recovery/raw_participants.py:296: in _raw_participant
    state = _participant_state(participant)
            ^^^^^^^^^^^^^^^^^^^^^^^^^^^^^^^
_ _ _ _ _ _ _ _ _ _ _ _ _ _ _ _ _ _ _ _ _ _ _ _ _ _ _ _ _ _ _ _ _ _ _ _ _ _ _ _ 

participant = <tldw_chatbook.Backup_Recovery.raw_participants._RawParticipant object at 0x10ab0d490>

    def _participant_state(participant):
        if type(participant) is not _RawParticipant or participant not in _participants:
            raise bootstrap.RecoveryRequired("raw_participant_not_installed")
        state = _participants[participant]
        source = state.source()
        if source is None or type(source) is not state.source_type:
            raise bootstrap.RecoveryRequired("raw_participant_not_installed")
        if _source_participants.get(source) is not participant:
            raise bootstrap.RecoveryRequired("raw_participant_not_installed")
        if state.owner.startswith("mcp."):
            bound = mcp_sources.binding(source)
            if bound is None or not bound[2] or bound[1] != state.selected:
                raise bootstrap.RecoveryRequired("raw_source_selection_changed")
        if state.owner == "chat.dictionaries":
            binding = dictionary_files.binding(source)
            if binding is None or binding[1] != state.selected:
                raise bootstrap.RecoveryRequired("raw_source_selection_changed")
        if state.owner in {"personas", "chat.dictionary_history", "chat.rag_context"}:
            binding = chat_sources.binding(source)
            if binding is None or binding[1] != state.selected:
                raise bootstrap.RecoveryRequired("raw_source_selection_changed")
        if state.owner == "config":
            binding = config_files.binding(source)
            if binding is None or binding[1] != state.selected:
>               raise bootstrap.RecoveryRequired("raw_source_selection_changed")
E               tldw_chatbook.Backup_Recovery.bootstrap.RecoveryRequired: raw_source_selection_changed

tldw_chatbook/Backup_Recovery/raw_participants.py:132: RecoveryRequired
----------------------------- Captured stderr call -----------------------------
2026-10-03 20:37:19.553 | INFO     | tldw_chatbook.DB.ChaChaNotes_DB:__init__:3376 - Initializing CharactersRAGDB db_sha256=51fe2a44f129 [Client ID: note-span]
2026-10-03 20:37:19.735 | DEBUG    | tldw_chatbook.DB.ChaChaNotes_DB:_get_thread_connection:3554 - Opened/Reopened SQLite connection db_sha256=51fe2a44f129 thread=8494865792
2026-10-03 20:37:19.761 | DEBUG    | tldw_chatbook.DB.ChaChaNotes_DB:_enter_transaction:24489 - Started outermost transaction on thread 8494865792.
2026-10-03 20:37:19.761 | INFO     | tldw_chatbook.DB.ChaChaNotes_DB:_initialize_schema:8550 - Checking DB schema 'rag_char_chat_schema'. Current version: 0. Code supports: 76
2026-10-03 20:37:19.761 | INFO     | tldw_chatbook.DB.ChaChaNotes_DB:_apply_schema_v4:4437 - Applying schema Version 4 for 'rag_char_chat_schema' to DB: db_sha256=51fe2a44f129...
2026-10-03 20:37:19.764 | DEBUG    | tldw_chatbook.DB.ChaChaNotes_DB:_enter_transaction:24458 - Entered nested transaction level 2 on thread 8494865792.
2026-10-03 20:37:19.779 | DEBUG    | tldw_chatbook.DB.ChaChaNotes_DB:_apply_schema_v4:4478 - [rag_char_chat_schema V4] Full schema script executed.
2026-10-03 20:37:19.780 | INFO     | tldw_chatbook.DB.ChaChaNotes_DB:_apply_schema_v4:4485 - [rag_char_chat_schema V4] Schema 4 applied and version confirmed for DB: db_sha256=51fe2a44f129.
2026-10-03 20:37:19.780 | DEBUG    | tldw_chatbook.DB.ChaChaNotes_DB:_enrich_default_assistant_card_if_bare:4749 - [task-2451] Default Assistant enrichment UPDATE affected 1 row(s) in DB: db_sha256=51fe2a44f129.
2026-10-03 20:37:19.783 | INFO     | tldw_chatbook.DB.ChaChaNotes_DB:_migrate_from_v4_to_v5:4770 - Migrating schema from V4 to V5 for 'rag_char_chat_schema' in DB: db_sha256=51fe2a44f129...
2026-10-03 20:37:19.784 | DEBUG    | tldw_chatbook.DB.ChaChaNotes_DB:_enter_transaction:24458 - Entered nested transaction level 2 on thread 8494865792.
2026-10-03 20:37:19.799 | DEBUG    | tldw_chatbook.DB.ChaChaNotes_DB:_migrate_from_v4_to_v5:4780 - [rag_char_chat_schema V4→V5] Migration script executed.
2026-10-03 20:37:19.801 | INFO     | tldw_chatbook.DB.ChaChaNotes_DB:_migrate_from_v4_to_v5:4789 - [rag_char_chat_schema V4→V5] Migration completed successfully for DB: db_sha256=51fe2a44f129.
2026-10-03 20:37:19.801 | INFO     | tldw_chatbook.DB.ChaChaNotes_DB:_migrate_from_v5_to_v6:4823 - Migrating schema from V5 to V6 for 'rag_char_chat_schema' in DB: db_sha256=51fe2a44f129...
2026-10-03 20:37:19.802 | DEBUG    | tldw_chatbook.DB.ChaChaNotes_DB:_enter_transaction:24458 - Entered nested transaction level 2 on thread 8494865792.
2026-10-03 20:37:19.807 | DEBUG    | tldw_chatbook.DB.ChaChaNotes_DB:_migrate_from_v5_to_v6:4831 - [rag_char_chat_schema V5→V6] Migration script executed.
2026-10-03 20:37:19.809 | INFO     | tldw_chatbook.DB.ChaChaNotes_DB:_migrate_from_v5_to_v6:4840 - [rag_char_chat_schema V5→V6] Migration completed successfully for DB: db_sha256=51fe2a44f129.
2026-10-03 20:37:19.809 | INFO     | tldw_chatbook.DB.ChaChaNotes_DB:_migrate_from_v6_to_v7:4874 - Migrating schema from V6 to V7 for 'rag_char_chat_schema' in DB: db_sha256=51fe2a44f129...
2026-10-03 20:37:19.809 | DEBUG    | tldw_chatbook.DB.ChaChaNotes_DB:_enter_transaction:24458 - Entered nested transaction level 2 on thread 8494865792.
2026-10-03 20:37:19.811 | DEBUG    | tldw_chatbook.DB.ChaChaNotes_DB:_migrate_from_v6_to_v7:4882 - [rag_char_chat_schema V6→V7] Migration script executed.
2026-10-03 20:37:19.814 | INFO     | tldw_chatbook.DB.ChaChaNotes_DB:_migrate_from_v6_to_v7:4891 - [rag_char_chat_schema V6→V7] Migration completed successfully for DB: db_sha256=51fe2a44f129.
2026-10-03 20:37:19.814 | INFO     | tldw_chatbook.DB.ChaChaNotes_DB:_migrate_from_v7_to_v8:8464 - Migrating schema from V7 to V8 for 'rag_char_chat_schema' in DB: db_sha256=51fe2a44f129...
2026-10-03 20:37:19.814 | DEBUG    | tldw_chatbook.DB.ChaChaNotes_DB:_enter_transaction:24458 - Entered nested transaction level 2 on thread 8494865792.
2026-10-03 20:37:19.817 | DEBUG    | tldw_chatbook.DB.ChaChaNotes_DB:_migrate_from_v7_to_v8:8472 - [rag_char_chat_schema V7→V8] Migration script executed.
2026-10-03 20:37:19.819 | INFO     | tldw_chatbook.DB.ChaChaNotes_DB:_migrate_from_v7_to_v8:8481 - [rag_char_chat_schema V7→V8] Migration completed successfully for DB: db_sha256=51fe2a44f129.
2026-10-03 20:37:19.823 | INFO     | tldw_chatbook.DB.ChaChaNotes_DB:_migrate_from_v8_to_v9:4925 - Migrating schema from V8 to V9 for 'rag_char_chat_schema' in DB: db_sha256=51fe2a44f129...
2026-10-03 20:37:19.824 | DEBUG    | tldw_chatbook.DB.ChaChaNotes_DB:_enter_transaction:24458 - Entered nested transaction level 2 on thread 8494865792.
2026-10-03 20:37:19.831 | DEBUG    | tldw_chatbook.DB.ChaChaNotes_DB:_migrate_from_v8_to_v9:4933 - [rag_char_chat_schema V8→V9] Migration script executed.
2026-10-03 20:37:19.835 | INFO     | tldw_chatbook.DB.ChaChaNotes_DB:_migrate_from_v8_to_v9:4942 - [rag_char_chat_schema V8→V9] Migration completed successfully for DB: db_sha256=51fe2a44f129.
2026-10-03 20:37:19.836 | INFO     | tldw_chatbook.DB.ChaChaNotes_DB:_migrate_from_v9_to_v10:4976 - Migrating schema from V9 to V10 for 'rag_char_chat_schema' in DB: db_sha256=51fe2a44f129...
2026-10-03 20:37:19.836 | DEBUG    | tldw_chatbook.DB.ChaChaNotes_DB:_enter_transaction:24458 - Entered nested transaction level 2 on thread 8494865792.
2026-10-03 20:37:19.840 | DEBUG    | tldw_chatbook.DB.ChaChaNotes_DB:_migrate_from_v9_to_v10:4984 - [rag_char_chat_schema V9→V10] Migration script executed.
2026-10-03 20:37:19.843 | INFO     | tldw_chatbook.DB.ChaChaNotes_DB:_migrate_from_v9_to_v10:4993 - [rag_char_chat_schema V9→V10] Migration completed successfully for DB: db_sha256=51fe2a44f129.
2026-10-03 20:37:19.843 | INFO     | tldw_chatbook.DB.ChaChaNotes_DB:_migrate_from_v10_to_v11:5027 - Migrating schema from V10 to V11 for 'rag_char_chat_schema' in DB: db_sha256=51fe2a44f129...
2026-10-03 20:37:19.844 | DEBUG    | tldw_chatbook.DB.ChaChaNotes_DB:_enter_transaction:24458 - Entered nested transaction level 2 on thread 8494865792.
2026-10-03 20:37:19.850 | DEBUG    | tldw_chatbook.DB.ChaChaNotes_DB:_migrate_from_v10_to_v11:5035 - [rag_char_chat_schema V10→V11] Migration script executed.
2026-10-03 20:37:19.852 | INFO     | tldw_chatbook.DB.ChaChaNotes_DB:_migrate_from_v10_to_v11:5044 - [rag_char_chat_schema V10→V11] Migration completed successfully for DB: db_sha256=51fe2a44f129.
2026-10-03 20:37:19.856 | INFO     | tldw_chatbook.DB.ChaChaNotes_DB:_migrate_from_v11_to_v12:5078 - Migrating schema from V11 to V12 for 'rag_char_chat_schema' in DB: db_sha256=51fe2a44f129...
2026-10-03 20:37:19.857 | DEBUG    | tldw_chatbook.DB.ChaChaNotes_DB:_enter_transaction:24458 - Entered nested transaction level 2 on thread 8494865792.
2026-10-03 20:37:19.870 | DEBUG    | tldw_chatbook.DB.ChaChaNotes_DB:_migrate_from_v11_to_v12:5086 - [rag_char_chat_schema V11→V12] Migration script executed.
2026-10-03 20:37:19.874 | INFO     | tldw_chatbook.DB.ChaChaNotes_DB:_migrate_from_v11_to_v12:5095 - [rag_char_chat_schema V11→V12] Migration completed successfully for DB: db_sha256=51fe2a44f129.
2026-10-03 20:37:19.878 | INFO     | tldw_chatbook.DB.ChaChaNotes_DB:_migrate_from_v12_to_v13:5121 - Migrating schema from V12 to V13 for 'rag_char_chat_schema' in DB: db_sha256=51fe2a44f129...
2026-10-03 20:37:19.884 | DEBUG    | tldw_chatbook.DB.ChaChaNotes_DB:_enter_transaction:24458 - Entered nested transaction level 2 on thread 8494865792.
2026-10-03 20:37:19.920 | DEBUG    | tldw_chatbook.DB.ChaChaNotes_DB:_migrate_from_v12_to_v13:5129 - [rag_char_chat_schema V12→V13] Migration script executed.
2026-10-03 20:37:19.920 | INFO     | tldw_chatbook.DB.ChaChaNotes_DB:_migrate_from_v12_to_v13:5137 - [rag_char_chat_schema V12→V13] Migration completed successfully for DB: db_sha256=51fe2a44f129.
2026-10-03 20:37:19.920 | INFO     | tldw_chatbook.DB.ChaChaNotes_DB:_migrate_from_v13_to_v14:5162 - Migrating schema from V13 to V14 for 'rag_char_chat_schema' in DB: db_sha256=51fe2a44f129...
2026-10-03 20:37:19.920 | DEBUG    | tldw_chatbook.DB.ChaChaNotes_DB:_enter_transaction:24458 - Entered nested transaction level 2 on thread 8494865792.
2026-10-03 20:37:19.929 | DEBUG    | tldw_chatbook.DB.ChaChaNotes_DB:_migrate_from_v13_to_v14:5170 - [rag_char_chat_schema V13→V14] Migration script executed.
2026-10-03 20:37:19.932 | INFO     | tldw_chatbook.DB.ChaChaNotes_DB:_migrate_from_v13_to_v14:5178 - [rag_char_chat_schema V13→V14] Migration completed successfully for DB: db_sha256=51fe2a44f129.
2026-10-03 20:37:19.936 | INFO     | tldw_chatbook.DB.ChaChaNotes_DB:_migrate_from_v14_to_v15:5203 - Migrating schema from V14 to V15 for 'rag_char_chat_schema' in DB: db_sha256=51fe2a44f129...
2026-10-03 20:37:19.941 | DEBUG    | tldw_chatbook.DB.ChaChaNotes_DB:_enter_transaction:24458 - Entered nested transaction level 2 on thread 8494865792.
2026-10-03 20:37:19.946 | DEBUG    | tldw_chatbook.DB.ChaChaNotes_DB:_migrate_from_v14_to_v15:5211 - [rag_char_chat_schema V14→V15] Migration script executed.
2026-10-03 20:37:19.948 | INFO     | tldw_chatbook.DB.ChaChaNotes_DB:_migrate_from_v14_to_v15:5219 - [rag_char_chat_schema V14→V15] Migration completed successfully for DB: db_sha256=51fe2a44f129.
2026-10-03 20:37:19.952 | INFO     | tldw_chatbook.DB.ChaChaNotes_DB:_migrate_from_v15_to_v16:5245 - Migrating schema from V15 to V16 for 'rag_char_chat_schema' in DB: db_sha256=51fe2a44f129...
2026-10-03 20:37:19.957 | DEBUG    | tldw_chatbook.DB.ChaChaNotes_DB:_enter_transaction:24458 - Entered nested transaction level 2 on thread 8494865792.
2026-10-03 20:37:19.961 | DEBUG    | tldw_chatbook.DB.ChaChaNotes_DB:_migrate_from_v15_to_v16:5288 - [rag_char_chat_schema V15→V16] Migration script executed.
2026-10-03 20:37:19.964 | INFO     | tldw_chatbook.DB.ChaChaNotes_DB:_migrate_from_v15_to_v16:5298 - [rag_char_chat_schema V15→V16] Migration completed successfully for DB: db_sha256=51fe2a44f129.
2026-10-03 20:37:19.964 | INFO     | tldw_chatbook.DB.ChaChaNotes_DB:_migrate_from_v16_to_v17:5324 - Migrating schema from V16 to V17 for 'rag_char_chat_schema' in DB: db_sha256=51fe2a44f129...
2026-10-03 20:37:19.968 | DEBUG    | tldw_chatbook.DB.ChaChaNotes_DB:_enter_transaction:24458 - Entered nested transaction level 2 on thread 8494865792.
2026-10-03 20:37:19.972 | DEBUG    | tldw_chatbook.DB.ChaChaNotes_DB:_migrate_from_v16_to_v17:5332 - [rag_char_chat_schema V16→V17] Migration script executed.
2026-10-03 20:37:19.976 | INFO     | tldw_chatbook.DB.ChaChaNotes_DB:_migrate_from_v16_to_v17:5340 - [rag_char_chat_schema V16→V17] Migration completed successfully for DB: db_sha256=51fe2a44f129.
2026-10-03 20:37:19.980 | INFO     | tldw_chatbook.DB.ChaChaNotes_DB:_migrate_from_v17_to_v18:5368 - Migrating schema from V17 to V18 for 'rag_char_chat_schema' in DB: db_sha256=51fe2a44f129...
2026-10-03 20:37:19.980 | DEBUG    | tldw_chatbook.DB.ChaChaNotes_DB:_enter_transaction:24458 - Entered nested transaction level 2 on thread 8494865792.
2026-10-03 20:37:19.988 | DEBUG    | tldw_chatbook.DB.ChaChaNotes_DB:_migrate_from_v17_to_v18:5376 - [rag_char_chat_schema V17→V18] Migration script executed.
2026-10-03 20:37:19.991 | INFO     | tldw_chatbook.DB.ChaChaNotes_DB:_migrate_from_v17_to_v18:5384 - [rag_char_chat_schema V17→V18] Migration completed successfully for DB: db_sha256=51fe2a44f129.
2026-10-03 20:37:19.991 | INFO     | tldw_chatbook.DB.ChaChaNotes_DB:_migrate_from_v18_to_v19:8414 - Migrating schema from V18 to V19 for 'rag_char_chat_schema' in DB: db_sha256=51fe2a44f129...
2026-10-03 20:37:19.992 | DEBUG    | tldw_chatbook.DB.ChaChaNotes_DB:_enter_transaction:24458 - Entered nested transaction level 2 on thread 8494865792.
2026-10-03 20:37:19.995 | DEBUG    | tldw_chatbook.DB.ChaChaNotes_DB:_migrate_from_v18_to_v19:8422 - [rag_char_chat_schema V18→V19] Migration script executed.
2026-10-03 20:37:19.999 | INFO     | tldw_chatbook.DB.ChaChaNotes_DB:_migrate_from_v18_to_v19:8430 - [rag_char_chat_schema V18→V19] Migration completed successfully for DB: db_sha256=51fe2a44f129.
2026-10-03 20:37:19.999 | INFO     | tldw_chatbook.DB.ChaChaNotes_DB:_migrate_from_v19_to_v20:5412 - Migrating schema from V19 to V20 for 'rag_char_chat_schema' in DB: db_sha256=51fe2a44f129...
2026-10-03 20:37:20.000 | DEBUG    | tldw_chatbook.DB.ChaChaNotes_DB:_enter_transaction:24458 - Entered nested transaction level 2 on thread 8494865792.
2026-10-03 20:37:20.008 | DEBUG    | tldw_chatbook.DB.ChaChaNotes_DB:_migrate_from_v19_to_v20:5431 - [rag_char_chat_schema V19→V20] Migration script executed.
2026-10-03 20:37:20.011 | INFO     | tldw_chatbook.DB.ChaChaNotes_DB:_migrate_from_v19_to_v20:5439 - [rag_char_chat_schema V19→V20] Migration completed successfully for DB: db_sha256=51fe2a44f129.
2026-10-03 20:37:20.011 | INFO     | tldw_chatbook.DB.ChaChaNotes_DB:_migrate_from_v20_to_v21:5467 - Migrating schema from V20 to V21 for 'rag_char_chat_schema' in DB: db_sha256=51fe2a44f129...
2026-10-03 20:37:20.016 | DEBUG    | tldw_chatbook.DB.ChaChaNotes_DB:_enter_transaction:24458 - Entered nested transaction level 2 on thread 8494865792.
2026-10-03 20:37:20.020 | DEBUG    | tldw_chatbook.DB.ChaChaNotes_DB:_migrate_from_v20_to_v21:5488 - [rag_char_chat_schema V20→V21] Migration script executed.
2026-10-03 20:37:20.023 | INFO     | tldw_chatbook.DB.ChaChaNotes_DB:_migrate_from_v20_to_v21:5496 - [rag_char_chat_schema V20→V21] Migration completed successfully for DB: db_sha256=51fe2a44f129.
2026-10-03 20:37:20.024 | INFO     | tldw_chatbook.DB.ChaChaNotes_DB:_migrate_from_v21_to_v22:5518 - Migrating schema from V21 to V22 for 'rag_char_chat_schema' in DB: db_sha256=51fe2a44f129...
2026-10-03 20:37:20.024 | DEBUG    | tldw_chatbook.DB.ChaChaNotes_DB:_enter_transaction:24458 - Entered nested transaction level 2 on thread 8494865792.
2026-10-03 20:37:20.029 | DEBUG    | tldw_chatbook.DB.ChaChaNotes_DB:_migrate_from_v21_to_v22:5536 - [rag_char_chat_schema V21→V22] Migration script executed.
2026-10-03 20:37:20.032 | INFO     | tldw_chatbook.DB.ChaChaNotes_DB:_migrate_from_v21_to_v22:5542 - [rag_char_chat_schema V21→V22] Migration completed successfully for DB: db_sha256=51fe2a44f129.
2026-10-03 20:37:20.032 | INFO     | tldw_chatbook.DB.ChaChaNotes_DB:_migrate_from_v22_to_v23:5564 - Migrating schema from V22 to V23 for 'rag_char_chat_schema' in DB: db_sha256=51fe2a44f129...
2026-10-03 20:37:20.033 | DEBUG    | tldw_chatbook.DB.ChaChaNotes_DB:_enter_transaction:24458 - Entered nested transaction level 2 on thread 8494865792.
2026-10-03 20:37:20.037 | DEBUG    | tldw_chatbook.DB.ChaChaNotes_DB:_migrate_from_v22_to_v23:5572 - [rag_char_chat_schema V22→V23] Migration script executed.
2026-10-03 20:37:20.040 | INFO     | tldw_chatbook.DB.ChaChaNotes_DB:_migrate_from_v22_to_v23:5578 - [rag_char_chat_schema V22→V23] Migration completed successfully for DB: db_sha256=51fe2a44f129.
2026-10-03 20:37:20.044 | INFO     | tldw_chatbook.DB.ChaChaNotes_DB:_migrate_from_v23_to_v24:5601 - Migrating schema from V23 to V24 for 'rag_char_chat_schema' in DB: db_sha256=51fe2a44f129...
2026-10-03 20:37:20.049 | DEBUG    | tldw_chatbook.DB.ChaChaNotes_DB:_enter_transaction:24458 - Entered nested transaction level 2 on thread 8494865792.
2026-10-03 20:37:20.055 | DEBUG    | tldw_chatbook.DB.ChaChaNotes_DB:_migrate_from_v23_to_v24:5619 - [rag_char_chat_schema V23→V24] Migration script executed.
2026-10-03 20:37:20.056 | INFO     | tldw_chatbook.DB.ChaChaNotes_DB:_migrate_from_v23_to_v24:5625 - [rag_char_chat_schema V23→V24] Migration completed successfully for DB: db_sha256=51fe2a44f129.
2026-10-03 20:37:20.060 | INFO     | tldw_chatbook.DB.ChaChaNotes_DB:_migrate_from_v24_to_v25:5648 - Migrating schema from V24 to V25 for 'rag_char_chat_schema' in DB: db_sha256=51fe2a44f129...
2026-10-03 20:37:20.061 | DEBUG    | tldw_chatbook.DB.ChaChaNotes_DB:_enter_transaction:24458 - Entered nested transaction level 2 on thread 8494865792.
2026-10-03 20:37:20.065 | DEBUG    | tldw_chatbook.DB.ChaChaNotes_DB:_migrate_from_v24_to_v25:5656 - [rag_char_chat_schema V24→V25] Migration script executed.
2026-10-03 20:37:20.065 | INFO     | tldw_chatbook.DB.ChaChaNotes_DB:_migrate_from_v24_to_v25:5662 - [rag_char_chat_schema V24→V25] Migration completed successfully for DB: db_sha256=51fe2a44f129.
2026-10-03 20:37:20.065 | INFO     | tldw_chatbook.DB.ChaChaNotes_DB:_migrate_from_v25_to_v26:5686 - Migrating schema from V25 to V26 for 'rag_char_chat_schema' in DB: db_sha256=51fe2a44f129...
2026-10-03 20:37:20.066 | DEBUG    | tldw_chatbook.DB.ChaChaNotes_DB:_enter_transaction:24458 - Entered nested transaction level 2 on thread 8494865792.
2026-10-03 20:37:20.080 | DEBUG    | tldw_chatbook.DB.ChaChaNotes_DB:_migrate_from_v25_to_v26:5708 - [rag_char_chat_schema V25→V26] Migration script executed.
2026-10-03 20:37:20.081 | INFO     | tldw_chatbook.DB.ChaChaNotes_DB:_migrate_from_v25_to_v26:5714 - [rag_char_chat_schema V25→V26] Migration completed successfully for DB: db_sha256=51fe2a44f129.
2026-10-03 20:37:20.086 | DEBUG    | tldw_chatbook.DB.ChaChaNotes_DB:_enter_transaction:24458 - Entered nested transaction level 2 on thread 8494865792.
2026-10-03 20:37:20.094 | DEBUG    | tldw_chatbook.DB.ChaChaNotes_DB:_enter_transaction:24458 - Entered nested transaction level 2 on thread 8494865792.
2026-10-03 20:37:20.097 | DEBUG    | tldw_chatbook.DB.ChaChaNotes_DB:_enter_transaction:24458 - Entered nested transaction level 3 on thread 8494865792.
2026-10-03 20:37:20.106 | INFO     | tldw_chatbook.DB.ChaChaNotes_DB:_migrate_from_v28_to_v29:5901 - Migrating schema from V28 to V29 for 'rag_char_chat_schema' in DB: db_sha256=51fe2a44f129...
2026-10-03 20:37:20.107 | DEBUG    | tldw_chatbook.DB.ChaChaNotes_DB:_enter_transaction:24458 - Entered nested transaction level 2 on thread 8494865792.
2026-10-03 20:37:20.112 | DEBUG    | tldw_chatbook.DB.ChaChaNotes_DB:_migrate_from_v28_to_v29:5909 - [rag_char_chat_schema V28→V29] Migration script executed.
2026-10-03 20:37:20.115 | INFO     | tldw_chatbook.DB.ChaChaNotes_DB:_migrate_from_v28_to_v29:5917 - [rag_char_chat_schema V28→V29] Migration completed successfully for DB: db_sha256=51fe2a44f129.
2026-10-03 20:37:20.115 | INFO     | tldw_chatbook.DB.ChaChaNotes_DB:_migrate_from_v29_to_v30:5944 - Migrating schema from V29 to V30 for 'rag_char_chat_schema' in DB: db_sha256=51fe2a44f129...
2026-10-03 20:37:20.120 | DEBUG    | tldw_chatbook.DB.ChaChaNotes_DB:_enter_transaction:24458 - Entered nested transaction level 2 on thread 8494865792.
2026-10-03 20:37:20.127 | DEBUG    | tldw_chatbook.DB.ChaChaNotes_DB:_migrate_from_v29_to_v30:5970 - [rag_char_chat_schema V29→V30] Migration script executed.
2026-10-03 20:37:20.127 | INFO     | tldw_chatbook.DB.ChaChaNotes_DB:_migrate_from_v29_to_v30:5994 - [rag_char_chat_schema V29→V30] Migration completed successfully for DB: db_sha256=51fe2a44f129.
2026-10-03 20:37:20.127 | INFO     | tldw_chatbook.DB.ChaChaNotes_DB:_migrate_from_v30_to_v31:6021 - Migrating schema from V30 to V31 for 'rag_char_chat_schema' in DB: db_sha256=51fe2a44f129...
2026-10-03 20:37:20.128 | DEBUG    | tldw_chatbook.DB.ChaChaNotes_DB:_enter_transaction:24458 - Entered nested transaction level 2 on thread 8494865792.
2026-10-03 20:37:20.132 | DEBUG    | tldw_chatbook.DB.ChaChaNotes_DB:_migrate_from_v30_to_v31:6047 - [rag_char_chat_schema V30→V31] Migration script executed.
2026-10-03 20:37:20.132 | INFO     | tldw_chatbook.DB.ChaChaNotes_DB:_migrate_from_v30_to_v31:6071 - [rag_char_chat_schema V30→V31] Migration completed successfully for DB: db_sha256=51fe2a44f129.
2026-10-03 20:37:20.136 | INFO     | tldw_chatbook.DB.ChaChaNotes_DB:_migrate_from_v31_to_v32:6104 - Migrating schema from V31 to V32 for 'rag_char_chat_schema' in DB: db_sha256=51fe2a44f129...
2026-10-03 20:37:20.136 | DEBUG    | tldw_chatbook.DB.ChaChaNotes_DB:_enrich_default_assistant_card_if_bare:4749 - [task-2451] Default Assistant enrichment UPDATE affected 0 row(s) in DB: db_sha256=51fe2a44f129.
2026-10-03 20:37:20.137 | INFO     | tldw_chatbook.DB.ChaChaNotes_DB:_migrate_from_v31_to_v32:6130 - [rag_char_chat_schema V31→V32] Migration completed successfully for DB: db_sha256=51fe2a44f129.
2026-10-03 20:37:20.137 | DEBUG    | tldw_chatbook.DB.ChaChaNotes_DB:_enter_transaction:24458 - Entered nested transaction level 2 on thread 8494865792.
2026-10-03 20:37:20.143 | DEBUG    | tldw_chatbook.DB.ChaChaNotes_DB:_enter_transaction:24458 - Entered nested transaction level 2 on thread 8494865792.
2026-10-03 20:37:20.147 | DEBUG    | tldw_chatbook.DB.ChaChaNotes_DB:_enter_transaction:24458 - Entered nested transaction level 2 on thread 8494865792.
2026-10-03 20:37:20.149 | DEBUG    | tldw_chatbook.DB.ChaChaNotes_DB:_enter_transaction:24458 - Entered nested transaction level 2 on thread 8494865792.
2026-10-03 20:37:20.153 | DEBUG    | tldw_chatbook.DB.ChaChaNotes_DB:_enter_transaction:24458 - Entered nested transaction level 2 on thread 8494865792.
2026-10-03 20:37:20.162 | DEBUG    | tldw_chatbook.DB.ChaChaNotes_DB:_enter_transaction:24458 - Entered nested transaction level 2 on thread 8494865792.
2026-10-03 20:37:20.166 | DEBUG    | tldw_chatbook.DB.ChaChaNotes_DB:_enter_transaction:24458 - Entered nested transaction level 2 on thread 8494865792.
2026-10-03 20:37:20.170 | DEBUG    | tldw_chatbook.DB.ChaChaNotes_DB:_enter_transaction:24458 - Entered nested transaction level 2 on thread 8494865792.
2026-10-03 20:37:20.174 | DEBUG    | tldw_chatbook.DB.ChaChaNotes_DB:_enter_transaction:24458 - Entered nested transaction level 2 on thread 8494865792.
2026-10-03 20:37:20.179 | INFO     | tldw_chatbook.DB.ChaChaNotes_DB:_migrate_from_v41_to_v42:6450 - Migrating schema from V41 to V42 for 'rag_char_chat_schema' in DB: db_sha256=51fe2a44f129...
2026-10-03 20:37:20.183 | INFO     | tldw_chatbook.DB.ChaChaNotes_DB:_migrate_from_v41_to_v42:6514 - [rag_char_chat_schema V41→V42] conversations.console_project_context_json already present; applying the version bump only.
2026-10-03 20:37:20.184 | INFO     | tldw_chatbook.DB.ChaChaNotes_DB:_migrate_from_v42_to_v43:6564 - Migrating schema from V42 to V43 for 'rag_char_chat_schema' in DB: db_sha256=51fe2a44f129...
2026-10-03 20:37:20.185 | DEBUG    | tldw_chatbook.DB.ChaChaNotes_DB:_enter_transaction:24458 - Entered nested transaction level 2 on thread 8494865792.
2026-10-03 20:37:20.190 | INFO     | tldw_chatbook.DB.ChaChaNotes_DB:_migrate_from_v42_to_v43:6703 - [rag_char_chat_schema V42→V43] Migration completed successfully for DB: db_sha256=51fe2a44f129.
2026-10-03 20:37:20.193 | INFO     | tldw_chatbook.DB.ChaChaNotes_DB:_migrate_from_v43_to_v44:6733 - Migrating schema from V43 to V44 for 'rag_char_chat_schema' in DB: db_sha256=51fe2a44f129...
2026-10-03 20:37:20.197 | DEBUG    | tldw_chatbook.DB.ChaChaNotes_DB:_enter_transaction:24458 - Entered nested transaction level 2 on thread 8494865792.
2026-10-03 20:37:20.209 | INFO     | tldw_chatbook.DB.ChaChaNotes_DB:_migrate_from_v43_to_v44:6773 - [rag_char_chat_schema V43→V44] Migration completed successfully for DB: db_sha256=51fe2a44f129.
2026-10-03 20:37:20.209 | INFO     | tldw_chatbook.DB.ChaChaNotes_DB:_migrate_from_v44_to_v45:6842 - Actor Pack schema migration started: chachanotes_v44_to_v45
2026-10-03 20:37:20.209 | DEBUG    | tldw_chatbook.DB.ChaChaNotes_DB:_enter_transaction:24458 - Entered nested transaction level 2 on thread 8494865792.
2026-10-03 20:37:20.211 | INFO     | tldw_chatbook.DB.ChaChaNotes_DB:_migrate_from_v44_to_v45:6875 - Actor Pack schema migration completed: chachanotes_v44_to_v45
2026-10-03 20:37:20.211 | INFO     | tldw_chatbook.DB.ChaChaNotes_DB:_migrate_from_v45_to_v46:6919 - Migrating schema from V45 to V46 for 'rag_char_chat_schema' in DB: db_sha256=51fe2a44f129...
2026-10-03 20:37:20.211 | DEBUG    | tldw_chatbook.DB.ChaChaNotes_DB:_enter_transaction:24458 - Entered nested transaction level 2 on thread 8494865792.
2026-10-03 20:37:20.217 | INFO     | tldw_chatbook.DB.ChaChaNotes_DB:_migrate_from_v45_to_v46:6965 - [rag_char_chat_schema V45→V46] Migration completed successfully for DB: db_sha256=51fe2a44f129. Purged 0 unreachable sync_log row(s) of 1.
2026-10-03 20:37:20.220 | INFO     | tldw_chatbook.DB.ChaChaNotes_DB:_migrate_from_v46_to_v47:7007 - Migrating schema from V46 to V47 for 'rag_char_chat_schema' in DB: db_sha256=51fe2a44f129...
2026-10-03 20:37:20.220 | DEBUG    | tldw_chatbook.DB.ChaChaNotes_DB:_enter_transaction:24458 - Entered nested transaction level 2 on thread 8494865792.
2026-10-03 20:37:20.221 | INFO     | tldw_chatbook.DB.ChaChaNotes_DB:_migrate_from_v46_to_v47:7042 - [rag_char_chat_schema V46→V47] Migration completed successfully for DB: db_sha256=51fe2a44f129.
2026-10-03 20:37:20.222 | DEBUG    | tldw_chatbook.DB.ChaChaNotes_DB:_enter_transaction:24458 - Entered nested transaction level 2 on thread 8494865792.
2026-10-03 20:37:20.228 | INFO     | tldw_chatbook.DB.ChaChaNotes_DB:_migrate_from_v48_to_v49:7198 - Migrating schema from V48 to V49 for 'rag_char_chat_schema' in DB: db_sha256=51fe2a44f129...
2026-10-03 20:37:20.228 | DEBUG    | tldw_chatbook.DB.ChaChaNotes_DB:_enter_transaction:24458 - Entered nested transaction level 2 on thread 8494865792.
2026-10-03 20:37:20.229 | INFO     | tldw_chatbook.DB.ChaChaNotes_DB:_migrate_from_v48_to_v49:7233 - [rag_char_chat_schema V48→V49] Migration completed successfully for DB: db_sha256=51fe2a44f129.
2026-10-03 20:37:20.229 | INFO     | tldw_chatbook.DB.ChaChaNotes_DB:_migrate_from_v49_to_v50:7281 - Migrating schema from V49 to V50 for 'rag_char_chat_schema' in DB: db_sha256=51fe2a44f129...
2026-10-03 20:37:20.229 | DEBUG    | tldw_chatbook.DB.ChaChaNotes_DB:_enter_transaction:24458 - Entered nested transaction level 2 on thread 8494865792.
2026-10-03 20:37:20.230 | INFO     | tldw_chatbook.DB.ChaChaNotes_DB:_migrate_from_v49_to_v50:7315 - [rag_char_chat_schema V49→V50] Migration completed successfully for DB: db_sha256=51fe2a44f129.
2026-10-03 20:37:20.230 | DEBUG    | tldw_chatbook.DB.ChaChaNotes_DB:_enter_transaction:24458 - Entered nested transaction level 2 on thread 8494865792.
2026-10-03 20:37:20.235 | DEBUG    | tldw_chatbook.DB.ChaChaNotes_DB:_enter_transaction:24458 - Entered nested transaction level 2 on thread 8494865792.
2026-10-03 20:37:20.247 | INFO     | tldw_chatbook.DB.ChaChaNotes_DB:_migrate_from_v52_to_v53:7440 - Migrating schema from V52 to V53 for 'rag_char_chat_schema' in DB: db_sha256=51fe2a44f129...
2026-10-03 20:37:20.248 | DEBUG    | tldw_chatbook.DB.ChaChaNotes_DB:_enter_transaction:24458 - Entered nested transaction level 2 on thread 8494865792.
2026-10-03 20:37:20.248 | INFO     | tldw_chatbook.DB.ChaChaNotes_DB:_migrate_from_v52_to_v53:7505 - [rag_char_chat_schema V52→V53] Migration completed for DB: db_sha256=51fe2a44f129 (examined 0, compacted 0, skipped 0 unreadable).
2026-10-03 20:37:20.248 | DEBUG    | tldw_chatbook.DB.ChaChaNotes_DB:_enter_transaction:24458 - Entered nested transaction level 2 on thread 8494865792.
2026-10-03 20:37:20.253 | DEBUG    | tldw_chatbook.DB.ChaChaNotes_DB:_enter_transaction:24458 - Entered nested transaction level 2 on thread 8494865792.
2026-10-03 20:37:20.255 | DEBUG    | tldw_chatbook.DB.ChaChaNotes_DB:_enter_transaction:24458 - Entered nested transaction level 2 on thread 8494865792.
2026-10-03 20:37:20.271 | DEBUG    | tldw_chatbook.DB.ChaChaNotes_DB:_enter_transaction:24458 - Entered nested transaction level 2 on thread 8494865792.
2026-10-03 20:37:20.283 | DEBUG    | tldw_chatbook.DB.ChaChaNotes_DB:_enter_transaction:24458 - Entered nested transaction level 2 on thread 8494865792.
2026-10-03 20:37:20.317 | DEBUG    | tldw_chatbook.DB.ChaChaNotes_DB:_enter_transaction:24458 - Entered nested transaction level 2 on thread 8494865792.
2026-10-03 20:37:20.321 | DEBUG    | tldw_chatbook.DB.ChaChaNotes_DB:_enter_transaction:24458 - Entered nested transaction level 2 on thread 8494865792.
2026-10-03 20:37:20.323 | DEBUG    | tldw_chatbook.DB.ChaChaNotes_DB:_enter_transaction:24458 - Entered nested transaction level 2 on thread 8494865792.
2026-10-03 20:37:20.324 | DEBUG    | tldw_chatbook.DB.ChaChaNotes_DB:_enter_transaction:24458 - Entered nested transaction level 2 on thread 8494865792.
2026-10-03 20:37:20.350 | DEBUG    | tldw_chatbook.DB.ChaChaNotes_DB:_enter_transaction:24458 - Entered nested transaction level 2 on thread 8494865792.
2026-10-03 20:37:20.357 | DEBUG    | tldw_chatbook.DB.ChaChaNotes_DB:_enter_transaction:24458 - Entered nested transaction level 2 on thread 8494865792.
2026-10-03 20:37:20.383 | DEBUG    | tldw_chatbook.DB.ChaChaNotes_DB:_enter_transaction:24458 - Entered nested transaction level 2 on thread 8494865792.
2026-10-03 20:37:20.385 | DEBUG    | tldw_chatbook.DB.ChaChaNotes_DB:_enter_transaction:24458 - Entered nested transaction level 2 on thread 8494865792.
2026-10-03 20:37:20.393 | DEBUG    | tldw_chatbook.DB.ChaChaNotes_DB:_enter_transaction:24458 - Entered nested transaction level 3 on thread 8494865792.
2026-10-03 20:37:20.394 | DEBUG    | tldw_chatbook.DB.ChaChaNotes_DB:_enter_transaction:24458 - Entered nested transaction level 3 on thread 8494865792.
2026-10-03 20:37:20.396 | DEBUG    | tldw_chatbook.DB.ChaChaNotes_DB:_enter_transaction:24458 - Entered nested transaction level 2 on thread 8494865792.
2026-10-03 20:37:20.400 | DEBUG    | tldw_chatbook.DB.ChaChaNotes_DB:_enter_transaction:24458 - Entered nested transaction level 2 on thread 8494865792.
2026-10-03 20:37:20.427 | DEBUG    | tldw_chatbook.DB.ChaChaNotes_DB:_enter_transaction:24458 - Entered nested transaction level 2 on thread 8494865792.
2026-10-03 20:37:20.429 | DEBUG    | tldw_chatbook.DB.ChaChaNotes_DB:_enter_transaction:24458 - Entered nested transaction level 2 on thread 8494865792.
2026-10-03 20:37:20.430 | DEBUG    | tldw_chatbook.DB.ChaChaNotes_DB:_enter_transaction:24458 - Entered nested transaction level 2 on thread 8494865792.
2026-10-03 20:37:20.440 | DEBUG    | tldw_chatbook.DB.ChaChaNotes_DB:_enter_transaction:24458 - Entered nested transaction level 2 on thread 8494865792.
2026-10-03 20:37:20.459 | DEBUG    | tldw_chatbook.DB.ChaChaNotes_DB:_enter_transaction:24458 - Entered nested transaction level 2 on thread 8494865792.
2026-10-03 20:37:20.460 | DEBUG    | tldw_chatbook.DB.ChaChaNotes_DB:_enter_transaction:24458 - Entered nested transaction level 2 on thread 8494865792.
2026-10-03 20:37:20.470 | DEBUG    | tldw_chatbook.DB.ChaChaNotes_DB:_enter_transaction:24458 - Entered nested transaction level 2 on thread 8494865792.
2026-10-03 20:37:20.477 | DEBUG    | tldw_chatbook.DB.ChaChaNotes_DB:_enter_transaction:24458 - Entered nested transaction level 2 on thread 8494865792.
2026-10-03 20:37:20.515 | INFO     | tldw_chatbook.DB.ChaChaNotes_DB:_initialize_schema:8685 - Database schema 'rag_char_chat_schema' successfully initialized/migrated to version 76.
2026-10-03 20:37:20.656 | DEBUG    | tldw_chatbook.DB.ChaChaNotes_DB:_exit_transaction:24552 - Transaction (outermost) committed successfully on thread 8494865792.
2026-10-03 20:37:20.656 | DEBUG    | tldw_chatbook.DB.ChaChaNotes_DB:__init__:3399 - CharactersRAGDB initialization completed successfully db_sha256=51fe2a44f129
2026-10-03 20:37:20.675 | DEBUG    | tldw_chatbook.Chat.chat_persistence_service:__init__:271 - Recovered-media message source is unavailable.
2026-10-03 20:37:20.676 | DEBUG    | tldw_chatbook.DB.ChaChaNotes_DB:_enter_transaction:24489 - Started outermost transaction on thread 8494865792.
2026-10-03 20:37:20.679 | DEBUG    | tldw_chatbook.DB.ChaChaNotes_DB:_enter_transaction:24458 - Entered nested transaction level 2 on thread 8494865792.
2026-10-03 20:37:20.683 | DEBUG    | tldw_chatbook.DB.ChaChaNotes_DB:add_conversation:11073 - Added conversation ID: eea63183-fad2-410c-8d3e-0c17e66dd680.
2026-10-03 20:37:20.684 | DEBUG    | tldw_chatbook.DB.ChaChaNotes_DB:_enter_transaction:24458 - Entered nested transaction level 2 on thread 8494865792.
2026-10-03 20:37:20.685 | DEBUG    | tldw_chatbook.DB.ChaChaNotes_DB:_exit_transaction:24552 - Transaction (outermost) committed successfully on thread 8494865792.
2026-10-03 20:37:20.685 | DEBUG    | tldw_chatbook.DB.ChaChaNotes_DB:_enter_transaction:24489 - Started outermost transaction on thread 8494865792.
2026-10-03 20:37:20.686 | DEBUG    | tldw_chatbook.DB.ChaChaNotes_DB:_exit_transaction:24552 - Transaction (outermost) committed successfully on thread 8494865792.
__________ test_summarize_span_as_note_blocks_when_provider_not_ready __________

tmp_path = PosixPath('/Users/macbook-dev/.codex/worktrees/console-chat-starts/tldw_chatbook/.superpowers/sdd/2026-10-03-console-pr2995-review-and-merge/task-3-base-note-owner-profile-ocy_x__7/pytest/test_summarize_span_as_note_bl0')

    @pytest.mark.asyncio
    async def test_summarize_span_as_note_blocks_when_provider_not_ready(tmp_path):
>       controller, store, session, _gateway, _db = _note_controller(
            tmp_path, gateway=NoteSummaryGateway(ready=False)
        )

Tests/Chat/test_console_note_span_actions.py:191: 
_ _ _ _ _ _ _ _ _ _ _ _ _ _ _ _ _ _ _ _ _ _ _ _ _ _ _ _ _ _ _ _ _ _ _ _ _ _ _ _ 
Tests/Chat/test_console_note_span_actions.py:84: in _note_controller
    controller = ConsoleChatController(
tldw_chatbook/Chat/console_chat_controller.py:4995: in __init__
    auxiliary_timeout_seconds=get_cli_setting(
tldw_chatbook/config.py:9388: in get_cli_setting
    config = load_cli_config_and_ensure_existence()  # Ensures config is loaded
             ^^^^^^^^^^^^^^^^^^^^^^^^^^^^^^^^^^^^^^
tldw_chatbook/config.py:7026: in load_cli_config_and_ensure_existence
    return _load_cli_config_bootstrap(force_reload=force_reload).config
           ^^^^^^^^^^^^^^^^^^^^^^^^^^^^^^^^^^^^^^^^^^^^^^^^^^^^^
tldw_chatbook/Backup_Recovery/config_participants.py:421: in wrapped
    with operation(source, target=target):
         ^^^^^^^^^^^^^^^^^^^^^^^^^^^^^^^^
../../../../.local/share/uv/python/cpython-3.12.11-macos-aarch64-none/lib/python3.12/contextlib.py:137: in __enter__
    return next(self.gen)
           ^^^^^^^^^^^^^^
tldw_chatbook/Backup_Recovery/config_participants.py:352: in operation
    with raw._scope(source, route, writing=True, selected_read=target) as active:
         ^^^^^^^^^^^^^^^^^^^^^^^^^^^^^^^^^^^^^^^^^^^^^^^^^^^^^^^^^^^^^
../../../../.local/share/uv/python/cpython-3.12.11-macos-aarch64-none/lib/python3.12/contextlib.py:137: in __enter__
    return next(self.gen)
           ^^^^^^^^^^^^^^
tldw_chatbook/Backup_Recovery/raw_participants.py:649: in _scope
    participant = _raw_participant(source)
                  ^^^^^^^^^^^^^^^^^^^^^^^^
tldw_chatbook/Backup_Recovery/raw_participants.py:296: in _raw_participant
    state = _participant_state(participant)
            ^^^^^^^^^^^^^^^^^^^^^^^^^^^^^^^
_ _ _ _ _ _ _ _ _ _ _ _ _ _ _ _ _ _ _ _ _ _ _ _ _ _ _ _ _ _ _ _ _ _ _ _ _ _ _ _ 

participant = <tldw_chatbook.Backup_Recovery.raw_participants._RawParticipant object at 0x10ab0d490>

    def _participant_state(participant):
        if type(participant) is not _RawParticipant or participant not in _participants:
            raise bootstrap.RecoveryRequired("raw_participant_not_installed")
        state = _participants[participant]
        source = state.source()
        if source is None or type(source) is not state.source_type:
            raise bootstrap.RecoveryRequired("raw_participant_not_installed")
        if _source_participants.get(source) is not participant:
            raise bootstrap.RecoveryRequired("raw_participant_not_installed")
        if state.owner.startswith("mcp."):
            bound = mcp_sources.binding(source)
            if bound is None or not bound[2] or bound[1] != state.selected:
                raise bootstrap.RecoveryRequired("raw_source_selection_changed")
        if state.owner == "chat.dictionaries":
            binding = dictionary_files.binding(source)
            if binding is None or binding[1] != state.selected:
                raise bootstrap.RecoveryRequired("raw_source_selection_changed")
        if state.owner in {"personas", "chat.dictionary_history", "chat.rag_context"}:
            binding = chat_sources.binding(source)
            if binding is None or binding[1] != state.selected:
                raise bootstrap.RecoveryRequired("raw_source_selection_changed")
        if state.owner == "config":
            binding = config_files.binding(source)
            if binding is None or binding[1] != state.selected:
>               raise bootstrap.RecoveryRequired("raw_source_selection_changed")
E               tldw_chatbook.Backup_Recovery.bootstrap.RecoveryRequired: raw_source_selection_changed

tldw_chatbook/Backup_Recovery/raw_participants.py:132: RecoveryRequired
----------------------------- Captured stderr call -----------------------------
2026-10-03 20:37:21.019 | INFO     | tldw_chatbook.DB.ChaChaNotes_DB:__init__:3376 - Initializing CharactersRAGDB db_sha256=75fae3ab3c12 [Client ID: note-span]
2026-10-03 20:37:21.225 | DEBUG    | tldw_chatbook.DB.ChaChaNotes_DB:_get_thread_connection:3554 - Opened/Reopened SQLite connection db_sha256=75fae3ab3c12 thread=8494865792
2026-10-03 20:37:21.241 | DEBUG    | tldw_chatbook.DB.ChaChaNotes_DB:_enter_transaction:24489 - Started outermost transaction on thread 8494865792.
2026-10-03 20:37:21.242 | INFO     | tldw_chatbook.DB.ChaChaNotes_DB:_initialize_schema:8550 - Checking DB schema 'rag_char_chat_schema'. Current version: 0. Code supports: 76
2026-10-03 20:37:21.242 | INFO     | tldw_chatbook.DB.ChaChaNotes_DB:_apply_schema_v4:4437 - Applying schema Version 4 for 'rag_char_chat_schema' to DB: db_sha256=75fae3ab3c12...
2026-10-03 20:37:21.245 | DEBUG    | tldw_chatbook.DB.ChaChaNotes_DB:_enter_transaction:24458 - Entered nested transaction level 2 on thread 8494865792.
2026-10-03 20:37:21.260 | DEBUG    | tldw_chatbook.DB.ChaChaNotes_DB:_apply_schema_v4:4478 - [rag_char_chat_schema V4] Full schema script executed.
2026-10-03 20:37:21.260 | INFO     | tldw_chatbook.DB.ChaChaNotes_DB:_apply_schema_v4:4485 - [rag_char_chat_schema V4] Schema 4 applied and version confirmed for DB: db_sha256=75fae3ab3c12.
2026-10-03 20:37:21.261 | DEBUG    | tldw_chatbook.DB.ChaChaNotes_DB:_enrich_default_assistant_card_if_bare:4749 - [task-2451] Default Assistant enrichment UPDATE affected 1 row(s) in DB: db_sha256=75fae3ab3c12.
2026-10-03 20:37:21.264 | INFO     | tldw_chatbook.DB.ChaChaNotes_DB:_migrate_from_v4_to_v5:4770 - Migrating schema from V4 to V5 for 'rag_char_chat_schema' in DB: db_sha256=75fae3ab3c12...
2026-10-03 20:37:21.264 | DEBUG    | tldw_chatbook.DB.ChaChaNotes_DB:_enter_transaction:24458 - Entered nested transaction level 2 on thread 8494865792.
2026-10-03 20:37:21.279 | DEBUG    | tldw_chatbook.DB.ChaChaNotes_DB:_migrate_from_v4_to_v5:4780 - [rag_char_chat_schema V4→V5] Migration script executed.
2026-10-03 20:37:21.279 | INFO     | tldw_chatbook.DB.ChaChaNotes_DB:_migrate_from_v4_to_v5:4789 - [rag_char_chat_schema V4→V5] Migration completed successfully for DB: db_sha256=75fae3ab3c12.
2026-10-03 20:37:21.280 | INFO     | tldw_chatbook.DB.ChaChaNotes_DB:_migrate_from_v5_to_v6:4823 - Migrating schema from V5 to V6 for 'rag_char_chat_schema' in DB: db_sha256=75fae3ab3c12...
2026-10-03 20:37:21.280 | DEBUG    | tldw_chatbook.DB.ChaChaNotes_DB:_enter_transaction:24458 - Entered nested transaction level 2 on thread 8494865792.
2026-10-03 20:37:21.284 | DEBUG    | tldw_chatbook.DB.ChaChaNotes_DB:_migrate_from_v5_to_v6:4831 - [rag_char_chat_schema V5→V6] Migration script executed.
2026-10-03 20:37:21.288 | INFO     | tldw_chatbook.DB.ChaChaNotes_DB:_migrate_from_v5_to_v6:4840 - [rag_char_chat_schema V5→V6] Migration completed successfully for DB: db_sha256=75fae3ab3c12.
2026-10-03 20:37:21.288 | INFO     | tldw_chatbook.DB.ChaChaNotes_DB:_migrate_from_v6_to_v7:4874 - Migrating schema from V6 to V7 for 'rag_char_chat_schema' in DB: db_sha256=75fae3ab3c12...
2026-10-03 20:37:21.288 | DEBUG    | tldw_chatbook.DB.ChaChaNotes_DB:_enter_transaction:24458 - Entered nested transaction level 2 on thread 8494865792.
2026-10-03 20:37:21.290 | DEBUG    | tldw_chatbook.DB.ChaChaNotes_DB:_migrate_from_v6_to_v7:4882 - [rag_char_chat_schema V6→V7] Migration script executed.
2026-10-03 20:37:21.290 | INFO     | tldw_chatbook.DB.ChaChaNotes_DB:_migrate_from_v6_to_v7:4891 - [rag_char_chat_schema V6→V7] Migration completed successfully for DB: db_sha256=75fae3ab3c12.
2026-10-03 20:37:21.290 | INFO     | tldw_chatbook.DB.ChaChaNotes_DB:_migrate_from_v7_to_v8:8464 - Migrating schema from V7 to V8 for 'rag_char_chat_schema' in DB: db_sha256=75fae3ab3c12...
2026-10-03 20:37:21.291 | DEBUG    | tldw_chatbook.DB.ChaChaNotes_DB:_enter_transaction:24458 - Entered nested transaction level 2 on thread 8494865792.
2026-10-03 20:37:21.293 | DEBUG    | tldw_chatbook.DB.ChaChaNotes_DB:_migrate_from_v7_to_v8:8472 - [rag_char_chat_schema V7→V8] Migration script executed.
2026-10-03 20:37:21.293 | INFO     | tldw_chatbook.DB.ChaChaNotes_DB:_migrate_from_v7_to_v8:8481 - [rag_char_chat_schema V7→V8] Migration completed successfully for DB: db_sha256=75fae3ab3c12.
2026-10-03 20:37:21.293 | INFO     | tldw_chatbook.DB.ChaChaNotes_DB:_migrate_from_v8_to_v9:4925 - Migrating schema from V8 to V9 for 'rag_char_chat_schema' in DB: db_sha256=75fae3ab3c12...
2026-10-03 20:37:21.293 | DEBUG    | tldw_chatbook.DB.ChaChaNotes_DB:_enter_transaction:24458 - Entered nested transaction level 2 on thread 8494865792.
2026-10-03 20:37:21.297 | DEBUG    | tldw_chatbook.DB.ChaChaNotes_DB:_migrate_from_v8_to_v9:4933 - [rag_char_chat_schema V8→V9] Migration script executed.
2026-10-03 20:37:21.297 | INFO     | tldw_chatbook.DB.ChaChaNotes_DB:_migrate_from_v8_to_v9:4942 - [rag_char_chat_schema V8→V9] Migration completed successfully for DB: db_sha256=75fae3ab3c12.
2026-10-03 20:37:21.297 | INFO     | tldw_chatbook.DB.ChaChaNotes_DB:_migrate_from_v9_to_v10:4976 - Migrating schema from V9 to V10 for 'rag_char_chat_schema' in DB: db_sha256=75fae3ab3c12...
2026-10-03 20:37:21.297 | DEBUG    | tldw_chatbook.DB.ChaChaNotes_DB:_enter_transaction:24458 - Entered nested transaction level 2 on thread 8494865792.
2026-10-03 20:37:21.298 | DEBUG    | tldw_chatbook.DB.ChaChaNotes_DB:_migrate_from_v9_to_v10:4984 - [rag_char_chat_schema V9→V10] Migration script executed.
2026-10-03 20:37:21.298 | INFO     | tldw_chatbook.DB.ChaChaNotes_DB:_migrate_from_v9_to_v10:4993 - [rag_char_chat_schema V9→V10] Migration completed successfully for DB: db_sha256=75fae3ab3c12.
2026-10-03 20:37:21.298 | INFO     | tldw_chatbook.DB.ChaChaNotes_DB:_migrate_from_v10_to_v11:5027 - Migrating schema from V10 to V11 for 'rag_char_chat_schema' in DB: db_sha256=75fae3ab3c12...
2026-10-03 20:37:21.298 | DEBUG    | tldw_chatbook.DB.ChaChaNotes_DB:_enter_transaction:24458 - Entered nested transaction level 2 on thread 8494865792.
2026-10-03 20:37:21.301 | DEBUG    | tldw_chatbook.DB.ChaChaNotes_DB:_migrate_from_v10_to_v11:5035 - [rag_char_chat_schema V10→V11] Migration script executed.
2026-10-03 20:37:21.302 | INFO     | tldw_chatbook.DB.ChaChaNotes_DB:_migrate_from_v10_to_v11:5044 - [rag_char_chat_schema V10→V11] Migration completed successfully for DB: db_sha256=75fae3ab3c12.
2026-10-03 20:37:21.302 | INFO     | tldw_chatbook.DB.ChaChaNotes_DB:_migrate_from_v11_to_v12:5078 - Migrating schema from V11 to V12 for 'rag_char_chat_schema' in DB: db_sha256=75fae3ab3c12...
2026-10-03 20:37:21.302 | DEBUG    | tldw_chatbook.DB.ChaChaNotes_DB:_enter_transaction:24458 - Entered nested transaction level 2 on thread 8494865792.
2026-10-03 20:37:21.313 | DEBUG    | tldw_chatbook.DB.ChaChaNotes_DB:_migrate_from_v11_to_v12:5086 - [rag_char_chat_schema V11→V12] Migration script executed.
2026-10-03 20:37:21.315 | INFO     | tldw_chatbook.DB.ChaChaNotes_DB:_migrate_from_v11_to_v12:5095 - [rag_char_chat_schema V11→V12] Migration completed successfully for DB: db_sha256=75fae3ab3c12.
2026-10-03 20:37:21.315 | INFO     | tldw_chatbook.DB.ChaChaNotes_DB:_migrate_from_v12_to_v13:5121 - Migrating schema from V12 to V13 for 'rag_char_chat_schema' in DB: db_sha256=75fae3ab3c12...
2026-10-03 20:37:21.316 | DEBUG    | tldw_chatbook.DB.ChaChaNotes_DB:_enter_transaction:24458 - Entered nested transaction level 2 on thread 8494865792.
2026-10-03 20:37:21.352 | DEBUG    | tldw_chatbook.DB.ChaChaNotes_DB:_migrate_from_v12_to_v13:5129 - [rag_char_chat_schema V12→V13] Migration script executed.
2026-10-03 20:37:21.352 | INFO     | tldw_chatbook.DB.ChaChaNotes_DB:_migrate_from_v12_to_v13:5137 - [rag_char_chat_schema V12→V13] Migration completed successfully for DB: db_sha256=75fae3ab3c12.
2026-10-03 20:37:21.352 | INFO     | tldw_chatbook.DB.ChaChaNotes_DB:_migrate_from_v13_to_v14:5162 - Migrating schema from V13 to V14 for 'rag_char_chat_schema' in DB: db_sha256=75fae3ab3c12...
2026-10-03 20:37:21.353 | DEBUG    | tldw_chatbook.DB.ChaChaNotes_DB:_enter_transaction:24458 - Entered nested transaction level 2 on thread 8494865792.
2026-10-03 20:37:21.363 | DEBUG    | tldw_chatbook.DB.ChaChaNotes_DB:_migrate_from_v13_to_v14:5170 - [rag_char_chat_schema V13→V14] Migration script executed.
2026-10-03 20:37:21.366 | INFO     | tldw_chatbook.DB.ChaChaNotes_DB:_migrate_from_v13_to_v14:5178 - [rag_char_chat_schema V13→V14] Migration completed successfully for DB: db_sha256=75fae3ab3c12.
2026-10-03 20:37:21.366 | INFO     | tldw_chatbook.DB.ChaChaNotes_DB:_migrate_from_v14_to_v15:5203 - Migrating schema from V14 to V15 for 'rag_char_chat_schema' in DB: db_sha256=75fae3ab3c12...
2026-10-03 20:37:21.367 | DEBUG    | tldw_chatbook.DB.ChaChaNotes_DB:_enter_transaction:24458 - Entered nested transaction level 2 on thread 8494865792.
2026-10-03 20:37:21.371 | DEBUG    | tldw_chatbook.DB.ChaChaNotes_DB:_migrate_from_v14_to_v15:5211 - [rag_char_chat_schema V14→V15] Migration script executed.
2026-10-03 20:37:21.374 | INFO     | tldw_chatbook.DB.ChaChaNotes_DB:_migrate_from_v14_to_v15:5219 - [rag_char_chat_schema V14→V15] Migration completed successfully for DB: db_sha256=75fae3ab3c12.
2026-10-03 20:37:21.374 | INFO     | tldw_chatbook.DB.ChaChaNotes_DB:_migrate_from_v15_to_v16:5245 - Migrating schema from V15 to V16 for 'rag_char_chat_schema' in DB: db_sha256=75fae3ab3c12...
2026-10-03 20:37:21.375 | DEBUG    | tldw_chatbook.DB.ChaChaNotes_DB:_enter_transaction:24458 - Entered nested transaction level 2 on thread 8494865792.
2026-10-03 20:37:21.379 | DEBUG    | tldw_chatbook.DB.ChaChaNotes_DB:_migrate_from_v15_to_v16:5288 - [rag_char_chat_schema V15→V16] Migration script executed.
2026-10-03 20:37:21.382 | INFO     | tldw_chatbook.DB.ChaChaNotes_DB:_migrate_from_v15_to_v16:5298 - [rag_char_chat_schema V15→V16] Migration completed successfully for DB: db_sha256=75fae3ab3c12.
2026-10-03 20:37:21.382 | INFO     | tldw_chatbook.DB.ChaChaNotes_DB:_migrate_from_v16_to_v17:5324 - Migrating schema from V16 to V17 for 'rag_char_chat_schema' in DB: db_sha256=75fae3ab3c12...
2026-10-03 20:37:21.383 | DEBUG    | tldw_chatbook.DB.ChaChaNotes_DB:_enter_transaction:24458 - Entered nested transaction level 2 on thread 8494865792.
2026-10-03 20:37:21.386 | DEBUG    | tldw_chatbook.DB.ChaChaNotes_DB:_migrate_from_v16_to_v17:5332 - [rag_char_chat_schema V16→V17] Migration script executed.
2026-10-03 20:37:21.386 | INFO     | tldw_chatbook.DB.ChaChaNotes_DB:_migrate_from_v16_to_v17:5340 - [rag_char_chat_schema V16→V17] Migration completed successfully for DB: db_sha256=75fae3ab3c12.
2026-10-03 20:37:21.386 | INFO     | tldw_chatbook.DB.ChaChaNotes_DB:_migrate_from_v17_to_v18:5368 - Migrating schema from V17 to V18 for 'rag_char_chat_schema' in DB: db_sha256=75fae3ab3c12...
2026-10-03 20:37:21.386 | DEBUG    | tldw_chatbook.DB.ChaChaNotes_DB:_enter_transaction:24458 - Entered nested transaction level 2 on thread 8494865792.
2026-10-03 20:37:21.395 | DEBUG    | tldw_chatbook.DB.ChaChaNotes_DB:_migrate_from_v17_to_v18:5376 - [rag_char_chat_schema V17→V18] Migration script executed.
2026-10-03 20:37:21.395 | INFO     | tldw_chatbook.DB.ChaChaNotes_DB:_migrate_from_v17_to_v18:5384 - [rag_char_chat_schema V17→V18] Migration completed successfully for DB: db_sha256=75fae3ab3c12.
2026-10-03 20:37:21.395 | INFO     | tldw_chatbook.DB.ChaChaNotes_DB:_migrate_from_v18_to_v19:8414 - Migrating schema from V18 to V19 for 'rag_char_chat_schema' in DB: db_sha256=75fae3ab3c12...
2026-10-03 20:37:21.396 | DEBUG    | tldw_chatbook.DB.ChaChaNotes_DB:_enter_transaction:24458 - Entered nested transaction level 2 on thread 8494865792.
2026-10-03 20:37:21.401 | DEBUG    | tldw_chatbook.DB.ChaChaNotes_DB:_migrate_from_v18_to_v19:8422 - [rag_char_chat_schema V18→V19] Migration script executed.
2026-10-03 20:37:21.402 | INFO     | tldw_chatbook.DB.ChaChaNotes_DB:_migrate_from_v18_to_v19:8430 - [rag_char_chat_schema V18→V19] Migration completed successfully for DB: db_sha256=75fae3ab3c12.
2026-10-03 20:37:21.402 | INFO     | tldw_chatbook.DB.ChaChaNotes_DB:_migrate_from_v19_to_v20:5412 - Migrating schema from V19 to V20 for 'rag_char_chat_schema' in DB: db_sha256=75fae3ab3c12...
2026-10-03 20:37:21.402 | DEBUG    | tldw_chatbook.DB.ChaChaNotes_DB:_enter_transaction:24458 - Entered nested transaction level 2 on thread 8494865792.
2026-10-03 20:37:21.407 | DEBUG    | tldw_chatbook.DB.ChaChaNotes_DB:_migrate_from_v19_to_v20:5431 - [rag_char_chat_schema V19→V20] Migration script executed.
2026-10-03 20:37:21.410 | INFO     | tldw_chatbook.DB.ChaChaNotes_DB:_migrate_from_v19_to_v20:5439 - [rag_char_chat_schema V19→V20] Migration completed successfully for DB: db_sha256=75fae3ab3c12.
2026-10-03 20:37:21.410 | INFO     | tldw_chatbook.DB.ChaChaNotes_DB:_migrate_from_v20_to_v21:5467 - Migrating schema from V20 to V21 for 'rag_char_chat_schema' in DB: db_sha256=75fae3ab3c12...
2026-10-03 20:37:21.411 | DEBUG    | tldw_chatbook.DB.ChaChaNotes_DB:_enter_transaction:24458 - Entered nested transaction level 2 on thread 8494865792.
2026-10-03 20:37:21.411 | DEBUG    | tldw_chatbook.DB.ChaChaNotes_DB:_migrate_from_v20_to_v21:5488 - [rag_char_chat_schema V20→V21] Migration script executed.
2026-10-03 20:37:21.411 | INFO     | tldw_chatbook.DB.ChaChaNotes_DB:_migrate_from_v20_to_v21:5496 - [rag_char_chat_schema V20→V21] Migration completed successfully for DB: db_sha256=75fae3ab3c12.
2026-10-03 20:37:21.411 | INFO     | tldw_chatbook.DB.ChaChaNotes_DB:_migrate_from_v21_to_v22:5518 - Migrating schema from V21 to V22 for 'rag_char_chat_schema' in DB: db_sha256=75fae3ab3c12...
2026-10-03 20:37:21.412 | DEBUG    | tldw_chatbook.DB.ChaChaNotes_DB:_enter_transaction:24458 - Entered nested transaction level 2 on thread 8494865792.
2026-10-03 20:37:21.413 | DEBUG    | tldw_chatbook.DB.ChaChaNotes_DB:_migrate_from_v21_to_v22:5536 - [rag_char_chat_schema V21→V22] Migration script executed.
2026-10-03 20:37:21.416 | INFO     | tldw_chatbook.DB.ChaChaNotes_DB:_migrate_from_v21_to_v22:5542 - [rag_char_chat_schema V21→V22] Migration completed successfully for DB: db_sha256=75fae3ab3c12.
2026-10-03 20:37:21.416 | INFO     | tldw_chatbook.DB.ChaChaNotes_DB:_migrate_from_v22_to_v23:5564 - Migrating schema from V22 to V23 for 'rag_char_chat_schema' in DB: db_sha256=75fae3ab3c12...
2026-10-03 20:37:21.416 | DEBUG    | tldw_chatbook.DB.ChaChaNotes_DB:_enter_transaction:24458 - Entered nested transaction level 2 on thread 8494865792.
2026-10-03 20:37:21.417 | DEBUG    | tldw_chatbook.DB.ChaChaNotes_DB:_migrate_from_v22_to_v23:5572 - [rag_char_chat_schema V22→V23] Migration script executed.
2026-10-03 20:37:21.417 | INFO     | tldw_chatbook.DB.ChaChaNotes_DB:_migrate_from_v22_to_v23:5578 - [rag_char_chat_schema V22→V23] Migration completed successfully for DB: db_sha256=75fae3ab3c12.
2026-10-03 20:37:21.417 | INFO     | tldw_chatbook.DB.ChaChaNotes_DB:_migrate_from_v23_to_v24:5601 - Migrating schema from V23 to V24 for 'rag_char_chat_schema' in DB: db_sha256=75fae3ab3c12...
2026-10-03 20:37:21.417 | DEBUG    | tldw_chatbook.DB.ChaChaNotes_DB:_enter_transaction:24458 - Entered nested transaction level 2 on thread 8494865792.
2026-10-03 20:37:21.420 | DEBUG    | tldw_chatbook.DB.ChaChaNotes_DB:_migrate_from_v23_to_v24:5619 - [rag_char_chat_schema V23→V24] Migration script executed.
2026-10-03 20:37:21.420 | INFO     | tldw_chatbook.DB.ChaChaNotes_DB:_migrate_from_v23_to_v24:5625 - [rag_char_chat_schema V23→V24] Migration completed successfully for DB: db_sha256=75fae3ab3c12.
2026-10-03 20:37:21.420 | INFO     | tldw_chatbook.DB.ChaChaNotes_DB:_migrate_from_v24_to_v25:5648 - Migrating schema from V24 to V25 for 'rag_char_chat_schema' in DB: db_sha256=75fae3ab3c12...
2026-10-03 20:37:21.420 | DEBUG    | tldw_chatbook.DB.ChaChaNotes_DB:_enter_transaction:24458 - Entered nested transaction level 2 on thread 8494865792.
2026-10-03 20:37:21.424 | DEBUG    | tldw_chatbook.DB.ChaChaNotes_DB:_migrate_from_v24_to_v25:5656 - [rag_char_chat_schema V24→V25] Migration script executed.
2026-10-03 20:37:21.424 | INFO     | tldw_chatbook.DB.ChaChaNotes_DB:_migrate_from_v24_to_v25:5662 - [rag_char_chat_schema V24→V25] Migration completed successfully for DB: db_sha256=75fae3ab3c12.
2026-10-03 20:37:21.424 | INFO     | tldw_chatbook.DB.ChaChaNotes_DB:_migrate_from_v25_to_v26:5686 - Migrating schema from V25 to V26 for 'rag_char_chat_schema' in DB: db_sha256=75fae3ab3c12...
2026-10-03 20:37:21.425 | DEBUG    | tldw_chatbook.DB.ChaChaNotes_DB:_enter_transaction:24458 - Entered nested transaction level 2 on thread 8494865792.
2026-10-03 20:37:21.430 | DEBUG    | tldw_chatbook.DB.ChaChaNotes_DB:_migrate_from_v25_to_v26:5708 - [rag_char_chat_schema V25→V26] Migration script executed.
2026-10-03 20:37:21.431 | INFO     | tldw_chatbook.DB.ChaChaNotes_DB:_migrate_from_v25_to_v26:5714 - [rag_char_chat_schema V25→V26] Migration completed successfully for DB: db_sha256=75fae3ab3c12.
2026-10-03 20:37:21.431 | DEBUG    | tldw_chatbook.DB.ChaChaNotes_DB:_enter_transaction:24458 - Entered nested transaction level 2 on thread 8494865792.
2026-10-03 20:37:21.439 | DEBUG    | tldw_chatbook.DB.ChaChaNotes_DB:_enter_transaction:24458 - Entered nested transaction level 2 on thread 8494865792.
2026-10-03 20:37:21.440 | DEBUG    | tldw_chatbook.DB.ChaChaNotes_DB:_enter_transaction:24458 - Entered nested transaction level 3 on thread 8494865792.
2026-10-03 20:37:21.444 | INFO     | tldw_chatbook.DB.ChaChaNotes_DB:_migrate_from_v28_to_v29:5901 - Migrating schema from V28 to V29 for 'rag_char_chat_schema' in DB: db_sha256=75fae3ab3c12...
2026-10-03 20:37:21.445 | DEBUG    | tldw_chatbook.DB.ChaChaNotes_DB:_enter_transaction:24458 - Entered nested transaction level 2 on thread 8494865792.
2026-10-03 20:37:21.446 | DEBUG    | tldw_chatbook.DB.ChaChaNotes_DB:_migrate_from_v28_to_v29:5909 - [rag_char_chat_schema V28→V29] Migration script executed.
2026-10-03 20:37:21.446 | INFO     | tldw_chatbook.DB.ChaChaNotes_DB:_migrate_from_v28_to_v29:5917 - [rag_char_chat_schema V28→V29] Migration completed successfully for DB: db_sha256=75fae3ab3c12.
2026-10-03 20:37:21.446 | INFO     | tldw_chatbook.DB.ChaChaNotes_DB:_migrate_from_v29_to_v30:5944 - Migrating schema from V29 to V30 for 'rag_char_chat_schema' in DB: db_sha256=75fae3ab3c12...
2026-10-03 20:37:21.447 | DEBUG    | tldw_chatbook.DB.ChaChaNotes_DB:_enter_transaction:24458 - Entered nested transaction level 2 on thread 8494865792.
2026-10-03 20:37:21.450 | DEBUG    | tldw_chatbook.DB.ChaChaNotes_DB:_migrate_from_v29_to_v30:5970 - [rag_char_chat_schema V29→V30] Migration script executed.
2026-10-03 20:37:21.451 | INFO     | tldw_chatbook.DB.ChaChaNotes_DB:_migrate_from_v29_to_v30:5994 - [rag_char_chat_schema V29→V30] Migration completed successfully for DB: db_sha256=75fae3ab3c12.
2026-10-03 20:37:21.451 | INFO     | tldw_chatbook.DB.ChaChaNotes_DB:_migrate_from_v30_to_v31:6021 - Migrating schema from V30 to V31 for 'rag_char_chat_schema' in DB: db_sha256=75fae3ab3c12...
2026-10-03 20:37:21.451 | DEBUG    | tldw_chatbook.DB.ChaChaNotes_DB:_enter_transaction:24458 - Entered nested transaction level 2 on thread 8494865792.
2026-10-03 20:37:21.455 | DEBUG    | tldw_chatbook.DB.ChaChaNotes_DB:_migrate_from_v30_to_v31:6047 - [rag_char_chat_schema V30→V31] Migration script executed.
2026-10-03 20:37:21.456 | INFO     | tldw_chatbook.DB.ChaChaNotes_DB:_migrate_from_v30_to_v31:6071 - [rag_char_chat_schema V30→V31] Migration completed successfully for DB: db_sha256=75fae3ab3c12.
2026-10-03 20:37:21.456 | INFO     | tldw_chatbook.DB.ChaChaNotes_DB:_migrate_from_v31_to_v32:6104 - Migrating schema from V31 to V32 for 'rag_char_chat_schema' in DB: db_sha256=75fae3ab3c12...
2026-10-03 20:37:21.457 | DEBUG    | tldw_chatbook.DB.ChaChaNotes_DB:_enrich_default_assistant_card_if_bare:4749 - [task-2451] Default Assistant enrichment UPDATE affected 0 row(s) in DB: db_sha256=75fae3ab3c12.
2026-10-03 20:37:21.457 | INFO     | tldw_chatbook.DB.ChaChaNotes_DB:_migrate_from_v31_to_v32:6130 - [rag_char_chat_schema V31→V32] Migration completed successfully for DB: db_sha256=75fae3ab3c12.
2026-10-03 20:37:21.457 | DEBUG    | tldw_chatbook.DB.ChaChaNotes_DB:_enter_transaction:24458 - Entered nested transaction level 2 on thread 8494865792.
2026-10-03 20:37:21.460 | DEBUG    | tldw_chatbook.DB.ChaChaNotes_DB:_enter_transaction:24458 - Entered nested transaction level 2 on thread 8494865792.
2026-10-03 20:37:21.465 | DEBUG    | tldw_chatbook.DB.ChaChaNotes_DB:_enter_transaction:24458 - Entered nested transaction level 2 on thread 8494865792.
2026-10-03 20:37:21.468 | DEBUG    | tldw_chatbook.DB.ChaChaNotes_DB:_enter_transaction:24458 - Entered nested transaction level 2 on thread 8494865792.
2026-10-03 20:37:21.470 | DEBUG    | tldw_chatbook.DB.ChaChaNotes_DB:_enter_transaction:24458 - Entered nested transaction level 2 on thread 8494865792.
2026-10-03 20:37:21.479 | DEBUG    | tldw_chatbook.DB.ChaChaNotes_DB:_enter_transaction:24458 - Entered nested transaction level 2 on thread 8494865792.
2026-10-03 20:37:21.480 | DEBUG    | tldw_chatbook.DB.ChaChaNotes_DB:_enter_transaction:24458 - Entered nested transaction level 2 on thread 8494865792.
2026-10-03 20:37:21.485 | DEBUG    | tldw_chatbook.DB.ChaChaNotes_DB:_enter_transaction:24458 - Entered nested transaction level 2 on thread 8494865792.
2026-10-03 20:37:21.485 | DEBUG    | tldw_chatbook.DB.ChaChaNotes_DB:_enter_transaction:24458 - Entered nested transaction level 2 on thread 8494865792.
2026-10-03 20:37:21.487 | INFO     | tldw_chatbook.DB.ChaChaNotes_DB:_migrate_from_v41_to_v42:6450 - Migrating schema from V41 to V42 for 'rag_char_chat_schema' in DB: db_sha256=75fae3ab3c12...
2026-10-03 20:37:21.490 | INFO     | tldw_chatbook.DB.ChaChaNotes_DB:_migrate_from_v41_to_v42:6514 - [rag_char_chat_schema V41→V42] conversations.console_project_context_json already present; applying the version bump only.
2026-10-03 20:37:21.493 | INFO     | tldw_chatbook.DB.ChaChaNotes_DB:_migrate_from_v42_to_v43:6564 - Migrating schema from V42 to V43 for 'rag_char_chat_schema' in DB: db_sha256=75fae3ab3c12...
2026-10-03 20:37:21.493 | DEBUG    | tldw_chatbook.DB.ChaChaNotes_DB:_enter_transaction:24458 - Entered nested transaction level 2 on thread 8494865792.
2026-10-03 20:37:21.494 | INFO     | tldw_chatbook.DB.ChaChaNotes_DB:_migrate_from_v42_to_v43:6703 - [rag_char_chat_schema V42→V43] Migration completed successfully for DB: db_sha256=75fae3ab3c12.
2026-10-03 20:37:21.497 | INFO     | tldw_chatbook.DB.ChaChaNotes_DB:_migrate_from_v43_to_v44:6733 - Migrating schema from V43 to V44 for 'rag_char_chat_schema' in DB: db_sha256=75fae3ab3c12...
2026-10-03 20:37:21.497 | DEBUG    | tldw_chatbook.DB.ChaChaNotes_DB:_enter_transaction:24458 - Entered nested transaction level 2 on thread 8494865792.
2026-10-03 20:37:21.516 | INFO     | tldw_chatbook.DB.ChaChaNotes_DB:_migrate_from_v43_to_v44:6773 - [rag_char_chat_schema V43→V44] Migration completed successfully for DB: db_sha256=75fae3ab3c12.
2026-10-03 20:37:21.519 | INFO     | tldw_chatbook.DB.ChaChaNotes_DB:_migrate_from_v44_to_v45:6842 - Actor Pack schema migration started: chachanotes_v44_to_v45
2026-10-03 20:37:21.519 | DEBUG    | tldw_chatbook.DB.ChaChaNotes_DB:_enter_transaction:24458 - Entered nested transaction level 2 on thread 8494865792.
2026-10-03 20:37:21.521 | INFO     | tldw_chatbook.DB.ChaChaNotes_DB:_migrate_from_v44_to_v45:6875 - Actor Pack schema migration completed: chachanotes_v44_to_v45
2026-10-03 20:37:21.524 | INFO     | tldw_chatbook.DB.ChaChaNotes_DB:_migrate_from_v45_to_v46:6919 - Migrating schema from V45 to V46 for 'rag_char_chat_schema' in DB: db_sha256=75fae3ab3c12...
2026-10-03 20:37:21.524 | DEBUG    | tldw_chatbook.DB.ChaChaNotes_DB:_enter_transaction:24458 - Entered nested transaction level 2 on thread 8494865792.
2026-10-03 20:37:21.531 | INFO     | tldw_chatbook.DB.ChaChaNotes_DB:_migrate_from_v45_to_v46:6965 - [rag_char_chat_schema V45→V46] Migration completed successfully for DB: db_sha256=75fae3ab3c12. Purged 0 unreachable sync_log row(s) of 1.
2026-10-03 20:37:21.533 | INFO     | tldw_chatbook.DB.ChaChaNotes_DB:_migrate_from_v46_to_v47:7007 - Migrating schema from V46 to V47 for 'rag_char_chat_schema' in DB: db_sha256=75fae3ab3c12...
2026-10-03 20:37:21.533 | DEBUG    | tldw_chatbook.DB.ChaChaNotes_DB:_enter_transaction:24458 - Entered nested transaction level 2 on thread 8494865792.
2026-10-03 20:37:21.534 | INFO     | tldw_chatbook.DB.ChaChaNotes_DB:_migrate_from_v46_to_v47:7042 - [rag_char_chat_schema V46→V47] Migration completed successfully for DB: db_sha256=75fae3ab3c12.
2026-10-03 20:37:21.535 | DEBUG    | tldw_chatbook.DB.ChaChaNotes_DB:_enter_transaction:24458 - Entered nested transaction level 2 on thread 8494865792.
2026-10-03 20:37:21.546 | INFO     | tldw_chatbook.DB.ChaChaNotes_DB:_migrate_from_v48_to_v49:7198 - Migrating schema from V48 to V49 for 'rag_char_chat_schema' in DB: db_sha256=75fae3ab3c12...
2026-10-03 20:37:21.547 | DEBUG    | tldw_chatbook.DB.ChaChaNotes_DB:_enter_transaction:24458 - Entered nested transaction level 2 on thread 8494865792.
2026-10-03 20:37:21.551 | INFO     | tldw_chatbook.DB.ChaChaNotes_DB:_migrate_from_v48_to_v49:7233 - [rag_char_chat_schema V48→V49] Migration completed successfully for DB: db_sha256=75fae3ab3c12.
2026-10-03 20:37:21.554 | INFO     | tldw_chatbook.DB.ChaChaNotes_DB:_migrate_from_v49_to_v50:7281 - Migrating schema from V49 to V50 for 'rag_char_chat_schema' in DB: db_sha256=75fae3ab3c12...
2026-10-03 20:37:21.554 | DEBUG    | tldw_chatbook.DB.ChaChaNotes_DB:_enter_transaction:24458 - Entered nested transaction level 2 on thread 8494865792.
2026-10-03 20:37:21.558 | INFO     | tldw_chatbook.DB.ChaChaNotes_DB:_migrate_from_v49_to_v50:7315 - [rag_char_chat_schema V49→V50] Migration completed successfully for DB: db_sha256=75fae3ab3c12.
2026-10-03 20:37:21.563 | DEBUG    | tldw_chatbook.DB.ChaChaNotes_DB:_enter_transaction:24458 - Entered nested transaction level 2 on thread 8494865792.
2026-10-03 20:37:21.572 | DEBUG    | tldw_chatbook.DB.ChaChaNotes_DB:_enter_transaction:24458 - Entered nested transaction level 2 on thread 8494865792.
2026-10-03 20:37:21.588 | INFO     | tldw_chatbook.DB.ChaChaNotes_DB:_migrate_from_v52_to_v53:7440 - Migrating schema from V52 to V53 for 'rag_char_chat_schema' in DB: db_sha256=75fae3ab3c12...
2026-10-03 20:37:21.591 | DEBUG    | tldw_chatbook.DB.ChaChaNotes_DB:_enter_transaction:24458 - Entered nested transaction level 2 on thread 8494865792.
2026-10-03 20:37:21.591 | INFO     | tldw_chatbook.DB.ChaChaNotes_DB:_migrate_from_v52_to_v53:7505 - [rag_char_chat_schema V52→V53] Migration completed for DB: db_sha256=75fae3ab3c12 (examined 0, compacted 0, skipped 0 unreadable).
2026-10-03 20:37:21.595 | DEBUG    | tldw_chatbook.DB.ChaChaNotes_DB:_enter_transaction:24458 - Entered nested transaction level 2 on thread 8494865792.
2026-10-03 20:37:21.605 | DEBUG    | tldw_chatbook.DB.ChaChaNotes_DB:_enter_transaction:24458 - Entered nested transaction level 2 on thread 8494865792.
2026-10-03 20:37:21.609 | DEBUG    | tldw_chatbook.DB.ChaChaNotes_DB:_enter_transaction:24458 - Entered nested transaction level 2 on thread 8494865792.
2026-10-03 20:37:21.630 | DEBUG    | tldw_chatbook.DB.ChaChaNotes_DB:_enter_transaction:24458 - Entered nested transaction level 2 on thread 8494865792.
2026-10-03 20:37:21.639 | DEBUG    | tldw_chatbook.DB.ChaChaNotes_DB:_enter_transaction:24458 - Entered nested transaction level 2 on thread 8494865792.
2026-10-03 20:37:21.668 | DEBUG    | tldw_chatbook.DB.ChaChaNotes_DB:_enter_transaction:24458 - Entered nested transaction level 2 on thread 8494865792.
2026-10-03 20:37:21.681 | DEBUG    | tldw_chatbook.DB.ChaChaNotes_DB:_enter_transaction:24458 - Entered nested transaction level 2 on thread 8494865792.
2026-10-03 20:37:21.686 | DEBUG    | tldw_chatbook.DB.ChaChaNotes_DB:_enter_transaction:24458 - Entered nested transaction level 2 on thread 8494865792.
2026-10-03 20:37:21.687 | DEBUG    | tldw_chatbook.DB.ChaChaNotes_DB:_enter_transaction:24458 - Entered nested transaction level 2 on thread 8494865792.
2026-10-03 20:37:21.717 | DEBUG    | tldw_chatbook.DB.ChaChaNotes_DB:_enter_transaction:24458 - Entered nested transaction level 2 on thread 8494865792.
2026-10-03 20:37:21.745 | DEBUG    | tldw_chatbook.DB.ChaChaNotes_DB:_enter_transaction:24458 - Entered nested transaction level 2 on thread 8494865792.
2026-10-03 20:37:21.785 | DEBUG    | tldw_chatbook.DB.ChaChaNotes_DB:_enter_transaction:24458 - Entered nested transaction level 2 on thread 8494865792.
2026-10-03 20:37:21.789 | DEBUG    | tldw_chatbook.DB.ChaChaNotes_DB:_enter_transaction:24458 - Entered nested transaction level 2 on thread 8494865792.
2026-10-03 20:37:21.822 | DEBUG    | tldw_chatbook.DB.ChaChaNotes_DB:_enter_transaction:24458 - Entered nested transaction level 3 on thread 8494865792.
2026-10-03 20:37:21.824 | DEBUG    | tldw_chatbook.DB.ChaChaNotes_DB:_enter_transaction:24458 - Entered nested transaction level 3 on thread 8494865792.
2026-10-03 20:37:21.828 | DEBUG    | tldw_chatbook.DB.ChaChaNotes_DB:_enter_transaction:24458 - Entered nested transaction level 2 on thread 8494865792.
2026-10-03 20:37:21.855 | DEBUG    | tldw_chatbook.DB.ChaChaNotes_DB:_enter_transaction:24458 - Entered nested transaction level 2 on thread 8494865792.
2026-10-03 20:37:21.888 | DEBUG    | tldw_chatbook.DB.ChaChaNotes_DB:_enter_transaction:24458 - Entered nested transaction level 2 on thread 8494865792.
2026-10-03 20:37:21.892 | DEBUG    | tldw_chatbook.DB.ChaChaNotes_DB:_enter_transaction:24458 - Entered nested transaction level 2 on thread 8494865792.
2026-10-03 20:37:21.902 | DEBUG    | tldw_chatbook.DB.ChaChaNotes_DB:_enter_transaction:24458 - Entered nested transaction level 2 on thread 8494865792.
2026-10-03 20:37:21.916 | DEBUG    | tldw_chatbook.DB.ChaChaNotes_DB:_enter_transaction:24458 - Entered nested transaction level 2 on thread 8494865792.
2026-10-03 20:37:21.947 | DEBUG    | tldw_chatbook.DB.ChaChaNotes_DB:_enter_transaction:24458 - Entered nested transaction level 2 on thread 8494865792.
2026-10-03 20:37:21.948 | DEBUG    | tldw_chatbook.DB.ChaChaNotes_DB:_enter_transaction:24458 - Entered nested transaction level 2 on thread 8494865792.
2026-10-03 20:37:21.957 | DEBUG    | tldw_chatbook.DB.ChaChaNotes_DB:_enter_transaction:24458 - Entered nested transaction level 2 on thread 8494865792.
2026-10-03 20:37:21.966 | DEBUG    | tldw_chatbook.DB.ChaChaNotes_DB:_enter_transaction:24458 - Entered nested transaction level 2 on thread 8494865792.
2026-10-03 20:37:21.999 | INFO     | tldw_chatbook.DB.ChaChaNotes_DB:_initialize_schema:8685 - Database schema 'rag_char_chat_schema' successfully initialized/migrated to version 76.
2026-10-03 20:37:22.005 | DEBUG    | tldw_chatbook.DB.ChaChaNotes_DB:_exit_transaction:24552 - Transaction (outermost) committed successfully on thread 8494865792.
2026-10-03 20:37:22.005 | DEBUG    | tldw_chatbook.DB.ChaChaNotes_DB:__init__:3399 - CharactersRAGDB initialization completed successfully db_sha256=75fae3ab3c12
2026-10-03 20:37:22.027 | DEBUG    | tldw_chatbook.Chat.chat_persistence_service:__init__:271 - Recovered-media message source is unavailable.
2026-10-03 20:37:22.037 | DEBUG    | tldw_chatbook.DB.ChaChaNotes_DB:_enter_transaction:24489 - Started outermost transaction on thread 8494865792.
2026-10-03 20:37:22.038 | DEBUG    | tldw_chatbook.DB.ChaChaNotes_DB:_enter_transaction:24458 - Entered nested transaction level 2 on thread 8494865792.
2026-10-03 20:37:22.040 | DEBUG    | tldw_chatbook.DB.ChaChaNotes_DB:add_conversation:11073 - Added conversation ID: a5df466f-a058-45bc-b2f5-53bf8d84d2cc.
2026-10-03 20:37:22.040 | DEBUG    | tldw_chatbook.DB.ChaChaNotes_DB:_enter_transaction:24458 - Entered nested transaction level 2 on thread 8494865792.
2026-10-03 20:37:22.041 | DEBUG    | tldw_chatbook.DB.ChaChaNotes_DB:_exit_transaction:24552 - Transaction (outermost) committed successfully on thread 8494865792.
2026-10-03 20:37:22.054 | DEBUG    | tldw_chatbook.DB.ChaChaNotes_DB:_enter_transaction:24489 - Started outermost transaction on thread 8494865792.
2026-10-03 20:37:22.055 | DEBUG    | tldw_chatbook.DB.ChaChaNotes_DB:_exit_transaction:24552 - Transaction (outermost) committed successfully on thread 8494865792.
______________ test_summarize_span_as_note_blocks_oversized_span _______________

tmp_path = PosixPath('/Users/macbook-dev/.codex/worktrees/console-chat-starts/tldw_chatbook/.superpowers/sdd/2026-10-03-console-pr2995-review-and-merge/task-3-base-note-owner-profile-ocy_x__7/pytest/test_summarize_span_as_note_bl1')
monkeypatch = <_pytest.monkeypatch.MonkeyPatch object at 0x11b2ef7d0>

    @pytest.mark.asyncio
    async def test_summarize_span_as_note_blocks_oversized_span(tmp_path, monkeypatch):
>       controller, store, session, gateway, _db = _note_controller(tmp_path)
                                                   ^^^^^^^^^^^^^^^^^^^^^^^^^^

Tests/Chat/test_console_note_span_actions.py:205: 
_ _ _ _ _ _ _ _ _ _ _ _ _ _ _ _ _ _ _ _ _ _ _ _ _ _ _ _ _ _ _ _ _ _ _ _ _ _ _ _ 
Tests/Chat/test_console_note_span_actions.py:84: in _note_controller
    controller = ConsoleChatController(
tldw_chatbook/Chat/console_chat_controller.py:4995: in __init__
    auxiliary_timeout_seconds=get_cli_setting(
tldw_chatbook/config.py:9388: in get_cli_setting
    config = load_cli_config_and_ensure_existence()  # Ensures config is loaded
             ^^^^^^^^^^^^^^^^^^^^^^^^^^^^^^^^^^^^^^
tldw_chatbook/config.py:7026: in load_cli_config_and_ensure_existence
    return _load_cli_config_bootstrap(force_reload=force_reload).config
           ^^^^^^^^^^^^^^^^^^^^^^^^^^^^^^^^^^^^^^^^^^^^^^^^^^^^^
tldw_chatbook/Backup_Recovery/config_participants.py:421: in wrapped
    with operation(source, target=target):
         ^^^^^^^^^^^^^^^^^^^^^^^^^^^^^^^^
../../../../.local/share/uv/python/cpython-3.12.11-macos-aarch64-none/lib/python3.12/contextlib.py:137: in __enter__
    return next(self.gen)
           ^^^^^^^^^^^^^^
tldw_chatbook/Backup_Recovery/config_participants.py:352: in operation
    with raw._scope(source, route, writing=True, selected_read=target) as active:
         ^^^^^^^^^^^^^^^^^^^^^^^^^^^^^^^^^^^^^^^^^^^^^^^^^^^^^^^^^^^^^
../../../../.local/share/uv/python/cpython-3.12.11-macos-aarch64-none/lib/python3.12/contextlib.py:137: in __enter__
    return next(self.gen)
           ^^^^^^^^^^^^^^
tldw_chatbook/Backup_Recovery/raw_participants.py:649: in _scope
    participant = _raw_participant(source)
                  ^^^^^^^^^^^^^^^^^^^^^^^^
tldw_chatbook/Backup_Recovery/raw_participants.py:296: in _raw_participant
    state = _participant_state(participant)
            ^^^^^^^^^^^^^^^^^^^^^^^^^^^^^^^
_ _ _ _ _ _ _ _ _ _ _ _ _ _ _ _ _ _ _ _ _ _ _ _ _ _ _ _ _ _ _ _ _ _ _ _ _ _ _ _ 

participant = <tldw_chatbook.Backup_Recovery.raw_participants._RawParticipant object at 0x10ab0d490>

    def _participant_state(participant):
        if type(participant) is not _RawParticipant or participant not in _participants:
            raise bootstrap.RecoveryRequired("raw_participant_not_installed")
        state = _participants[participant]
        source = state.source()
        if source is None or type(source) is not state.source_type:
            raise bootstrap.RecoveryRequired("raw_participant_not_installed")
        if _source_participants.get(source) is not participant:
            raise bootstrap.RecoveryRequired("raw_participant_not_installed")
        if state.owner.startswith("mcp."):
            bound = mcp_sources.binding(source)
            if bound is None or not bound[2] or bound[1] != state.selected:
                raise bootstrap.RecoveryRequired("raw_source_selection_changed")
        if state.owner == "chat.dictionaries":
            binding = dictionary_files.binding(source)
            if binding is None or binding[1] != state.selected:
                raise bootstrap.RecoveryRequired("raw_source_selection_changed")
        if state.owner in {"personas", "chat.dictionary_history", "chat.rag_context"}:
            binding = chat_sources.binding(source)
            if binding is None or binding[1] != state.selected:
                raise bootstrap.RecoveryRequired("raw_source_selection_changed")
        if state.owner == "config":
            binding = config_files.binding(source)
            if binding is None or binding[1] != state.selected:
>               raise bootstrap.RecoveryRequired("raw_source_selection_changed")
E               tldw_chatbook.Backup_Recovery.bootstrap.RecoveryRequired: raw_source_selection_changed

tldw_chatbook/Backup_Recovery/raw_participants.py:132: RecoveryRequired
----------------------------- Captured stderr call -----------------------------
2026-10-03 20:37:22.405 | INFO     | tldw_chatbook.DB.ChaChaNotes_DB:__init__:3376 - Initializing CharactersRAGDB db_sha256=7ff6a2f6af67 [Client ID: note-span]
2026-10-03 20:37:22.596 | DEBUG    | tldw_chatbook.DB.ChaChaNotes_DB:_get_thread_connection:3554 - Opened/Reopened SQLite connection db_sha256=7ff6a2f6af67 thread=8494865792
2026-10-03 20:37:22.608 | DEBUG    | tldw_chatbook.DB.ChaChaNotes_DB:_enter_transaction:24489 - Started outermost transaction on thread 8494865792.
2026-10-03 20:37:22.608 | INFO     | tldw_chatbook.DB.ChaChaNotes_DB:_initialize_schema:8550 - Checking DB schema 'rag_char_chat_schema'. Current version: 0. Code supports: 76
2026-10-03 20:37:22.612 | INFO     | tldw_chatbook.DB.ChaChaNotes_DB:_apply_schema_v4:4437 - Applying schema Version 4 for 'rag_char_chat_schema' to DB: db_sha256=7ff6a2f6af67...
2026-10-03 20:37:22.612 | DEBUG    | tldw_chatbook.DB.ChaChaNotes_DB:_enter_transaction:24458 - Entered nested transaction level 2 on thread 8494865792.
2026-10-03 20:37:22.622 | DEBUG    | tldw_chatbook.DB.ChaChaNotes_DB:_apply_schema_v4:4478 - [rag_char_chat_schema V4] Full schema script executed.
2026-10-03 20:37:22.622 | INFO     | tldw_chatbook.DB.ChaChaNotes_DB:_apply_schema_v4:4485 - [rag_char_chat_schema V4] Schema 4 applied and version confirmed for DB: db_sha256=7ff6a2f6af67.
2026-10-03 20:37:22.622 | DEBUG    | tldw_chatbook.DB.ChaChaNotes_DB:_enrich_default_assistant_card_if_bare:4749 - [task-2451] Default Assistant enrichment UPDATE affected 1 row(s) in DB: db_sha256=7ff6a2f6af67.
2026-10-03 20:37:22.622 | INFO     | tldw_chatbook.DB.ChaChaNotes_DB:_migrate_from_v4_to_v5:4770 - Migrating schema from V4 to V5 for 'rag_char_chat_schema' in DB: db_sha256=7ff6a2f6af67...
2026-10-03 20:37:22.623 | DEBUG    | tldw_chatbook.DB.ChaChaNotes_DB:_enter_transaction:24458 - Entered nested transaction level 2 on thread 8494865792.
2026-10-03 20:37:22.636 | DEBUG    | tldw_chatbook.DB.ChaChaNotes_DB:_migrate_from_v4_to_v5:4780 - [rag_char_chat_schema V4→V5] Migration script executed.
2026-10-03 20:37:22.636 | INFO     | tldw_chatbook.DB.ChaChaNotes_DB:_migrate_from_v4_to_v5:4789 - [rag_char_chat_schema V4→V5] Migration completed successfully for DB: db_sha256=7ff6a2f6af67.
2026-10-03 20:37:22.636 | INFO     | tldw_chatbook.DB.ChaChaNotes_DB:_migrate_from_v5_to_v6:4823 - Migrating schema from V5 to V6 for 'rag_char_chat_schema' in DB: db_sha256=7ff6a2f6af67...
2026-10-03 20:37:22.636 | DEBUG    | tldw_chatbook.DB.ChaChaNotes_DB:_enter_transaction:24458 - Entered nested transaction level 2 on thread 8494865792.
2026-10-03 20:37:22.638 | DEBUG    | tldw_chatbook.DB.ChaChaNotes_DB:_migrate_from_v5_to_v6:4831 - [rag_char_chat_schema V5→V6] Migration script executed.
2026-10-03 20:37:22.638 | INFO     | tldw_chatbook.DB.ChaChaNotes_DB:_migrate_from_v5_to_v6:4840 - [rag_char_chat_schema V5→V6] Migration completed successfully for DB: db_sha256=7ff6a2f6af67.
2026-10-03 20:37:22.638 | INFO     | tldw_chatbook.DB.ChaChaNotes_DB:_migrate_from_v6_to_v7:4874 - Migrating schema from V6 to V7 for 'rag_char_chat_schema' in DB: db_sha256=7ff6a2f6af67...
2026-10-03 20:37:22.639 | DEBUG    | tldw_chatbook.DB.ChaChaNotes_DB:_enter_transaction:24458 - Entered nested transaction level 2 on thread 8494865792.
2026-10-03 20:37:22.640 | DEBUG    | tldw_chatbook.DB.ChaChaNotes_DB:_migrate_from_v6_to_v7:4882 - [rag_char_chat_schema V6→V7] Migration script executed.
2026-10-03 20:37:22.640 | INFO     | tldw_chatbook.DB.ChaChaNotes_DB:_migrate_from_v6_to_v7:4891 - [rag_char_chat_schema V6→V7] Migration completed successfully for DB: db_sha256=7ff6a2f6af67.
2026-10-03 20:37:22.640 | INFO     | tldw_chatbook.DB.ChaChaNotes_DB:_migrate_from_v7_to_v8:8464 - Migrating schema from V7 to V8 for 'rag_char_chat_schema' in DB: db_sha256=7ff6a2f6af67...
2026-10-03 20:37:22.641 | DEBUG    | tldw_chatbook.DB.ChaChaNotes_DB:_enter_transaction:24458 - Entered nested transaction level 2 on thread 8494865792.
2026-10-03 20:37:22.642 | DEBUG    | tldw_chatbook.DB.ChaChaNotes_DB:_migrate_from_v7_to_v8:8472 - [rag_char_chat_schema V7→V8] Migration script executed.
2026-10-03 20:37:22.642 | INFO     | tldw_chatbook.DB.ChaChaNotes_DB:_migrate_from_v7_to_v8:8481 - [rag_char_chat_schema V7→V8] Migration completed successfully for DB: db_sha256=7ff6a2f6af67.
2026-10-03 20:37:22.643 | INFO     | tldw_chatbook.DB.ChaChaNotes_DB:_migrate_from_v8_to_v9:4925 - Migrating schema from V8 to V9 for 'rag_char_chat_schema' in DB: db_sha256=7ff6a2f6af67...
2026-10-03 20:37:22.643 | DEBUG    | tldw_chatbook.DB.ChaChaNotes_DB:_enter_transaction:24458 - Entered nested transaction level 2 on thread 8494865792.
2026-10-03 20:37:22.646 | DEBUG    | tldw_chatbook.DB.ChaChaNotes_DB:_migrate_from_v8_to_v9:4933 - [rag_char_chat_schema V8→V9] Migration script executed.
2026-10-03 20:37:22.646 | INFO     | tldw_chatbook.DB.ChaChaNotes_DB:_migrate_from_v8_to_v9:4942 - [rag_char_chat_schema V8→V9] Migration completed successfully for DB: db_sha256=7ff6a2f6af67.
2026-10-03 20:37:22.646 | INFO     | tldw_chatbook.DB.ChaChaNotes_DB:_migrate_from_v9_to_v10:4976 - Migrating schema from V9 to V10 for 'rag_char_chat_schema' in DB: db_sha256=7ff6a2f6af67...
2026-10-03 20:37:22.646 | DEBUG    | tldw_chatbook.DB.ChaChaNotes_DB:_enter_transaction:24458 - Entered nested transaction level 2 on thread 8494865792.
2026-10-03 20:37:22.647 | DEBUG    | tldw_chatbook.DB.ChaChaNotes_DB:_migrate_from_v9_to_v10:4984 - [rag_char_chat_schema V9→V10] Migration script executed.
2026-10-03 20:37:22.647 | INFO     | tldw_chatbook.DB.ChaChaNotes_DB:_migrate_from_v9_to_v10:4993 - [rag_char_chat_schema V9→V10] Migration completed successfully for DB: db_sha256=7ff6a2f6af67.
2026-10-03 20:37:22.647 | INFO     | tldw_chatbook.DB.ChaChaNotes_DB:_migrate_from_v10_to_v11:5027 - Migrating schema from V10 to V11 for 'rag_char_chat_schema' in DB: db_sha256=7ff6a2f6af67...
2026-10-03 20:37:22.647 | DEBUG    | tldw_chatbook.DB.ChaChaNotes_DB:_enter_transaction:24458 - Entered nested transaction level 2 on thread 8494865792.
2026-10-03 20:37:22.650 | DEBUG    | tldw_chatbook.DB.ChaChaNotes_DB:_migrate_from_v10_to_v11:5035 - [rag_char_chat_schema V10→V11] Migration script executed.
2026-10-03 20:37:22.650 | INFO     | tldw_chatbook.DB.ChaChaNotes_DB:_migrate_from_v10_to_v11:5044 - [rag_char_chat_schema V10→V11] Migration completed successfully for DB: db_sha256=7ff6a2f6af67.
2026-10-03 20:37:22.650 | INFO     | tldw_chatbook.DB.ChaChaNotes_DB:_migrate_from_v11_to_v12:5078 - Migrating schema from V11 to V12 for 'rag_char_chat_schema' in DB: db_sha256=7ff6a2f6af67...
2026-10-03 20:37:22.650 | DEBUG    | tldw_chatbook.DB.ChaChaNotes_DB:_enter_transaction:24458 - Entered nested transaction level 2 on thread 8494865792.
2026-10-03 20:37:22.659 | DEBUG    | tldw_chatbook.DB.ChaChaNotes_DB:_migrate_from_v11_to_v12:5086 - [rag_char_chat_schema V11→V12] Migration script executed.
2026-10-03 20:37:22.660 | INFO     | tldw_chatbook.DB.ChaChaNotes_DB:_migrate_from_v11_to_v12:5095 - [rag_char_chat_schema V11→V12] Migration completed successfully for DB: db_sha256=7ff6a2f6af67.
2026-10-03 20:37:22.660 | INFO     | tldw_chatbook.DB.ChaChaNotes_DB:_migrate_from_v12_to_v13:5121 - Migrating schema from V12 to V13 for 'rag_char_chat_schema' in DB: db_sha256=7ff6a2f6af67...
2026-10-03 20:37:22.660 | DEBUG    | tldw_chatbook.DB.ChaChaNotes_DB:_enter_transaction:24458 - Entered nested transaction level 2 on thread 8494865792.
2026-10-03 20:37:22.692 | DEBUG    | tldw_chatbook.DB.ChaChaNotes_DB:_migrate_from_v12_to_v13:5129 - [rag_char_chat_schema V12→V13] Migration script executed.
2026-10-03 20:37:22.692 | INFO     | tldw_chatbook.DB.ChaChaNotes_DB:_migrate_from_v12_to_v13:5137 - [rag_char_chat_schema V12→V13] Migration completed successfully for DB: db_sha256=7ff6a2f6af67.
2026-10-03 20:37:22.693 | INFO     | tldw_chatbook.DB.ChaChaNotes_DB:_migrate_from_v13_to_v14:5162 - Migrating schema from V13 to V14 for 'rag_char_chat_schema' in DB: db_sha256=7ff6a2f6af67...
2026-10-03 20:37:22.693 | DEBUG    | tldw_chatbook.DB.ChaChaNotes_DB:_enter_transaction:24458 - Entered nested transaction level 2 on thread 8494865792.
2026-10-03 20:37:22.701 | DEBUG    | tldw_chatbook.DB.ChaChaNotes_DB:_migrate_from_v13_to_v14:5170 - [rag_char_chat_schema V13→V14] Migration script executed.
2026-10-03 20:37:22.701 | INFO     | tldw_chatbook.DB.ChaChaNotes_DB:_migrate_from_v13_to_v14:5178 - [rag_char_chat_schema V13→V14] Migration completed successfully for DB: db_sha256=7ff6a2f6af67.
2026-10-03 20:37:22.701 | INFO     | tldw_chatbook.DB.ChaChaNotes_DB:_migrate_from_v14_to_v15:5203 - Migrating schema from V14 to V15 for 'rag_char_chat_schema' in DB: db_sha256=7ff6a2f6af67...
2026-10-03 20:37:22.702 | DEBUG    | tldw_chatbook.DB.ChaChaNotes_DB:_enter_transaction:24458 - Entered nested transaction level 2 on thread 8494865792.
2026-10-03 20:37:22.703 | DEBUG    | tldw_chatbook.DB.ChaChaNotes_DB:_migrate_from_v14_to_v15:5211 - [rag_char_chat_schema V14→V15] Migration script executed.
2026-10-03 20:37:22.703 | INFO     | tldw_chatbook.DB.ChaChaNotes_DB:_migrate_from_v14_to_v15:5219 - [rag_char_chat_schema V14→V15] Migration completed successfully for DB: db_sha256=7ff6a2f6af67.
2026-10-03 20:37:22.703 | INFO     | tldw_chatbook.DB.ChaChaNotes_DB:_migrate_from_v15_to_v16:5245 - Migrating schema from V15 to V16 for 'rag_char_chat_schema' in DB: db_sha256=7ff6a2f6af67...
2026-10-03 20:37:22.703 | DEBUG    | tldw_chatbook.DB.ChaChaNotes_DB:_enter_transaction:24458 - Entered nested transaction level 2 on thread 8494865792.
2026-10-03 20:37:22.704 | DEBUG    | tldw_chatbook.DB.ChaChaNotes_DB:_migrate_from_v15_to_v16:5288 - [rag_char_chat_schema V15→V16] Migration script executed.
2026-10-03 20:37:22.704 | INFO     | tldw_chatbook.DB.ChaChaNotes_DB:_migrate_from_v15_to_v16:5298 - [rag_char_chat_schema V15→V16] Migration completed successfully for DB: db_sha256=7ff6a2f6af67.
2026-10-03 20:37:22.704 | INFO     | tldw_chatbook.DB.ChaChaNotes_DB:_migrate_from_v16_to_v17:5324 - Migrating schema from V16 to V17 for 'rag_char_chat_schema' in DB: db_sha256=7ff6a2f6af67...
2026-10-03 20:37:22.704 | DEBUG    | tldw_chatbook.DB.ChaChaNotes_DB:_enter_transaction:24458 - Entered nested transaction level 2 on thread 8494865792.
2026-10-03 20:37:22.704 | DEBUG    | tldw_chatbook.DB.ChaChaNotes_DB:_migrate_from_v16_to_v17:5332 - [rag_char_chat_schema V16→V17] Migration script executed.
2026-10-03 20:37:22.704 | INFO     | tldw_chatbook.DB.ChaChaNotes_DB:_migrate_from_v16_to_v17:5340 - [rag_char_chat_schema V16→V17] Migration completed successfully for DB: db_sha256=7ff6a2f6af67.
2026-10-03 20:37:22.704 | INFO     | tldw_chatbook.DB.ChaChaNotes_DB:_migrate_from_v17_to_v18:5368 - Migrating schema from V17 to V18 for 'rag_char_chat_schema' in DB: db_sha256=7ff6a2f6af67...
2026-10-03 20:37:22.705 | DEBUG    | tldw_chatbook.DB.ChaChaNotes_DB:_enter_transaction:24458 - Entered nested transaction level 2 on thread 8494865792.
2026-10-03 20:37:22.708 | DEBUG    | tldw_chatbook.DB.ChaChaNotes_DB:_migrate_from_v17_to_v18:5376 - [rag_char_chat_schema V17→V18] Migration script executed.
2026-10-03 20:37:22.708 | INFO     | tldw_chatbook.DB.ChaChaNotes_DB:_migrate_from_v17_to_v18:5384 - [rag_char_chat_schema V17→V18] Migration completed successfully for DB: db_sha256=7ff6a2f6af67.
2026-10-03 20:37:22.708 | INFO     | tldw_chatbook.DB.ChaChaNotes_DB:_migrate_from_v18_to_v19:8414 - Migrating schema from V18 to V19 for 'rag_char_chat_schema' in DB: db_sha256=7ff6a2f6af67...
2026-10-03 20:37:22.709 | DEBUG    | tldw_chatbook.DB.ChaChaNotes_DB:_enter_transaction:24458 - Entered nested transaction level 2 on thread 8494865792.
2026-10-03 20:37:22.709 | DEBUG    | tldw_chatbook.DB.ChaChaNotes_DB:_migrate_from_v18_to_v19:8422 - [rag_char_chat_schema V18→V19] Migration script executed.
2026-10-03 20:37:22.709 | INFO     | tldw_chatbook.DB.ChaChaNotes_DB:_migrate_from_v18_to_v19:8430 - [rag_char_chat_schema V18→V19] Migration completed successfully for DB: db_sha256=7ff6a2f6af67.
2026-10-03 20:37:22.709 | INFO     | tldw_chatbook.DB.ChaChaNotes_DB:_migrate_from_v19_to_v20:5412 - Migrating schema from V19 to V20 for 'rag_char_chat_schema' in DB: db_sha256=7ff6a2f6af67...
2026-10-03 20:37:22.709 | DEBUG    | tldw_chatbook.DB.ChaChaNotes_DB:_enter_transaction:24458 - Entered nested transaction level 2 on thread 8494865792.
2026-10-03 20:37:22.713 | DEBUG    | tldw_chatbook.DB.ChaChaNotes_DB:_migrate_from_v19_to_v20:5431 - [rag_char_chat_schema V19→V20] Migration script executed.
2026-10-03 20:37:22.713 | INFO     | tldw_chatbook.DB.ChaChaNotes_DB:_migrate_from_v19_to_v20:5439 - [rag_char_chat_schema V19→V20] Migration completed successfully for DB: db_sha256=7ff6a2f6af67.
2026-10-03 20:37:22.713 | INFO     | tldw_chatbook.DB.ChaChaNotes_DB:_migrate_from_v20_to_v21:5467 - Migrating schema from V20 to V21 for 'rag_char_chat_schema' in DB: db_sha256=7ff6a2f6af67...
2026-10-03 20:37:22.713 | DEBUG    | tldw_chatbook.DB.ChaChaNotes_DB:_enter_transaction:24458 - Entered nested transaction level 2 on thread 8494865792.
2026-10-03 20:37:22.714 | DEBUG    | tldw_chatbook.DB.ChaChaNotes_DB:_migrate_from_v20_to_v21:5488 - [rag_char_chat_schema V20→V21] Migration script executed.
2026-10-03 20:37:22.714 | INFO     | tldw_chatbook.DB.ChaChaNotes_DB:_migrate_from_v20_to_v21:5496 - [rag_char_chat_schema V20→V21] Migration completed successfully for DB: db_sha256=7ff6a2f6af67.
2026-10-03 20:37:22.714 | INFO     | tldw_chatbook.DB.ChaChaNotes_DB:_migrate_from_v21_to_v22:5518 - Migrating schema from V21 to V22 for 'rag_char_chat_schema' in DB: db_sha256=7ff6a2f6af67...
2026-10-03 20:37:22.714 | DEBUG    | tldw_chatbook.DB.ChaChaNotes_DB:_enter_transaction:24458 - Entered nested transaction level 2 on thread 8494865792.
2026-10-03 20:37:22.715 | DEBUG    | tldw_chatbook.DB.ChaChaNotes_DB:_migrate_from_v21_to_v22:5536 - [rag_char_chat_schema V21→V22] Migration script executed.
2026-10-03 20:37:22.715 | INFO     | tldw_chatbook.DB.ChaChaNotes_DB:_migrate_from_v21_to_v22:5542 - [rag_char_chat_schema V21→V22] Migration completed successfully for DB: db_sha256=7ff6a2f6af67.
2026-10-03 20:37:22.715 | INFO     | tldw_chatbook.DB.ChaChaNotes_DB:_migrate_from_v22_to_v23:5564 - Migrating schema from V22 to V23 for 'rag_char_chat_schema' in DB: db_sha256=7ff6a2f6af67...
2026-10-03 20:37:22.715 | DEBUG    | tldw_chatbook.DB.ChaChaNotes_DB:_enter_transaction:24458 - Entered nested transaction level 2 on thread 8494865792.
2026-10-03 20:37:22.715 | DEBUG    | tldw_chatbook.DB.ChaChaNotes_DB:_migrate_from_v22_to_v23:5572 - [rag_char_chat_schema V22→V23] Migration script executed.
2026-10-03 20:37:22.715 | INFO     | tldw_chatbook.DB.ChaChaNotes_DB:_migrate_from_v22_to_v23:5578 - [rag_char_chat_schema V22→V23] Migration completed successfully for DB: db_sha256=7ff6a2f6af67.
2026-10-03 20:37:22.715 | INFO     | tldw_chatbook.DB.ChaChaNotes_DB:_migrate_from_v23_to_v24:5601 - Migrating schema from V23 to V24 for 'rag_char_chat_schema' in DB: db_sha256=7ff6a2f6af67...
2026-10-03 20:37:22.716 | DEBUG    | tldw_chatbook.DB.ChaChaNotes_DB:_enter_transaction:24458 - Entered nested transaction level 2 on thread 8494865792.
2026-10-03 20:37:22.719 | DEBUG    | tldw_chatbook.DB.ChaChaNotes_DB:_migrate_from_v23_to_v24:5619 - [rag_char_chat_schema V23→V24] Migration script executed.
2026-10-03 20:37:22.719 | INFO     | tldw_chatbook.DB.ChaChaNotes_DB:_migrate_from_v23_to_v24:5625 - [rag_char_chat_schema V23→V24] Migration completed successfully for DB: db_sha256=7ff6a2f6af67.
2026-10-03 20:37:22.719 | INFO     | tldw_chatbook.DB.ChaChaNotes_DB:_migrate_from_v24_to_v25:5648 - Migrating schema from V24 to V25 for 'rag_char_chat_schema' in DB: db_sha256=7ff6a2f6af67...
2026-10-03 20:37:22.719 | DEBUG    | tldw_chatbook.DB.ChaChaNotes_DB:_enter_transaction:24458 - Entered nested transaction level 2 on thread 8494865792.
2026-10-03 20:37:22.720 | DEBUG    | tldw_chatbook.DB.ChaChaNotes_DB:_migrate_from_v24_to_v25:5656 - [rag_char_chat_schema V24→V25] Migration script executed.
2026-10-03 20:37:22.720 | INFO     | tldw_chatbook.DB.ChaChaNotes_DB:_migrate_from_v24_to_v25:5662 - [rag_char_chat_schema V24→V25] Migration completed successfully for DB: db_sha256=7ff6a2f6af67.
2026-10-03 20:37:22.720 | INFO     | tldw_chatbook.DB.ChaChaNotes_DB:_migrate_from_v25_to_v26:5686 - Migrating schema from V25 to V26 for 'rag_char_chat_schema' in DB: db_sha256=7ff6a2f6af67...
2026-10-03 20:37:22.720 | DEBUG    | tldw_chatbook.DB.ChaChaNotes_DB:_enter_transaction:24458 - Entered nested transaction level 2 on thread 8494865792.
2026-10-03 20:37:22.727 | DEBUG    | tldw_chatbook.DB.ChaChaNotes_DB:_migrate_from_v25_to_v26:5708 - [rag_char_chat_schema V25→V26] Migration script executed.
2026-10-03 20:37:22.727 | INFO     | tldw_chatbook.DB.ChaChaNotes_DB:_migrate_from_v25_to_v26:5714 - [rag_char_chat_schema V25→V26] Migration completed successfully for DB: db_sha256=7ff6a2f6af67.
2026-10-03 20:37:22.727 | DEBUG    | tldw_chatbook.DB.ChaChaNotes_DB:_enter_transaction:24458 - Entered nested transaction level 2 on thread 8494865792.
2026-10-03 20:37:22.731 | DEBUG    | tldw_chatbook.DB.ChaChaNotes_DB:_enter_transaction:24458 - Entered nested transaction level 2 on thread 8494865792.
2026-10-03 20:37:22.732 | DEBUG    | tldw_chatbook.DB.ChaChaNotes_DB:_enter_transaction:24458 - Entered nested transaction level 3 on thread 8494865792.
2026-10-03 20:37:22.735 | INFO     | tldw_chatbook.DB.ChaChaNotes_DB:_migrate_from_v28_to_v29:5901 - Migrating schema from V28 to V29 for 'rag_char_chat_schema' in DB: db_sha256=7ff6a2f6af67...
2026-10-03 20:37:22.735 | DEBUG    | tldw_chatbook.DB.ChaChaNotes_DB:_enter_transaction:24458 - Entered nested transaction level 2 on thread 8494865792.
2026-10-03 20:37:22.736 | DEBUG    | tldw_chatbook.DB.ChaChaNotes_DB:_migrate_from_v28_to_v29:5909 - [rag_char_chat_schema V28→V29] Migration script executed.
2026-10-03 20:37:22.736 | INFO     | tldw_chatbook.DB.ChaChaNotes_DB:_migrate_from_v28_to_v29:5917 - [rag_char_chat_schema V28→V29] Migration completed successfully for DB: db_sha256=7ff6a2f6af67.
2026-10-03 20:37:22.736 | INFO     | tldw_chatbook.DB.ChaChaNotes_DB:_migrate_from_v29_to_v30:5944 - Migrating schema from V29 to V30 for 'rag_char_chat_schema' in DB: db_sha256=7ff6a2f6af67...
2026-10-03 20:37:22.736 | DEBUG    | tldw_chatbook.DB.ChaChaNotes_DB:_enter_transaction:24458 - Entered nested transaction level 2 on thread 8494865792.
2026-10-03 20:37:22.740 | DEBUG    | tldw_chatbook.DB.ChaChaNotes_DB:_migrate_from_v29_to_v30:5970 - [rag_char_chat_schema V29→V30] Migration script executed.
2026-10-03 20:37:22.740 | INFO     | tldw_chatbook.DB.ChaChaNotes_DB:_migrate_from_v29_to_v30:5994 - [rag_char_chat_schema V29→V30] Migration completed successfully for DB: db_sha256=7ff6a2f6af67.
2026-10-03 20:37:22.740 | INFO     | tldw_chatbook.DB.ChaChaNotes_DB:_migrate_from_v30_to_v31:6021 - Migrating schema from V30 to V31 for 'rag_char_chat_schema' in DB: db_sha256=7ff6a2f6af67...
2026-10-03 20:37:22.740 | DEBUG    | tldw_chatbook.DB.ChaChaNotes_DB:_enter_transaction:24458 - Entered nested transaction level 2 on thread 8494865792.
2026-10-03 20:37:22.743 | DEBUG    | tldw_chatbook.DB.ChaChaNotes_DB:_migrate_from_v30_to_v31:6047 - [rag_char_chat_schema V30→V31] Migration script executed.
2026-10-03 20:37:22.743 | INFO     | tldw_chatbook.DB.ChaChaNotes_DB:_migrate_from_v30_to_v31:6071 - [rag_char_chat_schema V30→V31] Migration completed successfully for DB: db_sha256=7ff6a2f6af67.
2026-10-03 20:37:22.743 | INFO     | tldw_chatbook.DB.ChaChaNotes_DB:_migrate_from_v31_to_v32:6104 - Migrating schema from V31 to V32 for 'rag_char_chat_schema' in DB: db_sha256=7ff6a2f6af67...
2026-10-03 20:37:22.744 | DEBUG    | tldw_chatbook.DB.ChaChaNotes_DB:_enrich_default_assistant_card_if_bare:4749 - [task-2451] Default Assistant enrichment UPDATE affected 0 row(s) in DB: db_sha256=7ff6a2f6af67.
2026-10-03 20:37:22.744 | INFO     | tldw_chatbook.DB.ChaChaNotes_DB:_migrate_from_v31_to_v32:6130 - [rag_char_chat_schema V31→V32] Migration completed successfully for DB: db_sha256=7ff6a2f6af67.
2026-10-03 20:37:22.744 | DEBUG    | tldw_chatbook.DB.ChaChaNotes_DB:_enter_transaction:24458 - Entered nested transaction level 2 on thread 8494865792.
2026-10-03 20:37:22.746 | DEBUG    | tldw_chatbook.DB.ChaChaNotes_DB:_enter_transaction:24458 - Entered nested transaction level 2 on thread 8494865792.
2026-10-03 20:37:22.751 | DEBUG    | tldw_chatbook.DB.ChaChaNotes_DB:_enter_transaction:24458 - Entered nested transaction level 2 on thread 8494865792.
2026-10-03 20:37:22.753 | DEBUG    | tldw_chatbook.DB.ChaChaNotes_DB:_enter_transaction:24458 - Entered nested transaction level 2 on thread 8494865792.
2026-10-03 20:37:22.755 | DEBUG    | tldw_chatbook.DB.ChaChaNotes_DB:_enter_transaction:24458 - Entered nested transaction level 2 on thread 8494865792.
2026-10-03 20:37:22.761 | DEBUG    | tldw_chatbook.DB.ChaChaNotes_DB:_enter_transaction:24458 - Entered nested transaction level 2 on thread 8494865792.
2026-10-03 20:37:22.762 | DEBUG    | tldw_chatbook.DB.ChaChaNotes_DB:_enter_transaction:24458 - Entered nested transaction level 2 on thread 8494865792.
2026-10-03 20:37:22.763 | DEBUG    | tldw_chatbook.DB.ChaChaNotes_DB:_enter_transaction:24458 - Entered nested transaction level 2 on thread 8494865792.
2026-10-03 20:37:22.764 | DEBUG    | tldw_chatbook.DB.ChaChaNotes_DB:_enter_transaction:24458 - Entered nested transaction level 2 on thread 8494865792.
2026-10-03 20:37:22.765 | INFO     | tldw_chatbook.DB.ChaChaNotes_DB:_migrate_from_v41_to_v42:6450 - Migrating schema from V41 to V42 for 'rag_char_chat_schema' in DB: db_sha256=7ff6a2f6af67...
2026-10-03 20:37:22.766 | INFO     | tldw_chatbook.DB.ChaChaNotes_DB:_migrate_from_v41_to_v42:6514 - [rag_char_chat_schema V41→V42] conversations.console_project_context_json already present; applying the version bump only.
2026-10-03 20:37:22.766 | INFO     | tldw_chatbook.DB.ChaChaNotes_DB:_migrate_from_v42_to_v43:6564 - Migrating schema from V42 to V43 for 'rag_char_chat_schema' in DB: db_sha256=7ff6a2f6af67...
2026-10-03 20:37:22.766 | DEBUG    | tldw_chatbook.DB.ChaChaNotes_DB:_enter_transaction:24458 - Entered nested transaction level 2 on thread 8494865792.
2026-10-03 20:37:22.767 | INFO     | tldw_chatbook.DB.ChaChaNotes_DB:_migrate_from_v42_to_v43:6703 - [rag_char_chat_schema V42→V43] Migration completed successfully for DB: db_sha256=7ff6a2f6af67.
2026-10-03 20:37:22.767 | INFO     | tldw_chatbook.DB.ChaChaNotes_DB:_migrate_from_v43_to_v44:6733 - Migrating schema from V43 to V44 for 'rag_char_chat_schema' in DB: db_sha256=7ff6a2f6af67...
2026-10-03 20:37:22.767 | DEBUG    | tldw_chatbook.DB.ChaChaNotes_DB:_enter_transaction:24458 - Entered nested transaction level 2 on thread 8494865792.
2026-10-03 20:37:22.779 | INFO     | tldw_chatbook.DB.ChaChaNotes_DB:_migrate_from_v43_to_v44:6773 - [rag_char_chat_schema V43→V44] Migration completed successfully for DB: db_sha256=7ff6a2f6af67.
2026-10-03 20:37:22.780 | INFO     | tldw_chatbook.DB.ChaChaNotes_DB:_migrate_from_v44_to_v45:6842 - Actor Pack schema migration started: chachanotes_v44_to_v45
2026-10-03 20:37:22.780 | DEBUG    | tldw_chatbook.DB.ChaChaNotes_DB:_enter_transaction:24458 - Entered nested transaction level 2 on thread 8494865792.
2026-10-03 20:37:22.782 | INFO     | tldw_chatbook.DB.ChaChaNotes_DB:_migrate_from_v44_to_v45:6875 - Actor Pack schema migration completed: chachanotes_v44_to_v45
2026-10-03 20:37:22.782 | INFO     | tldw_chatbook.DB.ChaChaNotes_DB:_migrate_from_v45_to_v46:6919 - Migrating schema from V45 to V46 for 'rag_char_chat_schema' in DB: db_sha256=7ff6a2f6af67...
2026-10-03 20:37:22.782 | DEBUG    | tldw_chatbook.DB.ChaChaNotes_DB:_enter_transaction:24458 - Entered nested transaction level 2 on thread 8494865792.
2026-10-03 20:37:22.788 | INFO     | tldw_chatbook.DB.ChaChaNotes_DB:_migrate_from_v45_to_v46:6965 - [rag_char_chat_schema V45→V46] Migration completed successfully for DB: db_sha256=7ff6a2f6af67. Purged 0 unreachable sync_log row(s) of 1.
2026-10-03 20:37:22.788 | INFO     | tldw_chatbook.DB.ChaChaNotes_DB:_migrate_from_v46_to_v47:7007 - Migrating schema from V46 to V47 for 'rag_char_chat_schema' in DB: db_sha256=7ff6a2f6af67...
2026-10-03 20:37:22.789 | DEBUG    | tldw_chatbook.DB.ChaChaNotes_DB:_enter_transaction:24458 - Entered nested transaction level 2 on thread 8494865792.
2026-10-03 20:37:22.790 | INFO     | tldw_chatbook.DB.ChaChaNotes_DB:_migrate_from_v46_to_v47:7042 - [rag_char_chat_schema V46→V47] Migration completed successfully for DB: db_sha256=7ff6a2f6af67.
2026-10-03 20:37:22.790 | DEBUG    | tldw_chatbook.DB.ChaChaNotes_DB:_enter_transaction:24458 - Entered nested transaction level 2 on thread 8494865792.
2026-10-03 20:37:22.797 | INFO     | tldw_chatbook.DB.ChaChaNotes_DB:_migrate_from_v48_to_v49:7198 - Migrating schema from V48 to V49 for 'rag_char_chat_schema' in DB: db_sha256=7ff6a2f6af67...
2026-10-03 20:37:22.797 | DEBUG    | tldw_chatbook.DB.ChaChaNotes_DB:_enter_transaction:24458 - Entered nested transaction level 2 on thread 8494865792.
2026-10-03 20:37:22.798 | INFO     | tldw_chatbook.DB.ChaChaNotes_DB:_migrate_from_v48_to_v49:7233 - [rag_char_chat_schema V48→V49] Migration completed successfully for DB: db_sha256=7ff6a2f6af67.
2026-10-03 20:37:22.798 | INFO     | tldw_chatbook.DB.ChaChaNotes_DB:_migrate_from_v49_to_v50:7281 - Migrating schema from V49 to V50 for 'rag_char_chat_schema' in DB: db_sha256=7ff6a2f6af67...
2026-10-03 20:37:22.799 | DEBUG    | tldw_chatbook.DB.ChaChaNotes_DB:_enter_transaction:24458 - Entered nested transaction level 2 on thread 8494865792.
2026-10-03 20:37:22.799 | INFO     | tldw_chatbook.DB.ChaChaNotes_DB:_migrate_from_v49_to_v50:7315 - [rag_char_chat_schema V49→V50] Migration completed successfully for DB: db_sha256=7ff6a2f6af67.
2026-10-03 20:37:22.799 | DEBUG    | tldw_chatbook.DB.ChaChaNotes_DB:_enter_transaction:24458 - Entered nested transaction level 2 on thread 8494865792.
2026-10-03 20:37:22.805 | DEBUG    | tldw_chatbook.DB.ChaChaNotes_DB:_enter_transaction:24458 - Entered nested transaction level 2 on thread 8494865792.
2026-10-03 20:37:22.817 | INFO     | tldw_chatbook.DB.ChaChaNotes_DB:_migrate_from_v52_to_v53:7440 - Migrating schema from V52 to V53 for 'rag_char_chat_schema' in DB: db_sha256=7ff6a2f6af67...
2026-10-03 20:37:22.818 | DEBUG    | tldw_chatbook.DB.ChaChaNotes_DB:_enter_transaction:24458 - Entered nested transaction level 2 on thread 8494865792.
2026-10-03 20:37:22.818 | INFO     | tldw_chatbook.DB.ChaChaNotes_DB:_migrate_from_v52_to_v53:7505 - [rag_char_chat_schema V52→V53] Migration completed for DB: db_sha256=7ff6a2f6af67 (examined 0, compacted 0, skipped 0 unreadable).
2026-10-03 20:37:22.818 | DEBUG    | tldw_chatbook.DB.ChaChaNotes_DB:_enter_transaction:24458 - Entered nested transaction level 2 on thread 8494865792.
2026-10-03 20:37:22.823 | DEBUG    | tldw_chatbook.DB.ChaChaNotes_DB:_enter_transaction:24458 - Entered nested transaction level 2 on thread 8494865792.
2026-10-03 20:37:22.825 | DEBUG    | tldw_chatbook.DB.ChaChaNotes_DB:_enter_transaction:24458 - Entered nested transaction level 2 on thread 8494865792.
2026-10-03 20:37:22.844 | DEBUG    | tldw_chatbook.DB.ChaChaNotes_DB:_enter_transaction:24458 - Entered nested transaction level 2 on thread 8494865792.
2026-10-03 20:37:22.846 | DEBUG    | tldw_chatbook.DB.ChaChaNotes_DB:_enter_transaction:24458 - Entered nested transaction level 2 on thread 8494865792.
2026-10-03 20:37:22.872 | DEBUG    | tldw_chatbook.DB.ChaChaNotes_DB:_enter_transaction:24458 - Entered nested transaction level 2 on thread 8494865792.
2026-10-03 20:37:22.874 | DEBUG    | tldw_chatbook.DB.ChaChaNotes_DB:_enter_transaction:24458 - Entered nested transaction level 2 on thread 8494865792.
2026-10-03 20:37:22.875 | DEBUG    | tldw_chatbook.DB.ChaChaNotes_DB:_enter_transaction:24458 - Entered nested transaction level 2 on thread 8494865792.
2026-10-03 20:37:22.876 | DEBUG    | tldw_chatbook.DB.ChaChaNotes_DB:_enter_transaction:24458 - Entered nested transaction level 2 on thread 8494865792.
2026-10-03 20:37:22.907 | DEBUG    | tldw_chatbook.DB.ChaChaNotes_DB:_enter_transaction:24458 - Entered nested transaction level 2 on thread 8494865792.
2026-10-03 20:37:22.916 | DEBUG    | tldw_chatbook.DB.ChaChaNotes_DB:_enter_transaction:24458 - Entered nested transaction level 2 on thread 8494865792.
2026-10-03 20:37:22.945 | DEBUG    | tldw_chatbook.DB.ChaChaNotes_DB:_enter_transaction:24458 - Entered nested transaction level 2 on thread 8494865792.
2026-10-03 20:37:22.947 | DEBUG    | tldw_chatbook.DB.ChaChaNotes_DB:_enter_transaction:24458 - Entered nested transaction level 2 on thread 8494865792.
2026-10-03 20:37:22.957 | DEBUG    | tldw_chatbook.DB.ChaChaNotes_DB:_enter_transaction:24458 - Entered nested transaction level 3 on thread 8494865792.
2026-10-03 20:37:22.958 | DEBUG    | tldw_chatbook.DB.ChaChaNotes_DB:_enter_transaction:24458 - Entered nested transaction level 3 on thread 8494865792.
2026-10-03 20:37:22.960 | DEBUG    | tldw_chatbook.DB.ChaChaNotes_DB:_enter_transaction:24458 - Entered nested transaction level 2 on thread 8494865792.
2026-10-03 20:37:22.966 | DEBUG    | tldw_chatbook.DB.ChaChaNotes_DB:_enter_transaction:24458 - Entered nested transaction level 2 on thread 8494865792.
2026-10-03 20:37:23.010 | DEBUG    | tldw_chatbook.DB.ChaChaNotes_DB:_enter_transaction:24458 - Entered nested transaction level 2 on thread 8494865792.
2026-10-03 20:37:23.014 | DEBUG    | tldw_chatbook.DB.ChaChaNotes_DB:_enter_transaction:24458 - Entered nested transaction level 2 on thread 8494865792.
2026-10-03 20:37:23.022 | DEBUG    | tldw_chatbook.DB.ChaChaNotes_DB:_enter_transaction:24458 - Entered nested transaction level 2 on thread 8494865792.
2026-10-03 20:37:23.033 | DEBUG    | tldw_chatbook.DB.ChaChaNotes_DB:_enter_transaction:24458 - Entered nested transaction level 2 on thread 8494865792.
2026-10-03 20:37:23.057 | DEBUG    | tldw_chatbook.DB.ChaChaNotes_DB:_enter_transaction:24458 - Entered nested transaction level 2 on thread 8494865792.
2026-10-03 20:37:23.058 | DEBUG    | tldw_chatbook.DB.ChaChaNotes_DB:_enter_transaction:24458 - Entered nested transaction level 2 on thread 8494865792.
2026-10-03 20:37:23.067 | DEBUG    | tldw_chatbook.DB.ChaChaNotes_DB:_enter_transaction:24458 - Entered nested transaction level 2 on thread 8494865792.
2026-10-03 20:37:23.076 | DEBUG    | tldw_chatbook.DB.ChaChaNotes_DB:_enter_transaction:24458 - Entered nested transaction level 2 on thread 8494865792.
2026-10-03 20:37:23.111 | INFO     | tldw_chatbook.DB.ChaChaNotes_DB:_initialize_schema:8685 - Database schema 'rag_char_chat_schema' successfully initialized/migrated to version 76.
2026-10-03 20:37:23.147 | DEBUG    | tldw_chatbook.DB.ChaChaNotes_DB:_exit_transaction:24552 - Transaction (outermost) committed successfully on thread 8494865792.
2026-10-03 20:37:23.147 | DEBUG    | tldw_chatbook.DB.ChaChaNotes_DB:__init__:3399 - CharactersRAGDB initialization completed successfully db_sha256=7ff6a2f6af67
2026-10-03 20:37:23.186 | DEBUG    | tldw_chatbook.Chat.chat_persistence_service:__init__:271 - Recovered-media message source is unavailable.
2026-10-03 20:37:23.196 | DEBUG    | tldw_chatbook.DB.ChaChaNotes_DB:_enter_transaction:24489 - Started outermost transaction on thread 8494865792.
2026-10-03 20:37:23.196 | DEBUG    | tldw_chatbook.DB.ChaChaNotes_DB:_enter_transaction:24458 - Entered nested transaction level 2 on thread 8494865792.
2026-10-03 20:37:23.199 | DEBUG    | tldw_chatbook.DB.ChaChaNotes_DB:add_conversation:11073 - Added conversation ID: 79b5edd6-1eab-40ff-ad8e-85b6a332ab9b.
2026-10-03 20:37:23.200 | DEBUG    | tldw_chatbook.DB.ChaChaNotes_DB:_enter_transaction:24458 - Entered nested transaction level 2 on thread 8494865792.
2026-10-03 20:37:23.201 | DEBUG    | tldw_chatbook.DB.ChaChaNotes_DB:_exit_transaction:24552 - Transaction (outermost) committed successfully on thread 8494865792.
2026-10-03 20:37:23.211 | DEBUG    | tldw_chatbook.DB.ChaChaNotes_DB:_enter_transaction:24489 - Started outermost transaction on thread 8494865792.
2026-10-03 20:37:23.212 | DEBUG    | tldw_chatbook.DB.ChaChaNotes_DB:_exit_transaction:24552 - Transaction (outermost) committed successfully on thread 8494865792.
_____ test_note_actions_dispatch_one_exclusive_note_worker[summarize-note] _____

action_id = 'summarize-note'

    @pytest.mark.asyncio
    @pytest.mark.parametrize("action_id", ["summarize-note", "save-transcript-note"])
    async def test_note_actions_dispatch_one_exclusive_note_worker(action_id):
        """Each More-menu note action routes to the shared console-note-actions
        worker group (never console-run, so it can never cancel a live stream)."""
        import asyncio
        from types import SimpleNamespace
    
>       app, screen = _build_screen()
                      ^^^^^^^^^^^^^^^

Tests/Chat/test_console_note_span_actions.py:263: 
_ _ _ _ _ _ _ _ _ _ _ _ _ _ _ _ _ _ _ _ _ _ _ _ _ _ _ _ _ _ _ _ _ _ _ _ _ _ _ _ 
Tests/Chat/test_console_note_span_actions.py:223: in _build_screen
    from Tests.UI.app_factory import _build_test_app
Tests/UI/app_factory.py:29: in <module>
    from tldw_chatbook.app import TldwCli
tldw_chatbook/app.py:671: in <module>
    APP_CONFIG = load_settings()
                 ^^^^^^^^^^^^^^^
tldw_chatbook/config.py:2027: in load_settings
    return _load_settings_guarded(
tldw_chatbook/Backup_Recovery/config_participants.py:421: in wrapped
    with operation(source, target=target):
         ^^^^^^^^^^^^^^^^^^^^^^^^^^^^^^^^
../../../../.local/share/uv/python/cpython-3.12.11-macos-aarch64-none/lib/python3.12/contextlib.py:137: in __enter__
    return next(self.gen)
           ^^^^^^^^^^^^^^
tldw_chatbook/Backup_Recovery/config_participants.py:352: in operation
    with raw._scope(source, route, writing=True, selected_read=target) as active:
         ^^^^^^^^^^^^^^^^^^^^^^^^^^^^^^^^^^^^^^^^^^^^^^^^^^^^^^^^^^^^^
../../../../.local/share/uv/python/cpython-3.12.11-macos-aarch64-none/lib/python3.12/contextlib.py:137: in __enter__
    return next(self.gen)
           ^^^^^^^^^^^^^^
tldw_chatbook/Backup_Recovery/raw_participants.py:649: in _scope
    participant = _raw_participant(source)
                  ^^^^^^^^^^^^^^^^^^^^^^^^
tldw_chatbook/Backup_Recovery/raw_participants.py:296: in _raw_participant
    state = _participant_state(participant)
            ^^^^^^^^^^^^^^^^^^^^^^^^^^^^^^^
_ _ _ _ _ _ _ _ _ _ _ _ _ _ _ _ _ _ _ _ _ _ _ _ _ _ _ _ _ _ _ _ _ _ _ _ _ _ _ _ 

participant = <tldw_chatbook.Backup_Recovery.raw_participants._RawParticipant object at 0x10ab0d490>

    def _participant_state(participant):
        if type(participant) is not _RawParticipant or participant not in _participants:
            raise bootstrap.RecoveryRequired("raw_participant_not_installed")
        state = _participants[participant]
        source = state.source()
        if source is None or type(source) is not state.source_type:
            raise bootstrap.RecoveryRequired("raw_participant_not_installed")
        if _source_participants.get(source) is not participant:
            raise bootstrap.RecoveryRequired("raw_participant_not_installed")
        if state.owner.startswith("mcp."):
            bound = mcp_sources.binding(source)
            if bound is None or not bound[2] or bound[1] != state.selected:
                raise bootstrap.RecoveryRequired("raw_source_selection_changed")
        if state.owner == "chat.dictionaries":
            binding = dictionary_files.binding(source)
            if binding is None or binding[1] != state.selected:
                raise bootstrap.RecoveryRequired("raw_source_selection_changed")
        if state.owner in {"personas", "chat.dictionary_history", "chat.rag_context"}:
            binding = chat_sources.binding(source)
            if binding is None or binding[1] != state.selected:
                raise bootstrap.RecoveryRequired("raw_source_selection_changed")
        if state.owner == "config":
            binding = config_files.binding(source)
            if binding is None or binding[1] != state.selected:
>               raise bootstrap.RecoveryRequired("raw_source_selection_changed")
E               tldw_chatbook.Backup_Recovery.bootstrap.RecoveryRequired: raw_source_selection_changed

tldw_chatbook/Backup_Recovery/raw_participants.py:132: RecoveryRequired
----------------------------- Captured stderr call -----------------------------
2026-10-03 20:37:23.842 | WARNING  | tldw_chatbook.Prompt_Management.Prompts_Interop:<module>:53 - python-frontmatter not installed. Markdown import will not be available.
2026-10-03 20:37:24.080 | INFO     | tldw_chatbook.Evals.task_loader:<module>:36 - HuggingFace evaluation datasets are unavailable. Install with: pip install datasets
__ test_note_actions_dispatch_one_exclusive_note_worker[save-transcript-note] __

action_id = 'save-transcript-note'

    @pytest.mark.asyncio
    @pytest.mark.parametrize("action_id", ["summarize-note", "save-transcript-note"])
    async def test_note_actions_dispatch_one_exclusive_note_worker(action_id):
        """Each More-menu note action routes to the shared console-note-actions
        worker group (never console-run, so it can never cancel a live stream)."""
        import asyncio
        from types import SimpleNamespace
    
>       app, screen = _build_screen()
                      ^^^^^^^^^^^^^^^

Tests/Chat/test_console_note_span_actions.py:263: 
_ _ _ _ _ _ _ _ _ _ _ _ _ _ _ _ _ _ _ _ _ _ _ _ _ _ _ _ _ _ _ _ _ _ _ _ _ _ _ _ 
Tests/Chat/test_console_note_span_actions.py:223: in _build_screen
    from Tests.UI.app_factory import _build_test_app
Tests/UI/app_factory.py:29: in <module>
    from tldw_chatbook.app import TldwCli
tldw_chatbook/app.py:671: in <module>
    APP_CONFIG = load_settings()
                 ^^^^^^^^^^^^^^^
tldw_chatbook/config.py:2027: in load_settings
    return _load_settings_guarded(
tldw_chatbook/Backup_Recovery/config_participants.py:421: in wrapped
    with operation(source, target=target):
         ^^^^^^^^^^^^^^^^^^^^^^^^^^^^^^^^
../../../../.local/share/uv/python/cpython-3.12.11-macos-aarch64-none/lib/python3.12/contextlib.py:137: in __enter__
    return next(self.gen)
           ^^^^^^^^^^^^^^
tldw_chatbook/Backup_Recovery/config_participants.py:352: in operation
    with raw._scope(source, route, writing=True, selected_read=target) as active:
         ^^^^^^^^^^^^^^^^^^^^^^^^^^^^^^^^^^^^^^^^^^^^^^^^^^^^^^^^^^^^^
../../../../.local/share/uv/python/cpython-3.12.11-macos-aarch64-none/lib/python3.12/contextlib.py:137: in __enter__
    return next(self.gen)
           ^^^^^^^^^^^^^^
tldw_chatbook/Backup_Recovery/raw_participants.py:649: in _scope
    participant = _raw_participant(source)
                  ^^^^^^^^^^^^^^^^^^^^^^^^
tldw_chatbook/Backup_Recovery/raw_participants.py:296: in _raw_participant
    state = _participant_state(participant)
            ^^^^^^^^^^^^^^^^^^^^^^^^^^^^^^^
_ _ _ _ _ _ _ _ _ _ _ _ _ _ _ _ _ _ _ _ _ _ _ _ _ _ _ _ _ _ _ _ _ _ _ _ _ _ _ _ 

participant = <tldw_chatbook.Backup_Recovery.raw_participants._RawParticipant object at 0x10ab0d490>

    def _participant_state(participant):
        if type(participant) is not _RawParticipant or participant not in _participants:
            raise bootstrap.RecoveryRequired("raw_participant_not_installed")
        state = _participants[participant]
        source = state.source()
        if source is None or type(source) is not state.source_type:
            raise bootstrap.RecoveryRequired("raw_participant_not_installed")
        if _source_participants.get(source) is not participant:
            raise bootstrap.RecoveryRequired("raw_participant_not_installed")
        if state.owner.startswith("mcp."):
            bound = mcp_sources.binding(source)
            if bound is None or not bound[2] or bound[1] != state.selected:
                raise bootstrap.RecoveryRequired("raw_source_selection_changed")
        if state.owner == "chat.dictionaries":
            binding = dictionary_files.binding(source)
            if binding is None or binding[1] != state.selected:
                raise bootstrap.RecoveryRequired("raw_source_selection_changed")
        if state.owner in {"personas", "chat.dictionary_history", "chat.rag_context"}:
            binding = chat_sources.binding(source)
            if binding is None or binding[1] != state.selected:
                raise bootstrap.RecoveryRequired("raw_source_selection_changed")
        if state.owner == "config":
            binding = config_files.binding(source)
            if binding is None or binding[1] != state.selected:
>               raise bootstrap.RecoveryRequired("raw_source_selection_changed")
E               tldw_chatbook.Backup_Recovery.bootstrap.RecoveryRequired: raw_source_selection_changed

tldw_chatbook/Backup_Recovery/raw_participants.py:132: RecoveryRequired
___ test_note_actions_mid_run_notify_instead_of_summarizing[summarize-note] ____

action_id = 'summarize-note'

    @pytest.mark.asyncio
    @pytest.mark.parametrize("action_id", ["summarize-note", "save-transcript-note"])
    async def test_note_actions_mid_run_notify_instead_of_summarizing(action_id):
        """With a run streaming, the note actions must not reach a provider
        call: the worker resolves to the controller's active-run rejection and
        surfaces it as a notice."""
        import asyncio
        from types import SimpleNamespace
    
        from tldw_chatbook.Chat.console_chat_models import (
            ConsoleRunState,
            ConsoleRunStatus,
        )
    
>       app, screen = _build_screen()
                      ^^^^^^^^^^^^^^^

Tests/Chat/test_console_note_span_actions.py:305: 
_ _ _ _ _ _ _ _ _ _ _ _ _ _ _ _ _ _ _ _ _ _ _ _ _ _ _ _ _ _ _ _ _ _ _ _ _ _ _ _ 
Tests/Chat/test_console_note_span_actions.py:223: in _build_screen
    from Tests.UI.app_factory import _build_test_app
Tests/UI/app_factory.py:29: in <module>
    from tldw_chatbook.app import TldwCli
tldw_chatbook/app.py:671: in <module>
    APP_CONFIG = load_settings()
                 ^^^^^^^^^^^^^^^
tldw_chatbook/config.py:2027: in load_settings
    return _load_settings_guarded(
tldw_chatbook/Backup_Recovery/config_participants.py:421: in wrapped
    with operation(source, target=target):
         ^^^^^^^^^^^^^^^^^^^^^^^^^^^^^^^^
../../../../.local/share/uv/python/cpython-3.12.11-macos-aarch64-none/lib/python3.12/contextlib.py:137: in __enter__
    return next(self.gen)
           ^^^^^^^^^^^^^^
tldw_chatbook/Backup_Recovery/config_participants.py:352: in operation
    with raw._scope(source, route, writing=True, selected_read=target) as active:
         ^^^^^^^^^^^^^^^^^^^^^^^^^^^^^^^^^^^^^^^^^^^^^^^^^^^^^^^^^^^^^
../../../../.local/share/uv/python/cpython-3.12.11-macos-aarch64-none/lib/python3.12/contextlib.py:137: in __enter__
    return next(self.gen)
           ^^^^^^^^^^^^^^
tldw_chatbook/Backup_Recovery/raw_participants.py:649: in _scope
    participant = _raw_participant(source)
                  ^^^^^^^^^^^^^^^^^^^^^^^^
tldw_chatbook/Backup_Recovery/raw_participants.py:296: in _raw_participant
    state = _participant_state(participant)
            ^^^^^^^^^^^^^^^^^^^^^^^^^^^^^^^
_ _ _ _ _ _ _ _ _ _ _ _ _ _ _ _ _ _ _ _ _ _ _ _ _ _ _ _ _ _ _ _ _ _ _ _ _ _ _ _ 

participant = <tldw_chatbook.Backup_Recovery.raw_participants._RawParticipant object at 0x10ab0d490>

    def _participant_state(participant):
        if type(participant) is not _RawParticipant or participant not in _participants:
            raise bootstrap.RecoveryRequired("raw_participant_not_installed")
        state = _participants[participant]
        source = state.source()
        if source is None or type(source) is not state.source_type:
            raise bootstrap.RecoveryRequired("raw_participant_not_installed")
        if _source_participants.get(source) is not participant:
            raise bootstrap.RecoveryRequired("raw_participant_not_installed")
        if state.owner.startswith("mcp."):
            bound = mcp_sources.binding(source)
            if bound is None or not bound[2] or bound[1] != state.selected:
                raise bootstrap.RecoveryRequired("raw_source_selection_changed")
        if state.owner == "chat.dictionaries":
            binding = dictionary_files.binding(source)
            if binding is None or binding[1] != state.selected:
                raise bootstrap.RecoveryRequired("raw_source_selection_changed")
        if state.owner in {"personas", "chat.dictionary_history", "chat.rag_context"}:
            binding = chat_sources.binding(source)
            if binding is None or binding[1] != state.selected:
                raise bootstrap.RecoveryRequired("raw_source_selection_changed")
        if state.owner == "config":
            binding = config_files.binding(source)
            if binding is None or binding[1] != state.selected:
>               raise bootstrap.RecoveryRequired("raw_source_selection_changed")
E               tldw_chatbook.Backup_Recovery.bootstrap.RecoveryRequired: raw_source_selection_changed

tldw_chatbook/Backup_Recovery/raw_participants.py:132: RecoveryRequired
_ test_note_actions_mid_run_notify_instead_of_summarizing[save-transcript-note] _

action_id = 'save-transcript-note'

    @pytest.mark.asyncio
    @pytest.mark.parametrize("action_id", ["summarize-note", "save-transcript-note"])
    async def test_note_actions_mid_run_notify_instead_of_summarizing(action_id):
        """With a run streaming, the note actions must not reach a provider
        call: the worker resolves to the controller's active-run rejection and
        surfaces it as a notice."""
        import asyncio
        from types import SimpleNamespace
    
        from tldw_chatbook.Chat.console_chat_models import (
            ConsoleRunState,
            ConsoleRunStatus,
        )
    
>       app, screen = _build_screen()
                      ^^^^^^^^^^^^^^^

Tests/Chat/test_console_note_span_actions.py:305: 
_ _ _ _ _ _ _ _ _ _ _ _ _ _ _ _ _ _ _ _ _ _ _ _ _ _ _ _ _ _ _ _ _ _ _ _ _ _ _ _ 
Tests/Chat/test_console_note_span_actions.py:223: in _build_screen
    from Tests.UI.app_factory import _build_test_app
Tests/UI/app_factory.py:29: in <module>
    from tldw_chatbook.app import TldwCli
tldw_chatbook/app.py:671: in <module>
    APP_CONFIG = load_settings()
                 ^^^^^^^^^^^^^^^
tldw_chatbook/config.py:2027: in load_settings
    return _load_settings_guarded(
tldw_chatbook/Backup_Recovery/config_participants.py:421: in wrapped
    with operation(source, target=target):
         ^^^^^^^^^^^^^^^^^^^^^^^^^^^^^^^^
../../../../.local/share/uv/python/cpython-3.12.11-macos-aarch64-none/lib/python3.12/contextlib.py:137: in __enter__
    return next(self.gen)
           ^^^^^^^^^^^^^^
tldw_chatbook/Backup_Recovery/config_participants.py:352: in operation
    with raw._scope(source, route, writing=True, selected_read=target) as active:
         ^^^^^^^^^^^^^^^^^^^^^^^^^^^^^^^^^^^^^^^^^^^^^^^^^^^^^^^^^^^^^
../../../../.local/share/uv/python/cpython-3.12.11-macos-aarch64-none/lib/python3.12/contextlib.py:137: in __enter__
    return next(self.gen)
           ^^^^^^^^^^^^^^
tldw_chatbook/Backup_Recovery/raw_participants.py:649: in _scope
    participant = _raw_participant(source)
                  ^^^^^^^^^^^^^^^^^^^^^^^^
tldw_chatbook/Backup_Recovery/raw_participants.py:296: in _raw_participant
    state = _participant_state(participant)
            ^^^^^^^^^^^^^^^^^^^^^^^^^^^^^^^
_ _ _ _ _ _ _ _ _ _ _ _ _ _ _ _ _ _ _ _ _ _ _ _ _ _ _ _ _ _ _ _ _ _ _ _ _ _ _ _ 

participant = <tldw_chatbook.Backup_Recovery.raw_participants._RawParticipant object at 0x10ab0d490>

    def _participant_state(participant):
        if type(participant) is not _RawParticipant or participant not in _participants:
            raise bootstrap.RecoveryRequired("raw_participant_not_installed")
        state = _participants[participant]
        source = state.source()
        if source is None or type(source) is not state.source_type:
            raise bootstrap.RecoveryRequired("raw_participant_not_installed")
        if _source_participants.get(source) is not participant:
            raise bootstrap.RecoveryRequired("raw_participant_not_installed")
        if state.owner.startswith("mcp."):
            bound = mcp_sources.binding(source)
            if bound is None or not bound[2] or bound[1] != state.selected:
                raise bootstrap.RecoveryRequired("raw_source_selection_changed")
        if state.owner == "chat.dictionaries":
            binding = dictionary_files.binding(source)
            if binding is None or binding[1] != state.selected:
                raise bootstrap.RecoveryRequired("raw_source_selection_changed")
        if state.owner in {"personas", "chat.dictionary_history", "chat.rag_context"}:
            binding = chat_sources.binding(source)
            if binding is None or binding[1] != state.selected:
                raise bootstrap.RecoveryRequired("raw_source_selection_changed")
        if state.owner == "config":
            binding = config_files.binding(source)
            if binding is None or binding[1] != state.selected:
>               raise bootstrap.RecoveryRequired("raw_source_selection_changed")
E               tldw_chatbook.Backup_Recovery.bootstrap.RecoveryRequired: raw_source_selection_changed

tldw_chatbook/Backup_Recovery/raw_participants.py:132: RecoveryRequired
_______ test_note_actions_persist_through_notes_service[summarize-note] ________

action_id = 'summarize-note'

    @pytest.mark.asyncio
    @pytest.mark.parametrize("action_id", ["summarize-note", "save-transcript-note"])
    async def test_note_actions_persist_through_notes_service(action_id):
        """End-to-end (review follow-up): driving each action's worker against
        a stubbed notes service persists the draft with the expected title,
        content, scope, keywords, and the app's configured notes identity."""
>       app, screen = _build_screen()
                      ^^^^^^^^^^^^^^^

Tests/Chat/test_console_note_span_actions.py:348: 
_ _ _ _ _ _ _ _ _ _ _ _ _ _ _ _ _ _ _ _ _ _ _ _ _ _ _ _ _ _ _ _ _ _ _ _ _ _ _ _ 
Tests/Chat/test_console_note_span_actions.py:223: in _build_screen
    from Tests.UI.app_factory import _build_test_app
Tests/UI/app_factory.py:29: in <module>
    from tldw_chatbook.app import TldwCli
tldw_chatbook/app.py:671: in <module>
    APP_CONFIG = load_settings()
                 ^^^^^^^^^^^^^^^
tldw_chatbook/config.py:2027: in load_settings
    return _load_settings_guarded(
tldw_chatbook/Backup_Recovery/config_participants.py:421: in wrapped
    with operation(source, target=target):
         ^^^^^^^^^^^^^^^^^^^^^^^^^^^^^^^^
../../../../.local/share/uv/python/cpython-3.12.11-macos-aarch64-none/lib/python3.12/contextlib.py:137: in __enter__
    return next(self.gen)
           ^^^^^^^^^^^^^^
tldw_chatbook/Backup_Recovery/config_participants.py:352: in operation
    with raw._scope(source, route, writing=True, selected_read=target) as active:
         ^^^^^^^^^^^^^^^^^^^^^^^^^^^^^^^^^^^^^^^^^^^^^^^^^^^^^^^^^^^^^
../../../../.local/share/uv/python/cpython-3.12.11-macos-aarch64-none/lib/python3.12/contextlib.py:137: in __enter__
    return next(self.gen)
           ^^^^^^^^^^^^^^
tldw_chatbook/Backup_Recovery/raw_participants.py:649: in _scope
    participant = _raw_participant(source)
                  ^^^^^^^^^^^^^^^^^^^^^^^^
tldw_chatbook/Backup_Recovery/raw_participants.py:296: in _raw_participant
    state = _participant_state(participant)
            ^^^^^^^^^^^^^^^^^^^^^^^^^^^^^^^
_ _ _ _ _ _ _ _ _ _ _ _ _ _ _ _ _ _ _ _ _ _ _ _ _ _ _ _ _ _ _ _ _ _ _ _ _ _ _ _ 

participant = <tldw_chatbook.Backup_Recovery.raw_participants._RawParticipant object at 0x10ab0d490>

    def _participant_state(participant):
        if type(participant) is not _RawParticipant or participant not in _participants:
            raise bootstrap.RecoveryRequired("raw_participant_not_installed")
        state = _participants[participant]
        source = state.source()
        if source is None or type(source) is not state.source_type:
            raise bootstrap.RecoveryRequired("raw_participant_not_installed")
        if _source_participants.get(source) is not participant:
            raise bootstrap.RecoveryRequired("raw_participant_not_installed")
        if state.owner.startswith("mcp."):
            bound = mcp_sources.binding(source)
            if bound is None or not bound[2] or bound[1] != state.selected:
                raise bootstrap.RecoveryRequired("raw_source_selection_changed")
        if state.owner == "chat.dictionaries":
            binding = dictionary_files.binding(source)
            if binding is None or binding[1] != state.selected:
                raise bootstrap.RecoveryRequired("raw_source_selection_changed")
        if state.owner in {"personas", "chat.dictionary_history", "chat.rag_context"}:
            binding = chat_sources.binding(source)
            if binding is None or binding[1] != state.selected:
                raise bootstrap.RecoveryRequired("raw_source_selection_changed")
        if state.owner == "config":
            binding = config_files.binding(source)
            if binding is None or binding[1] != state.selected:
>               raise bootstrap.RecoveryRequired("raw_source_selection_changed")
E               tldw_chatbook.Backup_Recovery.bootstrap.RecoveryRequired: raw_source_selection_changed

tldw_chatbook/Backup_Recovery/raw_participants.py:132: RecoveryRequired
____ test_note_actions_persist_through_notes_service[save-transcript-note] _____

action_id = 'save-transcript-note'

    @pytest.mark.asyncio
    @pytest.mark.parametrize("action_id", ["summarize-note", "save-transcript-note"])
    async def test_note_actions_persist_through_notes_service(action_id):
        """End-to-end (review follow-up): driving each action's worker against
        a stubbed notes service persists the draft with the expected title,
        content, scope, keywords, and the app's configured notes identity."""
>       app, screen = _build_screen()
                      ^^^^^^^^^^^^^^^

Tests/Chat/test_console_note_span_actions.py:348: 
_ _ _ _ _ _ _ _ _ _ _ _ _ _ _ _ _ _ _ _ _ _ _ _ _ _ _ _ _ _ _ _ _ _ _ _ _ _ _ _ 
Tests/Chat/test_console_note_span_actions.py:223: in _build_screen
    from Tests.UI.app_factory import _build_test_app
Tests/UI/app_factory.py:29: in <module>
    from tldw_chatbook.app import TldwCli
tldw_chatbook/app.py:671: in <module>
    APP_CONFIG = load_settings()
                 ^^^^^^^^^^^^^^^
tldw_chatbook/config.py:2027: in load_settings
    return _load_settings_guarded(
tldw_chatbook/Backup_Recovery/config_participants.py:421: in wrapped
    with operation(source, target=target):
         ^^^^^^^^^^^^^^^^^^^^^^^^^^^^^^^^
../../../../.local/share/uv/python/cpython-3.12.11-macos-aarch64-none/lib/python3.12/contextlib.py:137: in __enter__
    return next(self.gen)
           ^^^^^^^^^^^^^^
tldw_chatbook/Backup_Recovery/config_participants.py:352: in operation
    with raw._scope(source, route, writing=True, selected_read=target) as active:
         ^^^^^^^^^^^^^^^^^^^^^^^^^^^^^^^^^^^^^^^^^^^^^^^^^^^^^^^^^^^^^
../../../../.local/share/uv/python/cpython-3.12.11-macos-aarch64-none/lib/python3.12/contextlib.py:137: in __enter__
    return next(self.gen)
           ^^^^^^^^^^^^^^
tldw_chatbook/Backup_Recovery/raw_participants.py:649: in _scope
    participant = _raw_participant(source)
                  ^^^^^^^^^^^^^^^^^^^^^^^^
tldw_chatbook/Backup_Recovery/raw_participants.py:296: in _raw_participant
    state = _participant_state(participant)
            ^^^^^^^^^^^^^^^^^^^^^^^^^^^^^^^
_ _ _ _ _ _ _ _ _ _ _ _ _ _ _ _ _ _ _ _ _ _ _ _ _ _ _ _ _ _ _ _ _ _ _ _ _ _ _ _ 

participant = <tldw_chatbook.Backup_Recovery.raw_participants._RawParticipant object at 0x10ab0d490>

    def _participant_state(participant):
        if type(participant) is not _RawParticipant or participant not in _participants:
            raise bootstrap.RecoveryRequired("raw_participant_not_installed")
        state = _participants[participant]
        source = state.source()
        if source is None or type(source) is not state.source_type:
            raise bootstrap.RecoveryRequired("raw_participant_not_installed")
        if _source_participants.get(source) is not participant:
            raise bootstrap.RecoveryRequired("raw_participant_not_installed")
        if state.owner.startswith("mcp."):
            bound = mcp_sources.binding(source)
            if bound is None or not bound[2] or bound[1] != state.selected:
                raise bootstrap.RecoveryRequired("raw_source_selection_changed")
        if state.owner == "chat.dictionaries":
            binding = dictionary_files.binding(source)
            if binding is None or binding[1] != state.selected:
                raise bootstrap.RecoveryRequired("raw_source_selection_changed")
        if state.owner in {"personas", "chat.dictionary_history", "chat.rag_context"}:
            binding = chat_sources.binding(source)
            if binding is None or binding[1] != state.selected:
                raise bootstrap.RecoveryRequired("raw_source_selection_changed")
        if state.owner == "config":
            binding = config_files.binding(source)
            if binding is None or binding[1] != state.selected:
>               raise bootstrap.RecoveryRequired("raw_source_selection_changed")
E               tldw_chatbook.Backup_Recovery.bootstrap.RecoveryRequired: raw_source_selection_changed

tldw_chatbook/Backup_Recovery/raw_participants.py:132: RecoveryRequired
________________ test_oversized_span_blocks_at_the_real_budget _________________

tmp_path = PosixPath('/Users/macbook-dev/.codex/worktrees/console-chat-starts/tldw_chatbook/.superpowers/sdd/2026-10-03-console-pr2995-review-and-merge/task-3-base-note-owner-profile-ocy_x__7/pytest/test_oversized_span_blocks_at_0')

    @pytest.mark.asyncio
    async def test_oversized_span_blocks_at_the_real_budget(tmp_path):
        """Review follow-up (bug fix): the budget check must see the UNTRIMMED
        span. _build_summary_span_text silently drops oldest turns, so checking
        after it could never fire; a >12k-token span must now block outright."""
>       controller, store, session, gateway, _db = _note_controller(tmp_path)
                                                   ^^^^^^^^^^^^^^^^^^^^^^^^^^

Tests/Chat/test_console_note_span_actions.py:424: 
_ _ _ _ _ _ _ _ _ _ _ _ _ _ _ _ _ _ _ _ _ _ _ _ _ _ _ _ _ _ _ _ _ _ _ _ _ _ _ _ 
Tests/Chat/test_console_note_span_actions.py:84: in _note_controller
    controller = ConsoleChatController(
tldw_chatbook/Chat/console_chat_controller.py:4995: in __init__
    auxiliary_timeout_seconds=get_cli_setting(
tldw_chatbook/config.py:9388: in get_cli_setting
    config = load_cli_config_and_ensure_existence()  # Ensures config is loaded
             ^^^^^^^^^^^^^^^^^^^^^^^^^^^^^^^^^^^^^^
tldw_chatbook/config.py:7026: in load_cli_config_and_ensure_existence
    return _load_cli_config_bootstrap(force_reload=force_reload).config
           ^^^^^^^^^^^^^^^^^^^^^^^^^^^^^^^^^^^^^^^^^^^^^^^^^^^^^
tldw_chatbook/Backup_Recovery/config_participants.py:421: in wrapped
    with operation(source, target=target):
         ^^^^^^^^^^^^^^^^^^^^^^^^^^^^^^^^
../../../../.local/share/uv/python/cpython-3.12.11-macos-aarch64-none/lib/python3.12/contextlib.py:137: in __enter__
    return next(self.gen)
           ^^^^^^^^^^^^^^
tldw_chatbook/Backup_Recovery/config_participants.py:352: in operation
    with raw._scope(source, route, writing=True, selected_read=target) as active:
         ^^^^^^^^^^^^^^^^^^^^^^^^^^^^^^^^^^^^^^^^^^^^^^^^^^^^^^^^^^^^^
../../../../.local/share/uv/python/cpython-3.12.11-macos-aarch64-none/lib/python3.12/contextlib.py:137: in __enter__
    return next(self.gen)
           ^^^^^^^^^^^^^^
tldw_chatbook/Backup_Recovery/raw_participants.py:649: in _scope
    participant = _raw_participant(source)
                  ^^^^^^^^^^^^^^^^^^^^^^^^
tldw_chatbook/Backup_Recovery/raw_participants.py:296: in _raw_participant
    state = _participant_state(participant)
            ^^^^^^^^^^^^^^^^^^^^^^^^^^^^^^^
_ _ _ _ _ _ _ _ _ _ _ _ _ _ _ _ _ _ _ _ _ _ _ _ _ _ _ _ _ _ _ _ _ _ _ _ _ _ _ _ 

participant = <tldw_chatbook.Backup_Recovery.raw_participants._RawParticipant object at 0x10ab0d490>

    def _participant_state(participant):
        if type(participant) is not _RawParticipant or participant not in _participants:
            raise bootstrap.RecoveryRequired("raw_participant_not_installed")
        state = _participants[participant]
        source = state.source()
        if source is None or type(source) is not state.source_type:
            raise bootstrap.RecoveryRequired("raw_participant_not_installed")
        if _source_participants.get(source) is not participant:
            raise bootstrap.RecoveryRequired("raw_participant_not_installed")
        if state.owner.startswith("mcp."):
            bound = mcp_sources.binding(source)
            if bound is None or not bound[2] or bound[1] != state.selected:
                raise bootstrap.RecoveryRequired("raw_source_selection_changed")
        if state.owner == "chat.dictionaries":
            binding = dictionary_files.binding(source)
            if binding is None or binding[1] != state.selected:
                raise bootstrap.RecoveryRequired("raw_source_selection_changed")
        if state.owner in {"personas", "chat.dictionary_history", "chat.rag_context"}:
            binding = chat_sources.binding(source)
            if binding is None or binding[1] != state.selected:
                raise bootstrap.RecoveryRequired("raw_source_selection_changed")
        if state.owner == "config":
            binding = config_files.binding(source)
            if binding is None or binding[1] != state.selected:
>               raise bootstrap.RecoveryRequired("raw_source_selection_changed")
E               tldw_chatbook.Backup_Recovery.bootstrap.RecoveryRequired: raw_source_selection_changed

tldw_chatbook/Backup_Recovery/raw_participants.py:132: RecoveryRequired
----------------------------- Captured stderr call -----------------------------
2026-10-03 20:37:26.012 | INFO     | tldw_chatbook.DB.ChaChaNotes_DB:__init__:3376 - Initializing CharactersRAGDB db_sha256=76514c97d2b9 [Client ID: note-span]
2026-10-03 20:37:26.190 | DEBUG    | tldw_chatbook.DB.ChaChaNotes_DB:_get_thread_connection:3554 - Opened/Reopened SQLite connection db_sha256=76514c97d2b9 thread=8494865792
2026-10-03 20:37:26.201 | DEBUG    | tldw_chatbook.DB.ChaChaNotes_DB:_enter_transaction:24489 - Started outermost transaction on thread 8494865792.
2026-10-03 20:37:26.201 | INFO     | tldw_chatbook.DB.ChaChaNotes_DB:_initialize_schema:8550 - Checking DB schema 'rag_char_chat_schema'. Current version: 0. Code supports: 76
2026-10-03 20:37:26.201 | INFO     | tldw_chatbook.DB.ChaChaNotes_DB:_apply_schema_v4:4437 - Applying schema Version 4 for 'rag_char_chat_schema' to DB: db_sha256=76514c97d2b9...
2026-10-03 20:37:26.201 | DEBUG    | tldw_chatbook.DB.ChaChaNotes_DB:_enter_transaction:24458 - Entered nested transaction level 2 on thread 8494865792.
2026-10-03 20:37:26.212 | DEBUG    | tldw_chatbook.DB.ChaChaNotes_DB:_apply_schema_v4:4478 - [rag_char_chat_schema V4] Full schema script executed.
2026-10-03 20:37:26.212 | INFO     | tldw_chatbook.DB.ChaChaNotes_DB:_apply_schema_v4:4485 - [rag_char_chat_schema V4] Schema 4 applied and version confirmed for DB: db_sha256=76514c97d2b9.
2026-10-03 20:37:26.212 | DEBUG    | tldw_chatbook.DB.ChaChaNotes_DB:_enrich_default_assistant_card_if_bare:4749 - [task-2451] Default Assistant enrichment UPDATE affected 1 row(s) in DB: db_sha256=76514c97d2b9.
2026-10-03 20:37:26.212 | INFO     | tldw_chatbook.DB.ChaChaNotes_DB:_migrate_from_v4_to_v5:4770 - Migrating schema from V4 to V5 for 'rag_char_chat_schema' in DB: db_sha256=76514c97d2b9...
2026-10-03 20:37:26.213 | DEBUG    | tldw_chatbook.DB.ChaChaNotes_DB:_enter_transaction:24458 - Entered nested transaction level 2 on thread 8494865792.
2026-10-03 20:37:26.225 | DEBUG    | tldw_chatbook.DB.ChaChaNotes_DB:_migrate_from_v4_to_v5:4780 - [rag_char_chat_schema V4→V5] Migration script executed.
2026-10-03 20:37:26.225 | INFO     | tldw_chatbook.DB.ChaChaNotes_DB:_migrate_from_v4_to_v5:4789 - [rag_char_chat_schema V4→V5] Migration completed successfully for DB: db_sha256=76514c97d2b9.
2026-10-03 20:37:26.225 | INFO     | tldw_chatbook.DB.ChaChaNotes_DB:_migrate_from_v5_to_v6:4823 - Migrating schema from V5 to V6 for 'rag_char_chat_schema' in DB: db_sha256=76514c97d2b9...
2026-10-03 20:37:26.225 | DEBUG    | tldw_chatbook.DB.ChaChaNotes_DB:_enter_transaction:24458 - Entered nested transaction level 2 on thread 8494865792.
2026-10-03 20:37:26.227 | DEBUG    | tldw_chatbook.DB.ChaChaNotes_DB:_migrate_from_v5_to_v6:4831 - [rag_char_chat_schema V5→V6] Migration script executed.
2026-10-03 20:37:26.227 | INFO     | tldw_chatbook.DB.ChaChaNotes_DB:_migrate_from_v5_to_v6:4840 - [rag_char_chat_schema V5→V6] Migration completed successfully for DB: db_sha256=76514c97d2b9.
2026-10-03 20:37:26.227 | INFO     | tldw_chatbook.DB.ChaChaNotes_DB:_migrate_from_v6_to_v7:4874 - Migrating schema from V6 to V7 for 'rag_char_chat_schema' in DB: db_sha256=76514c97d2b9...
2026-10-03 20:37:26.227 | DEBUG    | tldw_chatbook.DB.ChaChaNotes_DB:_enter_transaction:24458 - Entered nested transaction level 2 on thread 8494865792.
2026-10-03 20:37:26.229 | DEBUG    | tldw_chatbook.DB.ChaChaNotes_DB:_migrate_from_v6_to_v7:4882 - [rag_char_chat_schema V6→V7] Migration script executed.
2026-10-03 20:37:26.229 | INFO     | tldw_chatbook.DB.ChaChaNotes_DB:_migrate_from_v6_to_v7:4891 - [rag_char_chat_schema V6→V7] Migration completed successfully for DB: db_sha256=76514c97d2b9.
2026-10-03 20:37:26.229 | INFO     | tldw_chatbook.DB.ChaChaNotes_DB:_migrate_from_v7_to_v8:8464 - Migrating schema from V7 to V8 for 'rag_char_chat_schema' in DB: db_sha256=76514c97d2b9...
2026-10-03 20:37:26.229 | DEBUG    | tldw_chatbook.DB.ChaChaNotes_DB:_enter_transaction:24458 - Entered nested transaction level 2 on thread 8494865792.
2026-10-03 20:37:26.231 | DEBUG    | tldw_chatbook.DB.ChaChaNotes_DB:_migrate_from_v7_to_v8:8472 - [rag_char_chat_schema V7→V8] Migration script executed.
2026-10-03 20:37:26.231 | INFO     | tldw_chatbook.DB.ChaChaNotes_DB:_migrate_from_v7_to_v8:8481 - [rag_char_chat_schema V7→V8] Migration completed successfully for DB: db_sha256=76514c97d2b9.
2026-10-03 20:37:26.231 | INFO     | tldw_chatbook.DB.ChaChaNotes_DB:_migrate_from_v8_to_v9:4925 - Migrating schema from V8 to V9 for 'rag_char_chat_schema' in DB: db_sha256=76514c97d2b9...
2026-10-03 20:37:26.231 | DEBUG    | tldw_chatbook.DB.ChaChaNotes_DB:_enter_transaction:24458 - Entered nested transaction level 2 on thread 8494865792.
2026-10-03 20:37:26.234 | DEBUG    | tldw_chatbook.DB.ChaChaNotes_DB:_migrate_from_v8_to_v9:4933 - [rag_char_chat_schema V8→V9] Migration script executed.
2026-10-03 20:37:26.234 | INFO     | tldw_chatbook.DB.ChaChaNotes_DB:_migrate_from_v8_to_v9:4942 - [rag_char_chat_schema V8→V9] Migration completed successfully for DB: db_sha256=76514c97d2b9.
2026-10-03 20:37:26.235 | INFO     | tldw_chatbook.DB.ChaChaNotes_DB:_migrate_from_v9_to_v10:4976 - Migrating schema from V9 to V10 for 'rag_char_chat_schema' in DB: db_sha256=76514c97d2b9...
2026-10-03 20:37:26.235 | DEBUG    | tldw_chatbook.DB.ChaChaNotes_DB:_enter_transaction:24458 - Entered nested transaction level 2 on thread 8494865792.
2026-10-03 20:37:26.235 | DEBUG    | tldw_chatbook.DB.ChaChaNotes_DB:_migrate_from_v9_to_v10:4984 - [rag_char_chat_schema V9→V10] Migration script executed.
2026-10-03 20:37:26.235 | INFO     | tldw_chatbook.DB.ChaChaNotes_DB:_migrate_from_v9_to_v10:4993 - [rag_char_chat_schema V9→V10] Migration completed successfully for DB: db_sha256=76514c97d2b9.
2026-10-03 20:37:26.235 | INFO     | tldw_chatbook.DB.ChaChaNotes_DB:_migrate_from_v10_to_v11:5027 - Migrating schema from V10 to V11 for 'rag_char_chat_schema' in DB: db_sha256=76514c97d2b9...
2026-10-03 20:37:26.236 | DEBUG    | tldw_chatbook.DB.ChaChaNotes_DB:_enter_transaction:24458 - Entered nested transaction level 2 on thread 8494865792.
2026-10-03 20:37:26.238 | DEBUG    | tldw_chatbook.DB.ChaChaNotes_DB:_migrate_from_v10_to_v11:5035 - [rag_char_chat_schema V10→V11] Migration script executed.
2026-10-03 20:37:26.238 | INFO     | tldw_chatbook.DB.ChaChaNotes_DB:_migrate_from_v10_to_v11:5044 - [rag_char_chat_schema V10→V11] Migration completed successfully for DB: db_sha256=76514c97d2b9.
2026-10-03 20:37:26.239 | INFO     | tldw_chatbook.DB.ChaChaNotes_DB:_migrate_from_v11_to_v12:5078 - Migrating schema from V11 to V12 for 'rag_char_chat_schema' in DB: db_sha256=76514c97d2b9...
2026-10-03 20:37:26.239 | DEBUG    | tldw_chatbook.DB.ChaChaNotes_DB:_enter_transaction:24458 - Entered nested transaction level 2 on thread 8494865792.
2026-10-03 20:37:26.249 | DEBUG    | tldw_chatbook.DB.ChaChaNotes_DB:_migrate_from_v11_to_v12:5086 - [rag_char_chat_schema V11→V12] Migration script executed.
2026-10-03 20:37:26.249 | INFO     | tldw_chatbook.DB.ChaChaNotes_DB:_migrate_from_v11_to_v12:5095 - [rag_char_chat_schema V11→V12] Migration completed successfully for DB: db_sha256=76514c97d2b9.
2026-10-03 20:37:26.249 | INFO     | tldw_chatbook.DB.ChaChaNotes_DB:_migrate_from_v12_to_v13:5121 - Migrating schema from V12 to V13 for 'rag_char_chat_schema' in DB: db_sha256=76514c97d2b9...
2026-10-03 20:37:26.250 | DEBUG    | tldw_chatbook.DB.ChaChaNotes_DB:_enter_transaction:24458 - Entered nested transaction level 2 on thread 8494865792.
2026-10-03 20:37:26.282 | DEBUG    | tldw_chatbook.DB.ChaChaNotes_DB:_migrate_from_v12_to_v13:5129 - [rag_char_chat_schema V12→V13] Migration script executed.
2026-10-03 20:37:26.282 | INFO     | tldw_chatbook.DB.ChaChaNotes_DB:_migrate_from_v12_to_v13:5137 - [rag_char_chat_schema V12→V13] Migration completed successfully for DB: db_sha256=76514c97d2b9.
2026-10-03 20:37:26.282 | INFO     | tldw_chatbook.DB.ChaChaNotes_DB:_migrate_from_v13_to_v14:5162 - Migrating schema from V13 to V14 for 'rag_char_chat_schema' in DB: db_sha256=76514c97d2b9...
2026-10-03 20:37:26.282 | DEBUG    | tldw_chatbook.DB.ChaChaNotes_DB:_enter_transaction:24458 - Entered nested transaction level 2 on thread 8494865792.
2026-10-03 20:37:26.291 | DEBUG    | tldw_chatbook.DB.ChaChaNotes_DB:_migrate_from_v13_to_v14:5170 - [rag_char_chat_schema V13→V14] Migration script executed.
2026-10-03 20:37:26.291 | INFO     | tldw_chatbook.DB.ChaChaNotes_DB:_migrate_from_v13_to_v14:5178 - [rag_char_chat_schema V13→V14] Migration completed successfully for DB: db_sha256=76514c97d2b9.
2026-10-03 20:37:26.291 | INFO     | tldw_chatbook.DB.ChaChaNotes_DB:_migrate_from_v14_to_v15:5203 - Migrating schema from V14 to V15 for 'rag_char_chat_schema' in DB: db_sha256=76514c97d2b9...
2026-10-03 20:37:26.291 | DEBUG    | tldw_chatbook.DB.ChaChaNotes_DB:_enter_transaction:24458 - Entered nested transaction level 2 on thread 8494865792.
2026-10-03 20:37:26.292 | DEBUG    | tldw_chatbook.DB.ChaChaNotes_DB:_migrate_from_v14_to_v15:5211 - [rag_char_chat_schema V14→V15] Migration script executed.
2026-10-03 20:37:26.292 | INFO     | tldw_chatbook.DB.ChaChaNotes_DB:_migrate_from_v14_to_v15:5219 - [rag_char_chat_schema V14→V15] Migration completed successfully for DB: db_sha256=76514c97d2b9.
2026-10-03 20:37:26.292 | INFO     | tldw_chatbook.DB.ChaChaNotes_DB:_migrate_from_v15_to_v16:5245 - Migrating schema from V15 to V16 for 'rag_char_chat_schema' in DB: db_sha256=76514c97d2b9...
2026-10-03 20:37:26.293 | DEBUG    | tldw_chatbook.DB.ChaChaNotes_DB:_enter_transaction:24458 - Entered nested transaction level 2 on thread 8494865792.
2026-10-03 20:37:26.293 | DEBUG    | tldw_chatbook.DB.ChaChaNotes_DB:_migrate_from_v15_to_v16:5288 - [rag_char_chat_schema V15→V16] Migration script executed.
2026-10-03 20:37:26.293 | INFO     | tldw_chatbook.DB.ChaChaNotes_DB:_migrate_from_v15_to_v16:5298 - [rag_char_chat_schema V15→V16] Migration completed successfully for DB: db_sha256=76514c97d2b9.
2026-10-03 20:37:26.293 | INFO     | tldw_chatbook.DB.ChaChaNotes_DB:_migrate_from_v16_to_v17:5324 - Migrating schema from V16 to V17 for 'rag_char_chat_schema' in DB: db_sha256=76514c97d2b9...
2026-10-03 20:37:26.294 | DEBUG    | tldw_chatbook.DB.ChaChaNotes_DB:_enter_transaction:24458 - Entered nested transaction level 2 on thread 8494865792.
2026-10-03 20:37:26.294 | DEBUG    | tldw_chatbook.DB.ChaChaNotes_DB:_migrate_from_v16_to_v17:5332 - [rag_char_chat_schema V16→V17] Migration script executed.
2026-10-03 20:37:26.294 | INFO     | tldw_chatbook.DB.ChaChaNotes_DB:_migrate_from_v16_to_v17:5340 - [rag_char_chat_schema V16→V17] Migration completed successfully for DB: db_sha256=76514c97d2b9.
2026-10-03 20:37:26.294 | INFO     | tldw_chatbook.DB.ChaChaNotes_DB:_migrate_from_v17_to_v18:5368 - Migrating schema from V17 to V18 for 'rag_char_chat_schema' in DB: db_sha256=76514c97d2b9...
2026-10-03 20:37:26.294 | DEBUG    | tldw_chatbook.DB.ChaChaNotes_DB:_enter_transaction:24458 - Entered nested transaction level 2 on thread 8494865792.
2026-10-03 20:37:26.298 | DEBUG    | tldw_chatbook.DB.ChaChaNotes_DB:_migrate_from_v17_to_v18:5376 - [rag_char_chat_schema V17→V18] Migration script executed.
2026-10-03 20:37:26.298 | INFO     | tldw_chatbook.DB.ChaChaNotes_DB:_migrate_from_v17_to_v18:5384 - [rag_char_chat_schema V17→V18] Migration completed successfully for DB: db_sha256=76514c97d2b9.
2026-10-03 20:37:26.298 | INFO     | tldw_chatbook.DB.ChaChaNotes_DB:_migrate_from_v18_to_v19:8414 - Migrating schema from V18 to V19 for 'rag_char_chat_schema' in DB: db_sha256=76514c97d2b9...
2026-10-03 20:37:26.299 | DEBUG    | tldw_chatbook.DB.ChaChaNotes_DB:_enter_transaction:24458 - Entered nested transaction level 2 on thread 8494865792.
2026-10-03 20:37:26.299 | DEBUG    | tldw_chatbook.DB.ChaChaNotes_DB:_migrate_from_v18_to_v19:8422 - [rag_char_chat_schema V18→V19] Migration script executed.
2026-10-03 20:37:26.299 | INFO     | tldw_chatbook.DB.ChaChaNotes_DB:_migrate_from_v18_to_v19:8430 - [rag_char_chat_schema V18→V19] Migration completed successfully for DB: db_sha256=76514c97d2b9.
2026-10-03 20:37:26.299 | INFO     | tldw_chatbook.DB.ChaChaNotes_DB:_migrate_from_v19_to_v20:5412 - Migrating schema from V19 to V20 for 'rag_char_chat_schema' in DB: db_sha256=76514c97d2b9...
2026-10-03 20:37:26.299 | DEBUG    | tldw_chatbook.DB.ChaChaNotes_DB:_enter_transaction:24458 - Entered nested transaction level 2 on thread 8494865792.
2026-10-03 20:37:26.304 | DEBUG    | tldw_chatbook.DB.ChaChaNotes_DB:_migrate_from_v19_to_v20:5431 - [rag_char_chat_schema V19→V20] Migration script executed.
2026-10-03 20:37:26.304 | INFO     | tldw_chatbook.DB.ChaChaNotes_DB:_migrate_from_v19_to_v20:5439 - [rag_char_chat_schema V19→V20] Migration completed successfully for DB: db_sha256=76514c97d2b9.
2026-10-03 20:37:26.305 | INFO     | tldw_chatbook.DB.ChaChaNotes_DB:_migrate_from_v20_to_v21:5467 - Migrating schema from V20 to V21 for 'rag_char_chat_schema' in DB: db_sha256=76514c97d2b9...
2026-10-03 20:37:26.305 | DEBUG    | tldw_chatbook.DB.ChaChaNotes_DB:_enter_transaction:24458 - Entered nested transaction level 2 on thread 8494865792.
2026-10-03 20:37:26.306 | DEBUG    | tldw_chatbook.DB.ChaChaNotes_DB:_migrate_from_v20_to_v21:5488 - [rag_char_chat_schema V20→V21] Migration script executed.
2026-10-03 20:37:26.306 | INFO     | tldw_chatbook.DB.ChaChaNotes_DB:_migrate_from_v20_to_v21:5496 - [rag_char_chat_schema V20→V21] Migration completed successfully for DB: db_sha256=76514c97d2b9.
2026-10-03 20:37:26.306 | INFO     | tldw_chatbook.DB.ChaChaNotes_DB:_migrate_from_v21_to_v22:5518 - Migrating schema from V21 to V22 for 'rag_char_chat_schema' in DB: db_sha256=76514c97d2b9...
2026-10-03 20:37:26.306 | DEBUG    | tldw_chatbook.DB.ChaChaNotes_DB:_enter_transaction:24458 - Entered nested transaction level 2 on thread 8494865792.
2026-10-03 20:37:26.307 | DEBUG    | tldw_chatbook.DB.ChaChaNotes_DB:_migrate_from_v21_to_v22:5536 - [rag_char_chat_schema V21→V22] Migration script executed.
2026-10-03 20:37:26.307 | INFO     | tldw_chatbook.DB.ChaChaNotes_DB:_migrate_from_v21_to_v22:5542 - [rag_char_chat_schema V21→V22] Migration completed successfully for DB: db_sha256=76514c97d2b9.
2026-10-03 20:37:26.307 | INFO     | tldw_chatbook.DB.ChaChaNotes_DB:_migrate_from_v22_to_v23:5564 - Migrating schema from V22 to V23 for 'rag_char_chat_schema' in DB: db_sha256=76514c97d2b9...
2026-10-03 20:37:26.307 | DEBUG    | tldw_chatbook.DB.ChaChaNotes_DB:_enter_transaction:24458 - Entered nested transaction level 2 on thread 8494865792.
2026-10-03 20:37:26.307 | DEBUG    | tldw_chatbook.DB.ChaChaNotes_DB:_migrate_from_v22_to_v23:5572 - [rag_char_chat_schema V22→V23] Migration script executed.
2026-10-03 20:37:26.308 | INFO     | tldw_chatbook.DB.ChaChaNotes_DB:_migrate_from_v22_to_v23:5578 - [rag_char_chat_schema V22→V23] Migration completed successfully for DB: db_sha256=76514c97d2b9.
2026-10-03 20:37:26.308 | INFO     | tldw_chatbook.DB.ChaChaNotes_DB:_migrate_from_v23_to_v24:5601 - Migrating schema from V23 to V24 for 'rag_char_chat_schema' in DB: db_sha256=76514c97d2b9...
2026-10-03 20:37:26.308 | DEBUG    | tldw_chatbook.DB.ChaChaNotes_DB:_enter_transaction:24458 - Entered nested transaction level 2 on thread 8494865792.
2026-10-03 20:37:26.310 | DEBUG    | tldw_chatbook.DB.ChaChaNotes_DB:_migrate_from_v23_to_v24:5619 - [rag_char_chat_schema V23→V24] Migration script executed.
2026-10-03 20:37:26.310 | INFO     | tldw_chatbook.DB.ChaChaNotes_DB:_migrate_from_v23_to_v24:5625 - [rag_char_chat_schema V23→V24] Migration completed successfully for DB: db_sha256=76514c97d2b9.
2026-10-03 20:37:26.310 | INFO     | tldw_chatbook.DB.ChaChaNotes_DB:_migrate_from_v24_to_v25:5648 - Migrating schema from V24 to V25 for 'rag_char_chat_schema' in DB: db_sha256=76514c97d2b9...
2026-10-03 20:37:26.311 | DEBUG    | tldw_chatbook.DB.ChaChaNotes_DB:_enter_transaction:24458 - Entered nested transaction level 2 on thread 8494865792.
2026-10-03 20:37:26.311 | DEBUG    | tldw_chatbook.DB.ChaChaNotes_DB:_migrate_from_v24_to_v25:5656 - [rag_char_chat_schema V24→V25] Migration script executed.
2026-10-03 20:37:26.311 | INFO     | tldw_chatbook.DB.ChaChaNotes_DB:_migrate_from_v24_to_v25:5662 - [rag_char_chat_schema V24→V25] Migration completed successfully for DB: db_sha256=76514c97d2b9.
2026-10-03 20:37:26.311 | INFO     | tldw_chatbook.DB.ChaChaNotes_DB:_migrate_from_v25_to_v26:5686 - Migrating schema from V25 to V26 for 'rag_char_chat_schema' in DB: db_sha256=76514c97d2b9...
2026-10-03 20:37:26.311 | DEBUG    | tldw_chatbook.DB.ChaChaNotes_DB:_enter_transaction:24458 - Entered nested transaction level 2 on thread 8494865792.
2026-10-03 20:37:26.316 | DEBUG    | tldw_chatbook.DB.ChaChaNotes_DB:_migrate_from_v25_to_v26:5708 - [rag_char_chat_schema V25→V26] Migration script executed.
2026-10-03 20:37:26.316 | INFO     | tldw_chatbook.DB.ChaChaNotes_DB:_migrate_from_v25_to_v26:5714 - [rag_char_chat_schema V25→V26] Migration completed successfully for DB: db_sha256=76514c97d2b9.
2026-10-03 20:37:26.316 | DEBUG    | tldw_chatbook.DB.ChaChaNotes_DB:_enter_transaction:24458 - Entered nested transaction level 2 on thread 8494865792.
2026-10-03 20:37:26.321 | DEBUG    | tldw_chatbook.DB.ChaChaNotes_DB:_enter_transaction:24458 - Entered nested transaction level 2 on thread 8494865792.
2026-10-03 20:37:26.321 | DEBUG    | tldw_chatbook.DB.ChaChaNotes_DB:_enter_transaction:24458 - Entered nested transaction level 3 on thread 8494865792.
2026-10-03 20:37:26.326 | INFO     | tldw_chatbook.DB.ChaChaNotes_DB:_migrate_from_v28_to_v29:5901 - Migrating schema from V28 to V29 for 'rag_char_chat_schema' in DB: db_sha256=76514c97d2b9...
2026-10-03 20:37:26.326 | DEBUG    | tldw_chatbook.DB.ChaChaNotes_DB:_enter_transaction:24458 - Entered nested transaction level 2 on thread 8494865792.
2026-10-03 20:37:26.327 | DEBUG    | tldw_chatbook.DB.ChaChaNotes_DB:_migrate_from_v28_to_v29:5909 - [rag_char_chat_schema V28→V29] Migration script executed.
2026-10-03 20:37:26.327 | INFO     | tldw_chatbook.DB.ChaChaNotes_DB:_migrate_from_v28_to_v29:5917 - [rag_char_chat_schema V28→V29] Migration completed successfully for DB: db_sha256=76514c97d2b9.
2026-10-03 20:37:26.327 | INFO     | tldw_chatbook.DB.ChaChaNotes_DB:_migrate_from_v29_to_v30:5944 - Migrating schema from V29 to V30 for 'rag_char_chat_schema' in DB: db_sha256=76514c97d2b9...
2026-10-03 20:37:26.328 | DEBUG    | tldw_chatbook.DB.ChaChaNotes_DB:_enter_transaction:24458 - Entered nested transaction level 2 on thread 8494865792.
2026-10-03 20:37:26.331 | DEBUG    | tldw_chatbook.DB.ChaChaNotes_DB:_migrate_from_v29_to_v30:5970 - [rag_char_chat_schema V29→V30] Migration script executed.
2026-10-03 20:37:26.332 | INFO     | tldw_chatbook.DB.ChaChaNotes_DB:_migrate_from_v29_to_v30:5994 - [rag_char_chat_schema V29→V30] Migration completed successfully for DB: db_sha256=76514c97d2b9.
2026-10-03 20:37:26.332 | INFO     | tldw_chatbook.DB.ChaChaNotes_DB:_migrate_from_v30_to_v31:6021 - Migrating schema from V30 to V31 for 'rag_char_chat_schema' in DB: db_sha256=76514c97d2b9...
2026-10-03 20:37:26.332 | DEBUG    | tldw_chatbook.DB.ChaChaNotes_DB:_enter_transaction:24458 - Entered nested transaction level 2 on thread 8494865792.
2026-10-03 20:37:26.335 | DEBUG    | tldw_chatbook.DB.ChaChaNotes_DB:_migrate_from_v30_to_v31:6047 - [rag_char_chat_schema V30→V31] Migration script executed.
2026-10-03 20:37:26.335 | INFO     | tldw_chatbook.DB.ChaChaNotes_DB:_migrate_from_v30_to_v31:6071 - [rag_char_chat_schema V30→V31] Migration completed successfully for DB: db_sha256=76514c97d2b9.
2026-10-03 20:37:26.336 | INFO     | tldw_chatbook.DB.ChaChaNotes_DB:_migrate_from_v31_to_v32:6104 - Migrating schema from V31 to V32 for 'rag_char_chat_schema' in DB: db_sha256=76514c97d2b9...
2026-10-03 20:37:26.336 | DEBUG    | tldw_chatbook.DB.ChaChaNotes_DB:_enrich_default_assistant_card_if_bare:4749 - [task-2451] Default Assistant enrichment UPDATE affected 0 row(s) in DB: db_sha256=76514c97d2b9.
2026-10-03 20:37:26.336 | INFO     | tldw_chatbook.DB.ChaChaNotes_DB:_migrate_from_v31_to_v32:6130 - [rag_char_chat_schema V31→V32] Migration completed successfully for DB: db_sha256=76514c97d2b9.
2026-10-03 20:37:26.337 | DEBUG    | tldw_chatbook.DB.ChaChaNotes_DB:_enter_transaction:24458 - Entered nested transaction level 2 on thread 8494865792.
2026-10-03 20:37:26.338 | DEBUG    | tldw_chatbook.DB.ChaChaNotes_DB:_enter_transaction:24458 - Entered nested transaction level 2 on thread 8494865792.
2026-10-03 20:37:26.342 | DEBUG    | tldw_chatbook.DB.ChaChaNotes_DB:_enter_transaction:24458 - Entered nested transaction level 2 on thread 8494865792.
2026-10-03 20:37:26.344 | DEBUG    | tldw_chatbook.DB.ChaChaNotes_DB:_enter_transaction:24458 - Entered nested transaction level 2 on thread 8494865792.
2026-10-03 20:37:26.346 | DEBUG    | tldw_chatbook.DB.ChaChaNotes_DB:_enter_transaction:24458 - Entered nested transaction level 2 on thread 8494865792.
2026-10-03 20:37:26.351 | DEBUG    | tldw_chatbook.DB.ChaChaNotes_DB:_enter_transaction:24458 - Entered nested transaction level 2 on thread 8494865792.
2026-10-03 20:37:26.352 | DEBUG    | tldw_chatbook.DB.ChaChaNotes_DB:_enter_transaction:24458 - Entered nested transaction level 2 on thread 8494865792.
2026-10-03 20:37:26.353 | DEBUG    | tldw_chatbook.DB.ChaChaNotes_DB:_enter_transaction:24458 - Entered nested transaction level 2 on thread 8494865792.
2026-10-03 20:37:26.354 | DEBUG    | tldw_chatbook.DB.ChaChaNotes_DB:_enter_transaction:24458 - Entered nested transaction level 2 on thread 8494865792.
2026-10-03 20:37:26.356 | INFO     | tldw_chatbook.DB.ChaChaNotes_DB:_migrate_from_v41_to_v42:6450 - Migrating schema from V41 to V42 for 'rag_char_chat_schema' in DB: db_sha256=76514c97d2b9...
2026-10-03 20:37:26.357 | INFO     | tldw_chatbook.DB.ChaChaNotes_DB:_migrate_from_v41_to_v42:6514 - [rag_char_chat_schema V41→V42] conversations.console_project_context_json already present; applying the version bump only.
2026-10-03 20:37:26.357 | INFO     | tldw_chatbook.DB.ChaChaNotes_DB:_migrate_from_v42_to_v43:6564 - Migrating schema from V42 to V43 for 'rag_char_chat_schema' in DB: db_sha256=76514c97d2b9...
2026-10-03 20:37:26.357 | DEBUG    | tldw_chatbook.DB.ChaChaNotes_DB:_enter_transaction:24458 - Entered nested transaction level 2 on thread 8494865792.
2026-10-03 20:37:26.359 | INFO     | tldw_chatbook.DB.ChaChaNotes_DB:_migrate_from_v42_to_v43:6703 - [rag_char_chat_schema V42→V43] Migration completed successfully for DB: db_sha256=76514c97d2b9.
2026-10-03 20:37:26.359 | INFO     | tldw_chatbook.DB.ChaChaNotes_DB:_migrate_from_v43_to_v44:6733 - Migrating schema from V43 to V44 for 'rag_char_chat_schema' in DB: db_sha256=76514c97d2b9...
2026-10-03 20:37:26.359 | DEBUG    | tldw_chatbook.DB.ChaChaNotes_DB:_enter_transaction:24458 - Entered nested transaction level 2 on thread 8494865792.
2026-10-03 20:37:26.373 | INFO     | tldw_chatbook.DB.ChaChaNotes_DB:_migrate_from_v43_to_v44:6773 - [rag_char_chat_schema V43→V44] Migration completed successfully for DB: db_sha256=76514c97d2b9.
2026-10-03 20:37:26.373 | INFO     | tldw_chatbook.DB.ChaChaNotes_DB:_migrate_from_v44_to_v45:6842 - Actor Pack schema migration started: chachanotes_v44_to_v45
2026-10-03 20:37:26.373 | DEBUG    | tldw_chatbook.DB.ChaChaNotes_DB:_enter_transaction:24458 - Entered nested transaction level 2 on thread 8494865792.
2026-10-03 20:37:26.375 | INFO     | tldw_chatbook.DB.ChaChaNotes_DB:_migrate_from_v44_to_v45:6875 - Actor Pack schema migration completed: chachanotes_v44_to_v45
2026-10-03 20:37:26.375 | INFO     | tldw_chatbook.DB.ChaChaNotes_DB:_migrate_from_v45_to_v46:6919 - Migrating schema from V45 to V46 for 'rag_char_chat_schema' in DB: db_sha256=76514c97d2b9...
2026-10-03 20:37:26.375 | DEBUG    | tldw_chatbook.DB.ChaChaNotes_DB:_enter_transaction:24458 - Entered nested transaction level 2 on thread 8494865792.
2026-10-03 20:37:26.383 | INFO     | tldw_chatbook.DB.ChaChaNotes_DB:_migrate_from_v45_to_v46:6965 - [rag_char_chat_schema V45→V46] Migration completed successfully for DB: db_sha256=76514c97d2b9. Purged 0 unreachable sync_log row(s) of 1.
2026-10-03 20:37:26.383 | INFO     | tldw_chatbook.DB.ChaChaNotes_DB:_migrate_from_v46_to_v47:7007 - Migrating schema from V46 to V47 for 'rag_char_chat_schema' in DB: db_sha256=76514c97d2b9...
2026-10-03 20:37:26.383 | DEBUG    | tldw_chatbook.DB.ChaChaNotes_DB:_enter_transaction:24458 - Entered nested transaction level 2 on thread 8494865792.
2026-10-03 20:37:26.384 | INFO     | tldw_chatbook.DB.ChaChaNotes_DB:_migrate_from_v46_to_v47:7042 - [rag_char_chat_schema V46→V47] Migration completed successfully for DB: db_sha256=76514c97d2b9.
2026-10-03 20:37:26.385 | DEBUG    | tldw_chatbook.DB.ChaChaNotes_DB:_enter_transaction:24458 - Entered nested transaction level 2 on thread 8494865792.
2026-10-03 20:37:26.393 | INFO     | tldw_chatbook.DB.ChaChaNotes_DB:_migrate_from_v48_to_v49:7198 - Migrating schema from V48 to V49 for 'rag_char_chat_schema' in DB: db_sha256=76514c97d2b9...
2026-10-03 20:37:26.393 | DEBUG    | tldw_chatbook.DB.ChaChaNotes_DB:_enter_transaction:24458 - Entered nested transaction level 2 on thread 8494865792.
2026-10-03 20:37:26.394 | INFO     | tldw_chatbook.DB.ChaChaNotes_DB:_migrate_from_v48_to_v49:7233 - [rag_char_chat_schema V48→V49] Migration completed successfully for DB: db_sha256=76514c97d2b9.
2026-10-03 20:37:26.394 | INFO     | tldw_chatbook.DB.ChaChaNotes_DB:_migrate_from_v49_to_v50:7281 - Migrating schema from V49 to V50 for 'rag_char_chat_schema' in DB: db_sha256=76514c97d2b9...
2026-10-03 20:37:26.395 | DEBUG    | tldw_chatbook.DB.ChaChaNotes_DB:_enter_transaction:24458 - Entered nested transaction level 2 on thread 8494865792.
2026-10-03 20:37:26.395 | INFO     | tldw_chatbook.DB.ChaChaNotes_DB:_migrate_from_v49_to_v50:7315 - [rag_char_chat_schema V49→V50] Migration completed successfully for DB: db_sha256=76514c97d2b9.
2026-10-03 20:37:26.396 | DEBUG    | tldw_chatbook.DB.ChaChaNotes_DB:_enter_transaction:24458 - Entered nested transaction level 2 on thread 8494865792.
2026-10-03 20:37:26.402 | DEBUG    | tldw_chatbook.DB.ChaChaNotes_DB:_enter_transaction:24458 - Entered nested transaction level 2 on thread 8494865792.
2026-10-03 20:37:26.415 | INFO     | tldw_chatbook.DB.ChaChaNotes_DB:_migrate_from_v52_to_v53:7440 - Migrating schema from V52 to V53 for 'rag_char_chat_schema' in DB: db_sha256=76514c97d2b9...
2026-10-03 20:37:26.415 | DEBUG    | tldw_chatbook.DB.ChaChaNotes_DB:_enter_transaction:24458 - Entered nested transaction level 2 on thread 8494865792.
2026-10-03 20:37:26.415 | INFO     | tldw_chatbook.DB.ChaChaNotes_DB:_migrate_from_v52_to_v53:7505 - [rag_char_chat_schema V52→V53] Migration completed for DB: db_sha256=76514c97d2b9 (examined 0, compacted 0, skipped 0 unreadable).
2026-10-03 20:37:26.416 | DEBUG    | tldw_chatbook.DB.ChaChaNotes_DB:_enter_transaction:24458 - Entered nested transaction level 2 on thread 8494865792.
2026-10-03 20:37:26.421 | DEBUG    | tldw_chatbook.DB.ChaChaNotes_DB:_enter_transaction:24458 - Entered nested transaction level 2 on thread 8494865792.
2026-10-03 20:37:26.423 | DEBUG    | tldw_chatbook.DB.ChaChaNotes_DB:_enter_transaction:24458 - Entered nested transaction level 2 on thread 8494865792.
2026-10-03 20:37:26.441 | DEBUG    | tldw_chatbook.DB.ChaChaNotes_DB:_enter_transaction:24458 - Entered nested transaction level 2 on thread 8494865792.
2026-10-03 20:37:26.444 | DEBUG    | tldw_chatbook.DB.ChaChaNotes_DB:_enter_transaction:24458 - Entered nested transaction level 2 on thread 8494865792.
2026-10-03 20:37:26.468 | DEBUG    | tldw_chatbook.DB.ChaChaNotes_DB:_enter_transaction:24458 - Entered nested transaction level 2 on thread 8494865792.
2026-10-03 20:37:26.470 | DEBUG    | tldw_chatbook.DB.ChaChaNotes_DB:_enter_transaction:24458 - Entered nested transaction level 2 on thread 8494865792.
2026-10-03 20:37:26.471 | DEBUG    | tldw_chatbook.DB.ChaChaNotes_DB:_enter_transaction:24458 - Entered nested transaction level 2 on thread 8494865792.
2026-10-03 20:37:26.472 | DEBUG    | tldw_chatbook.DB.ChaChaNotes_DB:_enter_transaction:24458 - Entered nested transaction level 2 on thread 8494865792.
2026-10-03 20:37:26.500 | DEBUG    | tldw_chatbook.DB.ChaChaNotes_DB:_enter_transaction:24458 - Entered nested transaction level 2 on thread 8494865792.
2026-10-03 20:37:26.506 | DEBUG    | tldw_chatbook.DB.ChaChaNotes_DB:_enter_transaction:24458 - Entered nested transaction level 2 on thread 8494865792.
2026-10-03 20:37:26.530 | DEBUG    | tldw_chatbook.DB.ChaChaNotes_DB:_enter_transaction:24458 - Entered nested transaction level 2 on thread 8494865792.
2026-10-03 20:37:26.532 | DEBUG    | tldw_chatbook.DB.ChaChaNotes_DB:_enter_transaction:24458 - Entered nested transaction level 2 on thread 8494865792.
2026-10-03 20:37:26.538 | DEBUG    | tldw_chatbook.DB.ChaChaNotes_DB:_enter_transaction:24458 - Entered nested transaction level 3 on thread 8494865792.
2026-10-03 20:37:26.539 | DEBUG    | tldw_chatbook.DB.ChaChaNotes_DB:_enter_transaction:24458 - Entered nested transaction level 3 on thread 8494865792.
2026-10-03 20:37:26.540 | DEBUG    | tldw_chatbook.DB.ChaChaNotes_DB:_enter_transaction:24458 - Entered nested transaction level 2 on thread 8494865792.
2026-10-03 20:37:26.546 | DEBUG    | tldw_chatbook.DB.ChaChaNotes_DB:_enter_transaction:24458 - Entered nested transaction level 2 on thread 8494865792.
2026-10-03 20:37:26.578 | DEBUG    | tldw_chatbook.DB.ChaChaNotes_DB:_enter_transaction:24458 - Entered nested transaction level 2 on thread 8494865792.
2026-10-03 20:37:26.580 | DEBUG    | tldw_chatbook.DB.ChaChaNotes_DB:_enter_transaction:24458 - Entered nested transaction level 2 on thread 8494865792.
2026-10-03 20:37:26.581 | DEBUG    | tldw_chatbook.DB.ChaChaNotes_DB:_enter_transaction:24458 - Entered nested transaction level 2 on thread 8494865792.
2026-10-03 20:37:26.590 | DEBUG    | tldw_chatbook.DB.ChaChaNotes_DB:_enter_transaction:24458 - Entered nested transaction level 2 on thread 8494865792.
2026-10-03 20:37:26.608 | DEBUG    | tldw_chatbook.DB.ChaChaNotes_DB:_enter_transaction:24458 - Entered nested transaction level 2 on thread 8494865792.
2026-10-03 20:37:26.609 | DEBUG    | tldw_chatbook.DB.ChaChaNotes_DB:_enter_transaction:24458 - Entered nested transaction level 2 on thread 8494865792.
2026-10-03 20:37:26.617 | DEBUG    | tldw_chatbook.DB.ChaChaNotes_DB:_enter_transaction:24458 - Entered nested transaction level 2 on thread 8494865792.
2026-10-03 20:37:26.619 | DEBUG    | tldw_chatbook.DB.ChaChaNotes_DB:_enter_transaction:24458 - Entered nested transaction level 2 on thread 8494865792.
2026-10-03 20:37:26.650 | INFO     | tldw_chatbook.DB.ChaChaNotes_DB:_initialize_schema:8685 - Database schema 'rag_char_chat_schema' successfully initialized/migrated to version 76.
2026-10-03 20:37:26.656 | DEBUG    | tldw_chatbook.DB.ChaChaNotes_DB:_exit_transaction:24552 - Transaction (outermost) committed successfully on thread 8494865792.
2026-10-03 20:37:26.656 | DEBUG    | tldw_chatbook.DB.ChaChaNotes_DB:__init__:3399 - CharactersRAGDB initialization completed successfully db_sha256=76514c97d2b9
2026-10-03 20:37:26.680 | DEBUG    | tldw_chatbook.Chat.chat_persistence_service:__init__:271 - Recovered-media message source is unavailable.
2026-10-03 20:37:26.688 | DEBUG    | tldw_chatbook.DB.ChaChaNotes_DB:_enter_transaction:24489 - Started outermost transaction on thread 8494865792.
2026-10-03 20:37:26.689 | DEBUG    | tldw_chatbook.DB.ChaChaNotes_DB:_enter_transaction:24458 - Entered nested transaction level 2 on thread 8494865792.
2026-10-03 20:37:26.691 | DEBUG    | tldw_chatbook.DB.ChaChaNotes_DB:add_conversation:11073 - Added conversation ID: 30353439-1a24-487a-9eab-4a434cb881b0.
2026-10-03 20:37:26.691 | DEBUG    | tldw_chatbook.DB.ChaChaNotes_DB:_enter_transaction:24458 - Entered nested transaction level 2 on thread 8494865792.
2026-10-03 20:37:26.692 | DEBUG    | tldw_chatbook.DB.ChaChaNotes_DB:_exit_transaction:24552 - Transaction (outermost) committed successfully on thread 8494865792.
2026-10-03 20:37:26.700 | DEBUG    | tldw_chatbook.DB.ChaChaNotes_DB:_enter_transaction:24489 - Started outermost transaction on thread 8494865792.
2026-10-03 20:37:26.701 | DEBUG    | tldw_chatbook.DB.ChaChaNotes_DB:_exit_transaction:24552 - Transaction (outermost) committed successfully on thread 8494865792.
____________ test_capture_note_dispatches_one_exclusive_note_worker ____________

    @pytest.mark.asyncio
    async def test_capture_note_dispatches_one_exclusive_note_worker():
        """The new per-message capture rides the same note worker group as the
        TASK-31759 span actions (never console-run, so it cannot cancel a
        live stream)."""
>       app, screen = _build_screen()
                      ^^^^^^^^^^^^^^^

Tests/Chat/test_console_note_span_actions.py:449: 
_ _ _ _ _ _ _ _ _ _ _ _ _ _ _ _ _ _ _ _ _ _ _ _ _ _ _ _ _ _ _ _ _ _ _ _ _ _ _ _ 
Tests/Chat/test_console_note_span_actions.py:223: in _build_screen
    from Tests.UI.app_factory import _build_test_app
Tests/UI/app_factory.py:29: in <module>
    from tldw_chatbook.app import TldwCli
tldw_chatbook/app.py:671: in <module>
    APP_CONFIG = load_settings()
                 ^^^^^^^^^^^^^^^
tldw_chatbook/config.py:2027: in load_settings
    return _load_settings_guarded(
tldw_chatbook/Backup_Recovery/config_participants.py:421: in wrapped
    with operation(source, target=target):
         ^^^^^^^^^^^^^^^^^^^^^^^^^^^^^^^^
../../../../.local/share/uv/python/cpython-3.12.11-macos-aarch64-none/lib/python3.12/contextlib.py:137: in __enter__
    return next(self.gen)
           ^^^^^^^^^^^^^^
tldw_chatbook/Backup_Recovery/config_participants.py:352: in operation
    with raw._scope(source, route, writing=True, selected_read=target) as active:
         ^^^^^^^^^^^^^^^^^^^^^^^^^^^^^^^^^^^^^^^^^^^^^^^^^^^^^^^^^^^^^
../../../../.local/share/uv/python/cpython-3.12.11-macos-aarch64-none/lib/python3.12/contextlib.py:137: in __enter__
    return next(self.gen)
           ^^^^^^^^^^^^^^
tldw_chatbook/Backup_Recovery/raw_participants.py:649: in _scope
    participant = _raw_participant(source)
                  ^^^^^^^^^^^^^^^^^^^^^^^^
tldw_chatbook/Backup_Recovery/raw_participants.py:296: in _raw_participant
    state = _participant_state(participant)
            ^^^^^^^^^^^^^^^^^^^^^^^^^^^^^^^
_ _ _ _ _ _ _ _ _ _ _ _ _ _ _ _ _ _ _ _ _ _ _ _ _ _ _ _ _ _ _ _ _ _ _ _ _ _ _ _ 

participant = <tldw_chatbook.Backup_Recovery.raw_participants._RawParticipant object at 0x10ab0d490>

    def _participant_state(participant):
        if type(participant) is not _RawParticipant or participant not in _participants:
            raise bootstrap.RecoveryRequired("raw_participant_not_installed")
        state = _participants[participant]
        source = state.source()
        if source is None or type(source) is not state.source_type:
            raise bootstrap.RecoveryRequired("raw_participant_not_installed")
        if _source_participants.get(source) is not participant:
            raise bootstrap.RecoveryRequired("raw_participant_not_installed")
        if state.owner.startswith("mcp."):
            bound = mcp_sources.binding(source)
            if bound is None or not bound[2] or bound[1] != state.selected:
                raise bootstrap.RecoveryRequired("raw_source_selection_changed")
        if state.owner == "chat.dictionaries":
            binding = dictionary_files.binding(source)
            if binding is None or binding[1] != state.selected:
                raise bootstrap.RecoveryRequired("raw_source_selection_changed")
        if state.owner in {"personas", "chat.dictionary_history", "chat.rag_context"}:
            binding = chat_sources.binding(source)
            if binding is None or binding[1] != state.selected:
                raise bootstrap.RecoveryRequired("raw_source_selection_changed")
        if state.owner == "config":
            binding = config_files.binding(source)
            if binding is None or binding[1] != state.selected:
>               raise bootstrap.RecoveryRequired("raw_source_selection_changed")
E               tldw_chatbook.Backup_Recovery.bootstrap.RecoveryRequired: raw_source_selection_changed

tldw_chatbook/Backup_Recovery/raw_participants.py:132: RecoveryRequired
_____ test_capture_note_records_the_conversation_and_message_it_came_from ______

    @pytest.mark.asyncio
    async def test_capture_note_records_the_conversation_and_message_it_came_from():
        """task-32146 AC#2: the captured note is titled by the answer's own
        first line, carries the answer verbatim, and records its provenance as
        keywords; the created note id is handed to the receipt."""
>       app, screen = _build_screen()
                      ^^^^^^^^^^^^^^^

Tests/Chat/test_console_note_span_actions.py:482: 
_ _ _ _ _ _ _ _ _ _ _ _ _ _ _ _ _ _ _ _ _ _ _ _ _ _ _ _ _ _ _ _ _ _ _ _ _ _ _ _ 
Tests/Chat/test_console_note_span_actions.py:223: in _build_screen
    from Tests.UI.app_factory import _build_test_app
Tests/UI/app_factory.py:29: in <module>
    from tldw_chatbook.app import TldwCli
tldw_chatbook/app.py:671: in <module>
    APP_CONFIG = load_settings()
                 ^^^^^^^^^^^^^^^
tldw_chatbook/config.py:2027: in load_settings
    return _load_settings_guarded(
tldw_chatbook/Backup_Recovery/config_participants.py:421: in wrapped
    with operation(source, target=target):
         ^^^^^^^^^^^^^^^^^^^^^^^^^^^^^^^^
../../../../.local/share/uv/python/cpython-3.12.11-macos-aarch64-none/lib/python3.12/contextlib.py:137: in __enter__
    return next(self.gen)
           ^^^^^^^^^^^^^^
tldw_chatbook/Backup_Recovery/config_participants.py:352: in operation
    with raw._scope(source, route, writing=True, selected_read=target) as active:
         ^^^^^^^^^^^^^^^^^^^^^^^^^^^^^^^^^^^^^^^^^^^^^^^^^^^^^^^^^^^^^
../../../../.local/share/uv/python/cpython-3.12.11-macos-aarch64-none/lib/python3.12/contextlib.py:137: in __enter__
    return next(self.gen)
           ^^^^^^^^^^^^^^
tldw_chatbook/Backup_Recovery/raw_participants.py:649: in _scope
    participant = _raw_participant(source)
                  ^^^^^^^^^^^^^^^^^^^^^^^^
tldw_chatbook/Backup_Recovery/raw_participants.py:296: in _raw_participant
    state = _participant_state(participant)
            ^^^^^^^^^^^^^^^^^^^^^^^^^^^^^^^
_ _ _ _ _ _ _ _ _ _ _ _ _ _ _ _ _ _ _ _ _ _ _ _ _ _ _ _ _ _ _ _ _ _ _ _ _ _ _ _ 

participant = <tldw_chatbook.Backup_Recovery.raw_participants._RawParticipant object at 0x10ab0d490>

    def _participant_state(participant):
        if type(participant) is not _RawParticipant or participant not in _participants:
            raise bootstrap.RecoveryRequired("raw_participant_not_installed")
        state = _participants[participant]
        source = state.source()
        if source is None or type(source) is not state.source_type:
            raise bootstrap.RecoveryRequired("raw_participant_not_installed")
        if _source_participants.get(source) is not participant:
            raise bootstrap.RecoveryRequired("raw_participant_not_installed")
        if state.owner.startswith("mcp."):
            bound = mcp_sources.binding(source)
            if bound is None or not bound[2] or bound[1] != state.selected:
                raise bootstrap.RecoveryRequired("raw_source_selection_changed")
        if state.owner == "chat.dictionaries":
            binding = dictionary_files.binding(source)
            if binding is None or binding[1] != state.selected:
                raise bootstrap.RecoveryRequired("raw_source_selection_changed")
        if state.owner in {"personas", "chat.dictionary_history", "chat.rag_context"}:
            binding = chat_sources.binding(source)
            if binding is None or binding[1] != state.selected:
                raise bootstrap.RecoveryRequired("raw_source_selection_changed")
        if state.owner == "config":
            binding = config_files.binding(source)
            if binding is None or binding[1] != state.selected:
>               raise bootstrap.RecoveryRequired("raw_source_selection_changed")
E               tldw_chatbook.Backup_Recovery.bootstrap.RecoveryRequired: raw_source_selection_changed

tldw_chatbook/Backup_Recovery/raw_participants.py:132: RecoveryRequired
__________ test_console_note_writes_use_the_configured_notes_identity __________

    @pytest.mark.asyncio
    async def test_console_note_writes_use_the_configured_notes_identity():
        """Regression (task-32146): Save as... > Note wrote under a `current_user`
        attribute that nothing in the tree ever sets, so every note it saved
        carried the literal "default_user" as its author id (the client_id sync
        attribution and optimistic locking read) and opened a second cached DB
        connection. Not a visibility bug -- notes have no owner column and the
        list has no owner filter -- so this pins only the identity recorded
        (fix round 1 corrected the docstring; the assertion is unchanged)."""
>       app, screen = _build_screen()
                      ^^^^^^^^^^^^^^^

Tests/Chat/test_console_note_span_actions.py:536: 
_ _ _ _ _ _ _ _ _ _ _ _ _ _ _ _ _ _ _ _ _ _ _ _ _ _ _ _ _ _ _ _ _ _ _ _ _ _ _ _ 
Tests/Chat/test_console_note_span_actions.py:223: in _build_screen
    from Tests.UI.app_factory import _build_test_app
Tests/UI/app_factory.py:29: in <module>
    from tldw_chatbook.app import TldwCli
tldw_chatbook/app.py:671: in <module>
    APP_CONFIG = load_settings()
                 ^^^^^^^^^^^^^^^
tldw_chatbook/config.py:2027: in load_settings
    return _load_settings_guarded(
tldw_chatbook/Backup_Recovery/config_participants.py:421: in wrapped
    with operation(source, target=target):
         ^^^^^^^^^^^^^^^^^^^^^^^^^^^^^^^^
../../../../.local/share/uv/python/cpython-3.12.11-macos-aarch64-none/lib/python3.12/contextlib.py:137: in __enter__
    return next(self.gen)
           ^^^^^^^^^^^^^^
tldw_chatbook/Backup_Recovery/config_participants.py:352: in operation
    with raw._scope(source, route, writing=True, selected_read=target) as active:
         ^^^^^^^^^^^^^^^^^^^^^^^^^^^^^^^^^^^^^^^^^^^^^^^^^^^^^^^^^^^^^
../../../../.local/share/uv/python/cpython-3.12.11-macos-aarch64-none/lib/python3.12/contextlib.py:137: in __enter__
    return next(self.gen)
           ^^^^^^^^^^^^^^
tldw_chatbook/Backup_Recovery/raw_participants.py:649: in _scope
    participant = _raw_participant(source)
                  ^^^^^^^^^^^^^^^^^^^^^^^^
tldw_chatbook/Backup_Recovery/raw_participants.py:296: in _raw_participant
    state = _participant_state(participant)
            ^^^^^^^^^^^^^^^^^^^^^^^^^^^^^^^
_ _ _ _ _ _ _ _ _ _ _ _ _ _ _ _ _ _ _ _ _ _ _ _ _ _ _ _ _ _ _ _ _ _ _ _ _ _ _ _ 

participant = <tldw_chatbook.Backup_Recovery.raw_participants._RawParticipant object at 0x10ab0d490>

    def _participant_state(participant):
        if type(participant) is not _RawParticipant or participant not in _participants:
            raise bootstrap.RecoveryRequired("raw_participant_not_installed")
        state = _participants[participant]
        source = state.source()
        if source is None or type(source) is not state.source_type:
            raise bootstrap.RecoveryRequired("raw_participant_not_installed")
        if _source_participants.get(source) is not participant:
            raise bootstrap.RecoveryRequired("raw_participant_not_installed")
        if state.owner.startswith("mcp."):
            bound = mcp_sources.binding(source)
            if bound is None or not bound[2] or bound[1] != state.selected:
                raise bootstrap.RecoveryRequired("raw_source_selection_changed")
        if state.owner == "chat.dictionaries":
            binding = dictionary_files.binding(source)
            if binding is None or binding[1] != state.selected:
                raise bootstrap.RecoveryRequired("raw_source_selection_changed")
        if state.owner in {"personas", "chat.dictionary_history", "chat.rag_context"}:
            binding = chat_sources.binding(source)
            if binding is None or binding[1] != state.selected:
                raise bootstrap.RecoveryRequired("raw_source_selection_changed")
        if state.owner == "config":
            binding = config_files.binding(source)
            if binding is None or binding[1] != state.selected:
>               raise bootstrap.RecoveryRequired("raw_source_selection_changed")
E               tldw_chatbook.Backup_Recovery.bootstrap.RecoveryRequired: raw_source_selection_changed

tldw_chatbook/Backup_Recovery/raw_participants.py:132: RecoveryRequired
____ test_capture_note_dispatch_refuses_a_temporary_chat_before_any_worker _____

    @pytest.mark.asyncio
    async def test_capture_note_dispatch_refuses_a_temporary_chat_before_any_worker():
        """task-32146 fix round 1 (review finding 3): the ephemeral registry is
        consulted again at dispatch -- the same defence the regenerate
        image/video branches carry -- so a temporary chat gets the registry's
        reason and no note worker is started, whatever built the button."""
        from tldw_chatbook.Chat.console_ephemeral import EPHEMERAL_BLOCKED_ACTIONS
    
>       app, screen = _build_screen()
                      ^^^^^^^^^^^^^^^

Tests/Chat/test_console_note_span_actions.py:565: 
_ _ _ _ _ _ _ _ _ _ _ _ _ _ _ _ _ _ _ _ _ _ _ _ _ _ _ _ _ _ _ _ _ _ _ _ _ _ _ _ 
Tests/Chat/test_console_note_span_actions.py:223: in _build_screen
    from Tests.UI.app_factory import _build_test_app
Tests/UI/app_factory.py:29: in <module>
    from tldw_chatbook.app import TldwCli
tldw_chatbook/app.py:671: in <module>
    APP_CONFIG = load_settings()
                 ^^^^^^^^^^^^^^^
tldw_chatbook/config.py:2027: in load_settings
    return _load_settings_guarded(
tldw_chatbook/Backup_Recovery/config_participants.py:421: in wrapped
    with operation(source, target=target):
         ^^^^^^^^^^^^^^^^^^^^^^^^^^^^^^^^
../../../../.local/share/uv/python/cpython-3.12.11-macos-aarch64-none/lib/python3.12/contextlib.py:137: in __enter__
    return next(self.gen)
           ^^^^^^^^^^^^^^
tldw_chatbook/Backup_Recovery/config_participants.py:352: in operation
    with raw._scope(source, route, writing=True, selected_read=target) as active:
         ^^^^^^^^^^^^^^^^^^^^^^^^^^^^^^^^^^^^^^^^^^^^^^^^^^^^^^^^^^^^^
../../../../.local/share/uv/python/cpython-3.12.11-macos-aarch64-none/lib/python3.12/contextlib.py:137: in __enter__
    return next(self.gen)
           ^^^^^^^^^^^^^^
tldw_chatbook/Backup_Recovery/raw_participants.py:649: in _scope
    participant = _raw_participant(source)
                  ^^^^^^^^^^^^^^^^^^^^^^^^
tldw_chatbook/Backup_Recovery/raw_participants.py:296: in _raw_participant
    state = _participant_state(participant)
            ^^^^^^^^^^^^^^^^^^^^^^^^^^^^^^^
_ _ _ _ _ _ _ _ _ _ _ _ _ _ _ _ _ _ _ _ _ _ _ _ _ _ _ _ _ _ _ _ _ _ _ _ _ _ _ _ 

participant = <tldw_chatbook.Backup_Recovery.raw_participants._RawParticipant object at 0x10ab0d490>

    def _participant_state(participant):
        if type(participant) is not _RawParticipant or participant not in _participants:
            raise bootstrap.RecoveryRequired("raw_participant_not_installed")
        state = _participants[participant]
        source = state.source()
        if source is None or type(source) is not state.source_type:
            raise bootstrap.RecoveryRequired("raw_participant_not_installed")
        if _source_participants.get(source) is not participant:
            raise bootstrap.RecoveryRequired("raw_participant_not_installed")
        if state.owner.startswith("mcp."):
            bound = mcp_sources.binding(source)
            if bound is None or not bound[2] or bound[1] != state.selected:
                raise bootstrap.RecoveryRequired("raw_source_selection_changed")
        if state.owner == "chat.dictionaries":
            binding = dictionary_files.binding(source)
            if binding is None or binding[1] != state.selected:
                raise bootstrap.RecoveryRequired("raw_source_selection_changed")
        if state.owner in {"personas", "chat.dictionary_history", "chat.rag_context"}:
            binding = chat_sources.binding(source)
            if binding is None or binding[1] != state.selected:
                raise bootstrap.RecoveryRequired("raw_source_selection_changed")
        if state.owner == "config":
            binding = config_files.binding(source)
            if binding is None or binding[1] != state.selected:
>               raise bootstrap.RecoveryRequired("raw_source_selection_changed")
E               tldw_chatbook.Backup_Recovery.bootstrap.RecoveryRequired: raw_source_selection_changed

tldw_chatbook/Backup_Recovery/raw_participants.py:132: RecoveryRequired
- generated xml file: /Users/macbook-dev/.codex/worktrees/console-chat-starts/tldw_chatbook/.superpowers/sdd/2026-10-03-console-pr2995-review-and-merge/task-3-base-note-owner.xml -
============================= slowest 25 durations =============================
1.14s call     Tests/Chat/test_console_note_span_actions.py::test_summarize_span_as_note_returns_draft_without_compaction_writes
1.11s call     Tests/Chat/test_console_note_span_actions.py::test_build_transcript_note_is_inclusive_and_user_assistant_only
1.04s call     Tests/Chat/test_console_note_span_actions.py::test_summarize_span_as_note_blocks_when_provider_not_ready

(22 durations < 1s hidden.)
=========================== short test summary info ============================
FAILED Tests/Chat/test_console_note_span_actions.py::test_build_transcript_note_is_inclusive_and_user_assistant_only
FAILED Tests/Chat/test_console_note_span_actions.py::test_build_transcript_note_accepts_assistant_target
FAILED Tests/Chat/test_console_note_span_actions.py::test_note_actions_block_off_path_and_unknown_targets
FAILED Tests/Chat/test_console_note_span_actions.py::test_summarize_span_as_note_returns_draft_without_compaction_writes
FAILED Tests/Chat/test_console_note_span_actions.py::test_summarize_span_as_note_blocks_when_provider_not_ready
FAILED Tests/Chat/test_console_note_span_actions.py::test_summarize_span_as_note_blocks_oversized_span
FAILED Tests/Chat/test_console_note_span_actions.py::test_note_actions_dispatch_one_exclusive_note_worker[summarize-note]
FAILED Tests/Chat/test_console_note_span_actions.py::test_note_actions_dispatch_one_exclusive_note_worker[save-transcript-note]
FAILED Tests/Chat/test_console_note_span_actions.py::test_note_actions_mid_run_notify_instead_of_summarizing[summarize-note]
FAILED Tests/Chat/test_console_note_span_actions.py::test_note_actions_mid_run_notify_instead_of_summarizing[save-transcript-note]
FAILED Tests/Chat/test_console_note_span_actions.py::test_note_actions_persist_through_notes_service[summarize-note]
FAILED Tests/Chat/test_console_note_span_actions.py::test_note_actions_persist_through_notes_service[save-transcript-note]
FAILED Tests/Chat/test_console_note_span_actions.py::test_oversized_span_blocks_at_the_real_budget
FAILED Tests/Chat/test_console_note_span_actions.py::test_capture_note_dispatches_one_exclusive_note_worker
FAILED Tests/Chat/test_console_note_span_actions.py::test_capture_note_records_the_conversation_and_message_it_came_from
FAILED Tests/Chat/test_console_note_span_actions.py::test_console_note_writes_use_the_configured_notes_identity
FAILED Tests/Chat/test_console_note_span_actions.py::test_capture_note_dispatch_refuses_a_temporary_chat_before_any_worker
17 failed in 13.61s
