FFFFF.FFFFFFF                                                            [100%]
=================================== FAILURES ===================================
_____ test_same_owner_uncertain_start_pauses_root_without_refund_or_replay _____

db = <tldw_chatbook.DB.AgentRuns_DB.AgentRunsDB object at 0x10f816540>

    def test_same_owner_uncertain_start_pauses_root_without_refund_or_replay(db):
        root, source = source_run(db)
        first = prepare(db, source, "a", "first")
        sibling = prepare(db, source, "b", "sibling")
        assert db.automatic_work.accept_chat_start(first.id, owner_id="owner")
        before = db.automatic_work.snapshot(root)
>       assert db.automatic_work.mark_chat_start_review_required(first.id, owner_id="owner")
               ^^^^^^^^^^^^^^^^^^^^^^^^^^^^^^^^^^^^^^^^^^^^^^^^^
E       AttributeError: 'AutomaticWorkLedger' object has no attribute 'mark_chat_start_review_required'

Tests/DB/test_automatic_chat_starts.py:395: AttributeError
---------------------------- Captured stderr setup -----------------------------
2026-10-03 21:06:12.366 | DEBUG    | tldw_chatbook.Utils.optional_deps:check_dependency:642 - ✅ huggingface_hub dependency found. Feature 'huggingface_hub' is enabled.
2026-10-03 21:06:12.401 | WARNING  | tldw_chatbook.Audio.recording_service:<module>:52 - PyAudio not available. Install with: pip install pyaudio
2026-10-03 21:06:12.441 | INFO     | tldw_chatbook.Audio.recording_service:<module>:58 - Sounddevice backend available
2026-10-03 21:06:12.443 | INFO     | tldw_chatbook.Audio.recording_service:<module>:73 - WebRTC VAD available for voice activity detection
2026-10-03 21:06:12.581 | INFO     | tldw_chatbook.DB.base_db:__init__:989 - AgentRunsDB initialized with path: /Users/macbook-dev/.codex/worktrees/console-chat-starts/tldw_chatbook/.superpowers/sdd/2026-10-03-console-pr2995-review-and-merge/task-4-red-profile-lormtzj4/pytest/test_same_owner_uncertain_star0/runs.sqlite [Client: automatic-test]
_______ test_review_settlement_never_rewrites_nonaccepted_work[prepared] _______

db = <tldw_chatbook.DB.AgentRuns_DB.AgentRunsDB object at 0x10e89cb60>
state = 'prepared'

    @pytest.mark.parametrize("state", ["prepared", "aborted", "completed"])
    def test_review_settlement_never_rewrites_nonaccepted_work(db, state):
        root, source = source_run(db)
        first = prepare(db, source, "a", "first")
        if state == "aborted":
            assert db.automatic_work.abort_chat_start(first.id, owner_id="owner")
        elif state == "completed":
            assert db.automatic_work.accept_chat_start(first.id, owner_id="owner")
            assert db.automatic_work.complete_chat_start(first.id, owner_id="owner")
>       assert not db.automatic_work.mark_chat_start_review_required(first.id, owner_id="owner")
                   ^^^^^^^^^^^^^^^^^^^^^^^^^^^^^^^^^^^^^^^^^^^^^^^^^
E       AttributeError: 'AutomaticWorkLedger' object has no attribute 'mark_chat_start_review_required'

Tests/DB/test_automatic_chat_starts.py:418: AttributeError
---------------------------- Captured stderr setup -----------------------------
2026-10-03 21:06:12.777 | INFO     | tldw_chatbook.DB.base_db:__init__:989 - AgentRunsDB initialized with path: /Users/macbook-dev/.codex/worktrees/console-chat-starts/tldw_chatbook/.superpowers/sdd/2026-10-03-console-pr2995-review-and-merge/task-4-red-profile-lormtzj4/pytest/test_review_settlement_never_r0/runs.sqlite [Client: automatic-test]
_______ test_review_settlement_never_rewrites_nonaccepted_work[aborted] ________

db = <tldw_chatbook.DB.AgentRuns_DB.AgentRunsDB object at 0x10e89d9d0>
state = 'aborted'

    @pytest.mark.parametrize("state", ["prepared", "aborted", "completed"])
    def test_review_settlement_never_rewrites_nonaccepted_work(db, state):
        root, source = source_run(db)
        first = prepare(db, source, "a", "first")
        if state == "aborted":
            assert db.automatic_work.abort_chat_start(first.id, owner_id="owner")
        elif state == "completed":
            assert db.automatic_work.accept_chat_start(first.id, owner_id="owner")
            assert db.automatic_work.complete_chat_start(first.id, owner_id="owner")
>       assert not db.automatic_work.mark_chat_start_review_required(first.id, owner_id="owner")
                   ^^^^^^^^^^^^^^^^^^^^^^^^^^^^^^^^^^^^^^^^^^^^^^^^^
E       AttributeError: 'AutomaticWorkLedger' object has no attribute 'mark_chat_start_review_required'

Tests/DB/test_automatic_chat_starts.py:418: AttributeError
---------------------------- Captured stderr setup -----------------------------
2026-10-03 21:06:12.912 | INFO     | tldw_chatbook.DB.base_db:__init__:989 - AgentRunsDB initialized with path: /Users/macbook-dev/.codex/worktrees/console-chat-starts/tldw_chatbook/.superpowers/sdd/2026-10-03-console-pr2995-review-and-merge/task-4-red-profile-lormtzj4/pytest/test_review_settlement_never_r1/runs.sqlite [Client: automatic-test]
______ test_review_settlement_never_rewrites_nonaccepted_work[completed] _______

db = <tldw_chatbook.DB.AgentRuns_DB.AgentRunsDB object at 0x10e94c740>
state = 'completed'

    @pytest.mark.parametrize("state", ["prepared", "aborted", "completed"])
    def test_review_settlement_never_rewrites_nonaccepted_work(db, state):
        root, source = source_run(db)
        first = prepare(db, source, "a", "first")
        if state == "aborted":
            assert db.automatic_work.abort_chat_start(first.id, owner_id="owner")
        elif state == "completed":
            assert db.automatic_work.accept_chat_start(first.id, owner_id="owner")
            assert db.automatic_work.complete_chat_start(first.id, owner_id="owner")
>       assert not db.automatic_work.mark_chat_start_review_required(first.id, owner_id="owner")
                   ^^^^^^^^^^^^^^^^^^^^^^^^^^^^^^^^^^^^^^^^^^^^^^^^^
E       AttributeError: 'AutomaticWorkLedger' object has no attribute 'mark_chat_start_review_required'

Tests/DB/test_automatic_chat_starts.py:418: AttributeError
---------------------------- Captured stderr setup -----------------------------
2026-10-03 21:06:13.052 | INFO     | tldw_chatbook.DB.base_db:__init__:989 - AgentRunsDB initialized with path: /Users/macbook-dev/.codex/worktrees/console-chat-starts/tldw_chatbook/.superpowers/sdd/2026-10-03-console-pr2995-review-and-merge/task-4-red-profile-lormtzj4/pytest/test_review_settlement_never_r2/runs.sqlite [Client: automatic-test]
________ test_stale_review_settlement_cannot_pause_healthy_replacement _________

db = <tldw_chatbook.DB.AgentRuns_DB.AgentRunsDB object at 0x10e8ee690>

    def test_stale_review_settlement_cannot_pause_healthy_replacement(db):
        root, source = source_run(db)
        first = prepare(db, source, "a", "first")
        assert db.automatic_work.accept_chat_start(first.id, owner_id="owner")
        assert db.automatic_work.complete_chat_start(first.id, owner_id="owner")
        db.automatic_work.recover(current_owner_id="replacement")
        with pytest.raises(AutomaticWorkRefused, match="runtime_owner_replaced"):
>           db.automatic_work.mark_chat_start_review_required(first.id, owner_id="owner")
            ^^^^^^^^^^^^^^^^^^^^^^^^^^^^^^^^^^^^^^^^^^^^^^^^^
E           AttributeError: 'AutomaticWorkLedger' object has no attribute 'mark_chat_start_review_required'

Tests/DB/test_automatic_chat_starts.py:430: AttributeError
---------------------------- Captured stderr setup -----------------------------
2026-10-03 21:06:13.198 | INFO     | tldw_chatbook.DB.base_db:__init__:989 - AgentRunsDB initialized with path: /Users/macbook-dev/.codex/worktrees/console-chat-starts/tldw_chatbook/.superpowers/sdd/2026-10-03-console-pr2995-review-and-merge/task-4-red-profile-lormtzj4/pytest/test_stale_review_settlement_c0/runs.sqlite [Client: automatic-test]
_ test_ledger_cutoff_retains_charge_and_requires_conversation_receipt[write_failure] _

tmp_path = PosixPath('/Users/macbook-dev/.codex/worktrees/console-chat-starts/tldw_chatbook/.superpowers/sdd/2026-10-03-console-pr2995-review-and-merge/task-4-red-profile-lormtzj4/pytest/test_ledger_cutoff_retains_cha1')
action = 'write_failure'

    @pytest.mark.asyncio
    @pytest.mark.parametrize("action", ["source_stop", "write_failure", "target_stop"])
    async def test_ledger_cutoff_retains_charge_and_requires_conversation_receipt(
        tmp_path, action
    ):
        import asyncio
        from threading import Event
    
        controller, store, runs, source, target, chain, request = await _native_start_rig(
            tmp_path
        )
        entered, release = Event(), Event()
        original_commit = store.commit_durable_turn
    
        def paused_commit(acceptance):
            entered.set()
            assert release.wait(10)
            if action == "write_failure":
                raise OSError("injected write refusal")
            return original_commit(acceptance)
    
        store.commit_durable_turn = paused_commit
        start = asyncio.create_task(controller._chat_start.start(request))
        try:
            assert await asyncio.to_thread(entered.wait, 5)
            assert runs.automatic_work.snapshot(chain).used["generation"] == 1
            if action == "source_stop":
                controller._signal_stop(session_id=source.id)
            if action == "target_stop":
                store.switch_session(target.id)
                assert controller.stop_active_run()
            release.set()
            outcome = await start
            await asyncio.gather(*controller._chat_start.tasks())
            assert outcome.launch_status == (
                "started" if action == "source_stop" else "review_required"
            ), outcome
            rows = store.persistence.db.get_messages_for_conversation(
                request.conversation_id
            )
            assert any(
                row["sender"] == "assistant" and row["content"] == "target answer"
                for row in rows
            ) == (action == "source_stop")
            if action == "write_failure":
                assert not rows and target.draft == "original"
            assert runs.automatic_work.snapshot(chain).used["generation"] == 1
            if action != "source_stop":
>               assert runs.automatic_work.read_chat_start_attempt(request.attempt_id, owner_id=controller.fleet_wake.runtime_owner_id).state == "review_required"
E               AssertionError: assert 'accepted' == 'review_required'
E                 
E                 - review_required
E                 + accepted

Tests/Chat/test_console_chat_start.py:1105: AssertionError
----------------------------- Captured stderr call -----------------------------
2026-10-03 21:06:14.485 | INFO     | tldw_chatbook.DB.ChaChaNotes_DB:__init__:3376 - Initializing CharactersRAGDB db_sha256=12b8d034464c [Client ID: t]
2026-10-03 21:06:14.516 | DEBUG    | tldw_chatbook.DB.ChaChaNotes_DB:_get_thread_connection:3554 - Opened/Reopened SQLite connection db_sha256=12b8d034464c thread=8494865792
2026-10-03 21:06:14.516 | DEBUG    | tldw_chatbook.DB.ChaChaNotes_DB:_enter_transaction:24489 - Started outermost transaction on thread 8494865792.
2026-10-03 21:06:14.516 | INFO     | tldw_chatbook.DB.ChaChaNotes_DB:_initialize_schema:8550 - Checking DB schema 'rag_char_chat_schema'. Current version: 0. Code supports: 76
2026-10-03 21:06:14.516 | INFO     | tldw_chatbook.DB.ChaChaNotes_DB:_apply_schema_v4:4437 - Applying schema Version 4 for 'rag_char_chat_schema' to DB: db_sha256=12b8d034464c...
2026-10-03 21:06:14.516 | DEBUG    | tldw_chatbook.DB.ChaChaNotes_DB:_enter_transaction:24458 - Entered nested transaction level 2 on thread 8494865792.
2026-10-03 21:06:14.522 | DEBUG    | tldw_chatbook.DB.ChaChaNotes_DB:_apply_schema_v4:4478 - [rag_char_chat_schema V4] Full schema script executed.
2026-10-03 21:06:14.522 | INFO     | tldw_chatbook.DB.ChaChaNotes_DB:_apply_schema_v4:4485 - [rag_char_chat_schema V4] Schema 4 applied and version confirmed for DB: db_sha256=12b8d034464c.
2026-10-03 21:06:14.523 | DEBUG    | tldw_chatbook.DB.ChaChaNotes_DB:_enrich_default_assistant_card_if_bare:4749 - [task-2451] Default Assistant enrichment UPDATE affected 1 row(s) in DB: db_sha256=12b8d034464c.
2026-10-03 21:06:14.523 | INFO     | tldw_chatbook.DB.ChaChaNotes_DB:_migrate_from_v4_to_v5:4770 - Migrating schema from V4 to V5 for 'rag_char_chat_schema' in DB: db_sha256=12b8d034464c...
2026-10-03 21:06:14.523 | DEBUG    | tldw_chatbook.DB.ChaChaNotes_DB:_enter_transaction:24458 - Entered nested transaction level 2 on thread 8494865792.
2026-10-03 21:06:14.531 | DEBUG    | tldw_chatbook.DB.ChaChaNotes_DB:_migrate_from_v4_to_v5:4780 - [rag_char_chat_schema V4→V5] Migration script executed.
2026-10-03 21:06:14.531 | INFO     | tldw_chatbook.DB.ChaChaNotes_DB:_migrate_from_v4_to_v5:4789 - [rag_char_chat_schema V4→V5] Migration completed successfully for DB: db_sha256=12b8d034464c.
2026-10-03 21:06:14.531 | INFO     | tldw_chatbook.DB.ChaChaNotes_DB:_migrate_from_v5_to_v6:4823 - Migrating schema from V5 to V6 for 'rag_char_chat_schema' in DB: db_sha256=12b8d034464c...
2026-10-03 21:06:14.531 | DEBUG    | tldw_chatbook.DB.ChaChaNotes_DB:_enter_transaction:24458 - Entered nested transaction level 2 on thread 8494865792.
2026-10-03 21:06:14.532 | DEBUG    | tldw_chatbook.DB.ChaChaNotes_DB:_migrate_from_v5_to_v6:4831 - [rag_char_chat_schema V5→V6] Migration script executed.
2026-10-03 21:06:14.532 | INFO     | tldw_chatbook.DB.ChaChaNotes_DB:_migrate_from_v5_to_v6:4840 - [rag_char_chat_schema V5→V6] Migration completed successfully for DB: db_sha256=12b8d034464c.
2026-10-03 21:06:14.532 | INFO     | tldw_chatbook.DB.ChaChaNotes_DB:_migrate_from_v6_to_v7:4874 - Migrating schema from V6 to V7 for 'rag_char_chat_schema' in DB: db_sha256=12b8d034464c...
2026-10-03 21:06:14.532 | DEBUG    | tldw_chatbook.DB.ChaChaNotes_DB:_enter_transaction:24458 - Entered nested transaction level 2 on thread 8494865792.
2026-10-03 21:06:14.533 | DEBUG    | tldw_chatbook.DB.ChaChaNotes_DB:_migrate_from_v6_to_v7:4882 - [rag_char_chat_schema V6→V7] Migration script executed.
2026-10-03 21:06:14.533 | INFO     | tldw_chatbook.DB.ChaChaNotes_DB:_migrate_from_v6_to_v7:4891 - [rag_char_chat_schema V6→V7] Migration completed successfully for DB: db_sha256=12b8d034464c.
2026-10-03 21:06:14.533 | INFO     | tldw_chatbook.DB.ChaChaNotes_DB:_migrate_from_v7_to_v8:8464 - Migrating schema from V7 to V8 for 'rag_char_chat_schema' in DB: db_sha256=12b8d034464c...
2026-10-03 21:06:14.533 | DEBUG    | tldw_chatbook.DB.ChaChaNotes_DB:_enter_transaction:24458 - Entered nested transaction level 2 on thread 8494865792.
2026-10-03 21:06:14.534 | DEBUG    | tldw_chatbook.DB.ChaChaNotes_DB:_migrate_from_v7_to_v8:8472 - [rag_char_chat_schema V7→V8] Migration script executed.
2026-10-03 21:06:14.534 | INFO     | tldw_chatbook.DB.ChaChaNotes_DB:_migrate_from_v7_to_v8:8481 - [rag_char_chat_schema V7→V8] Migration completed successfully for DB: db_sha256=12b8d034464c.
2026-10-03 21:06:14.534 | INFO     | tldw_chatbook.DB.ChaChaNotes_DB:_migrate_from_v8_to_v9:4925 - Migrating schema from V8 to V9 for 'rag_char_chat_schema' in DB: db_sha256=12b8d034464c...
2026-10-03 21:06:14.535 | DEBUG    | tldw_chatbook.DB.ChaChaNotes_DB:_enter_transaction:24458 - Entered nested transaction level 2 on thread 8494865792.
2026-10-03 21:06:14.537 | DEBUG    | tldw_chatbook.DB.ChaChaNotes_DB:_migrate_from_v8_to_v9:4933 - [rag_char_chat_schema V8→V9] Migration script executed.
2026-10-03 21:06:14.537 | INFO     | tldw_chatbook.DB.ChaChaNotes_DB:_migrate_from_v8_to_v9:4942 - [rag_char_chat_schema V8→V9] Migration completed successfully for DB: db_sha256=12b8d034464c.
2026-10-03 21:06:14.537 | INFO     | tldw_chatbook.DB.ChaChaNotes_DB:_migrate_from_v9_to_v10:4976 - Migrating schema from V9 to V10 for 'rag_char_chat_schema' in DB: db_sha256=12b8d034464c...
2026-10-03 21:06:14.537 | DEBUG    | tldw_chatbook.DB.ChaChaNotes_DB:_enter_transaction:24458 - Entered nested transaction level 2 on thread 8494865792.
2026-10-03 21:06:14.537 | DEBUG    | tldw_chatbook.DB.ChaChaNotes_DB:_migrate_from_v9_to_v10:4984 - [rag_char_chat_schema V9→V10] Migration script executed.
2026-10-03 21:06:14.537 | INFO     | tldw_chatbook.DB.ChaChaNotes_DB:_migrate_from_v9_to_v10:4993 - [rag_char_chat_schema V9→V10] Migration completed successfully for DB: db_sha256=12b8d034464c.
2026-10-03 21:06:14.537 | INFO     | tldw_chatbook.DB.ChaChaNotes_DB:_migrate_from_v10_to_v11:5027 - Migrating schema from V10 to V11 for 'rag_char_chat_schema' in DB: db_sha256=12b8d034464c...
2026-10-03 21:06:14.537 | DEBUG    | tldw_chatbook.DB.ChaChaNotes_DB:_enter_transaction:24458 - Entered nested transaction level 2 on thread 8494865792.
2026-10-03 21:06:14.539 | DEBUG    | tldw_chatbook.DB.ChaChaNotes_DB:_migrate_from_v10_to_v11:5035 - [rag_char_chat_schema V10→V11] Migration script executed.
2026-10-03 21:06:14.539 | INFO     | tldw_chatbook.DB.ChaChaNotes_DB:_migrate_from_v10_to_v11:5044 - [rag_char_chat_schema V10→V11] Migration completed successfully for DB: db_sha256=12b8d034464c.
2026-10-03 21:06:14.539 | INFO     | tldw_chatbook.DB.ChaChaNotes_DB:_migrate_from_v11_to_v12:5078 - Migrating schema from V11 to V12 for 'rag_char_chat_schema' in DB: db_sha256=12b8d034464c...
2026-10-03 21:06:14.539 | DEBUG    | tldw_chatbook.DB.ChaChaNotes_DB:_enter_transaction:24458 - Entered nested transaction level 2 on thread 8494865792.
2026-10-03 21:06:14.545 | DEBUG    | tldw_chatbook.DB.ChaChaNotes_DB:_migrate_from_v11_to_v12:5086 - [rag_char_chat_schema V11→V12] Migration script executed.
2026-10-03 21:06:14.545 | INFO     | tldw_chatbook.DB.ChaChaNotes_DB:_migrate_from_v11_to_v12:5095 - [rag_char_chat_schema V11→V12] Migration completed successfully for DB: db_sha256=12b8d034464c.
2026-10-03 21:06:14.545 | INFO     | tldw_chatbook.DB.ChaChaNotes_DB:_migrate_from_v12_to_v13:5121 - Migrating schema from V12 to V13 for 'rag_char_chat_schema' in DB: db_sha256=12b8d034464c...
2026-10-03 21:06:14.545 | DEBUG    | tldw_chatbook.DB.ChaChaNotes_DB:_enter_transaction:24458 - Entered nested transaction level 2 on thread 8494865792.
2026-10-03 21:06:14.565 | DEBUG    | tldw_chatbook.DB.ChaChaNotes_DB:_migrate_from_v12_to_v13:5129 - [rag_char_chat_schema V12→V13] Migration script executed.
2026-10-03 21:06:14.565 | INFO     | tldw_chatbook.DB.ChaChaNotes_DB:_migrate_from_v12_to_v13:5137 - [rag_char_chat_schema V12→V13] Migration completed successfully for DB: db_sha256=12b8d034464c.
2026-10-03 21:06:14.565 | INFO     | tldw_chatbook.DB.ChaChaNotes_DB:_migrate_from_v13_to_v14:5162 - Migrating schema from V13 to V14 for 'rag_char_chat_schema' in DB: db_sha256=12b8d034464c...
2026-10-03 21:06:14.565 | DEBUG    | tldw_chatbook.DB.ChaChaNotes_DB:_enter_transaction:24458 - Entered nested transaction level 2 on thread 8494865792.
2026-10-03 21:06:14.570 | DEBUG    | tldw_chatbook.DB.ChaChaNotes_DB:_migrate_from_v13_to_v14:5170 - [rag_char_chat_schema V13→V14] Migration script executed.
2026-10-03 21:06:14.570 | INFO     | tldw_chatbook.DB.ChaChaNotes_DB:_migrate_from_v13_to_v14:5178 - [rag_char_chat_schema V13→V14] Migration completed successfully for DB: db_sha256=12b8d034464c.
2026-10-03 21:06:14.570 | INFO     | tldw_chatbook.DB.ChaChaNotes_DB:_migrate_from_v14_to_v15:5203 - Migrating schema from V14 to V15 for 'rag_char_chat_schema' in DB: db_sha256=12b8d034464c...
2026-10-03 21:06:14.571 | DEBUG    | tldw_chatbook.DB.ChaChaNotes_DB:_enter_transaction:24458 - Entered nested transaction level 2 on thread 8494865792.
2026-10-03 21:06:14.571 | DEBUG    | tldw_chatbook.DB.ChaChaNotes_DB:_migrate_from_v14_to_v15:5211 - [rag_char_chat_schema V14→V15] Migration script executed.
2026-10-03 21:06:14.571 | INFO     | tldw_chatbook.DB.ChaChaNotes_DB:_migrate_from_v14_to_v15:5219 - [rag_char_chat_schema V14→V15] Migration completed successfully for DB: db_sha256=12b8d034464c.
2026-10-03 21:06:14.571 | INFO     | tldw_chatbook.DB.ChaChaNotes_DB:_migrate_from_v15_to_v16:5245 - Migrating schema from V15 to V16 for 'rag_char_chat_schema' in DB: db_sha256=12b8d034464c...
2026-10-03 21:06:14.572 | DEBUG    | tldw_chatbook.DB.ChaChaNotes_DB:_enter_transaction:24458 - Entered nested transaction level 2 on thread 8494865792.
2026-10-03 21:06:14.572 | DEBUG    | tldw_chatbook.DB.ChaChaNotes_DB:_migrate_from_v15_to_v16:5288 - [rag_char_chat_schema V15→V16] Migration script executed.
2026-10-03 21:06:14.572 | INFO     | tldw_chatbook.DB.ChaChaNotes_DB:_migrate_from_v15_to_v16:5298 - [rag_char_chat_schema V15→V16] Migration completed successfully for DB: db_sha256=12b8d034464c.
2026-10-03 21:06:14.572 | INFO     | tldw_chatbook.DB.ChaChaNotes_DB:_migrate_from_v16_to_v17:5324 - Migrating schema from V16 to V17 for 'rag_char_chat_schema' in DB: db_sha256=12b8d034464c...
2026-10-03 21:06:14.572 | DEBUG    | tldw_chatbook.DB.ChaChaNotes_DB:_enter_transaction:24458 - Entered nested transaction level 2 on thread 8494865792.
2026-10-03 21:06:14.572 | DEBUG    | tldw_chatbook.DB.ChaChaNotes_DB:_migrate_from_v16_to_v17:5332 - [rag_char_chat_schema V16→V17] Migration script executed.
2026-10-03 21:06:14.572 | INFO     | tldw_chatbook.DB.ChaChaNotes_DB:_migrate_from_v16_to_v17:5340 - [rag_char_chat_schema V16→V17] Migration completed successfully for DB: db_sha256=12b8d034464c.
2026-10-03 21:06:14.572 | INFO     | tldw_chatbook.DB.ChaChaNotes_DB:_migrate_from_v17_to_v18:5368 - Migrating schema from V17 to V18 for 'rag_char_chat_schema' in DB: db_sha256=12b8d034464c...
2026-10-03 21:06:14.572 | DEBUG    | tldw_chatbook.DB.ChaChaNotes_DB:_enter_transaction:24458 - Entered nested transaction level 2 on thread 8494865792.
2026-10-03 21:06:14.575 | DEBUG    | tldw_chatbook.DB.ChaChaNotes_DB:_migrate_from_v17_to_v18:5376 - [rag_char_chat_schema V17→V18] Migration script executed.
2026-10-03 21:06:14.575 | INFO     | tldw_chatbook.DB.ChaChaNotes_DB:_migrate_from_v17_to_v18:5384 - [rag_char_chat_schema V17→V18] Migration completed successfully for DB: db_sha256=12b8d034464c.
2026-10-03 21:06:14.575 | INFO     | tldw_chatbook.DB.ChaChaNotes_DB:_migrate_from_v18_to_v19:8414 - Migrating schema from V18 to V19 for 'rag_char_chat_schema' in DB: db_sha256=12b8d034464c...
2026-10-03 21:06:14.575 | DEBUG    | tldw_chatbook.DB.ChaChaNotes_DB:_enter_transaction:24458 - Entered nested transaction level 2 on thread 8494865792.
2026-10-03 21:06:14.575 | DEBUG    | tldw_chatbook.DB.ChaChaNotes_DB:_migrate_from_v18_to_v19:8422 - [rag_char_chat_schema V18→V19] Migration script executed.
2026-10-03 21:06:14.575 | INFO     | tldw_chatbook.DB.ChaChaNotes_DB:_migrate_from_v18_to_v19:8430 - [rag_char_chat_schema V18→V19] Migration completed successfully for DB: db_sha256=12b8d034464c.
2026-10-03 21:06:14.575 | INFO     | tldw_chatbook.DB.ChaChaNotes_DB:_migrate_from_v19_to_v20:5412 - Migrating schema from V19 to V20 for 'rag_char_chat_schema' in DB: db_sha256=12b8d034464c...
2026-10-03 21:06:14.575 | DEBUG    | tldw_chatbook.DB.ChaChaNotes_DB:_enter_transaction:24458 - Entered nested transaction level 2 on thread 8494865792.
2026-10-03 21:06:14.578 | DEBUG    | tldw_chatbook.DB.ChaChaNotes_DB:_migrate_from_v19_to_v20:5431 - [rag_char_chat_schema V19→V20] Migration script executed.
2026-10-03 21:06:14.578 | INFO     | tldw_chatbook.DB.ChaChaNotes_DB:_migrate_from_v19_to_v20:5439 - [rag_char_chat_schema V19→V20] Migration completed successfully for DB: db_sha256=12b8d034464c.
2026-10-03 21:06:14.578 | INFO     | tldw_chatbook.DB.ChaChaNotes_DB:_migrate_from_v20_to_v21:5467 - Migrating schema from V20 to V21 for 'rag_char_chat_schema' in DB: db_sha256=12b8d034464c...
2026-10-03 21:06:14.578 | DEBUG    | tldw_chatbook.DB.ChaChaNotes_DB:_enter_transaction:24458 - Entered nested transaction level 2 on thread 8494865792.
2026-10-03 21:06:14.578 | DEBUG    | tldw_chatbook.DB.ChaChaNotes_DB:_migrate_from_v20_to_v21:5488 - [rag_char_chat_schema V20→V21] Migration script executed.
2026-10-03 21:06:14.578 | INFO     | tldw_chatbook.DB.ChaChaNotes_DB:_migrate_from_v20_to_v21:5496 - [rag_char_chat_schema V20→V21] Migration completed successfully for DB: db_sha256=12b8d034464c.
2026-10-03 21:06:14.578 | INFO     | tldw_chatbook.DB.ChaChaNotes_DB:_migrate_from_v21_to_v22:5518 - Migrating schema from V21 to V22 for 'rag_char_chat_schema' in DB: db_sha256=12b8d034464c...
2026-10-03 21:06:14.578 | DEBUG    | tldw_chatbook.DB.ChaChaNotes_DB:_enter_transaction:24458 - Entered nested transaction level 2 on thread 8494865792.
2026-10-03 21:06:14.579 | DEBUG    | tldw_chatbook.DB.ChaChaNotes_DB:_migrate_from_v21_to_v22:5536 - [rag_char_chat_schema V21→V22] Migration script executed.
2026-10-03 21:06:14.579 | INFO     | tldw_chatbook.DB.ChaChaNotes_DB:_migrate_from_v21_to_v22:5542 - [rag_char_chat_schema V21→V22] Migration completed successfully for DB: db_sha256=12b8d034464c.
2026-10-03 21:06:14.579 | INFO     | tldw_chatbook.DB.ChaChaNotes_DB:_migrate_from_v22_to_v23:5564 - Migrating schema from V22 to V23 for 'rag_char_chat_schema' in DB: db_sha256=12b8d034464c...
2026-10-03 21:06:14.579 | DEBUG    | tldw_chatbook.DB.ChaChaNotes_DB:_enter_transaction:24458 - Entered nested transaction level 2 on thread 8494865792.
2026-10-03 21:06:14.579 | DEBUG    | tldw_chatbook.DB.ChaChaNotes_DB:_migrate_from_v22_to_v23:5572 - [rag_char_chat_schema V22→V23] Migration script executed.
2026-10-03 21:06:14.579 | INFO     | tldw_chatbook.DB.ChaChaNotes_DB:_migrate_from_v22_to_v23:5578 - [rag_char_chat_schema V22→V23] Migration completed successfully for DB: db_sha256=12b8d034464c.
2026-10-03 21:06:14.579 | INFO     | tldw_chatbook.DB.ChaChaNotes_DB:_migrate_from_v23_to_v24:5601 - Migrating schema from V23 to V24 for 'rag_char_chat_schema' in DB: db_sha256=12b8d034464c...
2026-10-03 21:06:14.579 | DEBUG    | tldw_chatbook.DB.ChaChaNotes_DB:_enter_transaction:24458 - Entered nested transaction level 2 on thread 8494865792.
2026-10-03 21:06:14.581 | DEBUG    | tldw_chatbook.DB.ChaChaNotes_DB:_migrate_from_v23_to_v24:5619 - [rag_char_chat_schema V23→V24] Migration script executed.
2026-10-03 21:06:14.581 | INFO     | tldw_chatbook.DB.ChaChaNotes_DB:_migrate_from_v23_to_v24:5625 - [rag_char_chat_schema V23→V24] Migration completed successfully for DB: db_sha256=12b8d034464c.
2026-10-03 21:06:14.581 | INFO     | tldw_chatbook.DB.ChaChaNotes_DB:_migrate_from_v24_to_v25:5648 - Migrating schema from V24 to V25 for 'rag_char_chat_schema' in DB: db_sha256=12b8d034464c...
2026-10-03 21:06:14.581 | DEBUG    | tldw_chatbook.DB.ChaChaNotes_DB:_enter_transaction:24458 - Entered nested transaction level 2 on thread 8494865792.
2026-10-03 21:06:14.581 | DEBUG    | tldw_chatbook.DB.ChaChaNotes_DB:_migrate_from_v24_to_v25:5656 - [rag_char_chat_schema V24→V25] Migration script executed.
2026-10-03 21:06:14.581 | INFO     | tldw_chatbook.DB.ChaChaNotes_DB:_migrate_from_v24_to_v25:5662 - [rag_char_chat_schema V24→V25] Migration completed successfully for DB: db_sha256=12b8d034464c.
2026-10-03 21:06:14.581 | INFO     | tldw_chatbook.DB.ChaChaNotes_DB:_migrate_from_v25_to_v26:5686 - Migrating schema from V25 to V26 for 'rag_char_chat_schema' in DB: db_sha256=12b8d034464c...
2026-10-03 21:06:14.582 | DEBUG    | tldw_chatbook.DB.ChaChaNotes_DB:_enter_transaction:24458 - Entered nested transaction level 2 on thread 8494865792.
2026-10-03 21:06:14.585 | DEBUG    | tldw_chatbook.DB.ChaChaNotes_DB:_migrate_from_v25_to_v26:5708 - [rag_char_chat_schema V25→V26] Migration script executed.
2026-10-03 21:06:14.585 | INFO     | tldw_chatbook.DB.ChaChaNotes_DB:_migrate_from_v25_to_v26:5714 - [rag_char_chat_schema V25→V26] Migration completed successfully for DB: db_sha256=12b8d034464c.
2026-10-03 21:06:14.585 | DEBUG    | tldw_chatbook.DB.ChaChaNotes_DB:_enter_transaction:24458 - Entered nested transaction level 2 on thread 8494865792.
2026-10-03 21:06:14.588 | DEBUG    | tldw_chatbook.DB.ChaChaNotes_DB:_enter_transaction:24458 - Entered nested transaction level 2 on thread 8494865792.
2026-10-03 21:06:14.588 | DEBUG    | tldw_chatbook.DB.ChaChaNotes_DB:_enter_transaction:24458 - Entered nested transaction level 3 on thread 8494865792.
2026-10-03 21:06:14.590 | INFO     | tldw_chatbook.DB.ChaChaNotes_DB:_migrate_from_v28_to_v29:5901 - Migrating schema from V28 to V29 for 'rag_char_chat_schema' in DB: db_sha256=12b8d034464c...
2026-10-03 21:06:14.590 | DEBUG    | tldw_chatbook.DB.ChaChaNotes_DB:_enter_transaction:24458 - Entered nested transaction level 2 on thread 8494865792.
2026-10-03 21:06:14.591 | DEBUG    | tldw_chatbook.DB.ChaChaNotes_DB:_migrate_from_v28_to_v29:5909 - [rag_char_chat_schema V28→V29] Migration script executed.
2026-10-03 21:06:14.591 | INFO     | tldw_chatbook.DB.ChaChaNotes_DB:_migrate_from_v28_to_v29:5917 - [rag_char_chat_schema V28→V29] Migration completed successfully for DB: db_sha256=12b8d034464c.
2026-10-03 21:06:14.591 | INFO     | tldw_chatbook.DB.ChaChaNotes_DB:_migrate_from_v29_to_v30:5944 - Migrating schema from V29 to V30 for 'rag_char_chat_schema' in DB: db_sha256=12b8d034464c...
2026-10-03 21:06:14.591 | DEBUG    | tldw_chatbook.DB.ChaChaNotes_DB:_enter_transaction:24458 - Entered nested transaction level 2 on thread 8494865792.
2026-10-03 21:06:14.593 | DEBUG    | tldw_chatbook.DB.ChaChaNotes_DB:_migrate_from_v29_to_v30:5970 - [rag_char_chat_schema V29→V30] Migration script executed.
2026-10-03 21:06:14.593 | INFO     | tldw_chatbook.DB.ChaChaNotes_DB:_migrate_from_v29_to_v30:5994 - [rag_char_chat_schema V29→V30] Migration completed successfully for DB: db_sha256=12b8d034464c.
2026-10-03 21:06:14.593 | INFO     | tldw_chatbook.DB.ChaChaNotes_DB:_migrate_from_v30_to_v31:6021 - Migrating schema from V30 to V31 for 'rag_char_chat_schema' in DB: db_sha256=12b8d034464c...
2026-10-03 21:06:14.593 | DEBUG    | tldw_chatbook.DB.ChaChaNotes_DB:_enter_transaction:24458 - Entered nested transaction level 2 on thread 8494865792.
2026-10-03 21:06:14.595 | DEBUG    | tldw_chatbook.DB.ChaChaNotes_DB:_migrate_from_v30_to_v31:6047 - [rag_char_chat_schema V30→V31] Migration script executed.
2026-10-03 21:06:14.595 | INFO     | tldw_chatbook.DB.ChaChaNotes_DB:_migrate_from_v30_to_v31:6071 - [rag_char_chat_schema V30→V31] Migration completed successfully for DB: db_sha256=12b8d034464c.
2026-10-03 21:06:14.595 | INFO     | tldw_chatbook.DB.ChaChaNotes_DB:_migrate_from_v31_to_v32:6104 - Migrating schema from V31 to V32 for 'rag_char_chat_schema' in DB: db_sha256=12b8d034464c...
2026-10-03 21:06:14.596 | DEBUG    | tldw_chatbook.DB.ChaChaNotes_DB:_enrich_default_assistant_card_if_bare:4749 - [task-2451] Default Assistant enrichment UPDATE affected 0 row(s) in DB: db_sha256=12b8d034464c.
2026-10-03 21:06:14.596 | INFO     | tldw_chatbook.DB.ChaChaNotes_DB:_migrate_from_v31_to_v32:6130 - [rag_char_chat_schema V31→V32] Migration completed successfully for DB: db_sha256=12b8d034464c.
2026-10-03 21:06:14.596 | DEBUG    | tldw_chatbook.DB.ChaChaNotes_DB:_enter_transaction:24458 - Entered nested transaction level 2 on thread 8494865792.
2026-10-03 21:06:14.597 | DEBUG    | tldw_chatbook.DB.ChaChaNotes_DB:_enter_transaction:24458 - Entered nested transaction level 2 on thread 8494865792.
2026-10-03 21:06:14.599 | DEBUG    | tldw_chatbook.DB.ChaChaNotes_DB:_enter_transaction:24458 - Entered nested transaction level 2 on thread 8494865792.
2026-10-03 21:06:14.601 | DEBUG    | tldw_chatbook.DB.ChaChaNotes_DB:_enter_transaction:24458 - Entered nested transaction level 2 on thread 8494865792.
2026-10-03 21:06:14.601 | DEBUG    | tldw_chatbook.DB.ChaChaNotes_DB:_enter_transaction:24458 - Entered nested transaction level 2 on thread 8494865792.
2026-10-03 21:06:14.604 | DEBUG    | tldw_chatbook.DB.ChaChaNotes_DB:_enter_transaction:24458 - Entered nested transaction level 2 on thread 8494865792.
2026-10-03 21:06:14.605 | DEBUG    | tldw_chatbook.DB.ChaChaNotes_DB:_enter_transaction:24458 - Entered nested transaction level 2 on thread 8494865792.
2026-10-03 21:06:14.606 | DEBUG    | tldw_chatbook.DB.ChaChaNotes_DB:_enter_transaction:24458 - Entered nested transaction level 2 on thread 8494865792.
2026-10-03 21:06:14.606 | DEBUG    | tldw_chatbook.DB.ChaChaNotes_DB:_enter_transaction:24458 - Entered nested transaction level 2 on thread 8494865792.
2026-10-03 21:06:14.607 | INFO     | tldw_chatbook.DB.ChaChaNotes_DB:_migrate_from_v41_to_v42:6450 - Migrating schema from V41 to V42 for 'rag_char_chat_schema' in DB: db_sha256=12b8d034464c...
2026-10-03 21:06:14.607 | INFO     | tldw_chatbook.DB.ChaChaNotes_DB:_migrate_from_v41_to_v42:6514 - [rag_char_chat_schema V41→V42] conversations.console_project_context_json already present; applying the version bump only.
2026-10-03 21:06:14.608 | INFO     | tldw_chatbook.DB.ChaChaNotes_DB:_migrate_from_v42_to_v43:6564 - Migrating schema from V42 to V43 for 'rag_char_chat_schema' in DB: db_sha256=12b8d034464c...
2026-10-03 21:06:14.608 | DEBUG    | tldw_chatbook.DB.ChaChaNotes_DB:_enter_transaction:24458 - Entered nested transaction level 2 on thread 8494865792.
2026-10-03 21:06:14.608 | INFO     | tldw_chatbook.DB.ChaChaNotes_DB:_migrate_from_v42_to_v43:6703 - [rag_char_chat_schema V42→V43] Migration completed successfully for DB: db_sha256=12b8d034464c.
2026-10-03 21:06:14.608 | INFO     | tldw_chatbook.DB.ChaChaNotes_DB:_migrate_from_v43_to_v44:6733 - Migrating schema from V43 to V44 for 'rag_char_chat_schema' in DB: db_sha256=12b8d034464c...
2026-10-03 21:06:14.608 | DEBUG    | tldw_chatbook.DB.ChaChaNotes_DB:_enter_transaction:24458 - Entered nested transaction level 2 on thread 8494865792.
2026-10-03 21:06:14.616 | INFO     | tldw_chatbook.DB.ChaChaNotes_DB:_migrate_from_v43_to_v44:6773 - [rag_char_chat_schema V43→V44] Migration completed successfully for DB: db_sha256=12b8d034464c.
2026-10-03 21:06:14.616 | INFO     | tldw_chatbook.DB.ChaChaNotes_DB:_migrate_from_v44_to_v45:6842 - Actor Pack schema migration started: chachanotes_v44_to_v45
2026-10-03 21:06:14.616 | DEBUG    | tldw_chatbook.DB.ChaChaNotes_DB:_enter_transaction:24458 - Entered nested transaction level 2 on thread 8494865792.
2026-10-03 21:06:14.617 | INFO     | tldw_chatbook.DB.ChaChaNotes_DB:_migrate_from_v44_to_v45:6875 - Actor Pack schema migration completed: chachanotes_v44_to_v45
2026-10-03 21:06:14.617 | INFO     | tldw_chatbook.DB.ChaChaNotes_DB:_migrate_from_v45_to_v46:6919 - Migrating schema from V45 to V46 for 'rag_char_chat_schema' in DB: db_sha256=12b8d034464c...
2026-10-03 21:06:14.617 | DEBUG    | tldw_chatbook.DB.ChaChaNotes_DB:_enter_transaction:24458 - Entered nested transaction level 2 on thread 8494865792.
2026-10-03 21:06:14.620 | INFO     | tldw_chatbook.DB.ChaChaNotes_DB:_migrate_from_v45_to_v46:6965 - [rag_char_chat_schema V45→V46] Migration completed successfully for DB: db_sha256=12b8d034464c. Purged 0 unreachable sync_log row(s) of 1.
2026-10-03 21:06:14.620 | INFO     | tldw_chatbook.DB.ChaChaNotes_DB:_migrate_from_v46_to_v47:7007 - Migrating schema from V46 to V47 for 'rag_char_chat_schema' in DB: db_sha256=12b8d034464c...
2026-10-03 21:06:14.621 | DEBUG    | tldw_chatbook.DB.ChaChaNotes_DB:_enter_transaction:24458 - Entered nested transaction level 2 on thread 8494865792.
2026-10-03 21:06:14.621 | INFO     | tldw_chatbook.DB.ChaChaNotes_DB:_migrate_from_v46_to_v47:7042 - [rag_char_chat_schema V46→V47] Migration completed successfully for DB: db_sha256=12b8d034464c.
2026-10-03 21:06:14.621 | DEBUG    | tldw_chatbook.DB.ChaChaNotes_DB:_enter_transaction:24458 - Entered nested transaction level 2 on thread 8494865792.
2026-10-03 21:06:14.625 | INFO     | tldw_chatbook.DB.ChaChaNotes_DB:_migrate_from_v48_to_v49:7198 - Migrating schema from V48 to V49 for 'rag_char_chat_schema' in DB: db_sha256=12b8d034464c...
2026-10-03 21:06:14.625 | DEBUG    | tldw_chatbook.DB.ChaChaNotes_DB:_enter_transaction:24458 - Entered nested transaction level 2 on thread 8494865792.
2026-10-03 21:06:14.626 | INFO     | tldw_chatbook.DB.ChaChaNotes_DB:_migrate_from_v48_to_v49:7233 - [rag_char_chat_schema V48→V49] Migration completed successfully for DB: db_sha256=12b8d034464c.
2026-10-03 21:06:14.626 | INFO     | tldw_chatbook.DB.ChaChaNotes_DB:_migrate_from_v49_to_v50:7281 - Migrating schema from V49 to V50 for 'rag_char_chat_schema' in DB: db_sha256=12b8d034464c...
2026-10-03 21:06:14.626 | DEBUG    | tldw_chatbook.DB.ChaChaNotes_DB:_enter_transaction:24458 - Entered nested transaction level 2 on thread 8494865792.
2026-10-03 21:06:14.626 | INFO     | tldw_chatbook.DB.ChaChaNotes_DB:_migrate_from_v49_to_v50:7315 - [rag_char_chat_schema V49→V50] Migration completed successfully for DB: db_sha256=12b8d034464c.
2026-10-03 21:06:14.626 | DEBUG    | tldw_chatbook.DB.ChaChaNotes_DB:_enter_transaction:24458 - Entered nested transaction level 2 on thread 8494865792.
2026-10-03 21:06:14.629 | DEBUG    | tldw_chatbook.DB.ChaChaNotes_DB:_enter_transaction:24458 - Entered nested transaction level 2 on thread 8494865792.
2026-10-03 21:06:14.637 | INFO     | tldw_chatbook.DB.ChaChaNotes_DB:_migrate_from_v52_to_v53:7440 - Migrating schema from V52 to V53 for 'rag_char_chat_schema' in DB: db_sha256=12b8d034464c...
2026-10-03 21:06:14.637 | DEBUG    | tldw_chatbook.DB.ChaChaNotes_DB:_enter_transaction:24458 - Entered nested transaction level 2 on thread 8494865792.
2026-10-03 21:06:14.637 | INFO     | tldw_chatbook.DB.ChaChaNotes_DB:_migrate_from_v52_to_v53:7505 - [rag_char_chat_schema V52→V53] Migration completed for DB: db_sha256=12b8d034464c (examined 0, compacted 0, skipped 0 unreadable).
2026-10-03 21:06:14.637 | DEBUG    | tldw_chatbook.DB.ChaChaNotes_DB:_enter_transaction:24458 - Entered nested transaction level 2 on thread 8494865792.
2026-10-03 21:06:14.640 | DEBUG    | tldw_chatbook.DB.ChaChaNotes_DB:_enter_transaction:24458 - Entered nested transaction level 2 on thread 8494865792.
2026-10-03 21:06:14.641 | DEBUG    | tldw_chatbook.DB.ChaChaNotes_DB:_enter_transaction:24458 - Entered nested transaction level 2 on thread 8494865792.
2026-10-03 21:06:14.652 | DEBUG    | tldw_chatbook.DB.ChaChaNotes_DB:_enter_transaction:24458 - Entered nested transaction level 2 on thread 8494865792.
2026-10-03 21:06:14.653 | DEBUG    | tldw_chatbook.DB.ChaChaNotes_DB:_enter_transaction:24458 - Entered nested transaction level 2 on thread 8494865792.
2026-10-03 21:06:14.667 | DEBUG    | tldw_chatbook.DB.ChaChaNotes_DB:_enter_transaction:24458 - Entered nested transaction level 2 on thread 8494865792.
2026-10-03 21:06:14.668 | DEBUG    | tldw_chatbook.DB.ChaChaNotes_DB:_enter_transaction:24458 - Entered nested transaction level 2 on thread 8494865792.
2026-10-03 21:06:14.668 | DEBUG    | tldw_chatbook.DB.ChaChaNotes_DB:_enter_transaction:24458 - Entered nested transaction level 2 on thread 8494865792.
2026-10-03 21:06:14.669 | DEBUG    | tldw_chatbook.DB.ChaChaNotes_DB:_enter_transaction:24458 - Entered nested transaction level 2 on thread 8494865792.
2026-10-03 21:06:14.685 | DEBUG    | tldw_chatbook.DB.ChaChaNotes_DB:_enter_transaction:24458 - Entered nested transaction level 2 on thread 8494865792.
2026-10-03 21:06:14.689 | DEBUG    | tldw_chatbook.DB.ChaChaNotes_DB:_enter_transaction:24458 - Entered nested transaction level 2 on thread 8494865792.
2026-10-03 21:06:14.705 | DEBUG    | tldw_chatbook.DB.ChaChaNotes_DB:_enter_transaction:24458 - Entered nested transaction level 2 on thread 8494865792.
2026-10-03 21:06:14.706 | DEBUG    | tldw_chatbook.DB.ChaChaNotes_DB:_enter_transaction:24458 - Entered nested transaction level 2 on thread 8494865792.
2026-10-03 21:06:14.709 | DEBUG    | tldw_chatbook.DB.ChaChaNotes_DB:_enter_transaction:24458 - Entered nested transaction level 3 on thread 8494865792.
2026-10-03 21:06:14.709 | DEBUG    | tldw_chatbook.DB.ChaChaNotes_DB:_enter_transaction:24458 - Entered nested transaction level 3 on thread 8494865792.
2026-10-03 21:06:14.710 | DEBUG    | tldw_chatbook.DB.ChaChaNotes_DB:_enter_transaction:24458 - Entered nested transaction level 2 on thread 8494865792.
2026-10-03 21:06:14.712 | DEBUG    | tldw_chatbook.DB.ChaChaNotes_DB:_enter_transaction:24458 - Entered nested transaction level 2 on thread 8494865792.
2026-10-03 21:06:14.731 | DEBUG    | tldw_chatbook.DB.ChaChaNotes_DB:_enter_transaction:24458 - Entered nested transaction level 2 on thread 8494865792.
2026-10-03 21:06:14.732 | DEBUG    | tldw_chatbook.DB.ChaChaNotes_DB:_enter_transaction:24458 - Entered nested transaction level 2 on thread 8494865792.
2026-10-03 21:06:14.733 | DEBUG    | tldw_chatbook.DB.ChaChaNotes_DB:_enter_transaction:24458 - Entered nested transaction level 2 on thread 8494865792.
2026-10-03 21:06:14.739 | DEBUG    | tldw_chatbook.DB.ChaChaNotes_DB:_enter_transaction:24458 - Entered nested transaction level 2 on thread 8494865792.
2026-10-03 21:06:14.750 | DEBUG    | tldw_chatbook.DB.ChaChaNotes_DB:_enter_transaction:24458 - Entered nested transaction level 2 on thread 8494865792.
2026-10-03 21:06:14.751 | DEBUG    | tldw_chatbook.DB.ChaChaNotes_DB:_enter_transaction:24458 - Entered nested transaction level 2 on thread 8494865792.
2026-10-03 21:06:14.756 | DEBUG    | tldw_chatbook.DB.ChaChaNotes_DB:_enter_transaction:24458 - Entered nested transaction level 2 on thread 8494865792.
2026-10-03 21:06:14.756 | DEBUG    | tldw_chatbook.DB.ChaChaNotes_DB:_enter_transaction:24458 - Entered nested transaction level 2 on thread 8494865792.
2026-10-03 21:06:14.775 | INFO     | tldw_chatbook.DB.ChaChaNotes_DB:_initialize_schema:8685 - Database schema 'rag_char_chat_schema' successfully initialized/migrated to version 76.
2026-10-03 21:06:14.777 | DEBUG    | tldw_chatbook.DB.ChaChaNotes_DB:_exit_transaction:24552 - Transaction (outermost) committed successfully on thread 8494865792.
2026-10-03 21:06:14.777 | DEBUG    | tldw_chatbook.DB.ChaChaNotes_DB:__init__:3399 - CharactersRAGDB initialization completed successfully db_sha256=12b8d034464c
2026-10-03 21:06:14.783 | DEBUG    | tldw_chatbook.Chat.chat_persistence_service:__init__:271 - Recovered-media message source is unavailable.
2026-10-03 21:06:14.825 | INFO     | tldw_chatbook.DB.base_db:__init__:989 - AgentRunsDB initialized with path: /Users/macbook-dev/.codex/worktrees/console-chat-starts/tldw_chatbook/.superpowers/sdd/2026-10-03-console-pr2995-review-and-merge/task-4-red-profile-lormtzj4/pytest/test_ledger_cutoff_retains_cha1/runs.db [Client: t]
2026-10-03 21:06:14.826 | DEBUG    | tldw_chatbook.DB.ChaChaNotes_DB:_enter_transaction:24489 - Started outermost transaction on thread 8494865792.
2026-10-03 21:06:14.828 | DEBUG    | tldw_chatbook.DB.ChaChaNotes_DB:_exit_transaction:24552 - Transaction (outermost) committed successfully on thread 8494865792.
2026-10-03 21:06:14.828 | DEBUG    | tldw_chatbook.DB.ChaChaNotes_DB:add_conversation:11073 - Added conversation ID: b778dba4-34f4-42de-9927-a5ba4ed3f931.
2026-10-03 21:06:14.829 | DEBUG    | tldw_chatbook.DB.ChaChaNotes_DB:_enter_transaction:24489 - Started outermost transaction on thread 8494865792.
2026-10-03 21:06:14.830 | DEBUG    | tldw_chatbook.DB.ChaChaNotes_DB:_exit_transaction:24552 - Transaction (outermost) committed successfully on thread 8494865792.
2026-10-03 21:06:14.830 | DEBUG    | tldw_chatbook.DB.ChaChaNotes_DB:add_conversation:11073 - Added conversation ID: 6783beb9-eb89-48fe-ba78-839a4ba72de8.
2026-10-03 21:06:14.830 | DEBUG    | tldw_chatbook.DB.ChaChaNotes_DB:_enter_transaction:24489 - Started outermost transaction on thread 8494865792.
2026-10-03 21:06:14.831 | DEBUG    | tldw_chatbook.DB.ChaChaNotes_DB:_exit_transaction:24552 - Transaction (outermost) committed successfully on thread 8494865792.
2026-10-03 21:06:14.831 | DEBUG    | tldw_chatbook.DB.ChaChaNotes_DB:execute_query:4046 - Executing SQL (script=False): SELECT * FROM conversations WHERE id = ? AND deleted = 0... Params: (6783beb9-eb89-48fe-ba78-839a4ba72de8)
2026-10-03 21:06:14.831 | DEBUG    | tldw_chatbook.DB.ChaChaNotes_DB:execute_query:4046 - Executing SQL (script=False): SELECT * FROM conversations WHERE id = ? AND deleted = 0... Params: (6783beb9-eb89-48fe-ba78-839a4ba72de8)
2026-10-03 21:06:14.831 | DEBUG    | tldw_chatbook.DB.ChaChaNotes_DB:_enter_transaction:24489 - Started outermost transaction on thread 8494865792.
2026-10-03 21:06:14.831 | DEBUG    | tldw_chatbook.DB.ChaChaNotes_DB:_exit_transaction:24552 - Transaction (outermost) committed successfully on thread 8494865792.
2026-10-03 21:06:14.832 | DEBUG    | tldw_chatbook.DB.ChaChaNotes_DB:_enter_transaction:24489 - Started outermost transaction on thread 8494865792.
2026-10-03 21:06:14.832 | DEBUG    | tldw_chatbook.DB.ChaChaNotes_DB:_exit_transaction:24552 - Transaction (outermost) committed successfully on thread 8494865792.
2026-10-03 21:06:14.832 | DEBUG    | tldw_chatbook.DB.ChaChaNotes_DB:execute_query:4046 - Executing SQL (script=False): SELECT * FROM conversations WHERE id = ? AND deleted = 0... Params: (6783beb9-eb89-48fe-ba78-839a4ba72de8)
2026-10-03 21:06:14.832 | DEBUG    | tldw_chatbook.DB.ChaChaNotes_DB:_enter_transaction:24489 - Started outermost transaction on thread 8494865792.
2026-10-03 21:06:14.832 | DEBUG    | tldw_chatbook.DB.ChaChaNotes_DB:_exit_transaction:24552 - Transaction (outermost) committed successfully on thread 8494865792.
2026-10-03 21:06:14.832 | DEBUG    | tldw_chatbook.DB.ChaChaNotes_DB:execute_query:4046 - Executing SQL (script=False): 
            SELECT m.id, m.conversation_id, m.parent_message_id, m.sender, m.content,
                   m.image_data, m.image_mime_type, m.timestamp, m.ranking,
                   m.last_modified, m.version, m.client_id, m.deleted, m.feedback, m.role,
                   m.variant_of, m.variant_num... Params: (6783beb9-eb89-48fe-ba78-839a4ba72de8, 100000, 0)
2026-10-03 21:06:14.875 | DEBUG    | tldw_chatbook.DB.ChaChaNotes_DB:_get_thread_connection:3554 - Opened/Reopened SQLite connection db_sha256=12b8d034464c thread=6172045312
2026-10-03 21:06:14.875 | DEBUG    | tldw_chatbook.DB.ChaChaNotes_DB:close_connection:3874 - Attempting WAL checkpoint (TRUNCATE) before close db_sha256=12b8d034464c thread=6172045312.
2026-10-03 21:06:14.878 | DEBUG    | tldw_chatbook.DB.ChaChaNotes_DB:close_connection:3880 - WAL checkpoint TRUNCATE executed db_sha256=12b8d034464c.
2026-10-03 21:06:14.878 | DEBUG    | tldw_chatbook.DB.ChaChaNotes_DB:close_connection:3900 - Closed SQLite connection db_sha256=12b8d034464c thread=6172045312.
2026-10-03 21:06:14.967 | DEBUG    | tldw_chatbook.DB.ChaChaNotes_DB:_get_thread_connection:3554 - Opened/Reopened SQLite connection db_sha256=12b8d034464c thread=6188871680
2026-10-03 21:06:14.967 | DEBUG    | tldw_chatbook.DB.ChaChaNotes_DB:close_connection:3874 - Attempting WAL checkpoint (TRUNCATE) before close db_sha256=12b8d034464c thread=6188871680.
2026-10-03 21:06:14.968 | DEBUG    | tldw_chatbook.DB.ChaChaNotes_DB:close_connection:3880 - WAL checkpoint TRUNCATE executed db_sha256=12b8d034464c.
2026-10-03 21:06:14.968 | DEBUG    | tldw_chatbook.DB.ChaChaNotes_DB:close_connection:3900 - Closed SQLite connection db_sha256=12b8d034464c thread=6188871680.
2026-10-03 21:06:14.970 | DEBUG    | tldw_chatbook.DB.ChaChaNotes_DB:_enter_transaction:24489 - Started outermost transaction on thread 8494865792.
2026-10-03 21:06:14.970 | DEBUG    | tldw_chatbook.DB.ChaChaNotes_DB:_exit_transaction:24552 - Transaction (outermost) committed successfully on thread 8494865792.
2026-10-03 21:06:14.977 | WARNING  | tldw_chatbook.Chat.console_chat_controller:_accept_durable_turn:12828 - Durable turn commit failed; turn refused (exception_type=OSError)
2026-10-03 21:06:15.119 | DEBUG    | tldw_chatbook.DB.ChaChaNotes_DB:_get_thread_connection:3554 - Opened/Reopened SQLite connection db_sha256=12b8d034464c thread=6188871680
2026-10-03 21:06:15.119 | DEBUG    | tldw_chatbook.DB.ChaChaNotes_DB:_enter_transaction:24489 - Started outermost transaction on thread 6188871680.
2026-10-03 21:06:15.120 | DEBUG    | tldw_chatbook.DB.ChaChaNotes_DB:_exit_transaction:24552 - Transaction (outermost) committed successfully on thread 6188871680.
2026-10-03 21:06:15.120 | DEBUG    | tldw_chatbook.DB.ChaChaNotes_DB:close_connection:3874 - Attempting WAL checkpoint (TRUNCATE) before close db_sha256=12b8d034464c thread=6188871680.
2026-10-03 21:06:15.121 | DEBUG    | tldw_chatbook.DB.ChaChaNotes_DB:close_connection:3880 - WAL checkpoint TRUNCATE executed db_sha256=12b8d034464c.
2026-10-03 21:06:15.121 | DEBUG    | tldw_chatbook.DB.ChaChaNotes_DB:close_connection:3900 - Closed SQLite connection db_sha256=12b8d034464c thread=6188871680.
2026-10-03 21:06:15.122 | DEBUG    | tldw_chatbook.DB.ChaChaNotes_DB:execute_query:4046 - Executing SQL (script=False): 
            SELECT m.id, m.conversation_id, m.parent_message_id, m.sender, m.content,
                   m.image_data, m.image_mime_type, m.timestamp, m.ranking,
                   m.last_modified, m.version, m.client_id, m.deleted, m.feedback, m.role,
                   m.variant_of, m.variant_num... Params: (6783beb9-eb89-48fe-ba78-839a4ba72de8, 100, 0)
2026-10-03 21:06:15.125 | DEBUG    | tldw_chatbook.DB.ChaChaNotes_DB:close_connection:3874 - Attempting WAL checkpoint (TRUNCATE) before close db_sha256=12b8d034464c thread=8494865792.
2026-10-03 21:06:15.125 | DEBUG    | tldw_chatbook.DB.ChaChaNotes_DB:close_connection:3880 - WAL checkpoint TRUNCATE executed db_sha256=12b8d034464c.
2026-10-03 21:06:15.126 | DEBUG    | tldw_chatbook.DB.ChaChaNotes_DB:close_connection:3900 - Closed SQLite connection db_sha256=12b8d034464c thread=8494865792.
------------------------------ Captured log call -------------------------------
ERROR    tldw_chatbook.diagnostics.console:persistent_diagnostics.py:256 event=console_send_stage app_version=0.2.3 attempt_id=4f8c03ff7e7d45df8b4962b9a5612a4f capture_enabled=false component=console duration_ms=57 error_category=storage exception_type=OSError phase=durable_commit python_version=3.12.11 sqlite_version=3.49.1 status=failed
_ test_ledger_cutoff_retains_charge_and_requires_conversation_receipt[target_stop] _

tmp_path = PosixPath('/Users/macbook-dev/.codex/worktrees/console-chat-starts/tldw_chatbook/.superpowers/sdd/2026-10-03-console-pr2995-review-and-merge/task-4-red-profile-lormtzj4/pytest/test_ledger_cutoff_retains_cha2')
action = 'target_stop'

    @pytest.mark.asyncio
    @pytest.mark.parametrize("action", ["source_stop", "write_failure", "target_stop"])
    async def test_ledger_cutoff_retains_charge_and_requires_conversation_receipt(
        tmp_path, action
    ):
        import asyncio
        from threading import Event
    
        controller, store, runs, source, target, chain, request = await _native_start_rig(
            tmp_path
        )
        entered, release = Event(), Event()
        original_commit = store.commit_durable_turn
    
        def paused_commit(acceptance):
            entered.set()
            assert release.wait(10)
            if action == "write_failure":
                raise OSError("injected write refusal")
            return original_commit(acceptance)
    
        store.commit_durable_turn = paused_commit
        start = asyncio.create_task(controller._chat_start.start(request))
        try:
            assert await asyncio.to_thread(entered.wait, 5)
            assert runs.automatic_work.snapshot(chain).used["generation"] == 1
            if action == "source_stop":
                controller._signal_stop(session_id=source.id)
            if action == "target_stop":
                store.switch_session(target.id)
                assert controller.stop_active_run()
            release.set()
            outcome = await start
            await asyncio.gather(*controller._chat_start.tasks())
            assert outcome.launch_status == (
                "started" if action == "source_stop" else "review_required"
            ), outcome
            rows = store.persistence.db.get_messages_for_conversation(
                request.conversation_id
            )
            assert any(
                row["sender"] == "assistant" and row["content"] == "target answer"
                for row in rows
            ) == (action == "source_stop")
            if action == "write_failure":
                assert not rows and target.draft == "original"
            assert runs.automatic_work.snapshot(chain).used["generation"] == 1
            if action != "source_stop":
>               assert runs.automatic_work.read_chat_start_attempt(request.attempt_id, owner_id=controller.fleet_wake.runtime_owner_id).state == "review_required"
E               AssertionError: assert 'accepted' == 'review_required'
E                 
E                 - review_required
E                 + accepted

Tests/Chat/test_console_chat_start.py:1105: AssertionError
----------------------------- Captured stderr call -----------------------------
2026-10-03 21:06:15.188 | INFO     | tldw_chatbook.DB.ChaChaNotes_DB:__init__:3376 - Initializing CharactersRAGDB db_sha256=a2724c8dee7c [Client ID: t]
2026-10-03 21:06:15.227 | DEBUG    | tldw_chatbook.DB.ChaChaNotes_DB:_get_thread_connection:3554 - Opened/Reopened SQLite connection db_sha256=a2724c8dee7c thread=8494865792
2026-10-03 21:06:15.228 | DEBUG    | tldw_chatbook.DB.ChaChaNotes_DB:_enter_transaction:24489 - Started outermost transaction on thread 8494865792.
2026-10-03 21:06:15.228 | INFO     | tldw_chatbook.DB.ChaChaNotes_DB:_initialize_schema:8550 - Checking DB schema 'rag_char_chat_schema'. Current version: 0. Code supports: 76
2026-10-03 21:06:15.228 | INFO     | tldw_chatbook.DB.ChaChaNotes_DB:_apply_schema_v4:4437 - Applying schema Version 4 for 'rag_char_chat_schema' to DB: db_sha256=a2724c8dee7c...
2026-10-03 21:06:15.228 | DEBUG    | tldw_chatbook.DB.ChaChaNotes_DB:_enter_transaction:24458 - Entered nested transaction level 2 on thread 8494865792.
2026-10-03 21:06:15.234 | DEBUG    | tldw_chatbook.DB.ChaChaNotes_DB:_apply_schema_v4:4478 - [rag_char_chat_schema V4] Full schema script executed.
2026-10-03 21:06:15.234 | INFO     | tldw_chatbook.DB.ChaChaNotes_DB:_apply_schema_v4:4485 - [rag_char_chat_schema V4] Schema 4 applied and version confirmed for DB: db_sha256=a2724c8dee7c.
2026-10-03 21:06:15.234 | DEBUG    | tldw_chatbook.DB.ChaChaNotes_DB:_enrich_default_assistant_card_if_bare:4749 - [task-2451] Default Assistant enrichment UPDATE affected 1 row(s) in DB: db_sha256=a2724c8dee7c.
2026-10-03 21:06:15.234 | INFO     | tldw_chatbook.DB.ChaChaNotes_DB:_migrate_from_v4_to_v5:4770 - Migrating schema from V4 to V5 for 'rag_char_chat_schema' in DB: db_sha256=a2724c8dee7c...
2026-10-03 21:06:15.235 | DEBUG    | tldw_chatbook.DB.ChaChaNotes_DB:_enter_transaction:24458 - Entered nested transaction level 2 on thread 8494865792.
2026-10-03 21:06:15.243 | DEBUG    | tldw_chatbook.DB.ChaChaNotes_DB:_migrate_from_v4_to_v5:4780 - [rag_char_chat_schema V4→V5] Migration script executed.
2026-10-03 21:06:15.243 | INFO     | tldw_chatbook.DB.ChaChaNotes_DB:_migrate_from_v4_to_v5:4789 - [rag_char_chat_schema V4→V5] Migration completed successfully for DB: db_sha256=a2724c8dee7c.
2026-10-03 21:06:15.243 | INFO     | tldw_chatbook.DB.ChaChaNotes_DB:_migrate_from_v5_to_v6:4823 - Migrating schema from V5 to V6 for 'rag_char_chat_schema' in DB: db_sha256=a2724c8dee7c...
2026-10-03 21:06:15.243 | DEBUG    | tldw_chatbook.DB.ChaChaNotes_DB:_enter_transaction:24458 - Entered nested transaction level 2 on thread 8494865792.
2026-10-03 21:06:15.244 | DEBUG    | tldw_chatbook.DB.ChaChaNotes_DB:_migrate_from_v5_to_v6:4831 - [rag_char_chat_schema V5→V6] Migration script executed.
2026-10-03 21:06:15.244 | INFO     | tldw_chatbook.DB.ChaChaNotes_DB:_migrate_from_v5_to_v6:4840 - [rag_char_chat_schema V5→V6] Migration completed successfully for DB: db_sha256=a2724c8dee7c.
2026-10-03 21:06:15.244 | INFO     | tldw_chatbook.DB.ChaChaNotes_DB:_migrate_from_v6_to_v7:4874 - Migrating schema from V6 to V7 for 'rag_char_chat_schema' in DB: db_sha256=a2724c8dee7c...
2026-10-03 21:06:15.244 | DEBUG    | tldw_chatbook.DB.ChaChaNotes_DB:_enter_transaction:24458 - Entered nested transaction level 2 on thread 8494865792.
2026-10-03 21:06:15.245 | DEBUG    | tldw_chatbook.DB.ChaChaNotes_DB:_migrate_from_v6_to_v7:4882 - [rag_char_chat_schema V6→V7] Migration script executed.
2026-10-03 21:06:15.245 | INFO     | tldw_chatbook.DB.ChaChaNotes_DB:_migrate_from_v6_to_v7:4891 - [rag_char_chat_schema V6→V7] Migration completed successfully for DB: db_sha256=a2724c8dee7c.
2026-10-03 21:06:15.245 | INFO     | tldw_chatbook.DB.ChaChaNotes_DB:_migrate_from_v7_to_v8:8464 - Migrating schema from V7 to V8 for 'rag_char_chat_schema' in DB: db_sha256=a2724c8dee7c...
2026-10-03 21:06:15.245 | DEBUG    | tldw_chatbook.DB.ChaChaNotes_DB:_enter_transaction:24458 - Entered nested transaction level 2 on thread 8494865792.
2026-10-03 21:06:15.247 | DEBUG    | tldw_chatbook.DB.ChaChaNotes_DB:_migrate_from_v7_to_v8:8472 - [rag_char_chat_schema V7→V8] Migration script executed.
2026-10-03 21:06:15.247 | INFO     | tldw_chatbook.DB.ChaChaNotes_DB:_migrate_from_v7_to_v8:8481 - [rag_char_chat_schema V7→V8] Migration completed successfully for DB: db_sha256=a2724c8dee7c.
2026-10-03 21:06:15.247 | INFO     | tldw_chatbook.DB.ChaChaNotes_DB:_migrate_from_v8_to_v9:4925 - Migrating schema from V8 to V9 for 'rag_char_chat_schema' in DB: db_sha256=a2724c8dee7c...
2026-10-03 21:06:15.247 | DEBUG    | tldw_chatbook.DB.ChaChaNotes_DB:_enter_transaction:24458 - Entered nested transaction level 2 on thread 8494865792.
2026-10-03 21:06:15.249 | DEBUG    | tldw_chatbook.DB.ChaChaNotes_DB:_migrate_from_v8_to_v9:4933 - [rag_char_chat_schema V8→V9] Migration script executed.
2026-10-03 21:06:15.249 | INFO     | tldw_chatbook.DB.ChaChaNotes_DB:_migrate_from_v8_to_v9:4942 - [rag_char_chat_schema V8→V9] Migration completed successfully for DB: db_sha256=a2724c8dee7c.
2026-10-03 21:06:15.249 | INFO     | tldw_chatbook.DB.ChaChaNotes_DB:_migrate_from_v9_to_v10:4976 - Migrating schema from V9 to V10 for 'rag_char_chat_schema' in DB: db_sha256=a2724c8dee7c...
2026-10-03 21:06:15.250 | DEBUG    | tldw_chatbook.DB.ChaChaNotes_DB:_enter_transaction:24458 - Entered nested transaction level 2 on thread 8494865792.
2026-10-03 21:06:15.250 | DEBUG    | tldw_chatbook.DB.ChaChaNotes_DB:_migrate_from_v9_to_v10:4984 - [rag_char_chat_schema V9→V10] Migration script executed.
2026-10-03 21:06:15.250 | INFO     | tldw_chatbook.DB.ChaChaNotes_DB:_migrate_from_v9_to_v10:4993 - [rag_char_chat_schema V9→V10] Migration completed successfully for DB: db_sha256=a2724c8dee7c.
2026-10-03 21:06:15.250 | INFO     | tldw_chatbook.DB.ChaChaNotes_DB:_migrate_from_v10_to_v11:5027 - Migrating schema from V10 to V11 for 'rag_char_chat_schema' in DB: db_sha256=a2724c8dee7c...
2026-10-03 21:06:15.250 | DEBUG    | tldw_chatbook.DB.ChaChaNotes_DB:_enter_transaction:24458 - Entered nested transaction level 2 on thread 8494865792.
2026-10-03 21:06:15.252 | DEBUG    | tldw_chatbook.DB.ChaChaNotes_DB:_migrate_from_v10_to_v11:5035 - [rag_char_chat_schema V10→V11] Migration script executed.
2026-10-03 21:06:15.252 | INFO     | tldw_chatbook.DB.ChaChaNotes_DB:_migrate_from_v10_to_v11:5044 - [rag_char_chat_schema V10→V11] Migration completed successfully for DB: db_sha256=a2724c8dee7c.
2026-10-03 21:06:15.252 | INFO     | tldw_chatbook.DB.ChaChaNotes_DB:_migrate_from_v11_to_v12:5078 - Migrating schema from V11 to V12 for 'rag_char_chat_schema' in DB: db_sha256=a2724c8dee7c...
2026-10-03 21:06:15.252 | DEBUG    | tldw_chatbook.DB.ChaChaNotes_DB:_enter_transaction:24458 - Entered nested transaction level 2 on thread 8494865792.
2026-10-03 21:06:15.258 | DEBUG    | tldw_chatbook.DB.ChaChaNotes_DB:_migrate_from_v11_to_v12:5086 - [rag_char_chat_schema V11→V12] Migration script executed.
2026-10-03 21:06:15.258 | INFO     | tldw_chatbook.DB.ChaChaNotes_DB:_migrate_from_v11_to_v12:5095 - [rag_char_chat_schema V11→V12] Migration completed successfully for DB: db_sha256=a2724c8dee7c.
2026-10-03 21:06:15.258 | INFO     | tldw_chatbook.DB.ChaChaNotes_DB:_migrate_from_v12_to_v13:5121 - Migrating schema from V12 to V13 for 'rag_char_chat_schema' in DB: db_sha256=a2724c8dee7c...
2026-10-03 21:06:15.259 | DEBUG    | tldw_chatbook.DB.ChaChaNotes_DB:_enter_transaction:24458 - Entered nested transaction level 2 on thread 8494865792.
2026-10-03 21:06:15.279 | DEBUG    | tldw_chatbook.DB.ChaChaNotes_DB:_migrate_from_v12_to_v13:5129 - [rag_char_chat_schema V12→V13] Migration script executed.
2026-10-03 21:06:15.279 | INFO     | tldw_chatbook.DB.ChaChaNotes_DB:_migrate_from_v12_to_v13:5137 - [rag_char_chat_schema V12→V13] Migration completed successfully for DB: db_sha256=a2724c8dee7c.
2026-10-03 21:06:15.279 | INFO     | tldw_chatbook.DB.ChaChaNotes_DB:_migrate_from_v13_to_v14:5162 - Migrating schema from V13 to V14 for 'rag_char_chat_schema' in DB: db_sha256=a2724c8dee7c...
2026-10-03 21:06:15.279 | DEBUG    | tldw_chatbook.DB.ChaChaNotes_DB:_enter_transaction:24458 - Entered nested transaction level 2 on thread 8494865792.
2026-10-03 21:06:15.285 | DEBUG    | tldw_chatbook.DB.ChaChaNotes_DB:_migrate_from_v13_to_v14:5170 - [rag_char_chat_schema V13→V14] Migration script executed.
2026-10-03 21:06:15.285 | INFO     | tldw_chatbook.DB.ChaChaNotes_DB:_migrate_from_v13_to_v14:5178 - [rag_char_chat_schema V13→V14] Migration completed successfully for DB: db_sha256=a2724c8dee7c.
2026-10-03 21:06:15.285 | INFO     | tldw_chatbook.DB.ChaChaNotes_DB:_migrate_from_v14_to_v15:5203 - Migrating schema from V14 to V15 for 'rag_char_chat_schema' in DB: db_sha256=a2724c8dee7c...
2026-10-03 21:06:15.285 | DEBUG    | tldw_chatbook.DB.ChaChaNotes_DB:_enter_transaction:24458 - Entered nested transaction level 2 on thread 8494865792.
2026-10-03 21:06:15.286 | DEBUG    | tldw_chatbook.DB.ChaChaNotes_DB:_migrate_from_v14_to_v15:5211 - [rag_char_chat_schema V14→V15] Migration script executed.
2026-10-03 21:06:15.286 | INFO     | tldw_chatbook.DB.ChaChaNotes_DB:_migrate_from_v14_to_v15:5219 - [rag_char_chat_schema V14→V15] Migration completed successfully for DB: db_sha256=a2724c8dee7c.
2026-10-03 21:06:15.286 | INFO     | tldw_chatbook.DB.ChaChaNotes_DB:_migrate_from_v15_to_v16:5245 - Migrating schema from V15 to V16 for 'rag_char_chat_schema' in DB: db_sha256=a2724c8dee7c...
2026-10-03 21:06:15.286 | DEBUG    | tldw_chatbook.DB.ChaChaNotes_DB:_enter_transaction:24458 - Entered nested transaction level 2 on thread 8494865792.
2026-10-03 21:06:15.286 | DEBUG    | tldw_chatbook.DB.ChaChaNotes_DB:_migrate_from_v15_to_v16:5288 - [rag_char_chat_schema V15→V16] Migration script executed.
2026-10-03 21:06:15.286 | INFO     | tldw_chatbook.DB.ChaChaNotes_DB:_migrate_from_v15_to_v16:5298 - [rag_char_chat_schema V15→V16] Migration completed successfully for DB: db_sha256=a2724c8dee7c.
2026-10-03 21:06:15.286 | INFO     | tldw_chatbook.DB.ChaChaNotes_DB:_migrate_from_v16_to_v17:5324 - Migrating schema from V16 to V17 for 'rag_char_chat_schema' in DB: db_sha256=a2724c8dee7c...
2026-10-03 21:06:15.286 | DEBUG    | tldw_chatbook.DB.ChaChaNotes_DB:_enter_transaction:24458 - Entered nested transaction level 2 on thread 8494865792.
2026-10-03 21:06:15.286 | DEBUG    | tldw_chatbook.DB.ChaChaNotes_DB:_migrate_from_v16_to_v17:5332 - [rag_char_chat_schema V16→V17] Migration script executed.
2026-10-03 21:06:15.286 | INFO     | tldw_chatbook.DB.ChaChaNotes_DB:_migrate_from_v16_to_v17:5340 - [rag_char_chat_schema V16→V17] Migration completed successfully for DB: db_sha256=a2724c8dee7c.
2026-10-03 21:06:15.286 | INFO     | tldw_chatbook.DB.ChaChaNotes_DB:_migrate_from_v17_to_v18:5368 - Migrating schema from V17 to V18 for 'rag_char_chat_schema' in DB: db_sha256=a2724c8dee7c...
2026-10-03 21:06:15.287 | DEBUG    | tldw_chatbook.DB.ChaChaNotes_DB:_enter_transaction:24458 - Entered nested transaction level 2 on thread 8494865792.
2026-10-03 21:06:15.289 | DEBUG    | tldw_chatbook.DB.ChaChaNotes_DB:_migrate_from_v17_to_v18:5376 - [rag_char_chat_schema V17→V18] Migration script executed.
2026-10-03 21:06:15.289 | INFO     | tldw_chatbook.DB.ChaChaNotes_DB:_migrate_from_v17_to_v18:5384 - [rag_char_chat_schema V17→V18] Migration completed successfully for DB: db_sha256=a2724c8dee7c.
2026-10-03 21:06:15.289 | INFO     | tldw_chatbook.DB.ChaChaNotes_DB:_migrate_from_v18_to_v19:8414 - Migrating schema from V18 to V19 for 'rag_char_chat_schema' in DB: db_sha256=a2724c8dee7c...
2026-10-03 21:06:15.289 | DEBUG    | tldw_chatbook.DB.ChaChaNotes_DB:_enter_transaction:24458 - Entered nested transaction level 2 on thread 8494865792.
2026-10-03 21:06:15.289 | DEBUG    | tldw_chatbook.DB.ChaChaNotes_DB:_migrate_from_v18_to_v19:8422 - [rag_char_chat_schema V18→V19] Migration script executed.
2026-10-03 21:06:15.290 | INFO     | tldw_chatbook.DB.ChaChaNotes_DB:_migrate_from_v18_to_v19:8430 - [rag_char_chat_schema V18→V19] Migration completed successfully for DB: db_sha256=a2724c8dee7c.
2026-10-03 21:06:15.290 | INFO     | tldw_chatbook.DB.ChaChaNotes_DB:_migrate_from_v19_to_v20:5412 - Migrating schema from V19 to V20 for 'rag_char_chat_schema' in DB: db_sha256=a2724c8dee7c...
2026-10-03 21:06:15.290 | DEBUG    | tldw_chatbook.DB.ChaChaNotes_DB:_enter_transaction:24458 - Entered nested transaction level 2 on thread 8494865792.
2026-10-03 21:06:15.292 | DEBUG    | tldw_chatbook.DB.ChaChaNotes_DB:_migrate_from_v19_to_v20:5431 - [rag_char_chat_schema V19→V20] Migration script executed.
2026-10-03 21:06:15.292 | INFO     | tldw_chatbook.DB.ChaChaNotes_DB:_migrate_from_v19_to_v20:5439 - [rag_char_chat_schema V19→V20] Migration completed successfully for DB: db_sha256=a2724c8dee7c.
2026-10-03 21:06:15.292 | INFO     | tldw_chatbook.DB.ChaChaNotes_DB:_migrate_from_v20_to_v21:5467 - Migrating schema from V20 to V21 for 'rag_char_chat_schema' in DB: db_sha256=a2724c8dee7c...
2026-10-03 21:06:15.292 | DEBUG    | tldw_chatbook.DB.ChaChaNotes_DB:_enter_transaction:24458 - Entered nested transaction level 2 on thread 8494865792.
2026-10-03 21:06:15.293 | DEBUG    | tldw_chatbook.DB.ChaChaNotes_DB:_migrate_from_v20_to_v21:5488 - [rag_char_chat_schema V20→V21] Migration script executed.
2026-10-03 21:06:15.293 | INFO     | tldw_chatbook.DB.ChaChaNotes_DB:_migrate_from_v20_to_v21:5496 - [rag_char_chat_schema V20→V21] Migration completed successfully for DB: db_sha256=a2724c8dee7c.
2026-10-03 21:06:15.293 | INFO     | tldw_chatbook.DB.ChaChaNotes_DB:_migrate_from_v21_to_v22:5518 - Migrating schema from V21 to V22 for 'rag_char_chat_schema' in DB: db_sha256=a2724c8dee7c...
2026-10-03 21:06:15.293 | DEBUG    | tldw_chatbook.DB.ChaChaNotes_DB:_enter_transaction:24458 - Entered nested transaction level 2 on thread 8494865792.
2026-10-03 21:06:15.293 | DEBUG    | tldw_chatbook.DB.ChaChaNotes_DB:_migrate_from_v21_to_v22:5536 - [rag_char_chat_schema V21→V22] Migration script executed.
2026-10-03 21:06:15.293 | INFO     | tldw_chatbook.DB.ChaChaNotes_DB:_migrate_from_v21_to_v22:5542 - [rag_char_chat_schema V21→V22] Migration completed successfully for DB: db_sha256=a2724c8dee7c.
2026-10-03 21:06:15.293 | INFO     | tldw_chatbook.DB.ChaChaNotes_DB:_migrate_from_v22_to_v23:5564 - Migrating schema from V22 to V23 for 'rag_char_chat_schema' in DB: db_sha256=a2724c8dee7c...
2026-10-03 21:06:15.294 | DEBUG    | tldw_chatbook.DB.ChaChaNotes_DB:_enter_transaction:24458 - Entered nested transaction level 2 on thread 8494865792.
2026-10-03 21:06:15.294 | DEBUG    | tldw_chatbook.DB.ChaChaNotes_DB:_migrate_from_v22_to_v23:5572 - [rag_char_chat_schema V22→V23] Migration script executed.
2026-10-03 21:06:15.294 | INFO     | tldw_chatbook.DB.ChaChaNotes_DB:_migrate_from_v22_to_v23:5578 - [rag_char_chat_schema V22→V23] Migration completed successfully for DB: db_sha256=a2724c8dee7c.
2026-10-03 21:06:15.294 | INFO     | tldw_chatbook.DB.ChaChaNotes_DB:_migrate_from_v23_to_v24:5601 - Migrating schema from V23 to V24 for 'rag_char_chat_schema' in DB: db_sha256=a2724c8dee7c...
2026-10-03 21:06:15.294 | DEBUG    | tldw_chatbook.DB.ChaChaNotes_DB:_enter_transaction:24458 - Entered nested transaction level 2 on thread 8494865792.
2026-10-03 21:06:15.296 | DEBUG    | tldw_chatbook.DB.ChaChaNotes_DB:_migrate_from_v23_to_v24:5619 - [rag_char_chat_schema V23→V24] Migration script executed.
2026-10-03 21:06:15.296 | INFO     | tldw_chatbook.DB.ChaChaNotes_DB:_migrate_from_v23_to_v24:5625 - [rag_char_chat_schema V23→V24] Migration completed successfully for DB: db_sha256=a2724c8dee7c.
2026-10-03 21:06:15.296 | INFO     | tldw_chatbook.DB.ChaChaNotes_DB:_migrate_from_v24_to_v25:5648 - Migrating schema from V24 to V25 for 'rag_char_chat_schema' in DB: db_sha256=a2724c8dee7c...
2026-10-03 21:06:15.296 | DEBUG    | tldw_chatbook.DB.ChaChaNotes_DB:_enter_transaction:24458 - Entered nested transaction level 2 on thread 8494865792.
2026-10-03 21:06:15.296 | DEBUG    | tldw_chatbook.DB.ChaChaNotes_DB:_migrate_from_v24_to_v25:5656 - [rag_char_chat_schema V24→V25] Migration script executed.
2026-10-03 21:06:15.296 | INFO     | tldw_chatbook.DB.ChaChaNotes_DB:_migrate_from_v24_to_v25:5662 - [rag_char_chat_schema V24→V25] Migration completed successfully for DB: db_sha256=a2724c8dee7c.
2026-10-03 21:06:15.296 | INFO     | tldw_chatbook.DB.ChaChaNotes_DB:_migrate_from_v25_to_v26:5686 - Migrating schema from V25 to V26 for 'rag_char_chat_schema' in DB: db_sha256=a2724c8dee7c...
2026-10-03 21:06:15.296 | DEBUG    | tldw_chatbook.DB.ChaChaNotes_DB:_enter_transaction:24458 - Entered nested transaction level 2 on thread 8494865792.
2026-10-03 21:06:15.300 | DEBUG    | tldw_chatbook.DB.ChaChaNotes_DB:_migrate_from_v25_to_v26:5708 - [rag_char_chat_schema V25→V26] Migration script executed.
2026-10-03 21:06:15.300 | INFO     | tldw_chatbook.DB.ChaChaNotes_DB:_migrate_from_v25_to_v26:5714 - [rag_char_chat_schema V25→V26] Migration completed successfully for DB: db_sha256=a2724c8dee7c.
2026-10-03 21:06:15.300 | DEBUG    | tldw_chatbook.DB.ChaChaNotes_DB:_enter_transaction:24458 - Entered nested transaction level 2 on thread 8494865792.
2026-10-03 21:06:15.303 | DEBUG    | tldw_chatbook.DB.ChaChaNotes_DB:_enter_transaction:24458 - Entered nested transaction level 2 on thread 8494865792.
2026-10-03 21:06:15.303 | DEBUG    | tldw_chatbook.DB.ChaChaNotes_DB:_enter_transaction:24458 - Entered nested transaction level 3 on thread 8494865792.
2026-10-03 21:06:15.305 | INFO     | tldw_chatbook.DB.ChaChaNotes_DB:_migrate_from_v28_to_v29:5901 - Migrating schema from V28 to V29 for 'rag_char_chat_schema' in DB: db_sha256=a2724c8dee7c...
2026-10-03 21:06:15.305 | DEBUG    | tldw_chatbook.DB.ChaChaNotes_DB:_enter_transaction:24458 - Entered nested transaction level 2 on thread 8494865792.
2026-10-03 21:06:15.306 | DEBUG    | tldw_chatbook.DB.ChaChaNotes_DB:_migrate_from_v28_to_v29:5909 - [rag_char_chat_schema V28→V29] Migration script executed.
2026-10-03 21:06:15.306 | INFO     | tldw_chatbook.DB.ChaChaNotes_DB:_migrate_from_v28_to_v29:5917 - [rag_char_chat_schema V28→V29] Migration completed successfully for DB: db_sha256=a2724c8dee7c.
2026-10-03 21:06:15.306 | INFO     | tldw_chatbook.DB.ChaChaNotes_DB:_migrate_from_v29_to_v30:5944 - Migrating schema from V29 to V30 for 'rag_char_chat_schema' in DB: db_sha256=a2724c8dee7c...
2026-10-03 21:06:15.306 | DEBUG    | tldw_chatbook.DB.ChaChaNotes_DB:_enter_transaction:24458 - Entered nested transaction level 2 on thread 8494865792.
2026-10-03 21:06:15.308 | DEBUG    | tldw_chatbook.DB.ChaChaNotes_DB:_migrate_from_v29_to_v30:5970 - [rag_char_chat_schema V29→V30] Migration script executed.
2026-10-03 21:06:15.308 | INFO     | tldw_chatbook.DB.ChaChaNotes_DB:_migrate_from_v29_to_v30:5994 - [rag_char_chat_schema V29→V30] Migration completed successfully for DB: db_sha256=a2724c8dee7c.
2026-10-03 21:06:15.308 | INFO     | tldw_chatbook.DB.ChaChaNotes_DB:_migrate_from_v30_to_v31:6021 - Migrating schema from V30 to V31 for 'rag_char_chat_schema' in DB: db_sha256=a2724c8dee7c...
2026-10-03 21:06:15.308 | DEBUG    | tldw_chatbook.DB.ChaChaNotes_DB:_enter_transaction:24458 - Entered nested transaction level 2 on thread 8494865792.
2026-10-03 21:06:15.311 | DEBUG    | tldw_chatbook.DB.ChaChaNotes_DB:_migrate_from_v30_to_v31:6047 - [rag_char_chat_schema V30→V31] Migration script executed.
2026-10-03 21:06:15.311 | INFO     | tldw_chatbook.DB.ChaChaNotes_DB:_migrate_from_v30_to_v31:6071 - [rag_char_chat_schema V30→V31] Migration completed successfully for DB: db_sha256=a2724c8dee7c.
2026-10-03 21:06:15.311 | INFO     | tldw_chatbook.DB.ChaChaNotes_DB:_migrate_from_v31_to_v32:6104 - Migrating schema from V31 to V32 for 'rag_char_chat_schema' in DB: db_sha256=a2724c8dee7c...
2026-10-03 21:06:15.311 | DEBUG    | tldw_chatbook.DB.ChaChaNotes_DB:_enrich_default_assistant_card_if_bare:4749 - [task-2451] Default Assistant enrichment UPDATE affected 0 row(s) in DB: db_sha256=a2724c8dee7c.
2026-10-03 21:06:15.311 | INFO     | tldw_chatbook.DB.ChaChaNotes_DB:_migrate_from_v31_to_v32:6130 - [rag_char_chat_schema V31→V32] Migration completed successfully for DB: db_sha256=a2724c8dee7c.
2026-10-03 21:06:15.311 | DEBUG    | tldw_chatbook.DB.ChaChaNotes_DB:_enter_transaction:24458 - Entered nested transaction level 2 on thread 8494865792.
2026-10-03 21:06:15.312 | DEBUG    | tldw_chatbook.DB.ChaChaNotes_DB:_enter_transaction:24458 - Entered nested transaction level 2 on thread 8494865792.
2026-10-03 21:06:15.315 | DEBUG    | tldw_chatbook.DB.ChaChaNotes_DB:_enter_transaction:24458 - Entered nested transaction level 2 on thread 8494865792.
2026-10-03 21:06:15.316 | DEBUG    | tldw_chatbook.DB.ChaChaNotes_DB:_enter_transaction:24458 - Entered nested transaction level 2 on thread 8494865792.
2026-10-03 21:06:15.317 | DEBUG    | tldw_chatbook.DB.ChaChaNotes_DB:_enter_transaction:24458 - Entered nested transaction level 2 on thread 8494865792.
2026-10-03 21:06:15.320 | DEBUG    | tldw_chatbook.DB.ChaChaNotes_DB:_enter_transaction:24458 - Entered nested transaction level 2 on thread 8494865792.
2026-10-03 21:06:15.321 | DEBUG    | tldw_chatbook.DB.ChaChaNotes_DB:_enter_transaction:24458 - Entered nested transaction level 2 on thread 8494865792.
2026-10-03 21:06:15.321 | DEBUG    | tldw_chatbook.DB.ChaChaNotes_DB:_enter_transaction:24458 - Entered nested transaction level 2 on thread 8494865792.
2026-10-03 21:06:15.322 | DEBUG    | tldw_chatbook.DB.ChaChaNotes_DB:_enter_transaction:24458 - Entered nested transaction level 2 on thread 8494865792.
2026-10-03 21:06:15.322 | INFO     | tldw_chatbook.DB.ChaChaNotes_DB:_migrate_from_v41_to_v42:6450 - Migrating schema from V41 to V42 for 'rag_char_chat_schema' in DB: db_sha256=a2724c8dee7c...
2026-10-03 21:06:15.323 | INFO     | tldw_chatbook.DB.ChaChaNotes_DB:_migrate_from_v41_to_v42:6514 - [rag_char_chat_schema V41→V42] conversations.console_project_context_json already present; applying the version bump only.
2026-10-03 21:06:15.323 | INFO     | tldw_chatbook.DB.ChaChaNotes_DB:_migrate_from_v42_to_v43:6564 - Migrating schema from V42 to V43 for 'rag_char_chat_schema' in DB: db_sha256=a2724c8dee7c...
2026-10-03 21:06:15.323 | DEBUG    | tldw_chatbook.DB.ChaChaNotes_DB:_enter_transaction:24458 - Entered nested transaction level 2 on thread 8494865792.
2026-10-03 21:06:15.324 | INFO     | tldw_chatbook.DB.ChaChaNotes_DB:_migrate_from_v42_to_v43:6703 - [rag_char_chat_schema V42→V43] Migration completed successfully for DB: db_sha256=a2724c8dee7c.
2026-10-03 21:06:15.324 | INFO     | tldw_chatbook.DB.ChaChaNotes_DB:_migrate_from_v43_to_v44:6733 - Migrating schema from V43 to V44 for 'rag_char_chat_schema' in DB: db_sha256=a2724c8dee7c...
2026-10-03 21:06:15.324 | DEBUG    | tldw_chatbook.DB.ChaChaNotes_DB:_enter_transaction:24458 - Entered nested transaction level 2 on thread 8494865792.
2026-10-03 21:06:15.331 | INFO     | tldw_chatbook.DB.ChaChaNotes_DB:_migrate_from_v43_to_v44:6773 - [rag_char_chat_schema V43→V44] Migration completed successfully for DB: db_sha256=a2724c8dee7c.
2026-10-03 21:06:15.332 | INFO     | tldw_chatbook.DB.ChaChaNotes_DB:_migrate_from_v44_to_v45:6842 - Actor Pack schema migration started: chachanotes_v44_to_v45
2026-10-03 21:06:15.332 | DEBUG    | tldw_chatbook.DB.ChaChaNotes_DB:_enter_transaction:24458 - Entered nested transaction level 2 on thread 8494865792.
2026-10-03 21:06:15.332 | INFO     | tldw_chatbook.DB.ChaChaNotes_DB:_migrate_from_v44_to_v45:6875 - Actor Pack schema migration completed: chachanotes_v44_to_v45
2026-10-03 21:06:15.332 | INFO     | tldw_chatbook.DB.ChaChaNotes_DB:_migrate_from_v45_to_v46:6919 - Migrating schema from V45 to V46 for 'rag_char_chat_schema' in DB: db_sha256=a2724c8dee7c...
2026-10-03 21:06:15.333 | DEBUG    | tldw_chatbook.DB.ChaChaNotes_DB:_enter_transaction:24458 - Entered nested transaction level 2 on thread 8494865792.
2026-10-03 21:06:15.336 | INFO     | tldw_chatbook.DB.ChaChaNotes_DB:_migrate_from_v45_to_v46:6965 - [rag_char_chat_schema V45→V46] Migration completed successfully for DB: db_sha256=a2724c8dee7c. Purged 0 unreachable sync_log row(s) of 1.
2026-10-03 21:06:15.336 | INFO     | tldw_chatbook.DB.ChaChaNotes_DB:_migrate_from_v46_to_v47:7007 - Migrating schema from V46 to V47 for 'rag_char_chat_schema' in DB: db_sha256=a2724c8dee7c...
2026-10-03 21:06:15.336 | DEBUG    | tldw_chatbook.DB.ChaChaNotes_DB:_enter_transaction:24458 - Entered nested transaction level 2 on thread 8494865792.
2026-10-03 21:06:15.337 | INFO     | tldw_chatbook.DB.ChaChaNotes_DB:_migrate_from_v46_to_v47:7042 - [rag_char_chat_schema V46→V47] Migration completed successfully for DB: db_sha256=a2724c8dee7c.
2026-10-03 21:06:15.337 | DEBUG    | tldw_chatbook.DB.ChaChaNotes_DB:_enter_transaction:24458 - Entered nested transaction level 2 on thread 8494865792.
2026-10-03 21:06:15.341 | INFO     | tldw_chatbook.DB.ChaChaNotes_DB:_migrate_from_v48_to_v49:7198 - Migrating schema from V48 to V49 for 'rag_char_chat_schema' in DB: db_sha256=a2724c8dee7c...
2026-10-03 21:06:15.341 | DEBUG    | tldw_chatbook.DB.ChaChaNotes_DB:_enter_transaction:24458 - Entered nested transaction level 2 on thread 8494865792.
2026-10-03 21:06:15.342 | INFO     | tldw_chatbook.DB.ChaChaNotes_DB:_migrate_from_v48_to_v49:7233 - [rag_char_chat_schema V48→V49] Migration completed successfully for DB: db_sha256=a2724c8dee7c.
2026-10-03 21:06:15.342 | INFO     | tldw_chatbook.DB.ChaChaNotes_DB:_migrate_from_v49_to_v50:7281 - Migrating schema from V49 to V50 for 'rag_char_chat_schema' in DB: db_sha256=a2724c8dee7c...
2026-10-03 21:06:15.342 | DEBUG    | tldw_chatbook.DB.ChaChaNotes_DB:_enter_transaction:24458 - Entered nested transaction level 2 on thread 8494865792.
2026-10-03 21:06:15.342 | INFO     | tldw_chatbook.DB.ChaChaNotes_DB:_migrate_from_v49_to_v50:7315 - [rag_char_chat_schema V49→V50] Migration completed successfully for DB: db_sha256=a2724c8dee7c.
2026-10-03 21:06:15.342 | DEBUG    | tldw_chatbook.DB.ChaChaNotes_DB:_enter_transaction:24458 - Entered nested transaction level 2 on thread 8494865792.
2026-10-03 21:06:15.346 | DEBUG    | tldw_chatbook.DB.ChaChaNotes_DB:_enter_transaction:24458 - Entered nested transaction level 2 on thread 8494865792.
2026-10-03 21:06:15.353 | INFO     | tldw_chatbook.DB.ChaChaNotes_DB:_migrate_from_v52_to_v53:7440 - Migrating schema from V52 to V53 for 'rag_char_chat_schema' in DB: db_sha256=a2724c8dee7c...
2026-10-03 21:06:15.353 | DEBUG    | tldw_chatbook.DB.ChaChaNotes_DB:_enter_transaction:24458 - Entered nested transaction level 2 on thread 8494865792.
2026-10-03 21:06:15.353 | INFO     | tldw_chatbook.DB.ChaChaNotes_DB:_migrate_from_v52_to_v53:7505 - [rag_char_chat_schema V52→V53] Migration completed for DB: db_sha256=a2724c8dee7c (examined 0, compacted 0, skipped 0 unreadable).
2026-10-03 21:06:15.353 | DEBUG    | tldw_chatbook.DB.ChaChaNotes_DB:_enter_transaction:24458 - Entered nested transaction level 2 on thread 8494865792.
2026-10-03 21:06:15.356 | DEBUG    | tldw_chatbook.DB.ChaChaNotes_DB:_enter_transaction:24458 - Entered nested transaction level 2 on thread 8494865792.
2026-10-03 21:06:15.357 | DEBUG    | tldw_chatbook.DB.ChaChaNotes_DB:_enter_transaction:24458 - Entered nested transaction level 2 on thread 8494865792.
2026-10-03 21:06:15.369 | DEBUG    | tldw_chatbook.DB.ChaChaNotes_DB:_enter_transaction:24458 - Entered nested transaction level 2 on thread 8494865792.
2026-10-03 21:06:15.371 | DEBUG    | tldw_chatbook.DB.ChaChaNotes_DB:_enter_transaction:24458 - Entered nested transaction level 2 on thread 8494865792.
2026-10-03 21:06:15.385 | DEBUG    | tldw_chatbook.DB.ChaChaNotes_DB:_enter_transaction:24458 - Entered nested transaction level 2 on thread 8494865792.
2026-10-03 21:06:15.386 | DEBUG    | tldw_chatbook.DB.ChaChaNotes_DB:_enter_transaction:24458 - Entered nested transaction level 2 on thread 8494865792.
2026-10-03 21:06:15.386 | DEBUG    | tldw_chatbook.DB.ChaChaNotes_DB:_enter_transaction:24458 - Entered nested transaction level 2 on thread 8494865792.
2026-10-03 21:06:15.387 | DEBUG    | tldw_chatbook.DB.ChaChaNotes_DB:_enter_transaction:24458 - Entered nested transaction level 2 on thread 8494865792.
2026-10-03 21:06:15.403 | DEBUG    | tldw_chatbook.DB.ChaChaNotes_DB:_enter_transaction:24458 - Entered nested transaction level 2 on thread 8494865792.
2026-10-03 21:06:15.407 | DEBUG    | tldw_chatbook.DB.ChaChaNotes_DB:_enter_transaction:24458 - Entered nested transaction level 2 on thread 8494865792.
2026-10-03 21:06:15.424 | DEBUG    | tldw_chatbook.DB.ChaChaNotes_DB:_enter_transaction:24458 - Entered nested transaction level 2 on thread 8494865792.
2026-10-03 21:06:15.424 | DEBUG    | tldw_chatbook.DB.ChaChaNotes_DB:_enter_transaction:24458 - Entered nested transaction level 2 on thread 8494865792.
2026-10-03 21:06:15.428 | DEBUG    | tldw_chatbook.DB.ChaChaNotes_DB:_enter_transaction:24458 - Entered nested transaction level 3 on thread 8494865792.
2026-10-03 21:06:15.428 | DEBUG    | tldw_chatbook.DB.ChaChaNotes_DB:_enter_transaction:24458 - Entered nested transaction level 3 on thread 8494865792.
2026-10-03 21:06:15.429 | DEBUG    | tldw_chatbook.DB.ChaChaNotes_DB:_enter_transaction:24458 - Entered nested transaction level 2 on thread 8494865792.
2026-10-03 21:06:15.431 | DEBUG    | tldw_chatbook.DB.ChaChaNotes_DB:_enter_transaction:24458 - Entered nested transaction level 2 on thread 8494865792.
2026-10-03 21:06:15.451 | DEBUG    | tldw_chatbook.DB.ChaChaNotes_DB:_enter_transaction:24458 - Entered nested transaction level 2 on thread 8494865792.
2026-10-03 21:06:15.452 | DEBUG    | tldw_chatbook.DB.ChaChaNotes_DB:_enter_transaction:24458 - Entered nested transaction level 2 on thread 8494865792.
2026-10-03 21:06:15.453 | DEBUG    | tldw_chatbook.DB.ChaChaNotes_DB:_enter_transaction:24458 - Entered nested transaction level 2 on thread 8494865792.
2026-10-03 21:06:15.459 | DEBUG    | tldw_chatbook.DB.ChaChaNotes_DB:_enter_transaction:24458 - Entered nested transaction level 2 on thread 8494865792.
2026-10-03 21:06:15.471 | DEBUG    | tldw_chatbook.DB.ChaChaNotes_DB:_enter_transaction:24458 - Entered nested transaction level 2 on thread 8494865792.
2026-10-03 21:06:15.472 | DEBUG    | tldw_chatbook.DB.ChaChaNotes_DB:_enter_transaction:24458 - Entered nested transaction level 2 on thread 8494865792.
2026-10-03 21:06:15.477 | DEBUG    | tldw_chatbook.DB.ChaChaNotes_DB:_enter_transaction:24458 - Entered nested transaction level 2 on thread 8494865792.
2026-10-03 21:06:15.478 | DEBUG    | tldw_chatbook.DB.ChaChaNotes_DB:_enter_transaction:24458 - Entered nested transaction level 2 on thread 8494865792.
2026-10-03 21:06:15.496 | INFO     | tldw_chatbook.DB.ChaChaNotes_DB:_initialize_schema:8685 - Database schema 'rag_char_chat_schema' successfully initialized/migrated to version 76.
2026-10-03 21:06:15.499 | DEBUG    | tldw_chatbook.DB.ChaChaNotes_DB:_exit_transaction:24552 - Transaction (outermost) committed successfully on thread 8494865792.
2026-10-03 21:06:15.499 | DEBUG    | tldw_chatbook.DB.ChaChaNotes_DB:__init__:3399 - CharactersRAGDB initialization completed successfully db_sha256=a2724c8dee7c
2026-10-03 21:06:15.505 | DEBUG    | tldw_chatbook.Chat.chat_persistence_service:__init__:271 - Recovered-media message source is unavailable.
2026-10-03 21:06:15.546 | INFO     | tldw_chatbook.DB.base_db:__init__:989 - AgentRunsDB initialized with path: /Users/macbook-dev/.codex/worktrees/console-chat-starts/tldw_chatbook/.superpowers/sdd/2026-10-03-console-pr2995-review-and-merge/task-4-red-profile-lormtzj4/pytest/test_ledger_cutoff_retains_cha2/runs.db [Client: t]
2026-10-03 21:06:15.548 | DEBUG    | tldw_chatbook.DB.ChaChaNotes_DB:_enter_transaction:24489 - Started outermost transaction on thread 8494865792.
2026-10-03 21:06:15.549 | DEBUG    | tldw_chatbook.DB.ChaChaNotes_DB:_exit_transaction:24552 - Transaction (outermost) committed successfully on thread 8494865792.
2026-10-03 21:06:15.549 | DEBUG    | tldw_chatbook.DB.ChaChaNotes_DB:add_conversation:11073 - Added conversation ID: 68a73ab2-0412-4172-8337-06e36e8e4888.
2026-10-03 21:06:15.551 | DEBUG    | tldw_chatbook.DB.ChaChaNotes_DB:_enter_transaction:24489 - Started outermost transaction on thread 8494865792.
2026-10-03 21:06:15.552 | DEBUG    | tldw_chatbook.DB.ChaChaNotes_DB:_exit_transaction:24552 - Transaction (outermost) committed successfully on thread 8494865792.
2026-10-03 21:06:15.552 | DEBUG    | tldw_chatbook.DB.ChaChaNotes_DB:add_conversation:11073 - Added conversation ID: 02c6b5ed-69b9-4ab2-bb57-149ed231ef8f.
2026-10-03 21:06:15.552 | DEBUG    | tldw_chatbook.DB.ChaChaNotes_DB:_enter_transaction:24489 - Started outermost transaction on thread 8494865792.
2026-10-03 21:06:15.552 | DEBUG    | tldw_chatbook.DB.ChaChaNotes_DB:_exit_transaction:24552 - Transaction (outermost) committed successfully on thread 8494865792.
2026-10-03 21:06:15.552 | DEBUG    | tldw_chatbook.DB.ChaChaNotes_DB:execute_query:4046 - Executing SQL (script=False): SELECT * FROM conversations WHERE id = ? AND deleted = 0... Params: (02c6b5ed-69b9-4ab2-bb57-149ed231ef8f)
2026-10-03 21:06:15.553 | DEBUG    | tldw_chatbook.DB.ChaChaNotes_DB:execute_query:4046 - Executing SQL (script=False): SELECT * FROM conversations WHERE id = ? AND deleted = 0... Params: (02c6b5ed-69b9-4ab2-bb57-149ed231ef8f)
2026-10-03 21:06:15.553 | DEBUG    | tldw_chatbook.DB.ChaChaNotes_DB:_enter_transaction:24489 - Started outermost transaction on thread 8494865792.
2026-10-03 21:06:15.553 | DEBUG    | tldw_chatbook.DB.ChaChaNotes_DB:_exit_transaction:24552 - Transaction (outermost) committed successfully on thread 8494865792.
2026-10-03 21:06:15.553 | DEBUG    | tldw_chatbook.DB.ChaChaNotes_DB:_enter_transaction:24489 - Started outermost transaction on thread 8494865792.
2026-10-03 21:06:15.553 | DEBUG    | tldw_chatbook.DB.ChaChaNotes_DB:_exit_transaction:24552 - Transaction (outermost) committed successfully on thread 8494865792.
2026-10-03 21:06:15.554 | DEBUG    | tldw_chatbook.DB.ChaChaNotes_DB:execute_query:4046 - Executing SQL (script=False): SELECT * FROM conversations WHERE id = ? AND deleted = 0... Params: (02c6b5ed-69b9-4ab2-bb57-149ed231ef8f)
2026-10-03 21:06:15.554 | DEBUG    | tldw_chatbook.DB.ChaChaNotes_DB:_enter_transaction:24489 - Started outermost transaction on thread 8494865792.
2026-10-03 21:06:15.554 | DEBUG    | tldw_chatbook.DB.ChaChaNotes_DB:_exit_transaction:24552 - Transaction (outermost) committed successfully on thread 8494865792.
2026-10-03 21:06:15.554 | DEBUG    | tldw_chatbook.DB.ChaChaNotes_DB:execute_query:4046 - Executing SQL (script=False): 
            SELECT m.id, m.conversation_id, m.parent_message_id, m.sender, m.content,
                   m.image_data, m.image_mime_type, m.timestamp, m.ranking,
                   m.last_modified, m.version, m.client_id, m.deleted, m.feedback, m.role,
                   m.variant_of, m.variant_num... Params: (02c6b5ed-69b9-4ab2-bb57-149ed231ef8f, 100000, 0)
2026-10-03 21:06:15.592 | DEBUG    | tldw_chatbook.DB.ChaChaNotes_DB:_get_thread_connection:3554 - Opened/Reopened SQLite connection db_sha256=a2724c8dee7c thread=6172045312
2026-10-03 21:06:15.592 | DEBUG    | tldw_chatbook.DB.ChaChaNotes_DB:close_connection:3874 - Attempting WAL checkpoint (TRUNCATE) before close db_sha256=a2724c8dee7c thread=6172045312.
2026-10-03 21:06:15.595 | DEBUG    | tldw_chatbook.DB.ChaChaNotes_DB:close_connection:3880 - WAL checkpoint TRUNCATE executed db_sha256=a2724c8dee7c.
2026-10-03 21:06:15.596 | DEBUG    | tldw_chatbook.DB.ChaChaNotes_DB:close_connection:3900 - Closed SQLite connection db_sha256=a2724c8dee7c thread=6172045312.
2026-10-03 21:06:15.687 | DEBUG    | tldw_chatbook.DB.ChaChaNotes_DB:_get_thread_connection:3554 - Opened/Reopened SQLite connection db_sha256=a2724c8dee7c thread=6188871680
2026-10-03 21:06:15.687 | DEBUG    | tldw_chatbook.DB.ChaChaNotes_DB:close_connection:3874 - Attempting WAL checkpoint (TRUNCATE) before close db_sha256=a2724c8dee7c thread=6188871680.
2026-10-03 21:06:15.688 | DEBUG    | tldw_chatbook.DB.ChaChaNotes_DB:close_connection:3880 - WAL checkpoint TRUNCATE executed db_sha256=a2724c8dee7c.
2026-10-03 21:06:15.688 | DEBUG    | tldw_chatbook.DB.ChaChaNotes_DB:close_connection:3900 - Closed SQLite connection db_sha256=a2724c8dee7c thread=6188871680.
2026-10-03 21:06:15.690 | DEBUG    | tldw_chatbook.DB.ChaChaNotes_DB:_enter_transaction:24489 - Started outermost transaction on thread 8494865792.
2026-10-03 21:06:15.690 | DEBUG    | tldw_chatbook.DB.ChaChaNotes_DB:_exit_transaction:24552 - Transaction (outermost) committed successfully on thread 8494865792.
2026-10-03 21:06:15.736 | DEBUG    | tldw_chatbook.DB.ChaChaNotes_DB:_get_thread_connection:3554 - Opened/Reopened SQLite connection db_sha256=a2724c8dee7c thread=6188871680
2026-10-03 21:06:15.736 | DEBUG    | tldw_chatbook.DB.ChaChaNotes_DB:_enter_transaction:24489 - Started outermost transaction on thread 6188871680.
2026-10-03 21:06:15.740 | DEBUG    | tldw_chatbook.DB.ChaChaNotes_DB:_exit_transaction:24552 - Transaction (outermost) committed successfully on thread 6188871680.
2026-10-03 21:06:15.741 | DEBUG    | tldw_chatbook.DB.ChaChaNotes_DB:close_connection:3874 - Attempting WAL checkpoint (TRUNCATE) before close db_sha256=a2724c8dee7c thread=6188871680.
2026-10-03 21:06:15.741 | DEBUG    | tldw_chatbook.DB.ChaChaNotes_DB:close_connection:3880 - WAL checkpoint TRUNCATE executed db_sha256=a2724c8dee7c.
2026-10-03 21:06:15.742 | DEBUG    | tldw_chatbook.DB.ChaChaNotes_DB:close_connection:3900 - Closed SQLite connection db_sha256=a2724c8dee7c thread=6188871680.
2026-10-03 21:06:15.839 | DEBUG    | tldw_chatbook.DB.ChaChaNotes_DB:_get_thread_connection:3554 - Opened/Reopened SQLite connection db_sha256=a2724c8dee7c thread=6188871680
2026-10-03 21:06:15.839 | DEBUG    | tldw_chatbook.DB.ChaChaNotes_DB:_enter_transaction:24489 - Started outermost transaction on thread 6188871680.
2026-10-03 21:06:15.840 | DEBUG    | tldw_chatbook.DB.ChaChaNotes_DB:_exit_transaction:24552 - Transaction (outermost) committed successfully on thread 6188871680.
2026-10-03 21:06:15.840 | DEBUG    | tldw_chatbook.DB.ChaChaNotes_DB:close_connection:3874 - Attempting WAL checkpoint (TRUNCATE) before close db_sha256=a2724c8dee7c thread=6188871680.
2026-10-03 21:06:15.840 | DEBUG    | tldw_chatbook.DB.ChaChaNotes_DB:close_connection:3880 - WAL checkpoint TRUNCATE executed db_sha256=a2724c8dee7c.
2026-10-03 21:06:15.841 | DEBUG    | tldw_chatbook.DB.ChaChaNotes_DB:close_connection:3900 - Closed SQLite connection db_sha256=a2724c8dee7c thread=6188871680.
2026-10-03 21:06:15.841 | DEBUG    | tldw_chatbook.DB.ChaChaNotes_DB:execute_query:4046 - Executing SQL (script=False): 
            SELECT m.id, m.conversation_id, m.parent_message_id, m.sender, m.content,
                   m.image_data, m.image_mime_type, m.timestamp, m.ranking,
                   m.last_modified, m.version, m.client_id, m.deleted, m.feedback, m.role,
                   m.variant_of, m.variant_num... Params: (02c6b5ed-69b9-4ab2-bb57-149ed231ef8f, 100, 0)
2026-10-03 21:06:15.843 | DEBUG    | tldw_chatbook.DB.ChaChaNotes_DB:close_connection:3874 - Attempting WAL checkpoint (TRUNCATE) before close db_sha256=a2724c8dee7c thread=8494865792.
2026-10-03 21:06:15.844 | DEBUG    | tldw_chatbook.DB.ChaChaNotes_DB:close_connection:3880 - WAL checkpoint TRUNCATE executed db_sha256=a2724c8dee7c.
2026-10-03 21:06:15.844 | DEBUG    | tldw_chatbook.DB.ChaChaNotes_DB:close_connection:3900 - Closed SQLite connection db_sha256=a2724c8dee7c thread=8494865792.
------------------------------ Captured log call -------------------------------
ERROR    tldw_chatbook.diagnostics.console:persistent_diagnostics.py:256 event=console_send_stage app_version=0.2.3 attempt_id=cc3ffded7006415e9cc52cfb10500ae1 capture_enabled=false component=console duration_ms=59 error_category=internal exception_type=CancelledError phase=durable_commit python_version=3.12.11 sqlite_version=3.49.1 status=failed
_ test_native_commit_keeps_exact_worker_and_capacity_until_repeated_cancel_drains _

tmp_path = PosixPath('/Users/macbook-dev/.codex/worktrees/console-chat-starts/tldw_chatbook/.superpowers/sdd/2026-10-03-console-pr2995-review-and-merge/task-4-red-profile-lormtzj4/pytest/test_native_commit_keeps_exact0')

    @pytest.mark.asyncio
    async def test_native_commit_keeps_exact_worker_and_capacity_until_repeated_cancel_drains(tmp_path):
        import asyncio
        from threading import Event
    
        controller, store, runs, source, target, chain, request = await _native_start_rig(tmp_path)
        entered, release, exited = Event(), Event(), Event()
        original = store.commit_durable_turn
        baseline = len(store.persistence.db._connection_quiescence._connections)
    
        def held(acceptance):
            entered.set()
            try:
                assert release.wait(10)
                return original(acceptance)
            finally:
                exited.set()
    
        store.commit_durable_turn = held
        start = asyncio.create_task(controller._chat_start.start(request))
        try:
            assert await asyncio.to_thread(entered.wait, 5)
            item = controller._chat_start._active[target.id]
            store.switch_session(target.id)
            assert controller.stop_active_run()
            await asyncio.sleep(0.05)
            item.task.cancel()
            await asyncio.sleep(0.05)
>           assert target.id in controller.fleet_wake._automatic_primary_claims
E           AssertionError: assert '4af05f3f-1e2b-41a8-bbfc-fe28dc959956' in {}
E            +  where '4af05f3f-1e2b-41a8-bbfc-fe28dc959956' = ConsoleChatSession(incarnation_id='58f64fa9-d016-4699-8e39-3f53a8f6284d', agent_handoff_revision=1, agent_handoff_stat... fork_trace_boundary=None, todo_store=<tldw_chatbook.Agents.session_todo_store.SessionTodoStore object at 0x10e26ab40>).id
E            +  and   {} = <tldw_chatbook.Chat.console_fleet_wake.ConsoleFleetWakeCoordinator object at 0x10e268740>._automatic_primary_claims
E            +    where <tldw_chatbook.Chat.console_fleet_wake.ConsoleFleetWakeCoordinator object at 0x10e268740> = <tldw_chatbook.Chat.console_chat_controller.ConsoleChatController object at 0x10e26af00>.fleet_wake

Tests/Chat/test_console_chat_start.py:2753: AssertionError
----------------------------- Captured stderr call -----------------------------
2026-10-03 21:06:15.905 | INFO     | tldw_chatbook.DB.ChaChaNotes_DB:__init__:3376 - Initializing CharactersRAGDB db_sha256=398aaacb3e8d [Client ID: t]
2026-10-03 21:06:15.945 | DEBUG    | tldw_chatbook.DB.ChaChaNotes_DB:_get_thread_connection:3554 - Opened/Reopened SQLite connection db_sha256=398aaacb3e8d thread=8494865792
2026-10-03 21:06:15.946 | DEBUG    | tldw_chatbook.DB.ChaChaNotes_DB:_enter_transaction:24489 - Started outermost transaction on thread 8494865792.
2026-10-03 21:06:15.946 | INFO     | tldw_chatbook.DB.ChaChaNotes_DB:_initialize_schema:8550 - Checking DB schema 'rag_char_chat_schema'. Current version: 0. Code supports: 76
2026-10-03 21:06:15.946 | INFO     | tldw_chatbook.DB.ChaChaNotes_DB:_apply_schema_v4:4437 - Applying schema Version 4 for 'rag_char_chat_schema' to DB: db_sha256=398aaacb3e8d...
2026-10-03 21:06:15.946 | DEBUG    | tldw_chatbook.DB.ChaChaNotes_DB:_enter_transaction:24458 - Entered nested transaction level 2 on thread 8494865792.
2026-10-03 21:06:15.952 | DEBUG    | tldw_chatbook.DB.ChaChaNotes_DB:_apply_schema_v4:4478 - [rag_char_chat_schema V4] Full schema script executed.
2026-10-03 21:06:15.952 | INFO     | tldw_chatbook.DB.ChaChaNotes_DB:_apply_schema_v4:4485 - [rag_char_chat_schema V4] Schema 4 applied and version confirmed for DB: db_sha256=398aaacb3e8d.
2026-10-03 21:06:15.952 | DEBUG    | tldw_chatbook.DB.ChaChaNotes_DB:_enrich_default_assistant_card_if_bare:4749 - [task-2451] Default Assistant enrichment UPDATE affected 1 row(s) in DB: db_sha256=398aaacb3e8d.
2026-10-03 21:06:15.952 | INFO     | tldw_chatbook.DB.ChaChaNotes_DB:_migrate_from_v4_to_v5:4770 - Migrating schema from V4 to V5 for 'rag_char_chat_schema' in DB: db_sha256=398aaacb3e8d...
2026-10-03 21:06:15.953 | DEBUG    | tldw_chatbook.DB.ChaChaNotes_DB:_enter_transaction:24458 - Entered nested transaction level 2 on thread 8494865792.
2026-10-03 21:06:15.961 | DEBUG    | tldw_chatbook.DB.ChaChaNotes_DB:_migrate_from_v4_to_v5:4780 - [rag_char_chat_schema V4→V5] Migration script executed.
2026-10-03 21:06:15.961 | INFO     | tldw_chatbook.DB.ChaChaNotes_DB:_migrate_from_v4_to_v5:4789 - [rag_char_chat_schema V4→V5] Migration completed successfully for DB: db_sha256=398aaacb3e8d.
2026-10-03 21:06:15.961 | INFO     | tldw_chatbook.DB.ChaChaNotes_DB:_migrate_from_v5_to_v6:4823 - Migrating schema from V5 to V6 for 'rag_char_chat_schema' in DB: db_sha256=398aaacb3e8d...
2026-10-03 21:06:15.961 | DEBUG    | tldw_chatbook.DB.ChaChaNotes_DB:_enter_transaction:24458 - Entered nested transaction level 2 on thread 8494865792.
2026-10-03 21:06:15.962 | DEBUG    | tldw_chatbook.DB.ChaChaNotes_DB:_migrate_from_v5_to_v6:4831 - [rag_char_chat_schema V5→V6] Migration script executed.
2026-10-03 21:06:15.962 | INFO     | tldw_chatbook.DB.ChaChaNotes_DB:_migrate_from_v5_to_v6:4840 - [rag_char_chat_schema V5→V6] Migration completed successfully for DB: db_sha256=398aaacb3e8d.
2026-10-03 21:06:15.962 | INFO     | tldw_chatbook.DB.ChaChaNotes_DB:_migrate_from_v6_to_v7:4874 - Migrating schema from V6 to V7 for 'rag_char_chat_schema' in DB: db_sha256=398aaacb3e8d...
2026-10-03 21:06:15.962 | DEBUG    | tldw_chatbook.DB.ChaChaNotes_DB:_enter_transaction:24458 - Entered nested transaction level 2 on thread 8494865792.
2026-10-03 21:06:15.964 | DEBUG    | tldw_chatbook.DB.ChaChaNotes_DB:_migrate_from_v6_to_v7:4882 - [rag_char_chat_schema V6→V7] Migration script executed.
2026-10-03 21:06:15.964 | INFO     | tldw_chatbook.DB.ChaChaNotes_DB:_migrate_from_v6_to_v7:4891 - [rag_char_chat_schema V6→V7] Migration completed successfully for DB: db_sha256=398aaacb3e8d.
2026-10-03 21:06:15.964 | INFO     | tldw_chatbook.DB.ChaChaNotes_DB:_migrate_from_v7_to_v8:8464 - Migrating schema from V7 to V8 for 'rag_char_chat_schema' in DB: db_sha256=398aaacb3e8d...
2026-10-03 21:06:15.964 | DEBUG    | tldw_chatbook.DB.ChaChaNotes_DB:_enter_transaction:24458 - Entered nested transaction level 2 on thread 8494865792.
2026-10-03 21:06:15.965 | DEBUG    | tldw_chatbook.DB.ChaChaNotes_DB:_migrate_from_v7_to_v8:8472 - [rag_char_chat_schema V7→V8] Migration script executed.
2026-10-03 21:06:15.965 | INFO     | tldw_chatbook.DB.ChaChaNotes_DB:_migrate_from_v7_to_v8:8481 - [rag_char_chat_schema V7→V8] Migration completed successfully for DB: db_sha256=398aaacb3e8d.
2026-10-03 21:06:15.965 | INFO     | tldw_chatbook.DB.ChaChaNotes_DB:_migrate_from_v8_to_v9:4925 - Migrating schema from V8 to V9 for 'rag_char_chat_schema' in DB: db_sha256=398aaacb3e8d...
2026-10-03 21:06:15.965 | DEBUG    | tldw_chatbook.DB.ChaChaNotes_DB:_enter_transaction:24458 - Entered nested transaction level 2 on thread 8494865792.
2026-10-03 21:06:15.967 | DEBUG    | tldw_chatbook.DB.ChaChaNotes_DB:_migrate_from_v8_to_v9:4933 - [rag_char_chat_schema V8→V9] Migration script executed.
2026-10-03 21:06:15.967 | INFO     | tldw_chatbook.DB.ChaChaNotes_DB:_migrate_from_v8_to_v9:4942 - [rag_char_chat_schema V8→V9] Migration completed successfully for DB: db_sha256=398aaacb3e8d.
2026-10-03 21:06:15.967 | INFO     | tldw_chatbook.DB.ChaChaNotes_DB:_migrate_from_v9_to_v10:4976 - Migrating schema from V9 to V10 for 'rag_char_chat_schema' in DB: db_sha256=398aaacb3e8d...
2026-10-03 21:06:15.968 | DEBUG    | tldw_chatbook.DB.ChaChaNotes_DB:_enter_transaction:24458 - Entered nested transaction level 2 on thread 8494865792.
2026-10-03 21:06:15.968 | DEBUG    | tldw_chatbook.DB.ChaChaNotes_DB:_migrate_from_v9_to_v10:4984 - [rag_char_chat_schema V9→V10] Migration script executed.
2026-10-03 21:06:15.968 | INFO     | tldw_chatbook.DB.ChaChaNotes_DB:_migrate_from_v9_to_v10:4993 - [rag_char_chat_schema V9→V10] Migration completed successfully for DB: db_sha256=398aaacb3e8d.
2026-10-03 21:06:15.968 | INFO     | tldw_chatbook.DB.ChaChaNotes_DB:_migrate_from_v10_to_v11:5027 - Migrating schema from V10 to V11 for 'rag_char_chat_schema' in DB: db_sha256=398aaacb3e8d...
2026-10-03 21:06:15.968 | DEBUG    | tldw_chatbook.DB.ChaChaNotes_DB:_enter_transaction:24458 - Entered nested transaction level 2 on thread 8494865792.
2026-10-03 21:06:15.970 | DEBUG    | tldw_chatbook.DB.ChaChaNotes_DB:_migrate_from_v10_to_v11:5035 - [rag_char_chat_schema V10→V11] Migration script executed.
2026-10-03 21:06:15.970 | INFO     | tldw_chatbook.DB.ChaChaNotes_DB:_migrate_from_v10_to_v11:5044 - [rag_char_chat_schema V10→V11] Migration completed successfully for DB: db_sha256=398aaacb3e8d.
2026-10-03 21:06:15.970 | INFO     | tldw_chatbook.DB.ChaChaNotes_DB:_migrate_from_v11_to_v12:5078 - Migrating schema from V11 to V12 for 'rag_char_chat_schema' in DB: db_sha256=398aaacb3e8d...
2026-10-03 21:06:15.970 | DEBUG    | tldw_chatbook.DB.ChaChaNotes_DB:_enter_transaction:24458 - Entered nested transaction level 2 on thread 8494865792.
2026-10-03 21:06:15.977 | DEBUG    | tldw_chatbook.DB.ChaChaNotes_DB:_migrate_from_v11_to_v12:5086 - [rag_char_chat_schema V11→V12] Migration script executed.
2026-10-03 21:06:15.977 | INFO     | tldw_chatbook.DB.ChaChaNotes_DB:_migrate_from_v11_to_v12:5095 - [rag_char_chat_schema V11→V12] Migration completed successfully for DB: db_sha256=398aaacb3e8d.
2026-10-03 21:06:15.977 | INFO     | tldw_chatbook.DB.ChaChaNotes_DB:_migrate_from_v12_to_v13:5121 - Migrating schema from V12 to V13 for 'rag_char_chat_schema' in DB: db_sha256=398aaacb3e8d...
2026-10-03 21:06:15.977 | DEBUG    | tldw_chatbook.DB.ChaChaNotes_DB:_enter_transaction:24458 - Entered nested transaction level 2 on thread 8494865792.
2026-10-03 21:06:15.997 | DEBUG    | tldw_chatbook.DB.ChaChaNotes_DB:_migrate_from_v12_to_v13:5129 - [rag_char_chat_schema V12→V13] Migration script executed.
2026-10-03 21:06:15.997 | INFO     | tldw_chatbook.DB.ChaChaNotes_DB:_migrate_from_v12_to_v13:5137 - [rag_char_chat_schema V12→V13] Migration completed successfully for DB: db_sha256=398aaacb3e8d.
2026-10-03 21:06:15.997 | INFO     | tldw_chatbook.DB.ChaChaNotes_DB:_migrate_from_v13_to_v14:5162 - Migrating schema from V13 to V14 for 'rag_char_chat_schema' in DB: db_sha256=398aaacb3e8d...
2026-10-03 21:06:15.998 | DEBUG    | tldw_chatbook.DB.ChaChaNotes_DB:_enter_transaction:24458 - Entered nested transaction level 2 on thread 8494865792.
2026-10-03 21:06:16.003 | DEBUG    | tldw_chatbook.DB.ChaChaNotes_DB:_migrate_from_v13_to_v14:5170 - [rag_char_chat_schema V13→V14] Migration script executed.
2026-10-03 21:06:16.003 | INFO     | tldw_chatbook.DB.ChaChaNotes_DB:_migrate_from_v13_to_v14:5178 - [rag_char_chat_schema V13→V14] Migration completed successfully for DB: db_sha256=398aaacb3e8d.
2026-10-03 21:06:16.003 | INFO     | tldw_chatbook.DB.ChaChaNotes_DB:_migrate_from_v14_to_v15:5203 - Migrating schema from V14 to V15 for 'rag_char_chat_schema' in DB: db_sha256=398aaacb3e8d...
2026-10-03 21:06:16.003 | DEBUG    | tldw_chatbook.DB.ChaChaNotes_DB:_enter_transaction:24458 - Entered nested transaction level 2 on thread 8494865792.
2026-10-03 21:06:16.004 | DEBUG    | tldw_chatbook.DB.ChaChaNotes_DB:_migrate_from_v14_to_v15:5211 - [rag_char_chat_schema V14→V15] Migration script executed.
2026-10-03 21:06:16.004 | INFO     | tldw_chatbook.DB.ChaChaNotes_DB:_migrate_from_v14_to_v15:5219 - [rag_char_chat_schema V14→V15] Migration completed successfully for DB: db_sha256=398aaacb3e8d.
2026-10-03 21:06:16.004 | INFO     | tldw_chatbook.DB.ChaChaNotes_DB:_migrate_from_v15_to_v16:5245 - Migrating schema from V15 to V16 for 'rag_char_chat_schema' in DB: db_sha256=398aaacb3e8d...
2026-10-03 21:06:16.004 | DEBUG    | tldw_chatbook.DB.ChaChaNotes_DB:_enter_transaction:24458 - Entered nested transaction level 2 on thread 8494865792.
2026-10-03 21:06:16.005 | DEBUG    | tldw_chatbook.DB.ChaChaNotes_DB:_migrate_from_v15_to_v16:5288 - [rag_char_chat_schema V15→V16] Migration script executed.
2026-10-03 21:06:16.005 | INFO     | tldw_chatbook.DB.ChaChaNotes_DB:_migrate_from_v15_to_v16:5298 - [rag_char_chat_schema V15→V16] Migration completed successfully for DB: db_sha256=398aaacb3e8d.
2026-10-03 21:06:16.005 | INFO     | tldw_chatbook.DB.ChaChaNotes_DB:_migrate_from_v16_to_v17:5324 - Migrating schema from V16 to V17 for 'rag_char_chat_schema' in DB: db_sha256=398aaacb3e8d...
2026-10-03 21:06:16.005 | DEBUG    | tldw_chatbook.DB.ChaChaNotes_DB:_enter_transaction:24458 - Entered nested transaction level 2 on thread 8494865792.
2026-10-03 21:06:16.005 | DEBUG    | tldw_chatbook.DB.ChaChaNotes_DB:_migrate_from_v16_to_v17:5332 - [rag_char_chat_schema V16→V17] Migration script executed.
2026-10-03 21:06:16.005 | INFO     | tldw_chatbook.DB.ChaChaNotes_DB:_migrate_from_v16_to_v17:5340 - [rag_char_chat_schema V16→V17] Migration completed successfully for DB: db_sha256=398aaacb3e8d.
2026-10-03 21:06:16.005 | INFO     | tldw_chatbook.DB.ChaChaNotes_DB:_migrate_from_v17_to_v18:5368 - Migrating schema from V17 to V18 for 'rag_char_chat_schema' in DB: db_sha256=398aaacb3e8d...
2026-10-03 21:06:16.005 | DEBUG    | tldw_chatbook.DB.ChaChaNotes_DB:_enter_transaction:24458 - Entered nested transaction level 2 on thread 8494865792.
2026-10-03 21:06:16.008 | DEBUG    | tldw_chatbook.DB.ChaChaNotes_DB:_migrate_from_v17_to_v18:5376 - [rag_char_chat_schema V17→V18] Migration script executed.
2026-10-03 21:06:16.008 | INFO     | tldw_chatbook.DB.ChaChaNotes_DB:_migrate_from_v17_to_v18:5384 - [rag_char_chat_schema V17→V18] Migration completed successfully for DB: db_sha256=398aaacb3e8d.
2026-10-03 21:06:16.008 | INFO     | tldw_chatbook.DB.ChaChaNotes_DB:_migrate_from_v18_to_v19:8414 - Migrating schema from V18 to V19 for 'rag_char_chat_schema' in DB: db_sha256=398aaacb3e8d...
2026-10-03 21:06:16.008 | DEBUG    | tldw_chatbook.DB.ChaChaNotes_DB:_enter_transaction:24458 - Entered nested transaction level 2 on thread 8494865792.
2026-10-03 21:06:16.008 | DEBUG    | tldw_chatbook.DB.ChaChaNotes_DB:_migrate_from_v18_to_v19:8422 - [rag_char_chat_schema V18→V19] Migration script executed.
2026-10-03 21:06:16.008 | INFO     | tldw_chatbook.DB.ChaChaNotes_DB:_migrate_from_v18_to_v19:8430 - [rag_char_chat_schema V18→V19] Migration completed successfully for DB: db_sha256=398aaacb3e8d.
2026-10-03 21:06:16.008 | INFO     | tldw_chatbook.DB.ChaChaNotes_DB:_migrate_from_v19_to_v20:5412 - Migrating schema from V19 to V20 for 'rag_char_chat_schema' in DB: db_sha256=398aaacb3e8d...
2026-10-03 21:06:16.008 | DEBUG    | tldw_chatbook.DB.ChaChaNotes_DB:_enter_transaction:24458 - Entered nested transaction level 2 on thread 8494865792.
2026-10-03 21:06:16.011 | DEBUG    | tldw_chatbook.DB.ChaChaNotes_DB:_migrate_from_v19_to_v20:5431 - [rag_char_chat_schema V19→V20] Migration script executed.
2026-10-03 21:06:16.011 | INFO     | tldw_chatbook.DB.ChaChaNotes_DB:_migrate_from_v19_to_v20:5439 - [rag_char_chat_schema V19→V20] Migration completed successfully for DB: db_sha256=398aaacb3e8d.
2026-10-03 21:06:16.011 | INFO     | tldw_chatbook.DB.ChaChaNotes_DB:_migrate_from_v20_to_v21:5467 - Migrating schema from V20 to V21 for 'rag_char_chat_schema' in DB: db_sha256=398aaacb3e8d...
2026-10-03 21:06:16.011 | DEBUG    | tldw_chatbook.DB.ChaChaNotes_DB:_enter_transaction:24458 - Entered nested transaction level 2 on thread 8494865792.
2026-10-03 21:06:16.012 | DEBUG    | tldw_chatbook.DB.ChaChaNotes_DB:_migrate_from_v20_to_v21:5488 - [rag_char_chat_schema V20→V21] Migration script executed.
2026-10-03 21:06:16.012 | INFO     | tldw_chatbook.DB.ChaChaNotes_DB:_migrate_from_v20_to_v21:5496 - [rag_char_chat_schema V20→V21] Migration completed successfully for DB: db_sha256=398aaacb3e8d.
2026-10-03 21:06:16.012 | INFO     | tldw_chatbook.DB.ChaChaNotes_DB:_migrate_from_v21_to_v22:5518 - Migrating schema from V21 to V22 for 'rag_char_chat_schema' in DB: db_sha256=398aaacb3e8d...
2026-10-03 21:06:16.012 | DEBUG    | tldw_chatbook.DB.ChaChaNotes_DB:_enter_transaction:24458 - Entered nested transaction level 2 on thread 8494865792.
2026-10-03 21:06:16.012 | DEBUG    | tldw_chatbook.DB.ChaChaNotes_DB:_migrate_from_v21_to_v22:5536 - [rag_char_chat_schema V21→V22] Migration script executed.
2026-10-03 21:06:16.012 | INFO     | tldw_chatbook.DB.ChaChaNotes_DB:_migrate_from_v21_to_v22:5542 - [rag_char_chat_schema V21→V22] Migration completed successfully for DB: db_sha256=398aaacb3e8d.
2026-10-03 21:06:16.012 | INFO     | tldw_chatbook.DB.ChaChaNotes_DB:_migrate_from_v22_to_v23:5564 - Migrating schema from V22 to V23 for 'rag_char_chat_schema' in DB: db_sha256=398aaacb3e8d...
2026-10-03 21:06:16.013 | DEBUG    | tldw_chatbook.DB.ChaChaNotes_DB:_enter_transaction:24458 - Entered nested transaction level 2 on thread 8494865792.
2026-10-03 21:06:16.013 | DEBUG    | tldw_chatbook.DB.ChaChaNotes_DB:_migrate_from_v22_to_v23:5572 - [rag_char_chat_schema V22→V23] Migration script executed.
2026-10-03 21:06:16.013 | INFO     | tldw_chatbook.DB.ChaChaNotes_DB:_migrate_from_v22_to_v23:5578 - [rag_char_chat_schema V22→V23] Migration completed successfully for DB: db_sha256=398aaacb3e8d.
2026-10-03 21:06:16.013 | INFO     | tldw_chatbook.DB.ChaChaNotes_DB:_migrate_from_v23_to_v24:5601 - Migrating schema from V23 to V24 for 'rag_char_chat_schema' in DB: db_sha256=398aaacb3e8d...
2026-10-03 21:06:16.013 | DEBUG    | tldw_chatbook.DB.ChaChaNotes_DB:_enter_transaction:24458 - Entered nested transaction level 2 on thread 8494865792.
2026-10-03 21:06:16.015 | DEBUG    | tldw_chatbook.DB.ChaChaNotes_DB:_migrate_from_v23_to_v24:5619 - [rag_char_chat_schema V23→V24] Migration script executed.
2026-10-03 21:06:16.015 | INFO     | tldw_chatbook.DB.ChaChaNotes_DB:_migrate_from_v23_to_v24:5625 - [rag_char_chat_schema V23→V24] Migration completed successfully for DB: db_sha256=398aaacb3e8d.
2026-10-03 21:06:16.015 | INFO     | tldw_chatbook.DB.ChaChaNotes_DB:_migrate_from_v24_to_v25:5648 - Migrating schema from V24 to V25 for 'rag_char_chat_schema' in DB: db_sha256=398aaacb3e8d...
2026-10-03 21:06:16.015 | DEBUG    | tldw_chatbook.DB.ChaChaNotes_DB:_enter_transaction:24458 - Entered nested transaction level 2 on thread 8494865792.
2026-10-03 21:06:16.015 | DEBUG    | tldw_chatbook.DB.ChaChaNotes_DB:_migrate_from_v24_to_v25:5656 - [rag_char_chat_schema V24→V25] Migration script executed.
2026-10-03 21:06:16.015 | INFO     | tldw_chatbook.DB.ChaChaNotes_DB:_migrate_from_v24_to_v25:5662 - [rag_char_chat_schema V24→V25] Migration completed successfully for DB: db_sha256=398aaacb3e8d.
2026-10-03 21:06:16.015 | INFO     | tldw_chatbook.DB.ChaChaNotes_DB:_migrate_from_v25_to_v26:5686 - Migrating schema from V25 to V26 for 'rag_char_chat_schema' in DB: db_sha256=398aaacb3e8d...
2026-10-03 21:06:16.015 | DEBUG    | tldw_chatbook.DB.ChaChaNotes_DB:_enter_transaction:24458 - Entered nested transaction level 2 on thread 8494865792.
2026-10-03 21:06:16.019 | DEBUG    | tldw_chatbook.DB.ChaChaNotes_DB:_migrate_from_v25_to_v26:5708 - [rag_char_chat_schema V25→V26] Migration script executed.
2026-10-03 21:06:16.019 | INFO     | tldw_chatbook.DB.ChaChaNotes_DB:_migrate_from_v25_to_v26:5714 - [rag_char_chat_schema V25→V26] Migration completed successfully for DB: db_sha256=398aaacb3e8d.
2026-10-03 21:06:16.019 | DEBUG    | tldw_chatbook.DB.ChaChaNotes_DB:_enter_transaction:24458 - Entered nested transaction level 2 on thread 8494865792.
2026-10-03 21:06:16.022 | DEBUG    | tldw_chatbook.DB.ChaChaNotes_DB:_enter_transaction:24458 - Entered nested transaction level 2 on thread 8494865792.
2026-10-03 21:06:16.022 | DEBUG    | tldw_chatbook.DB.ChaChaNotes_DB:_enter_transaction:24458 - Entered nested transaction level 3 on thread 8494865792.
2026-10-03 21:06:16.024 | INFO     | tldw_chatbook.DB.ChaChaNotes_DB:_migrate_from_v28_to_v29:5901 - Migrating schema from V28 to V29 for 'rag_char_chat_schema' in DB: db_sha256=398aaacb3e8d...
2026-10-03 21:06:16.025 | DEBUG    | tldw_chatbook.DB.ChaChaNotes_DB:_enter_transaction:24458 - Entered nested transaction level 2 on thread 8494865792.
2026-10-03 21:06:16.025 | DEBUG    | tldw_chatbook.DB.ChaChaNotes_DB:_migrate_from_v28_to_v29:5909 - [rag_char_chat_schema V28→V29] Migration script executed.
2026-10-03 21:06:16.025 | INFO     | tldw_chatbook.DB.ChaChaNotes_DB:_migrate_from_v28_to_v29:5917 - [rag_char_chat_schema V28→V29] Migration completed successfully for DB: db_sha256=398aaacb3e8d.
2026-10-03 21:06:16.025 | INFO     | tldw_chatbook.DB.ChaChaNotes_DB:_migrate_from_v29_to_v30:5944 - Migrating schema from V29 to V30 for 'rag_char_chat_schema' in DB: db_sha256=398aaacb3e8d...
2026-10-03 21:06:16.025 | DEBUG    | tldw_chatbook.DB.ChaChaNotes_DB:_enter_transaction:24458 - Entered nested transaction level 2 on thread 8494865792.
2026-10-03 21:06:16.027 | DEBUG    | tldw_chatbook.DB.ChaChaNotes_DB:_migrate_from_v29_to_v30:5970 - [rag_char_chat_schema V29→V30] Migration script executed.
2026-10-03 21:06:16.027 | INFO     | tldw_chatbook.DB.ChaChaNotes_DB:_migrate_from_v29_to_v30:5994 - [rag_char_chat_schema V29→V30] Migration completed successfully for DB: db_sha256=398aaacb3e8d.
2026-10-03 21:06:16.027 | INFO     | tldw_chatbook.DB.ChaChaNotes_DB:_migrate_from_v30_to_v31:6021 - Migrating schema from V30 to V31 for 'rag_char_chat_schema' in DB: db_sha256=398aaacb3e8d...
2026-10-03 21:06:16.027 | DEBUG    | tldw_chatbook.DB.ChaChaNotes_DB:_enter_transaction:24458 - Entered nested transaction level 2 on thread 8494865792.
2026-10-03 21:06:16.030 | DEBUG    | tldw_chatbook.DB.ChaChaNotes_DB:_migrate_from_v30_to_v31:6047 - [rag_char_chat_schema V30→V31] Migration script executed.
2026-10-03 21:06:16.030 | INFO     | tldw_chatbook.DB.ChaChaNotes_DB:_migrate_from_v30_to_v31:6071 - [rag_char_chat_schema V30→V31] Migration completed successfully for DB: db_sha256=398aaacb3e8d.
2026-10-03 21:06:16.030 | INFO     | tldw_chatbook.DB.ChaChaNotes_DB:_migrate_from_v31_to_v32:6104 - Migrating schema from V31 to V32 for 'rag_char_chat_schema' in DB: db_sha256=398aaacb3e8d...
2026-10-03 21:06:16.030 | DEBUG    | tldw_chatbook.DB.ChaChaNotes_DB:_enrich_default_assistant_card_if_bare:4749 - [task-2451] Default Assistant enrichment UPDATE affected 0 row(s) in DB: db_sha256=398aaacb3e8d.
2026-10-03 21:06:16.030 | INFO     | tldw_chatbook.DB.ChaChaNotes_DB:_migrate_from_v31_to_v32:6130 - [rag_char_chat_schema V31→V32] Migration completed successfully for DB: db_sha256=398aaacb3e8d.
2026-10-03 21:06:16.030 | DEBUG    | tldw_chatbook.DB.ChaChaNotes_DB:_enter_transaction:24458 - Entered nested transaction level 2 on thread 8494865792.
2026-10-03 21:06:16.031 | DEBUG    | tldw_chatbook.DB.ChaChaNotes_DB:_enter_transaction:24458 - Entered nested transaction level 2 on thread 8494865792.
2026-10-03 21:06:16.034 | DEBUG    | tldw_chatbook.DB.ChaChaNotes_DB:_enter_transaction:24458 - Entered nested transaction level 2 on thread 8494865792.
2026-10-03 21:06:16.035 | DEBUG    | tldw_chatbook.DB.ChaChaNotes_DB:_enter_transaction:24458 - Entered nested transaction level 2 on thread 8494865792.
2026-10-03 21:06:16.036 | DEBUG    | tldw_chatbook.DB.ChaChaNotes_DB:_enter_transaction:24458 - Entered nested transaction level 2 on thread 8494865792.
2026-10-03 21:06:16.039 | DEBUG    | tldw_chatbook.DB.ChaChaNotes_DB:_enter_transaction:24458 - Entered nested transaction level 2 on thread 8494865792.
2026-10-03 21:06:16.040 | DEBUG    | tldw_chatbook.DB.ChaChaNotes_DB:_enter_transaction:24458 - Entered nested transaction level 2 on thread 8494865792.
2026-10-03 21:06:16.040 | DEBUG    | tldw_chatbook.DB.ChaChaNotes_DB:_enter_transaction:24458 - Entered nested transaction level 2 on thread 8494865792.
2026-10-03 21:06:16.041 | DEBUG    | tldw_chatbook.DB.ChaChaNotes_DB:_enter_transaction:24458 - Entered nested transaction level 2 on thread 8494865792.
2026-10-03 21:06:16.042 | INFO     | tldw_chatbook.DB.ChaChaNotes_DB:_migrate_from_v41_to_v42:6450 - Migrating schema from V41 to V42 for 'rag_char_chat_schema' in DB: db_sha256=398aaacb3e8d...
2026-10-03 21:06:16.042 | INFO     | tldw_chatbook.DB.ChaChaNotes_DB:_migrate_from_v41_to_v42:6514 - [rag_char_chat_schema V41→V42] conversations.console_project_context_json already present; applying the version bump only.
2026-10-03 21:06:16.042 | INFO     | tldw_chatbook.DB.ChaChaNotes_DB:_migrate_from_v42_to_v43:6564 - Migrating schema from V42 to V43 for 'rag_char_chat_schema' in DB: db_sha256=398aaacb3e8d...
2026-10-03 21:06:16.042 | DEBUG    | tldw_chatbook.DB.ChaChaNotes_DB:_enter_transaction:24458 - Entered nested transaction level 2 on thread 8494865792.
2026-10-03 21:06:16.043 | INFO     | tldw_chatbook.DB.ChaChaNotes_DB:_migrate_from_v42_to_v43:6703 - [rag_char_chat_schema V42→V43] Migration completed successfully for DB: db_sha256=398aaacb3e8d.
2026-10-03 21:06:16.043 | INFO     | tldw_chatbook.DB.ChaChaNotes_DB:_migrate_from_v43_to_v44:6733 - Migrating schema from V43 to V44 for 'rag_char_chat_schema' in DB: db_sha256=398aaacb3e8d...
2026-10-03 21:06:16.043 | DEBUG    | tldw_chatbook.DB.ChaChaNotes_DB:_enter_transaction:24458 - Entered nested transaction level 2 on thread 8494865792.
2026-10-03 21:06:16.051 | INFO     | tldw_chatbook.DB.ChaChaNotes_DB:_migrate_from_v43_to_v44:6773 - [rag_char_chat_schema V43→V44] Migration completed successfully for DB: db_sha256=398aaacb3e8d.
2026-10-03 21:06:16.051 | INFO     | tldw_chatbook.DB.ChaChaNotes_DB:_migrate_from_v44_to_v45:6842 - Actor Pack schema migration started: chachanotes_v44_to_v45
2026-10-03 21:06:16.051 | DEBUG    | tldw_chatbook.DB.ChaChaNotes_DB:_enter_transaction:24458 - Entered nested transaction level 2 on thread 8494865792.
2026-10-03 21:06:16.052 | INFO     | tldw_chatbook.DB.ChaChaNotes_DB:_migrate_from_v44_to_v45:6875 - Actor Pack schema migration completed: chachanotes_v44_to_v45
2026-10-03 21:06:16.052 | INFO     | tldw_chatbook.DB.ChaChaNotes_DB:_migrate_from_v45_to_v46:6919 - Migrating schema from V45 to V46 for 'rag_char_chat_schema' in DB: db_sha256=398aaacb3e8d...
2026-10-03 21:06:16.052 | DEBUG    | tldw_chatbook.DB.ChaChaNotes_DB:_enter_transaction:24458 - Entered nested transaction level 2 on thread 8494865792.
2026-10-03 21:06:16.055 | INFO     | tldw_chatbook.DB.ChaChaNotes_DB:_migrate_from_v45_to_v46:6965 - [rag_char_chat_schema V45→V46] Migration completed successfully for DB: db_sha256=398aaacb3e8d. Purged 0 unreachable sync_log row(s) of 1.
2026-10-03 21:06:16.055 | INFO     | tldw_chatbook.DB.ChaChaNotes_DB:_migrate_from_v46_to_v47:7007 - Migrating schema from V46 to V47 for 'rag_char_chat_schema' in DB: db_sha256=398aaacb3e8d...
2026-10-03 21:06:16.056 | DEBUG    | tldw_chatbook.DB.ChaChaNotes_DB:_enter_transaction:24458 - Entered nested transaction level 2 on thread 8494865792.
2026-10-03 21:06:16.056 | INFO     | tldw_chatbook.DB.ChaChaNotes_DB:_migrate_from_v46_to_v47:7042 - [rag_char_chat_schema V46→V47] Migration completed successfully for DB: db_sha256=398aaacb3e8d.
2026-10-03 21:06:16.056 | DEBUG    | tldw_chatbook.DB.ChaChaNotes_DB:_enter_transaction:24458 - Entered nested transaction level 2 on thread 8494865792.
2026-10-03 21:06:16.061 | INFO     | tldw_chatbook.DB.ChaChaNotes_DB:_migrate_from_v48_to_v49:7198 - Migrating schema from V48 to V49 for 'rag_char_chat_schema' in DB: db_sha256=398aaacb3e8d...
2026-10-03 21:06:16.061 | DEBUG    | tldw_chatbook.DB.ChaChaNotes_DB:_enter_transaction:24458 - Entered nested transaction level 2 on thread 8494865792.
2026-10-03 21:06:16.062 | INFO     | tldw_chatbook.DB.ChaChaNotes_DB:_migrate_from_v48_to_v49:7233 - [rag_char_chat_schema V48→V49] Migration completed successfully for DB: db_sha256=398aaacb3e8d.
2026-10-03 21:06:16.062 | INFO     | tldw_chatbook.DB.ChaChaNotes_DB:_migrate_from_v49_to_v50:7281 - Migrating schema from V49 to V50 for 'rag_char_chat_schema' in DB: db_sha256=398aaacb3e8d...
2026-10-03 21:06:16.062 | DEBUG    | tldw_chatbook.DB.ChaChaNotes_DB:_enter_transaction:24458 - Entered nested transaction level 2 on thread 8494865792.
2026-10-03 21:06:16.062 | INFO     | tldw_chatbook.DB.ChaChaNotes_DB:_migrate_from_v49_to_v50:7315 - [rag_char_chat_schema V49→V50] Migration completed successfully for DB: db_sha256=398aaacb3e8d.
2026-10-03 21:06:16.062 | DEBUG    | tldw_chatbook.DB.ChaChaNotes_DB:_enter_transaction:24458 - Entered nested transaction level 2 on thread 8494865792.
2026-10-03 21:06:16.065 | DEBUG    | tldw_chatbook.DB.ChaChaNotes_DB:_enter_transaction:24458 - Entered nested transaction level 2 on thread 8494865792.
2026-10-03 21:06:16.073 | INFO     | tldw_chatbook.DB.ChaChaNotes_DB:_migrate_from_v52_to_v53:7440 - Migrating schema from V52 to V53 for 'rag_char_chat_schema' in DB: db_sha256=398aaacb3e8d...
2026-10-03 21:06:16.073 | DEBUG    | tldw_chatbook.DB.ChaChaNotes_DB:_enter_transaction:24458 - Entered nested transaction level 2 on thread 8494865792.
2026-10-03 21:06:16.073 | INFO     | tldw_chatbook.DB.ChaChaNotes_DB:_migrate_from_v52_to_v53:7505 - [rag_char_chat_schema V52→V53] Migration completed for DB: db_sha256=398aaacb3e8d (examined 0, compacted 0, skipped 0 unreadable).
2026-10-03 21:06:16.073 | DEBUG    | tldw_chatbook.DB.ChaChaNotes_DB:_enter_transaction:24458 - Entered nested transaction level 2 on thread 8494865792.
2026-10-03 21:06:16.076 | DEBUG    | tldw_chatbook.DB.ChaChaNotes_DB:_enter_transaction:24458 - Entered nested transaction level 2 on thread 8494865792.
2026-10-03 21:06:16.077 | DEBUG    | tldw_chatbook.DB.ChaChaNotes_DB:_enter_transaction:24458 - Entered nested transaction level 2 on thread 8494865792.
2026-10-03 21:06:16.089 | DEBUG    | tldw_chatbook.DB.ChaChaNotes_DB:_enter_transaction:24458 - Entered nested transaction level 2 on thread 8494865792.
2026-10-03 21:06:16.091 | DEBUG    | tldw_chatbook.DB.ChaChaNotes_DB:_enter_transaction:24458 - Entered nested transaction level 2 on thread 8494865792.
2026-10-03 21:06:16.105 | DEBUG    | tldw_chatbook.DB.ChaChaNotes_DB:_enter_transaction:24458 - Entered nested transaction level 2 on thread 8494865792.
2026-10-03 21:06:16.106 | DEBUG    | tldw_chatbook.DB.ChaChaNotes_DB:_enter_transaction:24458 - Entered nested transaction level 2 on thread 8494865792.
2026-10-03 21:06:16.107 | DEBUG    | tldw_chatbook.DB.ChaChaNotes_DB:_enter_transaction:24458 - Entered nested transaction level 2 on thread 8494865792.
2026-10-03 21:06:16.107 | DEBUG    | tldw_chatbook.DB.ChaChaNotes_DB:_enter_transaction:24458 - Entered nested transaction level 2 on thread 8494865792.
2026-10-03 21:06:16.124 | DEBUG    | tldw_chatbook.DB.ChaChaNotes_DB:_enter_transaction:24458 - Entered nested transaction level 2 on thread 8494865792.
2026-10-03 21:06:16.128 | DEBUG    | tldw_chatbook.DB.ChaChaNotes_DB:_enter_transaction:24458 - Entered nested transaction level 2 on thread 8494865792.
2026-10-03 21:06:16.145 | DEBUG    | tldw_chatbook.DB.ChaChaNotes_DB:_enter_transaction:24458 - Entered nested transaction level 2 on thread 8494865792.
2026-10-03 21:06:16.146 | DEBUG    | tldw_chatbook.DB.ChaChaNotes_DB:_enter_transaction:24458 - Entered nested transaction level 2 on thread 8494865792.
2026-10-03 21:06:16.149 | DEBUG    | tldw_chatbook.DB.ChaChaNotes_DB:_enter_transaction:24458 - Entered nested transaction level 3 on thread 8494865792.
2026-10-03 21:06:16.150 | DEBUG    | tldw_chatbook.DB.ChaChaNotes_DB:_enter_transaction:24458 - Entered nested transaction level 3 on thread 8494865792.
2026-10-03 21:06:16.151 | DEBUG    | tldw_chatbook.DB.ChaChaNotes_DB:_enter_transaction:24458 - Entered nested transaction level 2 on thread 8494865792.
2026-10-03 21:06:16.153 | DEBUG    | tldw_chatbook.DB.ChaChaNotes_DB:_enter_transaction:24458 - Entered nested transaction level 2 on thread 8494865792.
2026-10-03 21:06:16.172 | DEBUG    | tldw_chatbook.DB.ChaChaNotes_DB:_enter_transaction:24458 - Entered nested transaction level 2 on thread 8494865792.
2026-10-03 21:06:16.174 | DEBUG    | tldw_chatbook.DB.ChaChaNotes_DB:_enter_transaction:24458 - Entered nested transaction level 2 on thread 8494865792.
2026-10-03 21:06:16.175 | DEBUG    | tldw_chatbook.DB.ChaChaNotes_DB:_enter_transaction:24458 - Entered nested transaction level 2 on thread 8494865792.
2026-10-03 21:06:16.181 | DEBUG    | tldw_chatbook.DB.ChaChaNotes_DB:_enter_transaction:24458 - Entered nested transaction level 2 on thread 8494865792.
2026-10-03 21:06:16.193 | DEBUG    | tldw_chatbook.DB.ChaChaNotes_DB:_enter_transaction:24458 - Entered nested transaction level 2 on thread 8494865792.
2026-10-03 21:06:16.193 | DEBUG    | tldw_chatbook.DB.ChaChaNotes_DB:_enter_transaction:24458 - Entered nested transaction level 2 on thread 8494865792.
2026-10-03 21:06:16.199 | DEBUG    | tldw_chatbook.DB.ChaChaNotes_DB:_enter_transaction:24458 - Entered nested transaction level 2 on thread 8494865792.
2026-10-03 21:06:16.199 | DEBUG    | tldw_chatbook.DB.ChaChaNotes_DB:_enter_transaction:24458 - Entered nested transaction level 2 on thread 8494865792.
2026-10-03 21:06:16.218 | INFO     | tldw_chatbook.DB.ChaChaNotes_DB:_initialize_schema:8685 - Database schema 'rag_char_chat_schema' successfully initialized/migrated to version 76.
2026-10-03 21:06:16.221 | DEBUG    | tldw_chatbook.DB.ChaChaNotes_DB:_exit_transaction:24552 - Transaction (outermost) committed successfully on thread 8494865792.
2026-10-03 21:06:16.221 | DEBUG    | tldw_chatbook.DB.ChaChaNotes_DB:__init__:3399 - CharactersRAGDB initialization completed successfully db_sha256=398aaacb3e8d
2026-10-03 21:06:16.227 | DEBUG    | tldw_chatbook.Chat.chat_persistence_service:__init__:271 - Recovered-media message source is unavailable.
2026-10-03 21:06:16.269 | INFO     | tldw_chatbook.DB.base_db:__init__:989 - AgentRunsDB initialized with path: /Users/macbook-dev/.codex/worktrees/console-chat-starts/tldw_chatbook/.superpowers/sdd/2026-10-03-console-pr2995-review-and-merge/task-4-red-profile-lormtzj4/pytest/test_native_commit_keeps_exact0/runs.db [Client: t]
2026-10-03 21:06:16.271 | DEBUG    | tldw_chatbook.DB.ChaChaNotes_DB:_enter_transaction:24489 - Started outermost transaction on thread 8494865792.
2026-10-03 21:06:16.273 | DEBUG    | tldw_chatbook.DB.ChaChaNotes_DB:_exit_transaction:24552 - Transaction (outermost) committed successfully on thread 8494865792.
2026-10-03 21:06:16.273 | DEBUG    | tldw_chatbook.DB.ChaChaNotes_DB:add_conversation:11073 - Added conversation ID: b08272a7-7d4e-4fdf-8a48-c8b2ad2c7227.
2026-10-03 21:06:16.274 | DEBUG    | tldw_chatbook.DB.ChaChaNotes_DB:_enter_transaction:24489 - Started outermost transaction on thread 8494865792.
2026-10-03 21:06:16.275 | DEBUG    | tldw_chatbook.DB.ChaChaNotes_DB:_exit_transaction:24552 - Transaction (outermost) committed successfully on thread 8494865792.
2026-10-03 21:06:16.275 | DEBUG    | tldw_chatbook.DB.ChaChaNotes_DB:add_conversation:11073 - Added conversation ID: 5d4a54ae-426a-4cef-8666-993d31b5a555.
2026-10-03 21:06:16.276 | DEBUG    | tldw_chatbook.DB.ChaChaNotes_DB:_enter_transaction:24489 - Started outermost transaction on thread 8494865792.
2026-10-03 21:06:16.276 | DEBUG    | tldw_chatbook.DB.ChaChaNotes_DB:_exit_transaction:24552 - Transaction (outermost) committed successfully on thread 8494865792.
2026-10-03 21:06:16.276 | DEBUG    | tldw_chatbook.DB.ChaChaNotes_DB:execute_query:4046 - Executing SQL (script=False): SELECT * FROM conversations WHERE id = ? AND deleted = 0... Params: (5d4a54ae-426a-4cef-8666-993d31b5a555)
2026-10-03 21:06:16.276 | DEBUG    | tldw_chatbook.DB.ChaChaNotes_DB:execute_query:4046 - Executing SQL (script=False): SELECT * FROM conversations WHERE id = ? AND deleted = 0... Params: (5d4a54ae-426a-4cef-8666-993d31b5a555)
2026-10-03 21:06:16.277 | DEBUG    | tldw_chatbook.DB.ChaChaNotes_DB:_enter_transaction:24489 - Started outermost transaction on thread 8494865792.
2026-10-03 21:06:16.277 | DEBUG    | tldw_chatbook.DB.ChaChaNotes_DB:_exit_transaction:24552 - Transaction (outermost) committed successfully on thread 8494865792.
2026-10-03 21:06:16.277 | DEBUG    | tldw_chatbook.DB.ChaChaNotes_DB:_enter_transaction:24489 - Started outermost transaction on thread 8494865792.
2026-10-03 21:06:16.277 | DEBUG    | tldw_chatbook.DB.ChaChaNotes_DB:_exit_transaction:24552 - Transaction (outermost) committed successfully on thread 8494865792.
2026-10-03 21:06:16.277 | DEBUG    | tldw_chatbook.DB.ChaChaNotes_DB:execute_query:4046 - Executing SQL (script=False): SELECT * FROM conversations WHERE id = ? AND deleted = 0... Params: (5d4a54ae-426a-4cef-8666-993d31b5a555)
2026-10-03 21:06:16.277 | DEBUG    | tldw_chatbook.DB.ChaChaNotes_DB:_enter_transaction:24489 - Started outermost transaction on thread 8494865792.
2026-10-03 21:06:16.278 | DEBUG    | tldw_chatbook.DB.ChaChaNotes_DB:_exit_transaction:24552 - Transaction (outermost) committed successfully on thread 8494865792.
2026-10-03 21:06:16.278 | DEBUG    | tldw_chatbook.DB.ChaChaNotes_DB:execute_query:4046 - Executing SQL (script=False): 
            SELECT m.id, m.conversation_id, m.parent_message_id, m.sender, m.content,
                   m.image_data, m.image_mime_type, m.timestamp, m.ranking,
                   m.last_modified, m.version, m.client_id, m.deleted, m.feedback, m.role,
                   m.variant_of, m.variant_num... Params: (5d4a54ae-426a-4cef-8666-993d31b5a555, 100000, 0)
2026-10-03 21:06:16.321 | DEBUG    | tldw_chatbook.DB.ChaChaNotes_DB:_get_thread_connection:3554 - Opened/Reopened SQLite connection db_sha256=398aaacb3e8d thread=6172045312
2026-10-03 21:06:16.321 | DEBUG    | tldw_chatbook.DB.ChaChaNotes_DB:close_connection:3874 - Attempting WAL checkpoint (TRUNCATE) before close db_sha256=398aaacb3e8d thread=6172045312.
2026-10-03 21:06:16.324 | DEBUG    | tldw_chatbook.DB.ChaChaNotes_DB:close_connection:3880 - WAL checkpoint TRUNCATE executed db_sha256=398aaacb3e8d.
2026-10-03 21:06:16.325 | DEBUG    | tldw_chatbook.DB.ChaChaNotes_DB:close_connection:3900 - Closed SQLite connection db_sha256=398aaacb3e8d thread=6172045312.
2026-10-03 21:06:16.423 | DEBUG    | tldw_chatbook.DB.ChaChaNotes_DB:_get_thread_connection:3554 - Opened/Reopened SQLite connection db_sha256=398aaacb3e8d thread=6188871680
2026-10-03 21:06:16.423 | DEBUG    | tldw_chatbook.DB.ChaChaNotes_DB:close_connection:3874 - Attempting WAL checkpoint (TRUNCATE) before close db_sha256=398aaacb3e8d thread=6188871680.
2026-10-03 21:06:16.423 | DEBUG    | tldw_chatbook.DB.ChaChaNotes_DB:close_connection:3880 - WAL checkpoint TRUNCATE executed db_sha256=398aaacb3e8d.
2026-10-03 21:06:16.423 | DEBUG    | tldw_chatbook.DB.ChaChaNotes_DB:close_connection:3900 - Closed SQLite connection db_sha256=398aaacb3e8d thread=6188871680.
2026-10-03 21:06:16.425 | DEBUG    | tldw_chatbook.DB.ChaChaNotes_DB:_enter_transaction:24489 - Started outermost transaction on thread 8494865792.
2026-10-03 21:06:16.425 | DEBUG    | tldw_chatbook.DB.ChaChaNotes_DB:_exit_transaction:24552 - Transaction (outermost) committed successfully on thread 8494865792.
2026-10-03 21:06:16.522 | DEBUG    | tldw_chatbook.DB.ChaChaNotes_DB:_get_thread_connection:3554 - Opened/Reopened SQLite connection db_sha256=398aaacb3e8d thread=6222524416
2026-10-03 21:06:16.522 | DEBUG    | tldw_chatbook.DB.ChaChaNotes_DB:_enter_transaction:24489 - Started outermost transaction on thread 6222524416.
2026-10-03 21:06:16.523 | DEBUG    | tldw_chatbook.DB.ChaChaNotes_DB:_exit_transaction:24552 - Transaction (outermost) committed successfully on thread 6222524416.
2026-10-03 21:06:16.523 | DEBUG    | tldw_chatbook.DB.ChaChaNotes_DB:close_connection:3874 - Attempting WAL checkpoint (TRUNCATE) before close db_sha256=398aaacb3e8d thread=6222524416.
2026-10-03 21:06:16.524 | DEBUG    | tldw_chatbook.DB.ChaChaNotes_DB:close_connection:3880 - WAL checkpoint TRUNCATE executed db_sha256=398aaacb3e8d.
2026-10-03 21:06:16.524 | DEBUG    | tldw_chatbook.DB.ChaChaNotes_DB:close_connection:3900 - Closed SQLite connection db_sha256=398aaacb3e8d thread=6222524416.
2026-10-03 21:06:16.536 | DEBUG    | tldw_chatbook.DB.ChaChaNotes_DB:close_connection:3874 - Attempting WAL checkpoint (TRUNCATE) before close db_sha256=398aaacb3e8d thread=8494865792.
2026-10-03 21:06:16.537 | DEBUG    | tldw_chatbook.DB.ChaChaNotes_DB:close_connection:3880 - WAL checkpoint TRUNCATE executed db_sha256=398aaacb3e8d.
2026-10-03 21:06:16.538 | DEBUG    | tldw_chatbook.DB.ChaChaNotes_DB:close_connection:3900 - Closed SQLite connection db_sha256=398aaacb3e8d thread=8494865792.
------------------------------ Captured log call -------------------------------
ERROR    tldw_chatbook.diagnostics.console:persistent_diagnostics.py:256 event=console_send_stage app_version=0.2.3 attempt_id=b6c744f0850c4da7ba9893cf31ed239a capture_enabled=false component=console duration_ms=58 error_category=internal exception_type=CancelledError phase=durable_commit python_version=3.12.11 sqlite_version=3.49.1 status=failed
--------------------------- Captured stderr teardown ---------------------------
2026-10-03 21:06:16.574 | DEBUG    | tldw_chatbook.DB.ChaChaNotes_DB:_get_thread_connection:3554 - Opened/Reopened SQLite connection db_sha256=398aaacb3e8d thread=6188871680
2026-10-03 21:06:16.574 | DEBUG    | tldw_chatbook.DB.ChaChaNotes_DB:_enter_transaction:24489 - Started outermost transaction on thread 6188871680.
2026-10-03 21:06:16.578 | DEBUG    | tldw_chatbook.DB.ChaChaNotes_DB:_exit_transaction:24552 - Transaction (outermost) committed successfully on thread 6188871680.
2026-10-03 21:06:16.578 | DEBUG    | tldw_chatbook.DB.ChaChaNotes_DB:close_connection:3874 - Attempting WAL checkpoint (TRUNCATE) before close db_sha256=398aaacb3e8d thread=6188871680.
2026-10-03 21:06:16.579 | DEBUG    | tldw_chatbook.DB.ChaChaNotes_DB:close_connection:3880 - WAL checkpoint TRUNCATE executed db_sha256=398aaacb3e8d.
2026-10-03 21:06:16.580 | DEBUG    | tldw_chatbook.DB.ChaChaNotes_DB:close_connection:3900 - Closed SQLite connection db_sha256=398aaacb3e8d thread=6188871680.
_ test_unexpected_start_failure_is_type_only_and_accepted_cleanup_is_review[preaccept] _

tmp_path = PosixPath('/Users/macbook-dev/.codex/worktrees/console-chat-starts/tldw_chatbook/.superpowers/sdd/2026-10-03-console-pr2995-review-and-merge/task-4-red-profile-lormtzj4/pytest/test_unexpected_start_failure_0')
monkeypatch = <_pytest.monkeypatch.MonkeyPatch object at 0x10e2ec740>
phase = 'preaccept'

    @pytest.mark.asyncio
    @pytest.mark.parametrize("phase", ["preaccept", "accepted_cleanup"])
    async def test_unexpected_start_failure_is_type_only_and_accepted_cleanup_is_review(tmp_path, monkeypatch, phase):
        import asyncio
        from loguru import logger
    
        controller, store, runs, source, target, chain, request = await _native_start_rig(tmp_path)
        secret = "private-prompt-api-key-should-never-appear"
        records = []
        sink = logger.add(lambda message: records.append(message.record))
        if phase == "preaccept":
            async def fail(_selection):
                raise ValueError(secret)
            monkeypatch.setattr(controller, "_resolve_for_send_bounded", fail)
        else:
            accept = runs.automatic_work.accept_chat_start
            def fail(*args, **kwargs):
                assert accept(*args, **kwargs)
                raise ValueError(secret)
            monkeypatch.setattr(runs.automatic_work, "accept_chat_start", fail)
        try:
            outcome = await controller._chat_start.start(request)
            await asyncio.gather(*controller._chat_start.tasks())
>           assert (outcome.launch_status, outcome.reason) == (("not_started", "start_failed") if phase == "preaccept" else ("review_required", "receipt_unconfirmed"))
E           AssertionError: assert ('not_started...ight_refused') == ('not_started...start_failed')
E             
E             At index 1 diff: 'preflight_refused' != 'start_failed'
E             Use -v to get more diff

Tests/Chat/test_console_chat_start.py:2797: AssertionError
----------------------------- Captured stderr call -----------------------------
2026-10-03 21:06:16.627 | INFO     | tldw_chatbook.DB.ChaChaNotes_DB:__init__:3376 - Initializing CharactersRAGDB db_sha256=957bd34e8244 [Client ID: t]
2026-10-03 21:06:16.666 | DEBUG    | tldw_chatbook.DB.ChaChaNotes_DB:_get_thread_connection:3554 - Opened/Reopened SQLite connection db_sha256=957bd34e8244 thread=8494865792
2026-10-03 21:06:16.667 | DEBUG    | tldw_chatbook.DB.ChaChaNotes_DB:_enter_transaction:24489 - Started outermost transaction on thread 8494865792.
2026-10-03 21:06:16.667 | INFO     | tldw_chatbook.DB.ChaChaNotes_DB:_initialize_schema:8550 - Checking DB schema 'rag_char_chat_schema'. Current version: 0. Code supports: 76
2026-10-03 21:06:16.667 | INFO     | tldw_chatbook.DB.ChaChaNotes_DB:_apply_schema_v4:4437 - Applying schema Version 4 for 'rag_char_chat_schema' to DB: db_sha256=957bd34e8244...
2026-10-03 21:06:16.667 | DEBUG    | tldw_chatbook.DB.ChaChaNotes_DB:_enter_transaction:24458 - Entered nested transaction level 2 on thread 8494865792.
2026-10-03 21:06:16.673 | DEBUG    | tldw_chatbook.DB.ChaChaNotes_DB:_apply_schema_v4:4478 - [rag_char_chat_schema V4] Full schema script executed.
2026-10-03 21:06:16.673 | INFO     | tldw_chatbook.DB.ChaChaNotes_DB:_apply_schema_v4:4485 - [rag_char_chat_schema V4] Schema 4 applied and version confirmed for DB: db_sha256=957bd34e8244.
2026-10-03 21:06:16.673 | DEBUG    | tldw_chatbook.DB.ChaChaNotes_DB:_enrich_default_assistant_card_if_bare:4749 - [task-2451] Default Assistant enrichment UPDATE affected 1 row(s) in DB: db_sha256=957bd34e8244.
2026-10-03 21:06:16.673 | INFO     | tldw_chatbook.DB.ChaChaNotes_DB:_migrate_from_v4_to_v5:4770 - Migrating schema from V4 to V5 for 'rag_char_chat_schema' in DB: db_sha256=957bd34e8244...
2026-10-03 21:06:16.674 | DEBUG    | tldw_chatbook.DB.ChaChaNotes_DB:_enter_transaction:24458 - Entered nested transaction level 2 on thread 8494865792.
2026-10-03 21:06:16.682 | DEBUG    | tldw_chatbook.DB.ChaChaNotes_DB:_migrate_from_v4_to_v5:4780 - [rag_char_chat_schema V4→V5] Migration script executed.
2026-10-03 21:06:16.682 | INFO     | tldw_chatbook.DB.ChaChaNotes_DB:_migrate_from_v4_to_v5:4789 - [rag_char_chat_schema V4→V5] Migration completed successfully for DB: db_sha256=957bd34e8244.
2026-10-03 21:06:16.682 | INFO     | tldw_chatbook.DB.ChaChaNotes_DB:_migrate_from_v5_to_v6:4823 - Migrating schema from V5 to V6 for 'rag_char_chat_schema' in DB: db_sha256=957bd34e8244...
2026-10-03 21:06:16.682 | DEBUG    | tldw_chatbook.DB.ChaChaNotes_DB:_enter_transaction:24458 - Entered nested transaction level 2 on thread 8494865792.
2026-10-03 21:06:16.683 | DEBUG    | tldw_chatbook.DB.ChaChaNotes_DB:_migrate_from_v5_to_v6:4831 - [rag_char_chat_schema V5→V6] Migration script executed.
2026-10-03 21:06:16.683 | INFO     | tldw_chatbook.DB.ChaChaNotes_DB:_migrate_from_v5_to_v6:4840 - [rag_char_chat_schema V5→V6] Migration completed successfully for DB: db_sha256=957bd34e8244.
2026-10-03 21:06:16.683 | INFO     | tldw_chatbook.DB.ChaChaNotes_DB:_migrate_from_v6_to_v7:4874 - Migrating schema from V6 to V7 for 'rag_char_chat_schema' in DB: db_sha256=957bd34e8244...
2026-10-03 21:06:16.683 | DEBUG    | tldw_chatbook.DB.ChaChaNotes_DB:_enter_transaction:24458 - Entered nested transaction level 2 on thread 8494865792.
2026-10-03 21:06:16.684 | DEBUG    | tldw_chatbook.DB.ChaChaNotes_DB:_migrate_from_v6_to_v7:4882 - [rag_char_chat_schema V6→V7] Migration script executed.
2026-10-03 21:06:16.684 | INFO     | tldw_chatbook.DB.ChaChaNotes_DB:_migrate_from_v6_to_v7:4891 - [rag_char_chat_schema V6→V7] Migration completed successfully for DB: db_sha256=957bd34e8244.
2026-10-03 21:06:16.684 | INFO     | tldw_chatbook.DB.ChaChaNotes_DB:_migrate_from_v7_to_v8:8464 - Migrating schema from V7 to V8 for 'rag_char_chat_schema' in DB: db_sha256=957bd34e8244...
2026-10-03 21:06:16.685 | DEBUG    | tldw_chatbook.DB.ChaChaNotes_DB:_enter_transaction:24458 - Entered nested transaction level 2 on thread 8494865792.
2026-10-03 21:06:16.686 | DEBUG    | tldw_chatbook.DB.ChaChaNotes_DB:_migrate_from_v7_to_v8:8472 - [rag_char_chat_schema V7→V8] Migration script executed.
2026-10-03 21:06:16.686 | INFO     | tldw_chatbook.DB.ChaChaNotes_DB:_migrate_from_v7_to_v8:8481 - [rag_char_chat_schema V7→V8] Migration completed successfully for DB: db_sha256=957bd34e8244.
2026-10-03 21:06:16.686 | INFO     | tldw_chatbook.DB.ChaChaNotes_DB:_migrate_from_v8_to_v9:4925 - Migrating schema from V8 to V9 for 'rag_char_chat_schema' in DB: db_sha256=957bd34e8244...
2026-10-03 21:06:16.686 | DEBUG    | tldw_chatbook.DB.ChaChaNotes_DB:_enter_transaction:24458 - Entered nested transaction level 2 on thread 8494865792.
2026-10-03 21:06:16.688 | DEBUG    | tldw_chatbook.DB.ChaChaNotes_DB:_migrate_from_v8_to_v9:4933 - [rag_char_chat_schema V8→V9] Migration script executed.
2026-10-03 21:06:16.688 | INFO     | tldw_chatbook.DB.ChaChaNotes_DB:_migrate_from_v8_to_v9:4942 - [rag_char_chat_schema V8→V9] Migration completed successfully for DB: db_sha256=957bd34e8244.
2026-10-03 21:06:16.688 | INFO     | tldw_chatbook.DB.ChaChaNotes_DB:_migrate_from_v9_to_v10:4976 - Migrating schema from V9 to V10 for 'rag_char_chat_schema' in DB: db_sha256=957bd34e8244...
2026-10-03 21:06:16.688 | DEBUG    | tldw_chatbook.DB.ChaChaNotes_DB:_enter_transaction:24458 - Entered nested transaction level 2 on thread 8494865792.
2026-10-03 21:06:16.689 | DEBUG    | tldw_chatbook.DB.ChaChaNotes_DB:_migrate_from_v9_to_v10:4984 - [rag_char_chat_schema V9→V10] Migration script executed.
2026-10-03 21:06:16.689 | INFO     | tldw_chatbook.DB.ChaChaNotes_DB:_migrate_from_v9_to_v10:4993 - [rag_char_chat_schema V9→V10] Migration completed successfully for DB: db_sha256=957bd34e8244.
2026-10-03 21:06:16.689 | INFO     | tldw_chatbook.DB.ChaChaNotes_DB:_migrate_from_v10_to_v11:5027 - Migrating schema from V10 to V11 for 'rag_char_chat_schema' in DB: db_sha256=957bd34e8244...
2026-10-03 21:06:16.689 | DEBUG    | tldw_chatbook.DB.ChaChaNotes_DB:_enter_transaction:24458 - Entered nested transaction level 2 on thread 8494865792.
2026-10-03 21:06:16.691 | DEBUG    | tldw_chatbook.DB.ChaChaNotes_DB:_migrate_from_v10_to_v11:5035 - [rag_char_chat_schema V10→V11] Migration script executed.
2026-10-03 21:06:16.691 | INFO     | tldw_chatbook.DB.ChaChaNotes_DB:_migrate_from_v10_to_v11:5044 - [rag_char_chat_schema V10→V11] Migration completed successfully for DB: db_sha256=957bd34e8244.
2026-10-03 21:06:16.691 | INFO     | tldw_chatbook.DB.ChaChaNotes_DB:_migrate_from_v11_to_v12:5078 - Migrating schema from V11 to V12 for 'rag_char_chat_schema' in DB: db_sha256=957bd34e8244...
2026-10-03 21:06:16.691 | DEBUG    | tldw_chatbook.DB.ChaChaNotes_DB:_enter_transaction:24458 - Entered nested transaction level 2 on thread 8494865792.
2026-10-03 21:06:16.697 | DEBUG    | tldw_chatbook.DB.ChaChaNotes_DB:_migrate_from_v11_to_v12:5086 - [rag_char_chat_schema V11→V12] Migration script executed.
2026-10-03 21:06:16.697 | INFO     | tldw_chatbook.DB.ChaChaNotes_DB:_migrate_from_v11_to_v12:5095 - [rag_char_chat_schema V11→V12] Migration completed successfully for DB: db_sha256=957bd34e8244.
2026-10-03 21:06:16.697 | INFO     | tldw_chatbook.DB.ChaChaNotes_DB:_migrate_from_v12_to_v13:5121 - Migrating schema from V12 to V13 for 'rag_char_chat_schema' in DB: db_sha256=957bd34e8244...
2026-10-03 21:06:16.697 | DEBUG    | tldw_chatbook.DB.ChaChaNotes_DB:_enter_transaction:24458 - Entered nested transaction level 2 on thread 8494865792.
2026-10-03 21:06:16.717 | DEBUG    | tldw_chatbook.DB.ChaChaNotes_DB:_migrate_from_v12_to_v13:5129 - [rag_char_chat_schema V12→V13] Migration script executed.
2026-10-03 21:06:16.717 | INFO     | tldw_chatbook.DB.ChaChaNotes_DB:_migrate_from_v12_to_v13:5137 - [rag_char_chat_schema V12→V13] Migration completed successfully for DB: db_sha256=957bd34e8244.
2026-10-03 21:06:16.717 | INFO     | tldw_chatbook.DB.ChaChaNotes_DB:_migrate_from_v13_to_v14:5162 - Migrating schema from V13 to V14 for 'rag_char_chat_schema' in DB: db_sha256=957bd34e8244...
2026-10-03 21:06:16.718 | DEBUG    | tldw_chatbook.DB.ChaChaNotes_DB:_enter_transaction:24458 - Entered nested transaction level 2 on thread 8494865792.
2026-10-03 21:06:16.723 | DEBUG    | tldw_chatbook.DB.ChaChaNotes_DB:_migrate_from_v13_to_v14:5170 - [rag_char_chat_schema V13→V14] Migration script executed.
2026-10-03 21:06:16.723 | INFO     | tldw_chatbook.DB.ChaChaNotes_DB:_migrate_from_v13_to_v14:5178 - [rag_char_chat_schema V13→V14] Migration completed successfully for DB: db_sha256=957bd34e8244.
2026-10-03 21:06:16.724 | INFO     | tldw_chatbook.DB.ChaChaNotes_DB:_migrate_from_v14_to_v15:5203 - Migrating schema from V14 to V15 for 'rag_char_chat_schema' in DB: db_sha256=957bd34e8244...
2026-10-03 21:06:16.724 | DEBUG    | tldw_chatbook.DB.ChaChaNotes_DB:_enter_transaction:24458 - Entered nested transaction level 2 on thread 8494865792.
2026-10-03 21:06:16.725 | DEBUG    | tldw_chatbook.DB.ChaChaNotes_DB:_migrate_from_v14_to_v15:5211 - [rag_char_chat_schema V14→V15] Migration script executed.
2026-10-03 21:06:16.725 | INFO     | tldw_chatbook.DB.ChaChaNotes_DB:_migrate_from_v14_to_v15:5219 - [rag_char_chat_schema V14→V15] Migration completed successfully for DB: db_sha256=957bd34e8244.
2026-10-03 21:06:16.725 | INFO     | tldw_chatbook.DB.ChaChaNotes_DB:_migrate_from_v15_to_v16:5245 - Migrating schema from V15 to V16 for 'rag_char_chat_schema' in DB: db_sha256=957bd34e8244...
2026-10-03 21:06:16.725 | DEBUG    | tldw_chatbook.DB.ChaChaNotes_DB:_enter_transaction:24458 - Entered nested transaction level 2 on thread 8494865792.
2026-10-03 21:06:16.725 | DEBUG    | tldw_chatbook.DB.ChaChaNotes_DB:_migrate_from_v15_to_v16:5288 - [rag_char_chat_schema V15→V16] Migration script executed.
2026-10-03 21:06:16.725 | INFO     | tldw_chatbook.DB.ChaChaNotes_DB:_migrate_from_v15_to_v16:5298 - [rag_char_chat_schema V15→V16] Migration completed successfully for DB: db_sha256=957bd34e8244.
2026-10-03 21:06:16.725 | INFO     | tldw_chatbook.DB.ChaChaNotes_DB:_migrate_from_v16_to_v17:5324 - Migrating schema from V16 to V17 for 'rag_char_chat_schema' in DB: db_sha256=957bd34e8244...
2026-10-03 21:06:16.725 | DEBUG    | tldw_chatbook.DB.ChaChaNotes_DB:_enter_transaction:24458 - Entered nested transaction level 2 on thread 8494865792.
2026-10-03 21:06:16.725 | DEBUG    | tldw_chatbook.DB.ChaChaNotes_DB:_migrate_from_v16_to_v17:5332 - [rag_char_chat_schema V16→V17] Migration script executed.
2026-10-03 21:06:16.725 | INFO     | tldw_chatbook.DB.ChaChaNotes_DB:_migrate_from_v16_to_v17:5340 - [rag_char_chat_schema V16→V17] Migration completed successfully for DB: db_sha256=957bd34e8244.
2026-10-03 21:06:16.725 | INFO     | tldw_chatbook.DB.ChaChaNotes_DB:_migrate_from_v17_to_v18:5368 - Migrating schema from V17 to V18 for 'rag_char_chat_schema' in DB: db_sha256=957bd34e8244...
2026-10-03 21:06:16.726 | DEBUG    | tldw_chatbook.DB.ChaChaNotes_DB:_enter_transaction:24458 - Entered nested transaction level 2 on thread 8494865792.
2026-10-03 21:06:16.728 | DEBUG    | tldw_chatbook.DB.ChaChaNotes_DB:_migrate_from_v17_to_v18:5376 - [rag_char_chat_schema V17→V18] Migration script executed.
2026-10-03 21:06:16.728 | INFO     | tldw_chatbook.DB.ChaChaNotes_DB:_migrate_from_v17_to_v18:5384 - [rag_char_chat_schema V17→V18] Migration completed successfully for DB: db_sha256=957bd34e8244.
2026-10-03 21:06:16.728 | INFO     | tldw_chatbook.DB.ChaChaNotes_DB:_migrate_from_v18_to_v19:8414 - Migrating schema from V18 to V19 for 'rag_char_chat_schema' in DB: db_sha256=957bd34e8244...
2026-10-03 21:06:16.729 | DEBUG    | tldw_chatbook.DB.ChaChaNotes_DB:_enter_transaction:24458 - Entered nested transaction level 2 on thread 8494865792.
2026-10-03 21:06:16.729 | DEBUG    | tldw_chatbook.DB.ChaChaNotes_DB:_migrate_from_v18_to_v19:8422 - [rag_char_chat_schema V18→V19] Migration script executed.
2026-10-03 21:06:16.729 | INFO     | tldw_chatbook.DB.ChaChaNotes_DB:_migrate_from_v18_to_v19:8430 - [rag_char_chat_schema V18→V19] Migration completed successfully for DB: db_sha256=957bd34e8244.
2026-10-03 21:06:16.729 | INFO     | tldw_chatbook.DB.ChaChaNotes_DB:_migrate_from_v19_to_v20:5412 - Migrating schema from V19 to V20 for 'rag_char_chat_schema' in DB: db_sha256=957bd34e8244...
2026-10-03 21:06:16.729 | DEBUG    | tldw_chatbook.DB.ChaChaNotes_DB:_enter_transaction:24458 - Entered nested transaction level 2 on thread 8494865792.
2026-10-03 21:06:16.732 | DEBUG    | tldw_chatbook.DB.ChaChaNotes_DB:_migrate_from_v19_to_v20:5431 - [rag_char_chat_schema V19→V20] Migration script executed.
2026-10-03 21:06:16.732 | INFO     | tldw_chatbook.DB.ChaChaNotes_DB:_migrate_from_v19_to_v20:5439 - [rag_char_chat_schema V19→V20] Migration completed successfully for DB: db_sha256=957bd34e8244.
2026-10-03 21:06:16.732 | INFO     | tldw_chatbook.DB.ChaChaNotes_DB:_migrate_from_v20_to_v21:5467 - Migrating schema from V20 to V21 for 'rag_char_chat_schema' in DB: db_sha256=957bd34e8244...
2026-10-03 21:06:16.732 | DEBUG    | tldw_chatbook.DB.ChaChaNotes_DB:_enter_transaction:24458 - Entered nested transaction level 2 on thread 8494865792.
2026-10-03 21:06:16.732 | DEBUG    | tldw_chatbook.DB.ChaChaNotes_DB:_migrate_from_v20_to_v21:5488 - [rag_char_chat_schema V20→V21] Migration script executed.
2026-10-03 21:06:16.732 | INFO     | tldw_chatbook.DB.ChaChaNotes_DB:_migrate_from_v20_to_v21:5496 - [rag_char_chat_schema V20→V21] Migration completed successfully for DB: db_sha256=957bd34e8244.
2026-10-03 21:06:16.732 | INFO     | tldw_chatbook.DB.ChaChaNotes_DB:_migrate_from_v21_to_v22:5518 - Migrating schema from V21 to V22 for 'rag_char_chat_schema' in DB: db_sha256=957bd34e8244...
2026-10-03 21:06:16.733 | DEBUG    | tldw_chatbook.DB.ChaChaNotes_DB:_enter_transaction:24458 - Entered nested transaction level 2 on thread 8494865792.
2026-10-03 21:06:16.733 | DEBUG    | tldw_chatbook.DB.ChaChaNotes_DB:_migrate_from_v21_to_v22:5536 - [rag_char_chat_schema V21→V22] Migration script executed.
2026-10-03 21:06:16.733 | INFO     | tldw_chatbook.DB.ChaChaNotes_DB:_migrate_from_v21_to_v22:5542 - [rag_char_chat_schema V21→V22] Migration completed successfully for DB: db_sha256=957bd34e8244.
2026-10-03 21:06:16.733 | INFO     | tldw_chatbook.DB.ChaChaNotes_DB:_migrate_from_v22_to_v23:5564 - Migrating schema from V22 to V23 for 'rag_char_chat_schema' in DB: db_sha256=957bd34e8244...
2026-10-03 21:06:16.733 | DEBUG    | tldw_chatbook.DB.ChaChaNotes_DB:_enter_transaction:24458 - Entered nested transaction level 2 on thread 8494865792.
2026-10-03 21:06:16.733 | DEBUG    | tldw_chatbook.DB.ChaChaNotes_DB:_migrate_from_v22_to_v23:5572 - [rag_char_chat_schema V22→V23] Migration script executed.
2026-10-03 21:06:16.733 | INFO     | tldw_chatbook.DB.ChaChaNotes_DB:_migrate_from_v22_to_v23:5578 - [rag_char_chat_schema V22→V23] Migration completed successfully for DB: db_sha256=957bd34e8244.
2026-10-03 21:06:16.733 | INFO     | tldw_chatbook.DB.ChaChaNotes_DB:_migrate_from_v23_to_v24:5601 - Migrating schema from V23 to V24 for 'rag_char_chat_schema' in DB: db_sha256=957bd34e8244...
2026-10-03 21:06:16.733 | DEBUG    | tldw_chatbook.DB.ChaChaNotes_DB:_enter_transaction:24458 - Entered nested transaction level 2 on thread 8494865792.
2026-10-03 21:06:16.735 | DEBUG    | tldw_chatbook.DB.ChaChaNotes_DB:_migrate_from_v23_to_v24:5619 - [rag_char_chat_schema V23→V24] Migration script executed.
2026-10-03 21:06:16.735 | INFO     | tldw_chatbook.DB.ChaChaNotes_DB:_migrate_from_v23_to_v24:5625 - [rag_char_chat_schema V23→V24] Migration completed successfully for DB: db_sha256=957bd34e8244.
2026-10-03 21:06:16.735 | INFO     | tldw_chatbook.DB.ChaChaNotes_DB:_migrate_from_v24_to_v25:5648 - Migrating schema from V24 to V25 for 'rag_char_chat_schema' in DB: db_sha256=957bd34e8244...
2026-10-03 21:06:16.735 | DEBUG    | tldw_chatbook.DB.ChaChaNotes_DB:_enter_transaction:24458 - Entered nested transaction level 2 on thread 8494865792.
2026-10-03 21:06:16.736 | DEBUG    | tldw_chatbook.DB.ChaChaNotes_DB:_migrate_from_v24_to_v25:5656 - [rag_char_chat_schema V24→V25] Migration script executed.
2026-10-03 21:06:16.736 | INFO     | tldw_chatbook.DB.ChaChaNotes_DB:_migrate_from_v24_to_v25:5662 - [rag_char_chat_schema V24→V25] Migration completed successfully for DB: db_sha256=957bd34e8244.
2026-10-03 21:06:16.736 | INFO     | tldw_chatbook.DB.ChaChaNotes_DB:_migrate_from_v25_to_v26:5686 - Migrating schema from V25 to V26 for 'rag_char_chat_schema' in DB: db_sha256=957bd34e8244...
2026-10-03 21:06:16.736 | DEBUG    | tldw_chatbook.DB.ChaChaNotes_DB:_enter_transaction:24458 - Entered nested transaction level 2 on thread 8494865792.
2026-10-03 21:06:16.739 | DEBUG    | tldw_chatbook.DB.ChaChaNotes_DB:_migrate_from_v25_to_v26:5708 - [rag_char_chat_schema V25→V26] Migration script executed.
2026-10-03 21:06:16.739 | INFO     | tldw_chatbook.DB.ChaChaNotes_DB:_migrate_from_v25_to_v26:5714 - [rag_char_chat_schema V25→V26] Migration completed successfully for DB: db_sha256=957bd34e8244.
2026-10-03 21:06:16.740 | DEBUG    | tldw_chatbook.DB.ChaChaNotes_DB:_enter_transaction:24458 - Entered nested transaction level 2 on thread 8494865792.
2026-10-03 21:06:16.742 | DEBUG    | tldw_chatbook.DB.ChaChaNotes_DB:_enter_transaction:24458 - Entered nested transaction level 2 on thread 8494865792.
2026-10-03 21:06:16.742 | DEBUG    | tldw_chatbook.DB.ChaChaNotes_DB:_enter_transaction:24458 - Entered nested transaction level 3 on thread 8494865792.
2026-10-03 21:06:16.745 | INFO     | tldw_chatbook.DB.ChaChaNotes_DB:_migrate_from_v28_to_v29:5901 - Migrating schema from V28 to V29 for 'rag_char_chat_schema' in DB: db_sha256=957bd34e8244...
2026-10-03 21:06:16.745 | DEBUG    | tldw_chatbook.DB.ChaChaNotes_DB:_enter_transaction:24458 - Entered nested transaction level 2 on thread 8494865792.
2026-10-03 21:06:16.745 | DEBUG    | tldw_chatbook.DB.ChaChaNotes_DB:_migrate_from_v28_to_v29:5909 - [rag_char_chat_schema V28→V29] Migration script executed.
2026-10-03 21:06:16.746 | INFO     | tldw_chatbook.DB.ChaChaNotes_DB:_migrate_from_v28_to_v29:5917 - [rag_char_chat_schema V28→V29] Migration completed successfully for DB: db_sha256=957bd34e8244.
2026-10-03 21:06:16.746 | INFO     | tldw_chatbook.DB.ChaChaNotes_DB:_migrate_from_v29_to_v30:5944 - Migrating schema from V29 to V30 for 'rag_char_chat_schema' in DB: db_sha256=957bd34e8244...
2026-10-03 21:06:16.746 | DEBUG    | tldw_chatbook.DB.ChaChaNotes_DB:_enter_transaction:24458 - Entered nested transaction level 2 on thread 8494865792.
2026-10-03 21:06:16.748 | DEBUG    | tldw_chatbook.DB.ChaChaNotes_DB:_migrate_from_v29_to_v30:5970 - [rag_char_chat_schema V29→V30] Migration script executed.
2026-10-03 21:06:16.748 | INFO     | tldw_chatbook.DB.ChaChaNotes_DB:_migrate_from_v29_to_v30:5994 - [rag_char_chat_schema V29→V30] Migration completed successfully for DB: db_sha256=957bd34e8244.
2026-10-03 21:06:16.748 | INFO     | tldw_chatbook.DB.ChaChaNotes_DB:_migrate_from_v30_to_v31:6021 - Migrating schema from V30 to V31 for 'rag_char_chat_schema' in DB: db_sha256=957bd34e8244...
2026-10-03 21:06:16.748 | DEBUG    | tldw_chatbook.DB.ChaChaNotes_DB:_enter_transaction:24458 - Entered nested transaction level 2 on thread 8494865792.
2026-10-03 21:06:16.750 | DEBUG    | tldw_chatbook.DB.ChaChaNotes_DB:_migrate_from_v30_to_v31:6047 - [rag_char_chat_schema V30→V31] Migration script executed.
2026-10-03 21:06:16.750 | INFO     | tldw_chatbook.DB.ChaChaNotes_DB:_migrate_from_v30_to_v31:6071 - [rag_char_chat_schema V30→V31] Migration completed successfully for DB: db_sha256=957bd34e8244.
2026-10-03 21:06:16.750 | INFO     | tldw_chatbook.DB.ChaChaNotes_DB:_migrate_from_v31_to_v32:6104 - Migrating schema from V31 to V32 for 'rag_char_chat_schema' in DB: db_sha256=957bd34e8244...
2026-10-03 21:06:16.751 | DEBUG    | tldw_chatbook.DB.ChaChaNotes_DB:_enrich_default_assistant_card_if_bare:4749 - [task-2451] Default Assistant enrichment UPDATE affected 0 row(s) in DB: db_sha256=957bd34e8244.
2026-10-03 21:06:16.751 | INFO     | tldw_chatbook.DB.ChaChaNotes_DB:_migrate_from_v31_to_v32:6130 - [rag_char_chat_schema V31→V32] Migration completed successfully for DB: db_sha256=957bd34e8244.
2026-10-03 21:06:16.751 | DEBUG    | tldw_chatbook.DB.ChaChaNotes_DB:_enter_transaction:24458 - Entered nested transaction level 2 on thread 8494865792.
2026-10-03 21:06:16.752 | DEBUG    | tldw_chatbook.DB.ChaChaNotes_DB:_enter_transaction:24458 - Entered nested transaction level 2 on thread 8494865792.
2026-10-03 21:06:16.754 | DEBUG    | tldw_chatbook.DB.ChaChaNotes_DB:_enter_transaction:24458 - Entered nested transaction level 2 on thread 8494865792.
2026-10-03 21:06:16.756 | DEBUG    | tldw_chatbook.DB.ChaChaNotes_DB:_enter_transaction:24458 - Entered nested transaction level 2 on thread 8494865792.
2026-10-03 21:06:16.757 | DEBUG    | tldw_chatbook.DB.ChaChaNotes_DB:_enter_transaction:24458 - Entered nested transaction level 2 on thread 8494865792.
2026-10-03 21:06:16.760 | DEBUG    | tldw_chatbook.DB.ChaChaNotes_DB:_enter_transaction:24458 - Entered nested transaction level 2 on thread 8494865792.
2026-10-03 21:06:16.760 | DEBUG    | tldw_chatbook.DB.ChaChaNotes_DB:_enter_transaction:24458 - Entered nested transaction level 2 on thread 8494865792.
2026-10-03 21:06:16.761 | DEBUG    | tldw_chatbook.DB.ChaChaNotes_DB:_enter_transaction:24458 - Entered nested transaction level 2 on thread 8494865792.
2026-10-03 21:06:16.761 | DEBUG    | tldw_chatbook.DB.ChaChaNotes_DB:_enter_transaction:24458 - Entered nested transaction level 2 on thread 8494865792.
2026-10-03 21:06:16.762 | INFO     | tldw_chatbook.DB.ChaChaNotes_DB:_migrate_from_v41_to_v42:6450 - Migrating schema from V41 to V42 for 'rag_char_chat_schema' in DB: db_sha256=957bd34e8244...
2026-10-03 21:06:16.762 | INFO     | tldw_chatbook.DB.ChaChaNotes_DB:_migrate_from_v41_to_v42:6514 - [rag_char_chat_schema V41→V42] conversations.console_project_context_json already present; applying the version bump only.
2026-10-03 21:06:16.762 | INFO     | tldw_chatbook.DB.ChaChaNotes_DB:_migrate_from_v42_to_v43:6564 - Migrating schema from V42 to V43 for 'rag_char_chat_schema' in DB: db_sha256=957bd34e8244...
2026-10-03 21:06:16.762 | DEBUG    | tldw_chatbook.DB.ChaChaNotes_DB:_enter_transaction:24458 - Entered nested transaction level 2 on thread 8494865792.
2026-10-03 21:06:16.763 | INFO     | tldw_chatbook.DB.ChaChaNotes_DB:_migrate_from_v42_to_v43:6703 - [rag_char_chat_schema V42→V43] Migration completed successfully for DB: db_sha256=957bd34e8244.
2026-10-03 21:06:16.763 | INFO     | tldw_chatbook.DB.ChaChaNotes_DB:_migrate_from_v43_to_v44:6733 - Migrating schema from V43 to V44 for 'rag_char_chat_schema' in DB: db_sha256=957bd34e8244...
2026-10-03 21:06:16.763 | DEBUG    | tldw_chatbook.DB.ChaChaNotes_DB:_enter_transaction:24458 - Entered nested transaction level 2 on thread 8494865792.
2026-10-03 21:06:16.771 | INFO     | tldw_chatbook.DB.ChaChaNotes_DB:_migrate_from_v43_to_v44:6773 - [rag_char_chat_schema V43→V44] Migration completed successfully for DB: db_sha256=957bd34e8244.
2026-10-03 21:06:16.771 | INFO     | tldw_chatbook.DB.ChaChaNotes_DB:_migrate_from_v44_to_v45:6842 - Actor Pack schema migration started: chachanotes_v44_to_v45
2026-10-03 21:06:16.771 | DEBUG    | tldw_chatbook.DB.ChaChaNotes_DB:_enter_transaction:24458 - Entered nested transaction level 2 on thread 8494865792.
2026-10-03 21:06:16.772 | INFO     | tldw_chatbook.DB.ChaChaNotes_DB:_migrate_from_v44_to_v45:6875 - Actor Pack schema migration completed: chachanotes_v44_to_v45
2026-10-03 21:06:16.772 | INFO     | tldw_chatbook.DB.ChaChaNotes_DB:_migrate_from_v45_to_v46:6919 - Migrating schema from V45 to V46 for 'rag_char_chat_schema' in DB: db_sha256=957bd34e8244...
2026-10-03 21:06:16.772 | DEBUG    | tldw_chatbook.DB.ChaChaNotes_DB:_enter_transaction:24458 - Entered nested transaction level 2 on thread 8494865792.
2026-10-03 21:06:16.776 | INFO     | tldw_chatbook.DB.ChaChaNotes_DB:_migrate_from_v45_to_v46:6965 - [rag_char_chat_schema V45→V46] Migration completed successfully for DB: db_sha256=957bd34e8244. Purged 0 unreachable sync_log row(s) of 1.
2026-10-03 21:06:16.776 | INFO     | tldw_chatbook.DB.ChaChaNotes_DB:_migrate_from_v46_to_v47:7007 - Migrating schema from V46 to V47 for 'rag_char_chat_schema' in DB: db_sha256=957bd34e8244...
2026-10-03 21:06:16.776 | DEBUG    | tldw_chatbook.DB.ChaChaNotes_DB:_enter_transaction:24458 - Entered nested transaction level 2 on thread 8494865792.
2026-10-03 21:06:16.776 | INFO     | tldw_chatbook.DB.ChaChaNotes_DB:_migrate_from_v46_to_v47:7042 - [rag_char_chat_schema V46→V47] Migration completed successfully for DB: db_sha256=957bd34e8244.
2026-10-03 21:06:16.777 | DEBUG    | tldw_chatbook.DB.ChaChaNotes_DB:_enter_transaction:24458 - Entered nested transaction level 2 on thread 8494865792.
2026-10-03 21:06:16.781 | INFO     | tldw_chatbook.DB.ChaChaNotes_DB:_migrate_from_v48_to_v49:7198 - Migrating schema from V48 to V49 for 'rag_char_chat_schema' in DB: db_sha256=957bd34e8244...
2026-10-03 21:06:16.781 | DEBUG    | tldw_chatbook.DB.ChaChaNotes_DB:_enter_transaction:24458 - Entered nested transaction level 2 on thread 8494865792.
2026-10-03 21:06:16.781 | INFO     | tldw_chatbook.DB.ChaChaNotes_DB:_migrate_from_v48_to_v49:7233 - [rag_char_chat_schema V48→V49] Migration completed successfully for DB: db_sha256=957bd34e8244.
2026-10-03 21:06:16.781 | INFO     | tldw_chatbook.DB.ChaChaNotes_DB:_migrate_from_v49_to_v50:7281 - Migrating schema from V49 to V50 for 'rag_char_chat_schema' in DB: db_sha256=957bd34e8244...
2026-10-03 21:06:16.782 | DEBUG    | tldw_chatbook.DB.ChaChaNotes_DB:_enter_transaction:24458 - Entered nested transaction level 2 on thread 8494865792.
2026-10-03 21:06:16.782 | INFO     | tldw_chatbook.DB.ChaChaNotes_DB:_migrate_from_v49_to_v50:7315 - [rag_char_chat_schema V49→V50] Migration completed successfully for DB: db_sha256=957bd34e8244.
2026-10-03 21:06:16.782 | DEBUG    | tldw_chatbook.DB.ChaChaNotes_DB:_enter_transaction:24458 - Entered nested transaction level 2 on thread 8494865792.
2026-10-03 21:06:16.785 | DEBUG    | tldw_chatbook.DB.ChaChaNotes_DB:_enter_transaction:24458 - Entered nested transaction level 2 on thread 8494865792.
2026-10-03 21:06:16.793 | INFO     | tldw_chatbook.DB.ChaChaNotes_DB:_migrate_from_v52_to_v53:7440 - Migrating schema from V52 to V53 for 'rag_char_chat_schema' in DB: db_sha256=957bd34e8244...
2026-10-03 21:06:16.793 | DEBUG    | tldw_chatbook.DB.ChaChaNotes_DB:_enter_transaction:24458 - Entered nested transaction level 2 on thread 8494865792.
2026-10-03 21:06:16.793 | INFO     | tldw_chatbook.DB.ChaChaNotes_DB:_migrate_from_v52_to_v53:7505 - [rag_char_chat_schema V52→V53] Migration completed for DB: db_sha256=957bd34e8244 (examined 0, compacted 0, skipped 0 unreadable).
2026-10-03 21:06:16.793 | DEBUG    | tldw_chatbook.DB.ChaChaNotes_DB:_enter_transaction:24458 - Entered nested transaction level 2 on thread 8494865792.
2026-10-03 21:06:16.796 | DEBUG    | tldw_chatbook.DB.ChaChaNotes_DB:_enter_transaction:24458 - Entered nested transaction level 2 on thread 8494865792.
2026-10-03 21:06:16.797 | DEBUG    | tldw_chatbook.DB.ChaChaNotes_DB:_enter_transaction:24458 - Entered nested transaction level 2 on thread 8494865792.
2026-10-03 21:06:16.809 | DEBUG    | tldw_chatbook.DB.ChaChaNotes_DB:_enter_transaction:24458 - Entered nested transaction level 2 on thread 8494865792.
2026-10-03 21:06:16.811 | DEBUG    | tldw_chatbook.DB.ChaChaNotes_DB:_enter_transaction:24458 - Entered nested transaction level 2 on thread 8494865792.
2026-10-03 21:06:16.826 | DEBUG    | tldw_chatbook.DB.ChaChaNotes_DB:_enter_transaction:24458 - Entered nested transaction level 2 on thread 8494865792.
2026-10-03 21:06:16.827 | DEBUG    | tldw_chatbook.DB.ChaChaNotes_DB:_enter_transaction:24458 - Entered nested transaction level 2 on thread 8494865792.
2026-10-03 21:06:16.828 | DEBUG    | tldw_chatbook.DB.ChaChaNotes_DB:_enter_transaction:24458 - Entered nested transaction level 2 on thread 8494865792.
2026-10-03 21:06:16.828 | DEBUG    | tldw_chatbook.DB.ChaChaNotes_DB:_enter_transaction:24458 - Entered nested transaction level 2 on thread 8494865792.
2026-10-03 21:06:16.845 | DEBUG    | tldw_chatbook.DB.ChaChaNotes_DB:_enter_transaction:24458 - Entered nested transaction level 2 on thread 8494865792.
2026-10-03 21:06:16.849 | DEBUG    | tldw_chatbook.DB.ChaChaNotes_DB:_enter_transaction:24458 - Entered nested transaction level 2 on thread 8494865792.
2026-10-03 21:06:16.866 | DEBUG    | tldw_chatbook.DB.ChaChaNotes_DB:_enter_transaction:24458 - Entered nested transaction level 2 on thread 8494865792.
2026-10-03 21:06:16.866 | DEBUG    | tldw_chatbook.DB.ChaChaNotes_DB:_enter_transaction:24458 - Entered nested transaction level 2 on thread 8494865792.
2026-10-03 21:06:16.870 | DEBUG    | tldw_chatbook.DB.ChaChaNotes_DB:_enter_transaction:24458 - Entered nested transaction level 3 on thread 8494865792.
2026-10-03 21:06:16.870 | DEBUG    | tldw_chatbook.DB.ChaChaNotes_DB:_enter_transaction:24458 - Entered nested transaction level 3 on thread 8494865792.
2026-10-03 21:06:16.871 | DEBUG    | tldw_chatbook.DB.ChaChaNotes_DB:_enter_transaction:24458 - Entered nested transaction level 2 on thread 8494865792.
2026-10-03 21:06:16.874 | DEBUG    | tldw_chatbook.DB.ChaChaNotes_DB:_enter_transaction:24458 - Entered nested transaction level 2 on thread 8494865792.
2026-10-03 21:06:16.893 | DEBUG    | tldw_chatbook.DB.ChaChaNotes_DB:_enter_transaction:24458 - Entered nested transaction level 2 on thread 8494865792.
2026-10-03 21:06:16.894 | DEBUG    | tldw_chatbook.DB.ChaChaNotes_DB:_enter_transaction:24458 - Entered nested transaction level 2 on thread 8494865792.
2026-10-03 21:06:16.895 | DEBUG    | tldw_chatbook.DB.ChaChaNotes_DB:_enter_transaction:24458 - Entered nested transaction level 2 on thread 8494865792.
2026-10-03 21:06:16.902 | DEBUG    | tldw_chatbook.DB.ChaChaNotes_DB:_enter_transaction:24458 - Entered nested transaction level 2 on thread 8494865792.
2026-10-03 21:06:16.914 | DEBUG    | tldw_chatbook.DB.ChaChaNotes_DB:_enter_transaction:24458 - Entered nested transaction level 2 on thread 8494865792.
2026-10-03 21:06:16.915 | DEBUG    | tldw_chatbook.DB.ChaChaNotes_DB:_enter_transaction:24458 - Entered nested transaction level 2 on thread 8494865792.
2026-10-03 21:06:16.920 | DEBUG    | tldw_chatbook.DB.ChaChaNotes_DB:_enter_transaction:24458 - Entered nested transaction level 2 on thread 8494865792.
2026-10-03 21:06:16.920 | DEBUG    | tldw_chatbook.DB.ChaChaNotes_DB:_enter_transaction:24458 - Entered nested transaction level 2 on thread 8494865792.
2026-10-03 21:06:16.939 | INFO     | tldw_chatbook.DB.ChaChaNotes_DB:_initialize_schema:8685 - Database schema 'rag_char_chat_schema' successfully initialized/migrated to version 76.
2026-10-03 21:06:16.942 | DEBUG    | tldw_chatbook.DB.ChaChaNotes_DB:_exit_transaction:24552 - Transaction (outermost) committed successfully on thread 8494865792.
2026-10-03 21:06:16.942 | DEBUG    | tldw_chatbook.DB.ChaChaNotes_DB:__init__:3399 - CharactersRAGDB initialization completed successfully db_sha256=957bd34e8244
2026-10-03 21:06:16.948 | DEBUG    | tldw_chatbook.Chat.chat_persistence_service:__init__:271 - Recovered-media message source is unavailable.
2026-10-03 21:06:16.982 | INFO     | tldw_chatbook.DB.base_db:__init__:989 - AgentRunsDB initialized with path: /Users/macbook-dev/.codex/worktrees/console-chat-starts/tldw_chatbook/.superpowers/sdd/2026-10-03-console-pr2995-review-and-merge/task-4-red-profile-lormtzj4/pytest/test_unexpected_start_failure_0/runs.db [Client: t]
2026-10-03 21:06:16.983 | DEBUG    | tldw_chatbook.DB.ChaChaNotes_DB:_enter_transaction:24489 - Started outermost transaction on thread 8494865792.
2026-10-03 21:06:16.985 | DEBUG    | tldw_chatbook.DB.ChaChaNotes_DB:_exit_transaction:24552 - Transaction (outermost) committed successfully on thread 8494865792.
2026-10-03 21:06:16.985 | DEBUG    | tldw_chatbook.DB.ChaChaNotes_DB:add_conversation:11073 - Added conversation ID: 041dd37c-a9c1-43c9-afa9-983b67042863.
2026-10-03 21:06:16.987 | DEBUG    | tldw_chatbook.DB.ChaChaNotes_DB:_enter_transaction:24489 - Started outermost transaction on thread 8494865792.
2026-10-03 21:06:16.987 | DEBUG    | tldw_chatbook.DB.ChaChaNotes_DB:_exit_transaction:24552 - Transaction (outermost) committed successfully on thread 8494865792.
2026-10-03 21:06:16.987 | DEBUG    | tldw_chatbook.DB.ChaChaNotes_DB:add_conversation:11073 - Added conversation ID: 2b937fa0-d222-42bb-a52f-5bfb64e3ad4d.
2026-10-03 21:06:16.988 | DEBUG    | tldw_chatbook.DB.ChaChaNotes_DB:_enter_transaction:24489 - Started outermost transaction on thread 8494865792.
2026-10-03 21:06:16.988 | DEBUG    | tldw_chatbook.DB.ChaChaNotes_DB:_exit_transaction:24552 - Transaction (outermost) committed successfully on thread 8494865792.
2026-10-03 21:06:16.988 | DEBUG    | tldw_chatbook.DB.ChaChaNotes_DB:execute_query:4046 - Executing SQL (script=False): SELECT * FROM conversations WHERE id = ? AND deleted = 0... Params: (2b937fa0-d222-42bb-a52f-5bfb64e3ad4d)
2026-10-03 21:06:16.988 | DEBUG    | tldw_chatbook.DB.ChaChaNotes_DB:execute_query:4046 - Executing SQL (script=False): SELECT * FROM conversations WHERE id = ? AND deleted = 0... Params: (2b937fa0-d222-42bb-a52f-5bfb64e3ad4d)
2026-10-03 21:06:16.989 | DEBUG    | tldw_chatbook.DB.ChaChaNotes_DB:_enter_transaction:24489 - Started outermost transaction on thread 8494865792.
2026-10-03 21:06:16.989 | DEBUG    | tldw_chatbook.DB.ChaChaNotes_DB:_exit_transaction:24552 - Transaction (outermost) committed successfully on thread 8494865792.
2026-10-03 21:06:16.989 | DEBUG    | tldw_chatbook.DB.ChaChaNotes_DB:_enter_transaction:24489 - Started outermost transaction on thread 8494865792.
2026-10-03 21:06:16.989 | DEBUG    | tldw_chatbook.DB.ChaChaNotes_DB:_exit_transaction:24552 - Transaction (outermost) committed successfully on thread 8494865792.
2026-10-03 21:06:16.989 | DEBUG    | tldw_chatbook.DB.ChaChaNotes_DB:execute_query:4046 - Executing SQL (script=False): SELECT * FROM conversations WHERE id = ? AND deleted = 0... Params: (2b937fa0-d222-42bb-a52f-5bfb64e3ad4d)
2026-10-03 21:06:16.989 | DEBUG    | tldw_chatbook.DB.ChaChaNotes_DB:_enter_transaction:24489 - Started outermost transaction on thread 8494865792.
2026-10-03 21:06:16.989 | DEBUG    | tldw_chatbook.DB.ChaChaNotes_DB:_exit_transaction:24552 - Transaction (outermost) committed successfully on thread 8494865792.
2026-10-03 21:06:16.989 | DEBUG    | tldw_chatbook.DB.ChaChaNotes_DB:execute_query:4046 - Executing SQL (script=False): 
            SELECT m.id, m.conversation_id, m.parent_message_id, m.sender, m.content,
                   m.image_data, m.image_mime_type, m.timestamp, m.ranking,
                   m.last_modified, m.version, m.client_id, m.deleted, m.feedback, m.role,
                   m.variant_of, m.variant_num... Params: (2b937fa0-d222-42bb-a52f-5bfb64e3ad4d, 100000, 0)
2026-10-03 21:06:17.029 | DEBUG    | tldw_chatbook.DB.ChaChaNotes_DB:_get_thread_connection:3554 - Opened/Reopened SQLite connection db_sha256=957bd34e8244 thread=6172045312
2026-10-03 21:06:17.029 | DEBUG    | tldw_chatbook.DB.ChaChaNotes_DB:close_connection:3874 - Attempting WAL checkpoint (TRUNCATE) before close db_sha256=957bd34e8244 thread=6172045312.
2026-10-03 21:06:17.032 | DEBUG    | tldw_chatbook.DB.ChaChaNotes_DB:close_connection:3880 - WAL checkpoint TRUNCATE executed db_sha256=957bd34e8244.
2026-10-03 21:06:17.033 | DEBUG    | tldw_chatbook.DB.ChaChaNotes_DB:close_connection:3900 - Closed SQLite connection db_sha256=957bd34e8244 thread=6172045312.
2026-10-03 21:06:17.114 | DEBUG    | tldw_chatbook.DB.ChaChaNotes_DB:_get_thread_connection:3554 - Opened/Reopened SQLite connection db_sha256=957bd34e8244 thread=6172045312
2026-10-03 21:06:17.115 | DEBUG    | tldw_chatbook.DB.ChaChaNotes_DB:close_connection:3874 - Attempting WAL checkpoint (TRUNCATE) before close db_sha256=957bd34e8244 thread=6172045312.
2026-10-03 21:06:17.115 | DEBUG    | tldw_chatbook.DB.ChaChaNotes_DB:close_connection:3880 - WAL checkpoint TRUNCATE executed db_sha256=957bd34e8244.
2026-10-03 21:06:17.115 | DEBUG    | tldw_chatbook.DB.ChaChaNotes_DB:close_connection:3900 - Closed SQLite connection db_sha256=957bd34e8244 thread=6172045312.
2026-10-03 21:06:17.289 | DEBUG    | tldw_chatbook.DB.ChaChaNotes_DB:_get_thread_connection:3554 - Opened/Reopened SQLite connection db_sha256=957bd34e8244 thread=6172045312
2026-10-03 21:06:17.289 | DEBUG    | tldw_chatbook.DB.ChaChaNotes_DB:_enter_transaction:24489 - Started outermost transaction on thread 6172045312.
2026-10-03 21:06:17.290 | DEBUG    | tldw_chatbook.DB.ChaChaNotes_DB:_exit_transaction:24552 - Transaction (outermost) committed successfully on thread 6172045312.
2026-10-03 21:06:17.290 | DEBUG    | tldw_chatbook.DB.ChaChaNotes_DB:close_connection:3874 - Attempting WAL checkpoint (TRUNCATE) before close db_sha256=957bd34e8244 thread=6172045312.
2026-10-03 21:06:17.290 | DEBUG    | tldw_chatbook.DB.ChaChaNotes_DB:close_connection:3880 - WAL checkpoint TRUNCATE executed db_sha256=957bd34e8244.
2026-10-03 21:06:17.290 | DEBUG    | tldw_chatbook.DB.ChaChaNotes_DB:close_connection:3900 - Closed SQLite connection db_sha256=957bd34e8244 thread=6172045312.
2026-10-03 21:06:17.292 | DEBUG    | tldw_chatbook.DB.ChaChaNotes_DB:close_connection:3874 - Attempting WAL checkpoint (TRUNCATE) before close db_sha256=957bd34e8244 thread=8494865792.
2026-10-03 21:06:17.292 | DEBUG    | tldw_chatbook.DB.ChaChaNotes_DB:close_connection:3880 - WAL checkpoint TRUNCATE executed db_sha256=957bd34e8244.
2026-10-03 21:06:17.293 | DEBUG    | tldw_chatbook.DB.ChaChaNotes_DB:close_connection:3900 - Closed SQLite connection db_sha256=957bd34e8244 thread=8494865792.
------------------------------ Captured log call -------------------------------
ERROR    tldw_chatbook.diagnostics.console:persistent_diagnostics.py:256 event=console_send_stage app_version=0.2.3 attempt_id=1ceddc3ce5f74861b60ab61b35d200dc component=console duration_ms=46 error_category=validation exception_type=ValueError phase=controller_submit python_version=3.12.11 sqlite_version=3.49.1 status=failed
ERROR    tldw_chatbook.diagnostics.console:persistent_diagnostics.py:256 event=console_send_stage app_version=0.2.3 attempt_id=1ceddc3ce5f74861b60ab61b35d200dc component=console duration_ms=46 phase=controller_submit python_version=3.12.11 sqlite_version=3.49.1 status=failed
_ test_unexpected_start_failure_is_type_only_and_accepted_cleanup_is_review[accepted_cleanup] _

tmp_path = PosixPath('/Users/macbook-dev/.codex/worktrees/console-chat-starts/tldw_chatbook/.superpowers/sdd/2026-10-03-console-pr2995-review-and-merge/task-4-red-profile-lormtzj4/pytest/test_unexpected_start_failure_1')
monkeypatch = <_pytest.monkeypatch.MonkeyPatch object at 0x10e2bc170>
phase = 'accepted_cleanup'

    @pytest.mark.asyncio
    @pytest.mark.parametrize("phase", ["preaccept", "accepted_cleanup"])
    async def test_unexpected_start_failure_is_type_only_and_accepted_cleanup_is_review(tmp_path, monkeypatch, phase):
        import asyncio
        from loguru import logger
    
        controller, store, runs, source, target, chain, request = await _native_start_rig(tmp_path)
        secret = "private-prompt-api-key-should-never-appear"
        records = []
        sink = logger.add(lambda message: records.append(message.record))
        if phase == "preaccept":
            async def fail(_selection):
                raise ValueError(secret)
            monkeypatch.setattr(controller, "_resolve_for_send_bounded", fail)
        else:
            accept = runs.automatic_work.accept_chat_start
            def fail(*args, **kwargs):
                assert accept(*args, **kwargs)
                raise ValueError(secret)
            monkeypatch.setattr(runs.automatic_work, "accept_chat_start", fail)
        try:
            outcome = await controller._chat_start.start(request)
            await asyncio.gather(*controller._chat_start.tasks())
>           assert (outcome.launch_status, outcome.reason) == (("not_started", "start_failed") if phase == "preaccept" else ("review_required", "receipt_unconfirmed"))
E           AssertionError: assert ('review_requ..._unconfirmed') == ('review_requ..._unconfirmed')
E             
E             At index 1 diff: 'settlement_unconfirmed' != 'receipt_unconfirmed'
E             Use -v to get more diff

Tests/Chat/test_console_chat_start.py:2797: AssertionError
----------------------------- Captured stderr call -----------------------------
2026-10-03 21:06:17.350 | INFO     | tldw_chatbook.DB.ChaChaNotes_DB:__init__:3376 - Initializing CharactersRAGDB db_sha256=fec80c758fd3 [Client ID: t]
2026-10-03 21:06:17.387 | DEBUG    | tldw_chatbook.DB.ChaChaNotes_DB:_get_thread_connection:3554 - Opened/Reopened SQLite connection db_sha256=fec80c758fd3 thread=8494865792
2026-10-03 21:06:17.388 | DEBUG    | tldw_chatbook.DB.ChaChaNotes_DB:_enter_transaction:24489 - Started outermost transaction on thread 8494865792.
2026-10-03 21:06:17.388 | INFO     | tldw_chatbook.DB.ChaChaNotes_DB:_initialize_schema:8550 - Checking DB schema 'rag_char_chat_schema'. Current version: 0. Code supports: 76
2026-10-03 21:06:17.388 | INFO     | tldw_chatbook.DB.ChaChaNotes_DB:_apply_schema_v4:4437 - Applying schema Version 4 for 'rag_char_chat_schema' to DB: db_sha256=fec80c758fd3...
2026-10-03 21:06:17.388 | DEBUG    | tldw_chatbook.DB.ChaChaNotes_DB:_enter_transaction:24458 - Entered nested transaction level 2 on thread 8494865792.
2026-10-03 21:06:17.394 | DEBUG    | tldw_chatbook.DB.ChaChaNotes_DB:_apply_schema_v4:4478 - [rag_char_chat_schema V4] Full schema script executed.
2026-10-03 21:06:17.394 | INFO     | tldw_chatbook.DB.ChaChaNotes_DB:_apply_schema_v4:4485 - [rag_char_chat_schema V4] Schema 4 applied and version confirmed for DB: db_sha256=fec80c758fd3.
2026-10-03 21:06:17.394 | DEBUG    | tldw_chatbook.DB.ChaChaNotes_DB:_enrich_default_assistant_card_if_bare:4749 - [task-2451] Default Assistant enrichment UPDATE affected 1 row(s) in DB: db_sha256=fec80c758fd3.
2026-10-03 21:06:17.395 | INFO     | tldw_chatbook.DB.ChaChaNotes_DB:_migrate_from_v4_to_v5:4770 - Migrating schema from V4 to V5 for 'rag_char_chat_schema' in DB: db_sha256=fec80c758fd3...
2026-10-03 21:06:17.395 | DEBUG    | tldw_chatbook.DB.ChaChaNotes_DB:_enter_transaction:24458 - Entered nested transaction level 2 on thread 8494865792.
2026-10-03 21:06:17.403 | DEBUG    | tldw_chatbook.DB.ChaChaNotes_DB:_migrate_from_v4_to_v5:4780 - [rag_char_chat_schema V4→V5] Migration script executed.
2026-10-03 21:06:17.403 | INFO     | tldw_chatbook.DB.ChaChaNotes_DB:_migrate_from_v4_to_v5:4789 - [rag_char_chat_schema V4→V5] Migration completed successfully for DB: db_sha256=fec80c758fd3.
2026-10-03 21:06:17.403 | INFO     | tldw_chatbook.DB.ChaChaNotes_DB:_migrate_from_v5_to_v6:4823 - Migrating schema from V5 to V6 for 'rag_char_chat_schema' in DB: db_sha256=fec80c758fd3...
2026-10-03 21:06:17.403 | DEBUG    | tldw_chatbook.DB.ChaChaNotes_DB:_enter_transaction:24458 - Entered nested transaction level 2 on thread 8494865792.
2026-10-03 21:06:17.404 | DEBUG    | tldw_chatbook.DB.ChaChaNotes_DB:_migrate_from_v5_to_v6:4831 - [rag_char_chat_schema V5→V6] Migration script executed.
2026-10-03 21:06:17.404 | INFO     | tldw_chatbook.DB.ChaChaNotes_DB:_migrate_from_v5_to_v6:4840 - [rag_char_chat_schema V5→V6] Migration completed successfully for DB: db_sha256=fec80c758fd3.
2026-10-03 21:06:17.404 | INFO     | tldw_chatbook.DB.ChaChaNotes_DB:_migrate_from_v6_to_v7:4874 - Migrating schema from V6 to V7 for 'rag_char_chat_schema' in DB: db_sha256=fec80c758fd3...
2026-10-03 21:06:17.404 | DEBUG    | tldw_chatbook.DB.ChaChaNotes_DB:_enter_transaction:24458 - Entered nested transaction level 2 on thread 8494865792.
2026-10-03 21:06:17.405 | DEBUG    | tldw_chatbook.DB.ChaChaNotes_DB:_migrate_from_v6_to_v7:4882 - [rag_char_chat_schema V6→V7] Migration script executed.
2026-10-03 21:06:17.405 | INFO     | tldw_chatbook.DB.ChaChaNotes_DB:_migrate_from_v6_to_v7:4891 - [rag_char_chat_schema V6→V7] Migration completed successfully for DB: db_sha256=fec80c758fd3.
2026-10-03 21:06:17.405 | INFO     | tldw_chatbook.DB.ChaChaNotes_DB:_migrate_from_v7_to_v8:8464 - Migrating schema from V7 to V8 for 'rag_char_chat_schema' in DB: db_sha256=fec80c758fd3...
2026-10-03 21:06:17.406 | DEBUG    | tldw_chatbook.DB.ChaChaNotes_DB:_enter_transaction:24458 - Entered nested transaction level 2 on thread 8494865792.
2026-10-03 21:06:17.407 | DEBUG    | tldw_chatbook.DB.ChaChaNotes_DB:_migrate_from_v7_to_v8:8472 - [rag_char_chat_schema V7→V8] Migration script executed.
2026-10-03 21:06:17.407 | INFO     | tldw_chatbook.DB.ChaChaNotes_DB:_migrate_from_v7_to_v8:8481 - [rag_char_chat_schema V7→V8] Migration completed successfully for DB: db_sha256=fec80c758fd3.
2026-10-03 21:06:17.407 | INFO     | tldw_chatbook.DB.ChaChaNotes_DB:_migrate_from_v8_to_v9:4925 - Migrating schema from V8 to V9 for 'rag_char_chat_schema' in DB: db_sha256=fec80c758fd3...
2026-10-03 21:06:17.407 | DEBUG    | tldw_chatbook.DB.ChaChaNotes_DB:_enter_transaction:24458 - Entered nested transaction level 2 on thread 8494865792.
2026-10-03 21:06:17.409 | DEBUG    | tldw_chatbook.DB.ChaChaNotes_DB:_migrate_from_v8_to_v9:4933 - [rag_char_chat_schema V8→V9] Migration script executed.
2026-10-03 21:06:17.409 | INFO     | tldw_chatbook.DB.ChaChaNotes_DB:_migrate_from_v8_to_v9:4942 - [rag_char_chat_schema V8→V9] Migration completed successfully for DB: db_sha256=fec80c758fd3.
2026-10-03 21:06:17.409 | INFO     | tldw_chatbook.DB.ChaChaNotes_DB:_migrate_from_v9_to_v10:4976 - Migrating schema from V9 to V10 for 'rag_char_chat_schema' in DB: db_sha256=fec80c758fd3...
2026-10-03 21:06:17.409 | DEBUG    | tldw_chatbook.DB.ChaChaNotes_DB:_enter_transaction:24458 - Entered nested transaction level 2 on thread 8494865792.
2026-10-03 21:06:17.410 | DEBUG    | tldw_chatbook.DB.ChaChaNotes_DB:_migrate_from_v9_to_v10:4984 - [rag_char_chat_schema V9→V10] Migration script executed.
2026-10-03 21:06:17.410 | INFO     | tldw_chatbook.DB.ChaChaNotes_DB:_migrate_from_v9_to_v10:4993 - [rag_char_chat_schema V9→V10] Migration completed successfully for DB: db_sha256=fec80c758fd3.
2026-10-03 21:06:17.410 | INFO     | tldw_chatbook.DB.ChaChaNotes_DB:_migrate_from_v10_to_v11:5027 - Migrating schema from V10 to V11 for 'rag_char_chat_schema' in DB: db_sha256=fec80c758fd3...
2026-10-03 21:06:17.410 | DEBUG    | tldw_chatbook.DB.ChaChaNotes_DB:_enter_transaction:24458 - Entered nested transaction level 2 on thread 8494865792.
2026-10-03 21:06:17.412 | DEBUG    | tldw_chatbook.DB.ChaChaNotes_DB:_migrate_from_v10_to_v11:5035 - [rag_char_chat_schema V10→V11] Migration script executed.
2026-10-03 21:06:17.412 | INFO     | tldw_chatbook.DB.ChaChaNotes_DB:_migrate_from_v10_to_v11:5044 - [rag_char_chat_schema V10→V11] Migration completed successfully for DB: db_sha256=fec80c758fd3.
2026-10-03 21:06:17.412 | INFO     | tldw_chatbook.DB.ChaChaNotes_DB:_migrate_from_v11_to_v12:5078 - Migrating schema from V11 to V12 for 'rag_char_chat_schema' in DB: db_sha256=fec80c758fd3...
2026-10-03 21:06:17.412 | DEBUG    | tldw_chatbook.DB.ChaChaNotes_DB:_enter_transaction:24458 - Entered nested transaction level 2 on thread 8494865792.
2026-10-03 21:06:17.418 | DEBUG    | tldw_chatbook.DB.ChaChaNotes_DB:_migrate_from_v11_to_v12:5086 - [rag_char_chat_schema V11→V12] Migration script executed.
2026-10-03 21:06:17.418 | INFO     | tldw_chatbook.DB.ChaChaNotes_DB:_migrate_from_v11_to_v12:5095 - [rag_char_chat_schema V11→V12] Migration completed successfully for DB: db_sha256=fec80c758fd3.
2026-10-03 21:06:17.418 | INFO     | tldw_chatbook.DB.ChaChaNotes_DB:_migrate_from_v12_to_v13:5121 - Migrating schema from V12 to V13 for 'rag_char_chat_schema' in DB: db_sha256=fec80c758fd3...
2026-10-03 21:06:17.418 | DEBUG    | tldw_chatbook.DB.ChaChaNotes_DB:_enter_transaction:24458 - Entered nested transaction level 2 on thread 8494865792.
2026-10-03 21:06:17.438 | DEBUG    | tldw_chatbook.DB.ChaChaNotes_DB:_migrate_from_v12_to_v13:5129 - [rag_char_chat_schema V12→V13] Migration script executed.
2026-10-03 21:06:17.438 | INFO     | tldw_chatbook.DB.ChaChaNotes_DB:_migrate_from_v12_to_v13:5137 - [rag_char_chat_schema V12→V13] Migration completed successfully for DB: db_sha256=fec80c758fd3.
2026-10-03 21:06:17.438 | INFO     | tldw_chatbook.DB.ChaChaNotes_DB:_migrate_from_v13_to_v14:5162 - Migrating schema from V13 to V14 for 'rag_char_chat_schema' in DB: db_sha256=fec80c758fd3...
2026-10-03 21:06:17.439 | DEBUG    | tldw_chatbook.DB.ChaChaNotes_DB:_enter_transaction:24458 - Entered nested transaction level 2 on thread 8494865792.
2026-10-03 21:06:17.444 | DEBUG    | tldw_chatbook.DB.ChaChaNotes_DB:_migrate_from_v13_to_v14:5170 - [rag_char_chat_schema V13→V14] Migration script executed.
2026-10-03 21:06:17.444 | INFO     | tldw_chatbook.DB.ChaChaNotes_DB:_migrate_from_v13_to_v14:5178 - [rag_char_chat_schema V13→V14] Migration completed successfully for DB: db_sha256=fec80c758fd3.
2026-10-03 21:06:17.444 | INFO     | tldw_chatbook.DB.ChaChaNotes_DB:_migrate_from_v14_to_v15:5203 - Migrating schema from V14 to V15 for 'rag_char_chat_schema' in DB: db_sha256=fec80c758fd3...
2026-10-03 21:06:17.444 | DEBUG    | tldw_chatbook.DB.ChaChaNotes_DB:_enter_transaction:24458 - Entered nested transaction level 2 on thread 8494865792.
2026-10-03 21:06:17.445 | DEBUG    | tldw_chatbook.DB.ChaChaNotes_DB:_migrate_from_v14_to_v15:5211 - [rag_char_chat_schema V14→V15] Migration script executed.
2026-10-03 21:06:17.445 | INFO     | tldw_chatbook.DB.ChaChaNotes_DB:_migrate_from_v14_to_v15:5219 - [rag_char_chat_schema V14→V15] Migration completed successfully for DB: db_sha256=fec80c758fd3.
2026-10-03 21:06:17.445 | INFO     | tldw_chatbook.DB.ChaChaNotes_DB:_migrate_from_v15_to_v16:5245 - Migrating schema from V15 to V16 for 'rag_char_chat_schema' in DB: db_sha256=fec80c758fd3...
2026-10-03 21:06:17.445 | DEBUG    | tldw_chatbook.DB.ChaChaNotes_DB:_enter_transaction:24458 - Entered nested transaction level 2 on thread 8494865792.
2026-10-03 21:06:17.446 | DEBUG    | tldw_chatbook.DB.ChaChaNotes_DB:_migrate_from_v15_to_v16:5288 - [rag_char_chat_schema V15→V16] Migration script executed.
2026-10-03 21:06:17.446 | INFO     | tldw_chatbook.DB.ChaChaNotes_DB:_migrate_from_v15_to_v16:5298 - [rag_char_chat_schema V15→V16] Migration completed successfully for DB: db_sha256=fec80c758fd3.
2026-10-03 21:06:17.446 | INFO     | tldw_chatbook.DB.ChaChaNotes_DB:_migrate_from_v16_to_v17:5324 - Migrating schema from V16 to V17 for 'rag_char_chat_schema' in DB: db_sha256=fec80c758fd3...
2026-10-03 21:06:17.446 | DEBUG    | tldw_chatbook.DB.ChaChaNotes_DB:_enter_transaction:24458 - Entered nested transaction level 2 on thread 8494865792.
2026-10-03 21:06:17.446 | DEBUG    | tldw_chatbook.DB.ChaChaNotes_DB:_migrate_from_v16_to_v17:5332 - [rag_char_chat_schema V16→V17] Migration script executed.
2026-10-03 21:06:17.446 | INFO     | tldw_chatbook.DB.ChaChaNotes_DB:_migrate_from_v16_to_v17:5340 - [rag_char_chat_schema V16→V17] Migration completed successfully for DB: db_sha256=fec80c758fd3.
2026-10-03 21:06:17.446 | INFO     | tldw_chatbook.DB.ChaChaNotes_DB:_migrate_from_v17_to_v18:5368 - Migrating schema from V17 to V18 for 'rag_char_chat_schema' in DB: db_sha256=fec80c758fd3...
2026-10-03 21:06:17.446 | DEBUG    | tldw_chatbook.DB.ChaChaNotes_DB:_enter_transaction:24458 - Entered nested transaction level 2 on thread 8494865792.
2026-10-03 21:06:17.449 | DEBUG    | tldw_chatbook.DB.ChaChaNotes_DB:_migrate_from_v17_to_v18:5376 - [rag_char_chat_schema V17→V18] Migration script executed.
2026-10-03 21:06:17.449 | INFO     | tldw_chatbook.DB.ChaChaNotes_DB:_migrate_from_v17_to_v18:5384 - [rag_char_chat_schema V17→V18] Migration completed successfully for DB: db_sha256=fec80c758fd3.
2026-10-03 21:06:17.449 | INFO     | tldw_chatbook.DB.ChaChaNotes_DB:_migrate_from_v18_to_v19:8414 - Migrating schema from V18 to V19 for 'rag_char_chat_schema' in DB: db_sha256=fec80c758fd3...
2026-10-03 21:06:17.449 | DEBUG    | tldw_chatbook.DB.ChaChaNotes_DB:_enter_transaction:24458 - Entered nested transaction level 2 on thread 8494865792.
2026-10-03 21:06:17.449 | DEBUG    | tldw_chatbook.DB.ChaChaNotes_DB:_migrate_from_v18_to_v19:8422 - [rag_char_chat_schema V18→V19] Migration script executed.
2026-10-03 21:06:17.449 | INFO     | tldw_chatbook.DB.ChaChaNotes_DB:_migrate_from_v18_to_v19:8430 - [rag_char_chat_schema V18→V19] Migration completed successfully for DB: db_sha256=fec80c758fd3.
2026-10-03 21:06:17.449 | INFO     | tldw_chatbook.DB.ChaChaNotes_DB:_migrate_from_v19_to_v20:5412 - Migrating schema from V19 to V20 for 'rag_char_chat_schema' in DB: db_sha256=fec80c758fd3...
2026-10-03 21:06:17.449 | DEBUG    | tldw_chatbook.DB.ChaChaNotes_DB:_enter_transaction:24458 - Entered nested transaction level 2 on thread 8494865792.
2026-10-03 21:06:17.452 | DEBUG    | tldw_chatbook.DB.ChaChaNotes_DB:_migrate_from_v19_to_v20:5431 - [rag_char_chat_schema V19→V20] Migration script executed.
2026-10-03 21:06:17.452 | INFO     | tldw_chatbook.DB.ChaChaNotes_DB:_migrate_from_v19_to_v20:5439 - [rag_char_chat_schema V19→V20] Migration completed successfully for DB: db_sha256=fec80c758fd3.
2026-10-03 21:06:17.452 | INFO     | tldw_chatbook.DB.ChaChaNotes_DB:_migrate_from_v20_to_v21:5467 - Migrating schema from V20 to V21 for 'rag_char_chat_schema' in DB: db_sha256=fec80c758fd3...
2026-10-03 21:06:17.452 | DEBUG    | tldw_chatbook.DB.ChaChaNotes_DB:_enter_transaction:24458 - Entered nested transaction level 2 on thread 8494865792.
2026-10-03 21:06:17.452 | DEBUG    | tldw_chatbook.DB.ChaChaNotes_DB:_migrate_from_v20_to_v21:5488 - [rag_char_chat_schema V20→V21] Migration script executed.
2026-10-03 21:06:17.452 | INFO     | tldw_chatbook.DB.ChaChaNotes_DB:_migrate_from_v20_to_v21:5496 - [rag_char_chat_schema V20→V21] Migration completed successfully for DB: db_sha256=fec80c758fd3.
2026-10-03 21:06:17.452 | INFO     | tldw_chatbook.DB.ChaChaNotes_DB:_migrate_from_v21_to_v22:5518 - Migrating schema from V21 to V22 for 'rag_char_chat_schema' in DB: db_sha256=fec80c758fd3...
2026-10-03 21:06:17.452 | DEBUG    | tldw_chatbook.DB.ChaChaNotes_DB:_enter_transaction:24458 - Entered nested transaction level 2 on thread 8494865792.
2026-10-03 21:06:17.453 | DEBUG    | tldw_chatbook.DB.ChaChaNotes_DB:_migrate_from_v21_to_v22:5536 - [rag_char_chat_schema V21→V22] Migration script executed.
2026-10-03 21:06:17.453 | INFO     | tldw_chatbook.DB.ChaChaNotes_DB:_migrate_from_v21_to_v22:5542 - [rag_char_chat_schema V21→V22] Migration completed successfully for DB: db_sha256=fec80c758fd3.
2026-10-03 21:06:17.453 | INFO     | tldw_chatbook.DB.ChaChaNotes_DB:_migrate_from_v22_to_v23:5564 - Migrating schema from V22 to V23 for 'rag_char_chat_schema' in DB: db_sha256=fec80c758fd3...
2026-10-03 21:06:17.453 | DEBUG    | tldw_chatbook.DB.ChaChaNotes_DB:_enter_transaction:24458 - Entered nested transaction level 2 on thread 8494865792.
2026-10-03 21:06:17.453 | DEBUG    | tldw_chatbook.DB.ChaChaNotes_DB:_migrate_from_v22_to_v23:5572 - [rag_char_chat_schema V22→V23] Migration script executed.
2026-10-03 21:06:17.453 | INFO     | tldw_chatbook.DB.ChaChaNotes_DB:_migrate_from_v22_to_v23:5578 - [rag_char_chat_schema V22→V23] Migration completed successfully for DB: db_sha256=fec80c758fd3.
2026-10-03 21:06:17.453 | INFO     | tldw_chatbook.DB.ChaChaNotes_DB:_migrate_from_v23_to_v24:5601 - Migrating schema from V23 to V24 for 'rag_char_chat_schema' in DB: db_sha256=fec80c758fd3...
2026-10-03 21:06:17.453 | DEBUG    | tldw_chatbook.DB.ChaChaNotes_DB:_enter_transaction:24458 - Entered nested transaction level 2 on thread 8494865792.
2026-10-03 21:06:17.455 | DEBUG    | tldw_chatbook.DB.ChaChaNotes_DB:_migrate_from_v23_to_v24:5619 - [rag_char_chat_schema V23→V24] Migration script executed.
2026-10-03 21:06:17.455 | INFO     | tldw_chatbook.DB.ChaChaNotes_DB:_migrate_from_v23_to_v24:5625 - [rag_char_chat_schema V23→V24] Migration completed successfully for DB: db_sha256=fec80c758fd3.
2026-10-03 21:06:17.455 | INFO     | tldw_chatbook.DB.ChaChaNotes_DB:_migrate_from_v24_to_v25:5648 - Migrating schema from V24 to V25 for 'rag_char_chat_schema' in DB: db_sha256=fec80c758fd3...
2026-10-03 21:06:17.455 | DEBUG    | tldw_chatbook.DB.ChaChaNotes_DB:_enter_transaction:24458 - Entered nested transaction level 2 on thread 8494865792.
2026-10-03 21:06:17.455 | DEBUG    | tldw_chatbook.DB.ChaChaNotes_DB:_migrate_from_v24_to_v25:5656 - [rag_char_chat_schema V24→V25] Migration script executed.
2026-10-03 21:06:17.455 | INFO     | tldw_chatbook.DB.ChaChaNotes_DB:_migrate_from_v24_to_v25:5662 - [rag_char_chat_schema V24→V25] Migration completed successfully for DB: db_sha256=fec80c758fd3.
2026-10-03 21:06:17.455 | INFO     | tldw_chatbook.DB.ChaChaNotes_DB:_migrate_from_v25_to_v26:5686 - Migrating schema from V25 to V26 for 'rag_char_chat_schema' in DB: db_sha256=fec80c758fd3...
2026-10-03 21:06:17.455 | DEBUG    | tldw_chatbook.DB.ChaChaNotes_DB:_enter_transaction:24458 - Entered nested transaction level 2 on thread 8494865792.
2026-10-03 21:06:17.459 | DEBUG    | tldw_chatbook.DB.ChaChaNotes_DB:_migrate_from_v25_to_v26:5708 - [rag_char_chat_schema V25→V26] Migration script executed.
2026-10-03 21:06:17.459 | INFO     | tldw_chatbook.DB.ChaChaNotes_DB:_migrate_from_v25_to_v26:5714 - [rag_char_chat_schema V25→V26] Migration completed successfully for DB: db_sha256=fec80c758fd3.
2026-10-03 21:06:17.459 | DEBUG    | tldw_chatbook.DB.ChaChaNotes_DB:_enter_transaction:24458 - Entered nested transaction level 2 on thread 8494865792.
2026-10-03 21:06:17.462 | DEBUG    | tldw_chatbook.DB.ChaChaNotes_DB:_enter_transaction:24458 - Entered nested transaction level 2 on thread 8494865792.
2026-10-03 21:06:17.462 | DEBUG    | tldw_chatbook.DB.ChaChaNotes_DB:_enter_transaction:24458 - Entered nested transaction level 3 on thread 8494865792.
2026-10-03 21:06:17.464 | INFO     | tldw_chatbook.DB.ChaChaNotes_DB:_migrate_from_v28_to_v29:5901 - Migrating schema from V28 to V29 for 'rag_char_chat_schema' in DB: db_sha256=fec80c758fd3...
2026-10-03 21:06:17.464 | DEBUG    | tldw_chatbook.DB.ChaChaNotes_DB:_enter_transaction:24458 - Entered nested transaction level 2 on thread 8494865792.
2026-10-03 21:06:17.465 | DEBUG    | tldw_chatbook.DB.ChaChaNotes_DB:_migrate_from_v28_to_v29:5909 - [rag_char_chat_schema V28→V29] Migration script executed.
2026-10-03 21:06:17.465 | INFO     | tldw_chatbook.DB.ChaChaNotes_DB:_migrate_from_v28_to_v29:5917 - [rag_char_chat_schema V28→V29] Migration completed successfully for DB: db_sha256=fec80c758fd3.
2026-10-03 21:06:17.465 | INFO     | tldw_chatbook.DB.ChaChaNotes_DB:_migrate_from_v29_to_v30:5944 - Migrating schema from V29 to V30 for 'rag_char_chat_schema' in DB: db_sha256=fec80c758fd3...
2026-10-03 21:06:17.465 | DEBUG    | tldw_chatbook.DB.ChaChaNotes_DB:_enter_transaction:24458 - Entered nested transaction level 2 on thread 8494865792.
2026-10-03 21:06:17.467 | DEBUG    | tldw_chatbook.DB.ChaChaNotes_DB:_migrate_from_v29_to_v30:5970 - [rag_char_chat_schema V29→V30] Migration script executed.
2026-10-03 21:06:17.467 | INFO     | tldw_chatbook.DB.ChaChaNotes_DB:_migrate_from_v29_to_v30:5994 - [rag_char_chat_schema V29→V30] Migration completed successfully for DB: db_sha256=fec80c758fd3.
2026-10-03 21:06:17.467 | INFO     | tldw_chatbook.DB.ChaChaNotes_DB:_migrate_from_v30_to_v31:6021 - Migrating schema from V30 to V31 for 'rag_char_chat_schema' in DB: db_sha256=fec80c758fd3...
2026-10-03 21:06:17.467 | DEBUG    | tldw_chatbook.DB.ChaChaNotes_DB:_enter_transaction:24458 - Entered nested transaction level 2 on thread 8494865792.
2026-10-03 21:06:17.469 | DEBUG    | tldw_chatbook.DB.ChaChaNotes_DB:_migrate_from_v30_to_v31:6047 - [rag_char_chat_schema V30→V31] Migration script executed.
2026-10-03 21:06:17.469 | INFO     | tldw_chatbook.DB.ChaChaNotes_DB:_migrate_from_v30_to_v31:6071 - [rag_char_chat_schema V30→V31] Migration completed successfully for DB: db_sha256=fec80c758fd3.
2026-10-03 21:06:17.469 | INFO     | tldw_chatbook.DB.ChaChaNotes_DB:_migrate_from_v31_to_v32:6104 - Migrating schema from V31 to V32 for 'rag_char_chat_schema' in DB: db_sha256=fec80c758fd3...
2026-10-03 21:06:17.470 | DEBUG    | tldw_chatbook.DB.ChaChaNotes_DB:_enrich_default_assistant_card_if_bare:4749 - [task-2451] Default Assistant enrichment UPDATE affected 0 row(s) in DB: db_sha256=fec80c758fd3.
2026-10-03 21:06:17.470 | INFO     | tldw_chatbook.DB.ChaChaNotes_DB:_migrate_from_v31_to_v32:6130 - [rag_char_chat_schema V31→V32] Migration completed successfully for DB: db_sha256=fec80c758fd3.
2026-10-03 21:06:17.470 | DEBUG    | tldw_chatbook.DB.ChaChaNotes_DB:_enter_transaction:24458 - Entered nested transaction level 2 on thread 8494865792.
2026-10-03 21:06:17.471 | DEBUG    | tldw_chatbook.DB.ChaChaNotes_DB:_enter_transaction:24458 - Entered nested transaction level 2 on thread 8494865792.
2026-10-03 21:06:17.473 | DEBUG    | tldw_chatbook.DB.ChaChaNotes_DB:_enter_transaction:24458 - Entered nested transaction level 2 on thread 8494865792.
2026-10-03 21:06:17.474 | DEBUG    | tldw_chatbook.DB.ChaChaNotes_DB:_enter_transaction:24458 - Entered nested transaction level 2 on thread 8494865792.
2026-10-03 21:06:17.475 | DEBUG    | tldw_chatbook.DB.ChaChaNotes_DB:_enter_transaction:24458 - Entered nested transaction level 2 on thread 8494865792.
2026-10-03 21:06:17.478 | DEBUG    | tldw_chatbook.DB.ChaChaNotes_DB:_enter_transaction:24458 - Entered nested transaction level 2 on thread 8494865792.
2026-10-03 21:06:17.479 | DEBUG    | tldw_chatbook.DB.ChaChaNotes_DB:_enter_transaction:24458 - Entered nested transaction level 2 on thread 8494865792.
2026-10-03 21:06:17.480 | DEBUG    | tldw_chatbook.DB.ChaChaNotes_DB:_enter_transaction:24458 - Entered nested transaction level 2 on thread 8494865792.
2026-10-03 21:06:17.480 | DEBUG    | tldw_chatbook.DB.ChaChaNotes_DB:_enter_transaction:24458 - Entered nested transaction level 2 on thread 8494865792.
2026-10-03 21:06:17.481 | INFO     | tldw_chatbook.DB.ChaChaNotes_DB:_migrate_from_v41_to_v42:6450 - Migrating schema from V41 to V42 for 'rag_char_chat_schema' in DB: db_sha256=fec80c758fd3...
2026-10-03 21:06:17.481 | INFO     | tldw_chatbook.DB.ChaChaNotes_DB:_migrate_from_v41_to_v42:6514 - [rag_char_chat_schema V41→V42] conversations.console_project_context_json already present; applying the version bump only.
2026-10-03 21:06:17.481 | INFO     | tldw_chatbook.DB.ChaChaNotes_DB:_migrate_from_v42_to_v43:6564 - Migrating schema from V42 to V43 for 'rag_char_chat_schema' in DB: db_sha256=fec80c758fd3...
2026-10-03 21:06:17.481 | DEBUG    | tldw_chatbook.DB.ChaChaNotes_DB:_enter_transaction:24458 - Entered nested transaction level 2 on thread 8494865792.
2026-10-03 21:06:17.482 | INFO     | tldw_chatbook.DB.ChaChaNotes_DB:_migrate_from_v42_to_v43:6703 - [rag_char_chat_schema V42→V43] Migration completed successfully for DB: db_sha256=fec80c758fd3.
2026-10-03 21:06:17.482 | INFO     | tldw_chatbook.DB.ChaChaNotes_DB:_migrate_from_v43_to_v44:6733 - Migrating schema from V43 to V44 for 'rag_char_chat_schema' in DB: db_sha256=fec80c758fd3...
2026-10-03 21:06:17.482 | DEBUG    | tldw_chatbook.DB.ChaChaNotes_DB:_enter_transaction:24458 - Entered nested transaction level 2 on thread 8494865792.
2026-10-03 21:06:17.490 | INFO     | tldw_chatbook.DB.ChaChaNotes_DB:_migrate_from_v43_to_v44:6773 - [rag_char_chat_schema V43→V44] Migration completed successfully for DB: db_sha256=fec80c758fd3.
2026-10-03 21:06:17.490 | INFO     | tldw_chatbook.DB.ChaChaNotes_DB:_migrate_from_v44_to_v45:6842 - Actor Pack schema migration started: chachanotes_v44_to_v45
2026-10-03 21:06:17.490 | DEBUG    | tldw_chatbook.DB.ChaChaNotes_DB:_enter_transaction:24458 - Entered nested transaction level 2 on thread 8494865792.
2026-10-03 21:06:17.490 | INFO     | tldw_chatbook.DB.ChaChaNotes_DB:_migrate_from_v44_to_v45:6875 - Actor Pack schema migration completed: chachanotes_v44_to_v45
2026-10-03 21:06:17.490 | INFO     | tldw_chatbook.DB.ChaChaNotes_DB:_migrate_from_v45_to_v46:6919 - Migrating schema from V45 to V46 for 'rag_char_chat_schema' in DB: db_sha256=fec80c758fd3...
2026-10-03 21:06:17.491 | DEBUG    | tldw_chatbook.DB.ChaChaNotes_DB:_enter_transaction:24458 - Entered nested transaction level 2 on thread 8494865792.
2026-10-03 21:06:17.494 | INFO     | tldw_chatbook.DB.ChaChaNotes_DB:_migrate_from_v45_to_v46:6965 - [rag_char_chat_schema V45→V46] Migration completed successfully for DB: db_sha256=fec80c758fd3. Purged 0 unreachable sync_log row(s) of 1.
2026-10-03 21:06:17.494 | INFO     | tldw_chatbook.DB.ChaChaNotes_DB:_migrate_from_v46_to_v47:7007 - Migrating schema from V46 to V47 for 'rag_char_chat_schema' in DB: db_sha256=fec80c758fd3...
2026-10-03 21:06:17.494 | DEBUG    | tldw_chatbook.DB.ChaChaNotes_DB:_enter_transaction:24458 - Entered nested transaction level 2 on thread 8494865792.
2026-10-03 21:06:17.495 | INFO     | tldw_chatbook.DB.ChaChaNotes_DB:_migrate_from_v46_to_v47:7042 - [rag_char_chat_schema V46→V47] Migration completed successfully for DB: db_sha256=fec80c758fd3.
2026-10-03 21:06:17.495 | DEBUG    | tldw_chatbook.DB.ChaChaNotes_DB:_enter_transaction:24458 - Entered nested transaction level 2 on thread 8494865792.
2026-10-03 21:06:17.499 | INFO     | tldw_chatbook.DB.ChaChaNotes_DB:_migrate_from_v48_to_v49:7198 - Migrating schema from V48 to V49 for 'rag_char_chat_schema' in DB: db_sha256=fec80c758fd3...
2026-10-03 21:06:17.499 | DEBUG    | tldw_chatbook.DB.ChaChaNotes_DB:_enter_transaction:24458 - Entered nested transaction level 2 on thread 8494865792.
2026-10-03 21:06:17.500 | INFO     | tldw_chatbook.DB.ChaChaNotes_DB:_migrate_from_v48_to_v49:7233 - [rag_char_chat_schema V48→V49] Migration completed successfully for DB: db_sha256=fec80c758fd3.
2026-10-03 21:06:17.500 | INFO     | tldw_chatbook.DB.ChaChaNotes_DB:_migrate_from_v49_to_v50:7281 - Migrating schema from V49 to V50 for 'rag_char_chat_schema' in DB: db_sha256=fec80c758fd3...
2026-10-03 21:06:17.500 | DEBUG    | tldw_chatbook.DB.ChaChaNotes_DB:_enter_transaction:24458 - Entered nested transaction level 2 on thread 8494865792.
2026-10-03 21:06:17.500 | INFO     | tldw_chatbook.DB.ChaChaNotes_DB:_migrate_from_v49_to_v50:7315 - [rag_char_chat_schema V49→V50] Migration completed successfully for DB: db_sha256=fec80c758fd3.
2026-10-03 21:06:17.500 | DEBUG    | tldw_chatbook.DB.ChaChaNotes_DB:_enter_transaction:24458 - Entered nested transaction level 2 on thread 8494865792.
2026-10-03 21:06:17.503 | DEBUG    | tldw_chatbook.DB.ChaChaNotes_DB:_enter_transaction:24458 - Entered nested transaction level 2 on thread 8494865792.
2026-10-03 21:06:17.510 | INFO     | tldw_chatbook.DB.ChaChaNotes_DB:_migrate_from_v52_to_v53:7440 - Migrating schema from V52 to V53 for 'rag_char_chat_schema' in DB: db_sha256=fec80c758fd3...
2026-10-03 21:06:17.511 | DEBUG    | tldw_chatbook.DB.ChaChaNotes_DB:_enter_transaction:24458 - Entered nested transaction level 2 on thread 8494865792.
2026-10-03 21:06:17.511 | INFO     | tldw_chatbook.DB.ChaChaNotes_DB:_migrate_from_v52_to_v53:7505 - [rag_char_chat_schema V52→V53] Migration completed for DB: db_sha256=fec80c758fd3 (examined 0, compacted 0, skipped 0 unreadable).
2026-10-03 21:06:17.511 | DEBUG    | tldw_chatbook.DB.ChaChaNotes_DB:_enter_transaction:24458 - Entered nested transaction level 2 on thread 8494865792.
2026-10-03 21:06:17.514 | DEBUG    | tldw_chatbook.DB.ChaChaNotes_DB:_enter_transaction:24458 - Entered nested transaction level 2 on thread 8494865792.
2026-10-03 21:06:17.515 | DEBUG    | tldw_chatbook.DB.ChaChaNotes_DB:_enter_transaction:24458 - Entered nested transaction level 2 on thread 8494865792.
2026-10-03 21:06:17.526 | DEBUG    | tldw_chatbook.DB.ChaChaNotes_DB:_enter_transaction:24458 - Entered nested transaction level 2 on thread 8494865792.
2026-10-03 21:06:17.528 | DEBUG    | tldw_chatbook.DB.ChaChaNotes_DB:_enter_transaction:24458 - Entered nested transaction level 2 on thread 8494865792.
2026-10-03 21:06:17.542 | DEBUG    | tldw_chatbook.DB.ChaChaNotes_DB:_enter_transaction:24458 - Entered nested transaction level 2 on thread 8494865792.
2026-10-03 21:06:17.543 | DEBUG    | tldw_chatbook.DB.ChaChaNotes_DB:_enter_transaction:24458 - Entered nested transaction level 2 on thread 8494865792.
2026-10-03 21:06:17.543 | DEBUG    | tldw_chatbook.DB.ChaChaNotes_DB:_enter_transaction:24458 - Entered nested transaction level 2 on thread 8494865792.
2026-10-03 21:06:17.544 | DEBUG    | tldw_chatbook.DB.ChaChaNotes_DB:_enter_transaction:24458 - Entered nested transaction level 2 on thread 8494865792.
2026-10-03 21:06:17.560 | DEBUG    | tldw_chatbook.DB.ChaChaNotes_DB:_enter_transaction:24458 - Entered nested transaction level 2 on thread 8494865792.
2026-10-03 21:06:17.564 | DEBUG    | tldw_chatbook.DB.ChaChaNotes_DB:_enter_transaction:24458 - Entered nested transaction level 2 on thread 8494865792.
2026-10-03 21:06:17.580 | DEBUG    | tldw_chatbook.DB.ChaChaNotes_DB:_enter_transaction:24458 - Entered nested transaction level 2 on thread 8494865792.
2026-10-03 21:06:17.581 | DEBUG    | tldw_chatbook.DB.ChaChaNotes_DB:_enter_transaction:24458 - Entered nested transaction level 2 on thread 8494865792.
2026-10-03 21:06:17.584 | DEBUG    | tldw_chatbook.DB.ChaChaNotes_DB:_enter_transaction:24458 - Entered nested transaction level 3 on thread 8494865792.
2026-10-03 21:06:17.585 | DEBUG    | tldw_chatbook.DB.ChaChaNotes_DB:_enter_transaction:24458 - Entered nested transaction level 3 on thread 8494865792.
2026-10-03 21:06:17.585 | DEBUG    | tldw_chatbook.DB.ChaChaNotes_DB:_enter_transaction:24458 - Entered nested transaction level 2 on thread 8494865792.
2026-10-03 21:06:17.588 | DEBUG    | tldw_chatbook.DB.ChaChaNotes_DB:_enter_transaction:24458 - Entered nested transaction level 2 on thread 8494865792.
2026-10-03 21:06:17.607 | DEBUG    | tldw_chatbook.DB.ChaChaNotes_DB:_enter_transaction:24458 - Entered nested transaction level 2 on thread 8494865792.
2026-10-03 21:06:17.608 | DEBUG    | tldw_chatbook.DB.ChaChaNotes_DB:_enter_transaction:24458 - Entered nested transaction level 2 on thread 8494865792.
2026-10-03 21:06:17.608 | DEBUG    | tldw_chatbook.DB.ChaChaNotes_DB:_enter_transaction:24458 - Entered nested transaction level 2 on thread 8494865792.
2026-10-03 21:06:17.614 | DEBUG    | tldw_chatbook.DB.ChaChaNotes_DB:_enter_transaction:24458 - Entered nested transaction level 2 on thread 8494865792.
2026-10-03 21:06:17.626 | DEBUG    | tldw_chatbook.DB.ChaChaNotes_DB:_enter_transaction:24458 - Entered nested transaction level 2 on thread 8494865792.
2026-10-03 21:06:17.626 | DEBUG    | tldw_chatbook.DB.ChaChaNotes_DB:_enter_transaction:24458 - Entered nested transaction level 2 on thread 8494865792.
2026-10-03 21:06:17.632 | DEBUG    | tldw_chatbook.DB.ChaChaNotes_DB:_enter_transaction:24458 - Entered nested transaction level 2 on thread 8494865792.
2026-10-03 21:06:17.632 | DEBUG    | tldw_chatbook.DB.ChaChaNotes_DB:_enter_transaction:24458 - Entered nested transaction level 2 on thread 8494865792.
2026-10-03 21:06:17.650 | INFO     | tldw_chatbook.DB.ChaChaNotes_DB:_initialize_schema:8685 - Database schema 'rag_char_chat_schema' successfully initialized/migrated to version 76.
2026-10-03 21:06:17.653 | DEBUG    | tldw_chatbook.DB.ChaChaNotes_DB:_exit_transaction:24552 - Transaction (outermost) committed successfully on thread 8494865792.
2026-10-03 21:06:17.653 | DEBUG    | tldw_chatbook.DB.ChaChaNotes_DB:__init__:3399 - CharactersRAGDB initialization completed successfully db_sha256=fec80c758fd3
2026-10-03 21:06:17.658 | DEBUG    | tldw_chatbook.Chat.chat_persistence_service:__init__:271 - Recovered-media message source is unavailable.
2026-10-03 21:06:17.695 | INFO     | tldw_chatbook.DB.base_db:__init__:989 - AgentRunsDB initialized with path: /Users/macbook-dev/.codex/worktrees/console-chat-starts/tldw_chatbook/.superpowers/sdd/2026-10-03-console-pr2995-review-and-merge/task-4-red-profile-lormtzj4/pytest/test_unexpected_start_failure_1/runs.db [Client: t]
2026-10-03 21:06:17.697 | DEBUG    | tldw_chatbook.DB.ChaChaNotes_DB:_enter_transaction:24489 - Started outermost transaction on thread 8494865792.
2026-10-03 21:06:17.698 | DEBUG    | tldw_chatbook.DB.ChaChaNotes_DB:_exit_transaction:24552 - Transaction (outermost) committed successfully on thread 8494865792.
2026-10-03 21:06:17.698 | DEBUG    | tldw_chatbook.DB.ChaChaNotes_DB:add_conversation:11073 - Added conversation ID: 90dc3f0a-b43f-4eb4-a9f8-a10e6c014e9d.
2026-10-03 21:06:17.700 | DEBUG    | tldw_chatbook.DB.ChaChaNotes_DB:_enter_transaction:24489 - Started outermost transaction on thread 8494865792.
2026-10-03 21:06:17.700 | DEBUG    | tldw_chatbook.DB.ChaChaNotes_DB:_exit_transaction:24552 - Transaction (outermost) committed successfully on thread 8494865792.
2026-10-03 21:06:17.701 | DEBUG    | tldw_chatbook.DB.ChaChaNotes_DB:add_conversation:11073 - Added conversation ID: 46dae666-a7ca-46df-ae0b-861310d6e5e2.
2026-10-03 21:06:17.701 | DEBUG    | tldw_chatbook.DB.ChaChaNotes_DB:_enter_transaction:24489 - Started outermost transaction on thread 8494865792.
2026-10-03 21:06:17.701 | DEBUG    | tldw_chatbook.DB.ChaChaNotes_DB:_exit_transaction:24552 - Transaction (outermost) committed successfully on thread 8494865792.
2026-10-03 21:06:17.701 | DEBUG    | tldw_chatbook.DB.ChaChaNotes_DB:execute_query:4046 - Executing SQL (script=False): SELECT * FROM conversations WHERE id = ? AND deleted = 0... Params: (46dae666-a7ca-46df-ae0b-861310d6e5e2)
2026-10-03 21:06:17.701 | DEBUG    | tldw_chatbook.DB.ChaChaNotes_DB:execute_query:4046 - Executing SQL (script=False): SELECT * FROM conversations WHERE id = ? AND deleted = 0... Params: (46dae666-a7ca-46df-ae0b-861310d6e5e2)
2026-10-03 21:06:17.702 | DEBUG    | tldw_chatbook.DB.ChaChaNotes_DB:_enter_transaction:24489 - Started outermost transaction on thread 8494865792.
2026-10-03 21:06:17.702 | DEBUG    | tldw_chatbook.DB.ChaChaNotes_DB:_exit_transaction:24552 - Transaction (outermost) committed successfully on thread 8494865792.
2026-10-03 21:06:17.702 | DEBUG    | tldw_chatbook.DB.ChaChaNotes_DB:_enter_transaction:24489 - Started outermost transaction on thread 8494865792.
2026-10-03 21:06:17.702 | DEBUG    | tldw_chatbook.DB.ChaChaNotes_DB:_exit_transaction:24552 - Transaction (outermost) committed successfully on thread 8494865792.
2026-10-03 21:06:17.702 | DEBUG    | tldw_chatbook.DB.ChaChaNotes_DB:execute_query:4046 - Executing SQL (script=False): SELECT * FROM conversations WHERE id = ? AND deleted = 0... Params: (46dae666-a7ca-46df-ae0b-861310d6e5e2)
2026-10-03 21:06:17.702 | DEBUG    | tldw_chatbook.DB.ChaChaNotes_DB:_enter_transaction:24489 - Started outermost transaction on thread 8494865792.
2026-10-03 21:06:17.702 | DEBUG    | tldw_chatbook.DB.ChaChaNotes_DB:_exit_transaction:24552 - Transaction (outermost) committed successfully on thread 8494865792.
2026-10-03 21:06:17.702 | DEBUG    | tldw_chatbook.DB.ChaChaNotes_DB:execute_query:4046 - Executing SQL (script=False): 
            SELECT m.id, m.conversation_id, m.parent_message_id, m.sender, m.content,
                   m.image_data, m.image_mime_type, m.timestamp, m.ranking,
                   m.last_modified, m.version, m.client_id, m.deleted, m.feedback, m.role,
                   m.variant_of, m.variant_num... Params: (46dae666-a7ca-46df-ae0b-861310d6e5e2, 100000, 0)
2026-10-03 21:06:17.743 | DEBUG    | tldw_chatbook.DB.ChaChaNotes_DB:_get_thread_connection:3554 - Opened/Reopened SQLite connection db_sha256=fec80c758fd3 thread=6172045312
2026-10-03 21:06:17.743 | DEBUG    | tldw_chatbook.DB.ChaChaNotes_DB:close_connection:3874 - Attempting WAL checkpoint (TRUNCATE) before close db_sha256=fec80c758fd3 thread=6172045312.
2026-10-03 21:06:17.747 | DEBUG    | tldw_chatbook.DB.ChaChaNotes_DB:close_connection:3880 - WAL checkpoint TRUNCATE executed db_sha256=fec80c758fd3.
2026-10-03 21:06:17.747 | DEBUG    | tldw_chatbook.DB.ChaChaNotes_DB:close_connection:3900 - Closed SQLite connection db_sha256=fec80c758fd3 thread=6172045312.
2026-10-03 21:06:17.835 | DEBUG    | tldw_chatbook.DB.ChaChaNotes_DB:_get_thread_connection:3554 - Opened/Reopened SQLite connection db_sha256=fec80c758fd3 thread=6172045312
2026-10-03 21:06:17.836 | DEBUG    | tldw_chatbook.DB.ChaChaNotes_DB:close_connection:3874 - Attempting WAL checkpoint (TRUNCATE) before close db_sha256=fec80c758fd3 thread=6172045312.
2026-10-03 21:06:17.836 | DEBUG    | tldw_chatbook.DB.ChaChaNotes_DB:close_connection:3880 - WAL checkpoint TRUNCATE executed db_sha256=fec80c758fd3.
2026-10-03 21:06:17.836 | DEBUG    | tldw_chatbook.DB.ChaChaNotes_DB:close_connection:3900 - Closed SQLite connection db_sha256=fec80c758fd3 thread=6172045312.
2026-10-03 21:06:17.837 | DEBUG    | tldw_chatbook.DB.ChaChaNotes_DB:_enter_transaction:24489 - Started outermost transaction on thread 8494865792.
2026-10-03 21:06:17.837 | DEBUG    | tldw_chatbook.DB.ChaChaNotes_DB:_exit_transaction:24552 - Transaction (outermost) committed successfully on thread 8494865792.
2026-10-03 21:06:18.007 | DEBUG    | tldw_chatbook.DB.ChaChaNotes_DB:_get_thread_connection:3554 - Opened/Reopened SQLite connection db_sha256=fec80c758fd3 thread=6172045312
2026-10-03 21:06:18.007 | DEBUG    | tldw_chatbook.DB.ChaChaNotes_DB:_enter_transaction:24489 - Started outermost transaction on thread 6172045312.
2026-10-03 21:06:18.008 | DEBUG    | tldw_chatbook.DB.ChaChaNotes_DB:_exit_transaction:24552 - Transaction (outermost) committed successfully on thread 6172045312.
2026-10-03 21:06:18.008 | DEBUG    | tldw_chatbook.DB.ChaChaNotes_DB:close_connection:3874 - Attempting WAL checkpoint (TRUNCATE) before close db_sha256=fec80c758fd3 thread=6172045312.
2026-10-03 21:06:18.008 | DEBUG    | tldw_chatbook.DB.ChaChaNotes_DB:close_connection:3880 - WAL checkpoint TRUNCATE executed db_sha256=fec80c758fd3.
2026-10-03 21:06:18.009 | DEBUG    | tldw_chatbook.DB.ChaChaNotes_DB:close_connection:3900 - Closed SQLite connection db_sha256=fec80c758fd3 thread=6172045312.
2026-10-03 21:06:18.010 | DEBUG    | tldw_chatbook.DB.ChaChaNotes_DB:close_connection:3874 - Attempting WAL checkpoint (TRUNCATE) before close db_sha256=fec80c758fd3 thread=8494865792.
2026-10-03 21:06:18.011 | DEBUG    | tldw_chatbook.DB.ChaChaNotes_DB:close_connection:3880 - WAL checkpoint TRUNCATE executed db_sha256=fec80c758fd3.
2026-10-03 21:06:18.011 | DEBUG    | tldw_chatbook.DB.ChaChaNotes_DB:close_connection:3900 - Closed SQLite connection db_sha256=fec80c758fd3 thread=8494865792.
------------------------------ Captured log call -------------------------------
ERROR    tldw_chatbook.diagnostics.console:persistent_diagnostics.py:256 event=console_send_stage app_version=0.2.3 attempt_id=2b10ea71bb3f4c8f876064b9d9a6b21d capture_enabled=false component=console duration_ms=54 error_category=validation exception_type=ValueError phase=capture_policy python_version=3.12.11 sqlite_version=3.49.1 status=failed
ERROR    tldw_chatbook.diagnostics.console:persistent_diagnostics.py:256 event=console_send_stage app_version=0.2.3 attempt_id=2b10ea71bb3f4c8f876064b9d9a6b21d capture_enabled=false component=console duration_ms=54 phase=controller_submit python_version=3.12.11 sqlite_version=3.49.1 status=failed
_____ test_failed_review_settlement_blocks_siblings_across_ledger_handles ______

tmp_path = PosixPath('/Users/macbook-dev/.codex/worktrees/console-chat-starts/tldw_chatbook/.superpowers/sdd/2026-10-03-console-pr2995-review-and-merge/task-4-red-profile-lormtzj4/pytest/test_failed_review_settlement_0')
monkeypatch = <_pytest.monkeypatch.MonkeyPatch object at 0x10e2bc3e0>

    @pytest.mark.asyncio
    async def test_failed_review_settlement_blocks_siblings_across_ledger_handles(tmp_path, monkeypatch):
        import asyncio
        from tldw_chatbook.DB.AgentRuns_DB import AgentRunsDB
        from tldw_chatbook.Agents.automatic_work_budget import AutomaticWorkRefused
    
        controller, store, runs, source, target, chain, request = await _native_start_rig(tmp_path)
        owner = controller.fleet_wake.runtime_owner_id
        def fail_commit(acceptance):
            raise OSError("private commit failure")
        def fail_settlement(*args, **kwargs):
            raise OSError("private ledger failure")
        monkeypatch.setattr(store, "commit_durable_turn", fail_commit)
>       settle = runs.automatic_work.mark_chat_start_review_required
                 ^^^^^^^^^^^^^^^^^^^^^^^^^^^^^^^^^^^^^^^^^^^^^^^^^^^
E       AttributeError: 'AutomaticWorkLedger' object has no attribute 'mark_chat_start_review_required'

Tests/Chat/test_console_chat_start.py:2825: AttributeError
----------------------------- Captured stderr call -----------------------------
2026-10-03 21:06:18.061 | INFO     | tldw_chatbook.DB.ChaChaNotes_DB:__init__:3376 - Initializing CharactersRAGDB db_sha256=26d72fe60f2a [Client ID: t]
2026-10-03 21:06:18.092 | DEBUG    | tldw_chatbook.DB.ChaChaNotes_DB:_get_thread_connection:3554 - Opened/Reopened SQLite connection db_sha256=26d72fe60f2a thread=8494865792
2026-10-03 21:06:18.092 | DEBUG    | tldw_chatbook.DB.ChaChaNotes_DB:_enter_transaction:24489 - Started outermost transaction on thread 8494865792.
2026-10-03 21:06:18.092 | INFO     | tldw_chatbook.DB.ChaChaNotes_DB:_initialize_schema:8550 - Checking DB schema 'rag_char_chat_schema'. Current version: 0. Code supports: 76
2026-10-03 21:06:18.092 | INFO     | tldw_chatbook.DB.ChaChaNotes_DB:_apply_schema_v4:4437 - Applying schema Version 4 for 'rag_char_chat_schema' to DB: db_sha256=26d72fe60f2a...
2026-10-03 21:06:18.092 | DEBUG    | tldw_chatbook.DB.ChaChaNotes_DB:_enter_transaction:24458 - Entered nested transaction level 2 on thread 8494865792.
2026-10-03 21:06:18.098 | DEBUG    | tldw_chatbook.DB.ChaChaNotes_DB:_apply_schema_v4:4478 - [rag_char_chat_schema V4] Full schema script executed.
2026-10-03 21:06:18.098 | INFO     | tldw_chatbook.DB.ChaChaNotes_DB:_apply_schema_v4:4485 - [rag_char_chat_schema V4] Schema 4 applied and version confirmed for DB: db_sha256=26d72fe60f2a.
2026-10-03 21:06:18.098 | DEBUG    | tldw_chatbook.DB.ChaChaNotes_DB:_enrich_default_assistant_card_if_bare:4749 - [task-2451] Default Assistant enrichment UPDATE affected 1 row(s) in DB: db_sha256=26d72fe60f2a.
2026-10-03 21:06:18.098 | INFO     | tldw_chatbook.DB.ChaChaNotes_DB:_migrate_from_v4_to_v5:4770 - Migrating schema from V4 to V5 for 'rag_char_chat_schema' in DB: db_sha256=26d72fe60f2a...
2026-10-03 21:06:18.098 | DEBUG    | tldw_chatbook.DB.ChaChaNotes_DB:_enter_transaction:24458 - Entered nested transaction level 2 on thread 8494865792.
2026-10-03 21:06:18.106 | DEBUG    | tldw_chatbook.DB.ChaChaNotes_DB:_migrate_from_v4_to_v5:4780 - [rag_char_chat_schema V4→V5] Migration script executed.
2026-10-03 21:06:18.106 | INFO     | tldw_chatbook.DB.ChaChaNotes_DB:_migrate_from_v4_to_v5:4789 - [rag_char_chat_schema V4→V5] Migration completed successfully for DB: db_sha256=26d72fe60f2a.
2026-10-03 21:06:18.106 | INFO     | tldw_chatbook.DB.ChaChaNotes_DB:_migrate_from_v5_to_v6:4823 - Migrating schema from V5 to V6 for 'rag_char_chat_schema' in DB: db_sha256=26d72fe60f2a...
2026-10-03 21:06:18.106 | DEBUG    | tldw_chatbook.DB.ChaChaNotes_DB:_enter_transaction:24458 - Entered nested transaction level 2 on thread 8494865792.
2026-10-03 21:06:18.107 | DEBUG    | tldw_chatbook.DB.ChaChaNotes_DB:_migrate_from_v5_to_v6:4831 - [rag_char_chat_schema V5→V6] Migration script executed.
2026-10-03 21:06:18.107 | INFO     | tldw_chatbook.DB.ChaChaNotes_DB:_migrate_from_v5_to_v6:4840 - [rag_char_chat_schema V5→V6] Migration completed successfully for DB: db_sha256=26d72fe60f2a.
2026-10-03 21:06:18.107 | INFO     | tldw_chatbook.DB.ChaChaNotes_DB:_migrate_from_v6_to_v7:4874 - Migrating schema from V6 to V7 for 'rag_char_chat_schema' in DB: db_sha256=26d72fe60f2a...
2026-10-03 21:06:18.108 | DEBUG    | tldw_chatbook.DB.ChaChaNotes_DB:_enter_transaction:24458 - Entered nested transaction level 2 on thread 8494865792.
2026-10-03 21:06:18.109 | DEBUG    | tldw_chatbook.DB.ChaChaNotes_DB:_migrate_from_v6_to_v7:4882 - [rag_char_chat_schema V6→V7] Migration script executed.
2026-10-03 21:06:18.109 | INFO     | tldw_chatbook.DB.ChaChaNotes_DB:_migrate_from_v6_to_v7:4891 - [rag_char_chat_schema V6→V7] Migration completed successfully for DB: db_sha256=26d72fe60f2a.
2026-10-03 21:06:18.109 | INFO     | tldw_chatbook.DB.ChaChaNotes_DB:_migrate_from_v7_to_v8:8464 - Migrating schema from V7 to V8 for 'rag_char_chat_schema' in DB: db_sha256=26d72fe60f2a...
2026-10-03 21:06:18.109 | DEBUG    | tldw_chatbook.DB.ChaChaNotes_DB:_enter_transaction:24458 - Entered nested transaction level 2 on thread 8494865792.
2026-10-03 21:06:18.110 | DEBUG    | tldw_chatbook.DB.ChaChaNotes_DB:_migrate_from_v7_to_v8:8472 - [rag_char_chat_schema V7→V8] Migration script executed.
2026-10-03 21:06:18.110 | INFO     | tldw_chatbook.DB.ChaChaNotes_DB:_migrate_from_v7_to_v8:8481 - [rag_char_chat_schema V7→V8] Migration completed successfully for DB: db_sha256=26d72fe60f2a.
2026-10-03 21:06:18.110 | INFO     | tldw_chatbook.DB.ChaChaNotes_DB:_migrate_from_v8_to_v9:4925 - Migrating schema from V8 to V9 for 'rag_char_chat_schema' in DB: db_sha256=26d72fe60f2a...
2026-10-03 21:06:18.110 | DEBUG    | tldw_chatbook.DB.ChaChaNotes_DB:_enter_transaction:24458 - Entered nested transaction level 2 on thread 8494865792.
2026-10-03 21:06:18.112 | DEBUG    | tldw_chatbook.DB.ChaChaNotes_DB:_migrate_from_v8_to_v9:4933 - [rag_char_chat_schema V8→V9] Migration script executed.
2026-10-03 21:06:18.112 | INFO     | tldw_chatbook.DB.ChaChaNotes_DB:_migrate_from_v8_to_v9:4942 - [rag_char_chat_schema V8→V9] Migration completed successfully for DB: db_sha256=26d72fe60f2a.
2026-10-03 21:06:18.112 | INFO     | tldw_chatbook.DB.ChaChaNotes_DB:_migrate_from_v9_to_v10:4976 - Migrating schema from V9 to V10 for 'rag_char_chat_schema' in DB: db_sha256=26d72fe60f2a...
2026-10-03 21:06:18.112 | DEBUG    | tldw_chatbook.DB.ChaChaNotes_DB:_enter_transaction:24458 - Entered nested transaction level 2 on thread 8494865792.
2026-10-03 21:06:18.113 | DEBUG    | tldw_chatbook.DB.ChaChaNotes_DB:_migrate_from_v9_to_v10:4984 - [rag_char_chat_schema V9→V10] Migration script executed.
2026-10-03 21:06:18.113 | INFO     | tldw_chatbook.DB.ChaChaNotes_DB:_migrate_from_v9_to_v10:4993 - [rag_char_chat_schema V9→V10] Migration completed successfully for DB: db_sha256=26d72fe60f2a.
2026-10-03 21:06:18.113 | INFO     | tldw_chatbook.DB.ChaChaNotes_DB:_migrate_from_v10_to_v11:5027 - Migrating schema from V10 to V11 for 'rag_char_chat_schema' in DB: db_sha256=26d72fe60f2a...
2026-10-03 21:06:18.113 | DEBUG    | tldw_chatbook.DB.ChaChaNotes_DB:_enter_transaction:24458 - Entered nested transaction level 2 on thread 8494865792.
2026-10-03 21:06:18.115 | DEBUG    | tldw_chatbook.DB.ChaChaNotes_DB:_migrate_from_v10_to_v11:5035 - [rag_char_chat_schema V10→V11] Migration script executed.
2026-10-03 21:06:18.115 | INFO     | tldw_chatbook.DB.ChaChaNotes_DB:_migrate_from_v10_to_v11:5044 - [rag_char_chat_schema V10→V11] Migration completed successfully for DB: db_sha256=26d72fe60f2a.
2026-10-03 21:06:18.115 | INFO     | tldw_chatbook.DB.ChaChaNotes_DB:_migrate_from_v11_to_v12:5078 - Migrating schema from V11 to V12 for 'rag_char_chat_schema' in DB: db_sha256=26d72fe60f2a...
2026-10-03 21:06:18.115 | DEBUG    | tldw_chatbook.DB.ChaChaNotes_DB:_enter_transaction:24458 - Entered nested transaction level 2 on thread 8494865792.
2026-10-03 21:06:18.121 | DEBUG    | tldw_chatbook.DB.ChaChaNotes_DB:_migrate_from_v11_to_v12:5086 - [rag_char_chat_schema V11→V12] Migration script executed.
2026-10-03 21:06:18.121 | INFO     | tldw_chatbook.DB.ChaChaNotes_DB:_migrate_from_v11_to_v12:5095 - [rag_char_chat_schema V11→V12] Migration completed successfully for DB: db_sha256=26d72fe60f2a.
2026-10-03 21:06:18.121 | INFO     | tldw_chatbook.DB.ChaChaNotes_DB:_migrate_from_v12_to_v13:5121 - Migrating schema from V12 to V13 for 'rag_char_chat_schema' in DB: db_sha256=26d72fe60f2a...
2026-10-03 21:06:18.121 | DEBUG    | tldw_chatbook.DB.ChaChaNotes_DB:_enter_transaction:24458 - Entered nested transaction level 2 on thread 8494865792.
2026-10-03 21:06:18.141 | DEBUG    | tldw_chatbook.DB.ChaChaNotes_DB:_migrate_from_v12_to_v13:5129 - [rag_char_chat_schema V12→V13] Migration script executed.
2026-10-03 21:06:18.141 | INFO     | tldw_chatbook.DB.ChaChaNotes_DB:_migrate_from_v12_to_v13:5137 - [rag_char_chat_schema V12→V13] Migration completed successfully for DB: db_sha256=26d72fe60f2a.
2026-10-03 21:06:18.141 | INFO     | tldw_chatbook.DB.ChaChaNotes_DB:_migrate_from_v13_to_v14:5162 - Migrating schema from V13 to V14 for 'rag_char_chat_schema' in DB: db_sha256=26d72fe60f2a...
2026-10-03 21:06:18.141 | DEBUG    | tldw_chatbook.DB.ChaChaNotes_DB:_enter_transaction:24458 - Entered nested transaction level 2 on thread 8494865792.
2026-10-03 21:06:18.147 | DEBUG    | tldw_chatbook.DB.ChaChaNotes_DB:_migrate_from_v13_to_v14:5170 - [rag_char_chat_schema V13→V14] Migration script executed.
2026-10-03 21:06:18.147 | INFO     | tldw_chatbook.DB.ChaChaNotes_DB:_migrate_from_v13_to_v14:5178 - [rag_char_chat_schema V13→V14] Migration completed successfully for DB: db_sha256=26d72fe60f2a.
2026-10-03 21:06:18.147 | INFO     | tldw_chatbook.DB.ChaChaNotes_DB:_migrate_from_v14_to_v15:5203 - Migrating schema from V14 to V15 for 'rag_char_chat_schema' in DB: db_sha256=26d72fe60f2a...
2026-10-03 21:06:18.147 | DEBUG    | tldw_chatbook.DB.ChaChaNotes_DB:_enter_transaction:24458 - Entered nested transaction level 2 on thread 8494865792.
2026-10-03 21:06:18.148 | DEBUG    | tldw_chatbook.DB.ChaChaNotes_DB:_migrate_from_v14_to_v15:5211 - [rag_char_chat_schema V14→V15] Migration script executed.
2026-10-03 21:06:18.148 | INFO     | tldw_chatbook.DB.ChaChaNotes_DB:_migrate_from_v14_to_v15:5219 - [rag_char_chat_schema V14→V15] Migration completed successfully for DB: db_sha256=26d72fe60f2a.
2026-10-03 21:06:18.148 | INFO     | tldw_chatbook.DB.ChaChaNotes_DB:_migrate_from_v15_to_v16:5245 - Migrating schema from V15 to V16 for 'rag_char_chat_schema' in DB: db_sha256=26d72fe60f2a...
2026-10-03 21:06:18.148 | DEBUG    | tldw_chatbook.DB.ChaChaNotes_DB:_enter_transaction:24458 - Entered nested transaction level 2 on thread 8494865792.
2026-10-03 21:06:18.148 | DEBUG    | tldw_chatbook.DB.ChaChaNotes_DB:_migrate_from_v15_to_v16:5288 - [rag_char_chat_schema V15→V16] Migration script executed.
2026-10-03 21:06:18.148 | INFO     | tldw_chatbook.DB.ChaChaNotes_DB:_migrate_from_v15_to_v16:5298 - [rag_char_chat_schema V15→V16] Migration completed successfully for DB: db_sha256=26d72fe60f2a.
2026-10-03 21:06:18.149 | INFO     | tldw_chatbook.DB.ChaChaNotes_DB:_migrate_from_v16_to_v17:5324 - Migrating schema from V16 to V17 for 'rag_char_chat_schema' in DB: db_sha256=26d72fe60f2a...
2026-10-03 21:06:18.149 | DEBUG    | tldw_chatbook.DB.ChaChaNotes_DB:_enter_transaction:24458 - Entered nested transaction level 2 on thread 8494865792.
2026-10-03 21:06:18.149 | DEBUG    | tldw_chatbook.DB.ChaChaNotes_DB:_migrate_from_v16_to_v17:5332 - [rag_char_chat_schema V16→V17] Migration script executed.
2026-10-03 21:06:18.149 | INFO     | tldw_chatbook.DB.ChaChaNotes_DB:_migrate_from_v16_to_v17:5340 - [rag_char_chat_schema V16→V17] Migration completed successfully for DB: db_sha256=26d72fe60f2a.
2026-10-03 21:06:18.149 | INFO     | tldw_chatbook.DB.ChaChaNotes_DB:_migrate_from_v17_to_v18:5368 - Migrating schema from V17 to V18 for 'rag_char_chat_schema' in DB: db_sha256=26d72fe60f2a...
2026-10-03 21:06:18.149 | DEBUG    | tldw_chatbook.DB.ChaChaNotes_DB:_enter_transaction:24458 - Entered nested transaction level 2 on thread 8494865792.
2026-10-03 21:06:18.151 | DEBUG    | tldw_chatbook.DB.ChaChaNotes_DB:_migrate_from_v17_to_v18:5376 - [rag_char_chat_schema V17→V18] Migration script executed.
2026-10-03 21:06:18.151 | INFO     | tldw_chatbook.DB.ChaChaNotes_DB:_migrate_from_v17_to_v18:5384 - [rag_char_chat_schema V17→V18] Migration completed successfully for DB: db_sha256=26d72fe60f2a.
2026-10-03 21:06:18.151 | INFO     | tldw_chatbook.DB.ChaChaNotes_DB:_migrate_from_v18_to_v19:8414 - Migrating schema from V18 to V19 for 'rag_char_chat_schema' in DB: db_sha256=26d72fe60f2a...
2026-10-03 21:06:18.151 | DEBUG    | tldw_chatbook.DB.ChaChaNotes_DB:_enter_transaction:24458 - Entered nested transaction level 2 on thread 8494865792.
2026-10-03 21:06:18.152 | DEBUG    | tldw_chatbook.DB.ChaChaNotes_DB:_migrate_from_v18_to_v19:8422 - [rag_char_chat_schema V18→V19] Migration script executed.
2026-10-03 21:06:18.152 | INFO     | tldw_chatbook.DB.ChaChaNotes_DB:_migrate_from_v18_to_v19:8430 - [rag_char_chat_schema V18→V19] Migration completed successfully for DB: db_sha256=26d72fe60f2a.
2026-10-03 21:06:18.152 | INFO     | tldw_chatbook.DB.ChaChaNotes_DB:_migrate_from_v19_to_v20:5412 - Migrating schema from V19 to V20 for 'rag_char_chat_schema' in DB: db_sha256=26d72fe60f2a...
2026-10-03 21:06:18.152 | DEBUG    | tldw_chatbook.DB.ChaChaNotes_DB:_enter_transaction:24458 - Entered nested transaction level 2 on thread 8494865792.
2026-10-03 21:06:18.154 | DEBUG    | tldw_chatbook.DB.ChaChaNotes_DB:_migrate_from_v19_to_v20:5431 - [rag_char_chat_schema V19→V20] Migration script executed.
2026-10-03 21:06:18.154 | INFO     | tldw_chatbook.DB.ChaChaNotes_DB:_migrate_from_v19_to_v20:5439 - [rag_char_chat_schema V19→V20] Migration completed successfully for DB: db_sha256=26d72fe60f2a.
2026-10-03 21:06:18.154 | INFO     | tldw_chatbook.DB.ChaChaNotes_DB:_migrate_from_v20_to_v21:5467 - Migrating schema from V20 to V21 for 'rag_char_chat_schema' in DB: db_sha256=26d72fe60f2a...
2026-10-03 21:06:18.154 | DEBUG    | tldw_chatbook.DB.ChaChaNotes_DB:_enter_transaction:24458 - Entered nested transaction level 2 on thread 8494865792.
2026-10-03 21:06:18.155 | DEBUG    | tldw_chatbook.DB.ChaChaNotes_DB:_migrate_from_v20_to_v21:5488 - [rag_char_chat_schema V20→V21] Migration script executed.
2026-10-03 21:06:18.155 | INFO     | tldw_chatbook.DB.ChaChaNotes_DB:_migrate_from_v20_to_v21:5496 - [rag_char_chat_schema V20→V21] Migration completed successfully for DB: db_sha256=26d72fe60f2a.
2026-10-03 21:06:18.155 | INFO     | tldw_chatbook.DB.ChaChaNotes_DB:_migrate_from_v21_to_v22:5518 - Migrating schema from V21 to V22 for 'rag_char_chat_schema' in DB: db_sha256=26d72fe60f2a...
2026-10-03 21:06:18.155 | DEBUG    | tldw_chatbook.DB.ChaChaNotes_DB:_enter_transaction:24458 - Entered nested transaction level 2 on thread 8494865792.
2026-10-03 21:06:18.155 | DEBUG    | tldw_chatbook.DB.ChaChaNotes_DB:_migrate_from_v21_to_v22:5536 - [rag_char_chat_schema V21→V22] Migration script executed.
2026-10-03 21:06:18.155 | INFO     | tldw_chatbook.DB.ChaChaNotes_DB:_migrate_from_v21_to_v22:5542 - [rag_char_chat_schema V21→V22] Migration completed successfully for DB: db_sha256=26d72fe60f2a.
2026-10-03 21:06:18.155 | INFO     | tldw_chatbook.DB.ChaChaNotes_DB:_migrate_from_v22_to_v23:5564 - Migrating schema from V22 to V23 for 'rag_char_chat_schema' in DB: db_sha256=26d72fe60f2a...
2026-10-03 21:06:18.156 | DEBUG    | tldw_chatbook.DB.ChaChaNotes_DB:_enter_transaction:24458 - Entered nested transaction level 2 on thread 8494865792.
2026-10-03 21:06:18.156 | DEBUG    | tldw_chatbook.DB.ChaChaNotes_DB:_migrate_from_v22_to_v23:5572 - [rag_char_chat_schema V22→V23] Migration script executed.
2026-10-03 21:06:18.156 | INFO     | tldw_chatbook.DB.ChaChaNotes_DB:_migrate_from_v22_to_v23:5578 - [rag_char_chat_schema V22→V23] Migration completed successfully for DB: db_sha256=26d72fe60f2a.
2026-10-03 21:06:18.156 | INFO     | tldw_chatbook.DB.ChaChaNotes_DB:_migrate_from_v23_to_v24:5601 - Migrating schema from V23 to V24 for 'rag_char_chat_schema' in DB: db_sha256=26d72fe60f2a...
2026-10-03 21:06:18.156 | DEBUG    | tldw_chatbook.DB.ChaChaNotes_DB:_enter_transaction:24458 - Entered nested transaction level 2 on thread 8494865792.
2026-10-03 21:06:18.158 | DEBUG    | tldw_chatbook.DB.ChaChaNotes_DB:_migrate_from_v23_to_v24:5619 - [rag_char_chat_schema V23→V24] Migration script executed.
2026-10-03 21:06:18.158 | INFO     | tldw_chatbook.DB.ChaChaNotes_DB:_migrate_from_v23_to_v24:5625 - [rag_char_chat_schema V23→V24] Migration completed successfully for DB: db_sha256=26d72fe60f2a.
2026-10-03 21:06:18.158 | INFO     | tldw_chatbook.DB.ChaChaNotes_DB:_migrate_from_v24_to_v25:5648 - Migrating schema from V24 to V25 for 'rag_char_chat_schema' in DB: db_sha256=26d72fe60f2a...
2026-10-03 21:06:18.158 | DEBUG    | tldw_chatbook.DB.ChaChaNotes_DB:_enter_transaction:24458 - Entered nested transaction level 2 on thread 8494865792.
2026-10-03 21:06:18.158 | DEBUG    | tldw_chatbook.DB.ChaChaNotes_DB:_migrate_from_v24_to_v25:5656 - [rag_char_chat_schema V24→V25] Migration script executed.
2026-10-03 21:06:18.158 | INFO     | tldw_chatbook.DB.ChaChaNotes_DB:_migrate_from_v24_to_v25:5662 - [rag_char_chat_schema V24→V25] Migration completed successfully for DB: db_sha256=26d72fe60f2a.
2026-10-03 21:06:18.158 | INFO     | tldw_chatbook.DB.ChaChaNotes_DB:_migrate_from_v25_to_v26:5686 - Migrating schema from V25 to V26 for 'rag_char_chat_schema' in DB: db_sha256=26d72fe60f2a...
2026-10-03 21:06:18.158 | DEBUG    | tldw_chatbook.DB.ChaChaNotes_DB:_enter_transaction:24458 - Entered nested transaction level 2 on thread 8494865792.
2026-10-03 21:06:18.161 | DEBUG    | tldw_chatbook.DB.ChaChaNotes_DB:_migrate_from_v25_to_v26:5708 - [rag_char_chat_schema V25→V26] Migration script executed.
2026-10-03 21:06:18.161 | INFO     | tldw_chatbook.DB.ChaChaNotes_DB:_migrate_from_v25_to_v26:5714 - [rag_char_chat_schema V25→V26] Migration completed successfully for DB: db_sha256=26d72fe60f2a.
2026-10-03 21:06:18.162 | DEBUG    | tldw_chatbook.DB.ChaChaNotes_DB:_enter_transaction:24458 - Entered nested transaction level 2 on thread 8494865792.
2026-10-03 21:06:18.164 | DEBUG    | tldw_chatbook.DB.ChaChaNotes_DB:_enter_transaction:24458 - Entered nested transaction level 2 on thread 8494865792.
2026-10-03 21:06:18.164 | DEBUG    | tldw_chatbook.DB.ChaChaNotes_DB:_enter_transaction:24458 - Entered nested transaction level 3 on thread 8494865792.
2026-10-03 21:06:18.167 | INFO     | tldw_chatbook.DB.ChaChaNotes_DB:_migrate_from_v28_to_v29:5901 - Migrating schema from V28 to V29 for 'rag_char_chat_schema' in DB: db_sha256=26d72fe60f2a...
2026-10-03 21:06:18.167 | DEBUG    | tldw_chatbook.DB.ChaChaNotes_DB:_enter_transaction:24458 - Entered nested transaction level 2 on thread 8494865792.
2026-10-03 21:06:18.167 | DEBUG    | tldw_chatbook.DB.ChaChaNotes_DB:_migrate_from_v28_to_v29:5909 - [rag_char_chat_schema V28→V29] Migration script executed.
2026-10-03 21:06:18.167 | INFO     | tldw_chatbook.DB.ChaChaNotes_DB:_migrate_from_v28_to_v29:5917 - [rag_char_chat_schema V28→V29] Migration completed successfully for DB: db_sha256=26d72fe60f2a.
2026-10-03 21:06:18.167 | INFO     | tldw_chatbook.DB.ChaChaNotes_DB:_migrate_from_v29_to_v30:5944 - Migrating schema from V29 to V30 for 'rag_char_chat_schema' in DB: db_sha256=26d72fe60f2a...
2026-10-03 21:06:18.167 | DEBUG    | tldw_chatbook.DB.ChaChaNotes_DB:_enter_transaction:24458 - Entered nested transaction level 2 on thread 8494865792.
2026-10-03 21:06:18.169 | DEBUG    | tldw_chatbook.DB.ChaChaNotes_DB:_migrate_from_v29_to_v30:5970 - [rag_char_chat_schema V29→V30] Migration script executed.
2026-10-03 21:06:18.169 | INFO     | tldw_chatbook.DB.ChaChaNotes_DB:_migrate_from_v29_to_v30:5994 - [rag_char_chat_schema V29→V30] Migration completed successfully for DB: db_sha256=26d72fe60f2a.
2026-10-03 21:06:18.169 | INFO     | tldw_chatbook.DB.ChaChaNotes_DB:_migrate_from_v30_to_v31:6021 - Migrating schema from V30 to V31 for 'rag_char_chat_schema' in DB: db_sha256=26d72fe60f2a...
2026-10-03 21:06:18.170 | DEBUG    | tldw_chatbook.DB.ChaChaNotes_DB:_enter_transaction:24458 - Entered nested transaction level 2 on thread 8494865792.
2026-10-03 21:06:18.172 | DEBUG    | tldw_chatbook.DB.ChaChaNotes_DB:_migrate_from_v30_to_v31:6047 - [rag_char_chat_schema V30→V31] Migration script executed.
2026-10-03 21:06:18.172 | INFO     | tldw_chatbook.DB.ChaChaNotes_DB:_migrate_from_v30_to_v31:6071 - [rag_char_chat_schema V30→V31] Migration completed successfully for DB: db_sha256=26d72fe60f2a.
2026-10-03 21:06:18.172 | INFO     | tldw_chatbook.DB.ChaChaNotes_DB:_migrate_from_v31_to_v32:6104 - Migrating schema from V31 to V32 for 'rag_char_chat_schema' in DB: db_sha256=26d72fe60f2a...
2026-10-03 21:06:18.172 | DEBUG    | tldw_chatbook.DB.ChaChaNotes_DB:_enrich_default_assistant_card_if_bare:4749 - [task-2451] Default Assistant enrichment UPDATE affected 0 row(s) in DB: db_sha256=26d72fe60f2a.
2026-10-03 21:06:18.172 | INFO     | tldw_chatbook.DB.ChaChaNotes_DB:_migrate_from_v31_to_v32:6130 - [rag_char_chat_schema V31→V32] Migration completed successfully for DB: db_sha256=26d72fe60f2a.
2026-10-03 21:06:18.172 | DEBUG    | tldw_chatbook.DB.ChaChaNotes_DB:_enter_transaction:24458 - Entered nested transaction level 2 on thread 8494865792.
2026-10-03 21:06:18.173 | DEBUG    | tldw_chatbook.DB.ChaChaNotes_DB:_enter_transaction:24458 - Entered nested transaction level 2 on thread 8494865792.
2026-10-03 21:06:18.175 | DEBUG    | tldw_chatbook.DB.ChaChaNotes_DB:_enter_transaction:24458 - Entered nested transaction level 2 on thread 8494865792.
2026-10-03 21:06:18.177 | DEBUG    | tldw_chatbook.DB.ChaChaNotes_DB:_enter_transaction:24458 - Entered nested transaction level 2 on thread 8494865792.
2026-10-03 21:06:18.178 | DEBUG    | tldw_chatbook.DB.ChaChaNotes_DB:_enter_transaction:24458 - Entered nested transaction level 2 on thread 8494865792.
2026-10-03 21:06:18.180 | DEBUG    | tldw_chatbook.DB.ChaChaNotes_DB:_enter_transaction:24458 - Entered nested transaction level 2 on thread 8494865792.
2026-10-03 21:06:18.181 | DEBUG    | tldw_chatbook.DB.ChaChaNotes_DB:_enter_transaction:24458 - Entered nested transaction level 2 on thread 8494865792.
2026-10-03 21:06:18.182 | DEBUG    | tldw_chatbook.DB.ChaChaNotes_DB:_enter_transaction:24458 - Entered nested transaction level 2 on thread 8494865792.
2026-10-03 21:06:18.182 | DEBUG    | tldw_chatbook.DB.ChaChaNotes_DB:_enter_transaction:24458 - Entered nested transaction level 2 on thread 8494865792.
2026-10-03 21:06:18.183 | INFO     | tldw_chatbook.DB.ChaChaNotes_DB:_migrate_from_v41_to_v42:6450 - Migrating schema from V41 to V42 for 'rag_char_chat_schema' in DB: db_sha256=26d72fe60f2a...
2026-10-03 21:06:18.183 | INFO     | tldw_chatbook.DB.ChaChaNotes_DB:_migrate_from_v41_to_v42:6514 - [rag_char_chat_schema V41→V42] conversations.console_project_context_json already present; applying the version bump only.
2026-10-03 21:06:18.183 | INFO     | tldw_chatbook.DB.ChaChaNotes_DB:_migrate_from_v42_to_v43:6564 - Migrating schema from V42 to V43 for 'rag_char_chat_schema' in DB: db_sha256=26d72fe60f2a...
2026-10-03 21:06:18.184 | DEBUG    | tldw_chatbook.DB.ChaChaNotes_DB:_enter_transaction:24458 - Entered nested transaction level 2 on thread 8494865792.
2026-10-03 21:06:18.184 | INFO     | tldw_chatbook.DB.ChaChaNotes_DB:_migrate_from_v42_to_v43:6703 - [rag_char_chat_schema V42→V43] Migration completed successfully for DB: db_sha256=26d72fe60f2a.
2026-10-03 21:06:18.184 | INFO     | tldw_chatbook.DB.ChaChaNotes_DB:_migrate_from_v43_to_v44:6733 - Migrating schema from V43 to V44 for 'rag_char_chat_schema' in DB: db_sha256=26d72fe60f2a...
2026-10-03 21:06:18.184 | DEBUG    | tldw_chatbook.DB.ChaChaNotes_DB:_enter_transaction:24458 - Entered nested transaction level 2 on thread 8494865792.
2026-10-03 21:06:18.192 | INFO     | tldw_chatbook.DB.ChaChaNotes_DB:_migrate_from_v43_to_v44:6773 - [rag_char_chat_schema V43→V44] Migration completed successfully for DB: db_sha256=26d72fe60f2a.
2026-10-03 21:06:18.192 | INFO     | tldw_chatbook.DB.ChaChaNotes_DB:_migrate_from_v44_to_v45:6842 - Actor Pack schema migration started: chachanotes_v44_to_v45
2026-10-03 21:06:18.192 | DEBUG    | tldw_chatbook.DB.ChaChaNotes_DB:_enter_transaction:24458 - Entered nested transaction level 2 on thread 8494865792.
2026-10-03 21:06:18.192 | INFO     | tldw_chatbook.DB.ChaChaNotes_DB:_migrate_from_v44_to_v45:6875 - Actor Pack schema migration completed: chachanotes_v44_to_v45
2026-10-03 21:06:18.192 | INFO     | tldw_chatbook.DB.ChaChaNotes_DB:_migrate_from_v45_to_v46:6919 - Migrating schema from V45 to V46 for 'rag_char_chat_schema' in DB: db_sha256=26d72fe60f2a...
2026-10-03 21:06:18.193 | DEBUG    | tldw_chatbook.DB.ChaChaNotes_DB:_enter_transaction:24458 - Entered nested transaction level 2 on thread 8494865792.
2026-10-03 21:06:18.196 | INFO     | tldw_chatbook.DB.ChaChaNotes_DB:_migrate_from_v45_to_v46:6965 - [rag_char_chat_schema V45→V46] Migration completed successfully for DB: db_sha256=26d72fe60f2a. Purged 0 unreachable sync_log row(s) of 1.
2026-10-03 21:06:18.196 | INFO     | tldw_chatbook.DB.ChaChaNotes_DB:_migrate_from_v46_to_v47:7007 - Migrating schema from V46 to V47 for 'rag_char_chat_schema' in DB: db_sha256=26d72fe60f2a...
2026-10-03 21:06:18.196 | DEBUG    | tldw_chatbook.DB.ChaChaNotes_DB:_enter_transaction:24458 - Entered nested transaction level 2 on thread 8494865792.
2026-10-03 21:06:18.197 | INFO     | tldw_chatbook.DB.ChaChaNotes_DB:_migrate_from_v46_to_v47:7042 - [rag_char_chat_schema V46→V47] Migration completed successfully for DB: db_sha256=26d72fe60f2a.
2026-10-03 21:06:18.197 | DEBUG    | tldw_chatbook.DB.ChaChaNotes_DB:_enter_transaction:24458 - Entered nested transaction level 2 on thread 8494865792.
2026-10-03 21:06:18.201 | INFO     | tldw_chatbook.DB.ChaChaNotes_DB:_migrate_from_v48_to_v49:7198 - Migrating schema from V48 to V49 for 'rag_char_chat_schema' in DB: db_sha256=26d72fe60f2a...
2026-10-03 21:06:18.201 | DEBUG    | tldw_chatbook.DB.ChaChaNotes_DB:_enter_transaction:24458 - Entered nested transaction level 2 on thread 8494865792.
2026-10-03 21:06:18.201 | INFO     | tldw_chatbook.DB.ChaChaNotes_DB:_migrate_from_v48_to_v49:7233 - [rag_char_chat_schema V48→V49] Migration completed successfully for DB: db_sha256=26d72fe60f2a.
2026-10-03 21:06:18.201 | INFO     | tldw_chatbook.DB.ChaChaNotes_DB:_migrate_from_v49_to_v50:7281 - Migrating schema from V49 to V50 for 'rag_char_chat_schema' in DB: db_sha256=26d72fe60f2a...
2026-10-03 21:06:18.202 | DEBUG    | tldw_chatbook.DB.ChaChaNotes_DB:_enter_transaction:24458 - Entered nested transaction level 2 on thread 8494865792.
2026-10-03 21:06:18.202 | INFO     | tldw_chatbook.DB.ChaChaNotes_DB:_migrate_from_v49_to_v50:7315 - [rag_char_chat_schema V49→V50] Migration completed successfully for DB: db_sha256=26d72fe60f2a.
2026-10-03 21:06:18.202 | DEBUG    | tldw_chatbook.DB.ChaChaNotes_DB:_enter_transaction:24458 - Entered nested transaction level 2 on thread 8494865792.
2026-10-03 21:06:18.205 | DEBUG    | tldw_chatbook.DB.ChaChaNotes_DB:_enter_transaction:24458 - Entered nested transaction level 2 on thread 8494865792.
2026-10-03 21:06:18.212 | INFO     | tldw_chatbook.DB.ChaChaNotes_DB:_migrate_from_v52_to_v53:7440 - Migrating schema from V52 to V53 for 'rag_char_chat_schema' in DB: db_sha256=26d72fe60f2a...
2026-10-03 21:06:18.212 | DEBUG    | tldw_chatbook.DB.ChaChaNotes_DB:_enter_transaction:24458 - Entered nested transaction level 2 on thread 8494865792.
2026-10-03 21:06:18.212 | INFO     | tldw_chatbook.DB.ChaChaNotes_DB:_migrate_from_v52_to_v53:7505 - [rag_char_chat_schema V52→V53] Migration completed for DB: db_sha256=26d72fe60f2a (examined 0, compacted 0, skipped 0 unreadable).
2026-10-03 21:06:18.213 | DEBUG    | tldw_chatbook.DB.ChaChaNotes_DB:_enter_transaction:24458 - Entered nested transaction level 2 on thread 8494865792.
2026-10-03 21:06:18.216 | DEBUG    | tldw_chatbook.DB.ChaChaNotes_DB:_enter_transaction:24458 - Entered nested transaction level 2 on thread 8494865792.
2026-10-03 21:06:18.217 | DEBUG    | tldw_chatbook.DB.ChaChaNotes_DB:_enter_transaction:24458 - Entered nested transaction level 2 on thread 8494865792.
2026-10-03 21:06:18.228 | DEBUG    | tldw_chatbook.DB.ChaChaNotes_DB:_enter_transaction:24458 - Entered nested transaction level 2 on thread 8494865792.
2026-10-03 21:06:18.230 | DEBUG    | tldw_chatbook.DB.ChaChaNotes_DB:_enter_transaction:24458 - Entered nested transaction level 2 on thread 8494865792.
2026-10-03 21:06:18.244 | DEBUG    | tldw_chatbook.DB.ChaChaNotes_DB:_enter_transaction:24458 - Entered nested transaction level 2 on thread 8494865792.
2026-10-03 21:06:18.245 | DEBUG    | tldw_chatbook.DB.ChaChaNotes_DB:_enter_transaction:24458 - Entered nested transaction level 2 on thread 8494865792.
2026-10-03 21:06:18.245 | DEBUG    | tldw_chatbook.DB.ChaChaNotes_DB:_enter_transaction:24458 - Entered nested transaction level 2 on thread 8494865792.
2026-10-03 21:06:18.246 | DEBUG    | tldw_chatbook.DB.ChaChaNotes_DB:_enter_transaction:24458 - Entered nested transaction level 2 on thread 8494865792.
2026-10-03 21:06:18.262 | DEBUG    | tldw_chatbook.DB.ChaChaNotes_DB:_enter_transaction:24458 - Entered nested transaction level 2 on thread 8494865792.
2026-10-03 21:06:18.266 | DEBUG    | tldw_chatbook.DB.ChaChaNotes_DB:_enter_transaction:24458 - Entered nested transaction level 2 on thread 8494865792.
2026-10-03 21:06:18.282 | DEBUG    | tldw_chatbook.DB.ChaChaNotes_DB:_enter_transaction:24458 - Entered nested transaction level 2 on thread 8494865792.
2026-10-03 21:06:18.282 | DEBUG    | tldw_chatbook.DB.ChaChaNotes_DB:_enter_transaction:24458 - Entered nested transaction level 2 on thread 8494865792.
2026-10-03 21:06:18.286 | DEBUG    | tldw_chatbook.DB.ChaChaNotes_DB:_enter_transaction:24458 - Entered nested transaction level 3 on thread 8494865792.
2026-10-03 21:06:18.286 | DEBUG    | tldw_chatbook.DB.ChaChaNotes_DB:_enter_transaction:24458 - Entered nested transaction level 3 on thread 8494865792.
2026-10-03 21:06:18.287 | DEBUG    | tldw_chatbook.DB.ChaChaNotes_DB:_enter_transaction:24458 - Entered nested transaction level 2 on thread 8494865792.
2026-10-03 21:06:18.289 | DEBUG    | tldw_chatbook.DB.ChaChaNotes_DB:_enter_transaction:24458 - Entered nested transaction level 2 on thread 8494865792.
2026-10-03 21:06:18.308 | DEBUG    | tldw_chatbook.DB.ChaChaNotes_DB:_enter_transaction:24458 - Entered nested transaction level 2 on thread 8494865792.
2026-10-03 21:06:18.309 | DEBUG    | tldw_chatbook.DB.ChaChaNotes_DB:_enter_transaction:24458 - Entered nested transaction level 2 on thread 8494865792.
2026-10-03 21:06:18.310 | DEBUG    | tldw_chatbook.DB.ChaChaNotes_DB:_enter_transaction:24458 - Entered nested transaction level 2 on thread 8494865792.
2026-10-03 21:06:18.316 | DEBUG    | tldw_chatbook.DB.ChaChaNotes_DB:_enter_transaction:24458 - Entered nested transaction level 2 on thread 8494865792.
2026-10-03 21:06:18.328 | DEBUG    | tldw_chatbook.DB.ChaChaNotes_DB:_enter_transaction:24458 - Entered nested transaction level 2 on thread 8494865792.
2026-10-03 21:06:18.328 | DEBUG    | tldw_chatbook.DB.ChaChaNotes_DB:_enter_transaction:24458 - Entered nested transaction level 2 on thread 8494865792.
2026-10-03 21:06:18.334 | DEBUG    | tldw_chatbook.DB.ChaChaNotes_DB:_enter_transaction:24458 - Entered nested transaction level 2 on thread 8494865792.
2026-10-03 21:06:18.334 | DEBUG    | tldw_chatbook.DB.ChaChaNotes_DB:_enter_transaction:24458 - Entered nested transaction level 2 on thread 8494865792.
2026-10-03 21:06:18.352 | INFO     | tldw_chatbook.DB.ChaChaNotes_DB:_initialize_schema:8685 - Database schema 'rag_char_chat_schema' successfully initialized/migrated to version 76.
2026-10-03 21:06:18.355 | DEBUG    | tldw_chatbook.DB.ChaChaNotes_DB:_exit_transaction:24552 - Transaction (outermost) committed successfully on thread 8494865792.
2026-10-03 21:06:18.355 | DEBUG    | tldw_chatbook.DB.ChaChaNotes_DB:__init__:3399 - CharactersRAGDB initialization completed successfully db_sha256=26d72fe60f2a
2026-10-03 21:06:18.361 | DEBUG    | tldw_chatbook.Chat.chat_persistence_service:__init__:271 - Recovered-media message source is unavailable.
2026-10-03 21:06:18.397 | INFO     | tldw_chatbook.DB.base_db:__init__:989 - AgentRunsDB initialized with path: /Users/macbook-dev/.codex/worktrees/console-chat-starts/tldw_chatbook/.superpowers/sdd/2026-10-03-console-pr2995-review-and-merge/task-4-red-profile-lormtzj4/pytest/test_failed_review_settlement_0/runs.db [Client: t]
2026-10-03 21:06:18.398 | DEBUG    | tldw_chatbook.DB.ChaChaNotes_DB:_enter_transaction:24489 - Started outermost transaction on thread 8494865792.
2026-10-03 21:06:18.399 | DEBUG    | tldw_chatbook.DB.ChaChaNotes_DB:_exit_transaction:24552 - Transaction (outermost) committed successfully on thread 8494865792.
2026-10-03 21:06:18.399 | DEBUG    | tldw_chatbook.DB.ChaChaNotes_DB:add_conversation:11073 - Added conversation ID: 519782df-3211-4837-9f56-ee5a72a6926e.
2026-10-03 21:06:18.401 | DEBUG    | tldw_chatbook.DB.ChaChaNotes_DB:_enter_transaction:24489 - Started outermost transaction on thread 8494865792.
2026-10-03 21:06:18.402 | DEBUG    | tldw_chatbook.DB.ChaChaNotes_DB:_exit_transaction:24552 - Transaction (outermost) committed successfully on thread 8494865792.
2026-10-03 21:06:18.402 | DEBUG    | tldw_chatbook.DB.ChaChaNotes_DB:add_conversation:11073 - Added conversation ID: a61d539f-2dc3-43b9-8858-0afa7bfe8dfc.
2026-10-03 21:06:18.402 | DEBUG    | tldw_chatbook.DB.ChaChaNotes_DB:_enter_transaction:24489 - Started outermost transaction on thread 8494865792.
2026-10-03 21:06:18.402 | DEBUG    | tldw_chatbook.DB.ChaChaNotes_DB:_exit_transaction:24552 - Transaction (outermost) committed successfully on thread 8494865792.
2026-10-03 21:06:18.403 | DEBUG    | tldw_chatbook.DB.ChaChaNotes_DB:execute_query:4046 - Executing SQL (script=False): SELECT * FROM conversations WHERE id = ? AND deleted = 0... Params: (a61d539f-2dc3-43b9-8858-0afa7bfe8dfc)
2026-10-03 21:06:18.403 | DEBUG    | tldw_chatbook.DB.ChaChaNotes_DB:execute_query:4046 - Executing SQL (script=False): SELECT * FROM conversations WHERE id = ? AND deleted = 0... Params: (a61d539f-2dc3-43b9-8858-0afa7bfe8dfc)
2026-10-03 21:06:18.403 | DEBUG    | tldw_chatbook.DB.ChaChaNotes_DB:_enter_transaction:24489 - Started outermost transaction on thread 8494865792.
2026-10-03 21:06:18.403 | DEBUG    | tldw_chatbook.DB.ChaChaNotes_DB:_exit_transaction:24552 - Transaction (outermost) committed successfully on thread 8494865792.
2026-10-03 21:06:18.403 | DEBUG    | tldw_chatbook.DB.ChaChaNotes_DB:_enter_transaction:24489 - Started outermost transaction on thread 8494865792.
2026-10-03 21:06:18.404 | DEBUG    | tldw_chatbook.DB.ChaChaNotes_DB:_exit_transaction:24552 - Transaction (outermost) committed successfully on thread 8494865792.
2026-10-03 21:06:18.404 | DEBUG    | tldw_chatbook.DB.ChaChaNotes_DB:execute_query:4046 - Executing SQL (script=False): SELECT * FROM conversations WHERE id = ? AND deleted = 0... Params: (a61d539f-2dc3-43b9-8858-0afa7bfe8dfc)
2026-10-03 21:06:18.404 | DEBUG    | tldw_chatbook.DB.ChaChaNotes_DB:_enter_transaction:24489 - Started outermost transaction on thread 8494865792.
2026-10-03 21:06:18.404 | DEBUG    | tldw_chatbook.DB.ChaChaNotes_DB:_exit_transaction:24552 - Transaction (outermost) committed successfully on thread 8494865792.
2026-10-03 21:06:18.404 | DEBUG    | tldw_chatbook.DB.ChaChaNotes_DB:execute_query:4046 - Executing SQL (script=False): 
            SELECT m.id, m.conversation_id, m.parent_message_id, m.sender, m.content,
                   m.image_data, m.image_mime_type, m.timestamp, m.ranking,
                   m.last_modified, m.version, m.client_id, m.deleted, m.feedback, m.role,
                   m.variant_of, m.variant_num... Params: (a61d539f-2dc3-43b9-8858-0afa7bfe8dfc, 100000, 0)
2026-10-03 21:06:18.439 | DEBUG    | tldw_chatbook.DB.ChaChaNotes_DB:_get_thread_connection:3554 - Opened/Reopened SQLite connection db_sha256=26d72fe60f2a thread=6171471872
2026-10-03 21:06:18.439 | DEBUG    | tldw_chatbook.DB.ChaChaNotes_DB:close_connection:3874 - Attempting WAL checkpoint (TRUNCATE) before close db_sha256=26d72fe60f2a thread=6171471872.
2026-10-03 21:06:18.442 | DEBUG    | tldw_chatbook.DB.ChaChaNotes_DB:close_connection:3880 - WAL checkpoint TRUNCATE executed db_sha256=26d72fe60f2a.
2026-10-03 21:06:18.443 | DEBUG    | tldw_chatbook.DB.ChaChaNotes_DB:close_connection:3900 - Closed SQLite connection db_sha256=26d72fe60f2a thread=6171471872.
__ test_native_acceptance_refuses_real_writer_contention_and_restores_timeout __

tmp_path = PosixPath('/Users/macbook-dev/.codex/worktrees/console-chat-starts/tldw_chatbook/.superpowers/sdd/2026-10-03-console-pr2995-review-and-merge/task-4-red-profile-lormtzj4/pytest/test_native_acceptance_refuses0')
monkeypatch = <_pytest.monkeypatch.MonkeyPatch object at 0x10e2bf830>
record_property = <function record_property.<locals>.append_property at 0x10e240220>

    @pytest.mark.asyncio
    async def test_native_acceptance_refuses_real_writer_contention_and_restores_timeout(tmp_path, monkeypatch, record_property):
        import asyncio
        import sqlite3
        import time
    
        controller, store, runs, source, target, chain, request = await _native_start_rig(tmp_path)
        original_accept = controller._chat_start.accept
        blocker = sqlite3.connect(runs.db_path)
        # Warm and borrow the real loop-thread owner before taking the independent lock.
        with runs.connection() as connection:
            connection.execute("PRAGMA busy_timeout=1739")
            original_sync = connection.execute("PRAGMA synchronous").fetchone()[0]
        duration = []
        ticker = []
        running = True
        async def tick():
            while running:
                ticker.append(time.perf_counter())
                await asyncio.sleep(0.005)
        async def contended(item):
            blocker.execute("BEGIN IMMEDIATE")
            started = time.perf_counter()
            try:
                return await original_accept(item)
            finally:
                duration.append(time.perf_counter()-started)
                blocker.rollback()
        monkeypatch.setattr(controller._chat_start, "accept", contended)
        ticking = asyncio.create_task(tick())
        try:
            outcome = await controller._chat_start.start(request)
            await asyncio.gather(*controller._chat_start.tasks())
            await asyncio.sleep(0.02)
>           assert duration[0] < 0.25, duration
E           AssertionError: [1.8306397499982268]
E           assert 1.8306397499982268 < 0.25

Tests/Chat/test_console_chat_start.py:2882: AssertionError
----------------------------- Captured stderr call -----------------------------
2026-10-03 21:06:18.493 | INFO     | tldw_chatbook.DB.ChaChaNotes_DB:__init__:3376 - Initializing CharactersRAGDB db_sha256=9712e78e4edb [Client ID: t]
2026-10-03 21:06:18.526 | DEBUG    | tldw_chatbook.DB.ChaChaNotes_DB:_get_thread_connection:3554 - Opened/Reopened SQLite connection db_sha256=9712e78e4edb thread=8494865792
2026-10-03 21:06:18.526 | DEBUG    | tldw_chatbook.DB.ChaChaNotes_DB:_enter_transaction:24489 - Started outermost transaction on thread 8494865792.
2026-10-03 21:06:18.526 | INFO     | tldw_chatbook.DB.ChaChaNotes_DB:_initialize_schema:8550 - Checking DB schema 'rag_char_chat_schema'. Current version: 0. Code supports: 76
2026-10-03 21:06:18.526 | INFO     | tldw_chatbook.DB.ChaChaNotes_DB:_apply_schema_v4:4437 - Applying schema Version 4 for 'rag_char_chat_schema' to DB: db_sha256=9712e78e4edb...
2026-10-03 21:06:18.527 | DEBUG    | tldw_chatbook.DB.ChaChaNotes_DB:_enter_transaction:24458 - Entered nested transaction level 2 on thread 8494865792.
2026-10-03 21:06:18.532 | DEBUG    | tldw_chatbook.DB.ChaChaNotes_DB:_apply_schema_v4:4478 - [rag_char_chat_schema V4] Full schema script executed.
2026-10-03 21:06:18.532 | INFO     | tldw_chatbook.DB.ChaChaNotes_DB:_apply_schema_v4:4485 - [rag_char_chat_schema V4] Schema 4 applied and version confirmed for DB: db_sha256=9712e78e4edb.
2026-10-03 21:06:18.533 | DEBUG    | tldw_chatbook.DB.ChaChaNotes_DB:_enrich_default_assistant_card_if_bare:4749 - [task-2451] Default Assistant enrichment UPDATE affected 1 row(s) in DB: db_sha256=9712e78e4edb.
2026-10-03 21:06:18.533 | INFO     | tldw_chatbook.DB.ChaChaNotes_DB:_migrate_from_v4_to_v5:4770 - Migrating schema from V4 to V5 for 'rag_char_chat_schema' in DB: db_sha256=9712e78e4edb...
2026-10-03 21:06:18.533 | DEBUG    | tldw_chatbook.DB.ChaChaNotes_DB:_enter_transaction:24458 - Entered nested transaction level 2 on thread 8494865792.
2026-10-03 21:06:18.541 | DEBUG    | tldw_chatbook.DB.ChaChaNotes_DB:_migrate_from_v4_to_v5:4780 - [rag_char_chat_schema V4→V5] Migration script executed.
2026-10-03 21:06:18.541 | INFO     | tldw_chatbook.DB.ChaChaNotes_DB:_migrate_from_v4_to_v5:4789 - [rag_char_chat_schema V4→V5] Migration completed successfully for DB: db_sha256=9712e78e4edb.
2026-10-03 21:06:18.541 | INFO     | tldw_chatbook.DB.ChaChaNotes_DB:_migrate_from_v5_to_v6:4823 - Migrating schema from V5 to V6 for 'rag_char_chat_schema' in DB: db_sha256=9712e78e4edb...
2026-10-03 21:06:18.541 | DEBUG    | tldw_chatbook.DB.ChaChaNotes_DB:_enter_transaction:24458 - Entered nested transaction level 2 on thread 8494865792.
2026-10-03 21:06:18.542 | DEBUG    | tldw_chatbook.DB.ChaChaNotes_DB:_migrate_from_v5_to_v6:4831 - [rag_char_chat_schema V5→V6] Migration script executed.
2026-10-03 21:06:18.542 | INFO     | tldw_chatbook.DB.ChaChaNotes_DB:_migrate_from_v5_to_v6:4840 - [rag_char_chat_schema V5→V6] Migration completed successfully for DB: db_sha256=9712e78e4edb.
2026-10-03 21:06:18.542 | INFO     | tldw_chatbook.DB.ChaChaNotes_DB:_migrate_from_v6_to_v7:4874 - Migrating schema from V6 to V7 for 'rag_char_chat_schema' in DB: db_sha256=9712e78e4edb...
2026-10-03 21:06:18.542 | DEBUG    | tldw_chatbook.DB.ChaChaNotes_DB:_enter_transaction:24458 - Entered nested transaction level 2 on thread 8494865792.
2026-10-03 21:06:18.543 | DEBUG    | tldw_chatbook.DB.ChaChaNotes_DB:_migrate_from_v6_to_v7:4882 - [rag_char_chat_schema V6→V7] Migration script executed.
2026-10-03 21:06:18.543 | INFO     | tldw_chatbook.DB.ChaChaNotes_DB:_migrate_from_v6_to_v7:4891 - [rag_char_chat_schema V6→V7] Migration completed successfully for DB: db_sha256=9712e78e4edb.
2026-10-03 21:06:18.543 | INFO     | tldw_chatbook.DB.ChaChaNotes_DB:_migrate_from_v7_to_v8:8464 - Migrating schema from V7 to V8 for 'rag_char_chat_schema' in DB: db_sha256=9712e78e4edb...
2026-10-03 21:06:18.544 | DEBUG    | tldw_chatbook.DB.ChaChaNotes_DB:_enter_transaction:24458 - Entered nested transaction level 2 on thread 8494865792.
2026-10-03 21:06:18.545 | DEBUG    | tldw_chatbook.DB.ChaChaNotes_DB:_migrate_from_v7_to_v8:8472 - [rag_char_chat_schema V7→V8] Migration script executed.
2026-10-03 21:06:18.545 | INFO     | tldw_chatbook.DB.ChaChaNotes_DB:_migrate_from_v7_to_v8:8481 - [rag_char_chat_schema V7→V8] Migration completed successfully for DB: db_sha256=9712e78e4edb.
2026-10-03 21:06:18.545 | INFO     | tldw_chatbook.DB.ChaChaNotes_DB:_migrate_from_v8_to_v9:4925 - Migrating schema from V8 to V9 for 'rag_char_chat_schema' in DB: db_sha256=9712e78e4edb...
2026-10-03 21:06:18.545 | DEBUG    | tldw_chatbook.DB.ChaChaNotes_DB:_enter_transaction:24458 - Entered nested transaction level 2 on thread 8494865792.
2026-10-03 21:06:18.547 | DEBUG    | tldw_chatbook.DB.ChaChaNotes_DB:_migrate_from_v8_to_v9:4933 - [rag_char_chat_schema V8→V9] Migration script executed.
2026-10-03 21:06:18.547 | INFO     | tldw_chatbook.DB.ChaChaNotes_DB:_migrate_from_v8_to_v9:4942 - [rag_char_chat_schema V8→V9] Migration completed successfully for DB: db_sha256=9712e78e4edb.
2026-10-03 21:06:18.547 | INFO     | tldw_chatbook.DB.ChaChaNotes_DB:_migrate_from_v9_to_v10:4976 - Migrating schema from V9 to V10 for 'rag_char_chat_schema' in DB: db_sha256=9712e78e4edb...
2026-10-03 21:06:18.547 | DEBUG    | tldw_chatbook.DB.ChaChaNotes_DB:_enter_transaction:24458 - Entered nested transaction level 2 on thread 8494865792.
2026-10-03 21:06:18.547 | DEBUG    | tldw_chatbook.DB.ChaChaNotes_DB:_migrate_from_v9_to_v10:4984 - [rag_char_chat_schema V9→V10] Migration script executed.
2026-10-03 21:06:18.547 | INFO     | tldw_chatbook.DB.ChaChaNotes_DB:_migrate_from_v9_to_v10:4993 - [rag_char_chat_schema V9→V10] Migration completed successfully for DB: db_sha256=9712e78e4edb.
2026-10-03 21:06:18.547 | INFO     | tldw_chatbook.DB.ChaChaNotes_DB:_migrate_from_v10_to_v11:5027 - Migrating schema from V10 to V11 for 'rag_char_chat_schema' in DB: db_sha256=9712e78e4edb...
2026-10-03 21:06:18.548 | DEBUG    | tldw_chatbook.DB.ChaChaNotes_DB:_enter_transaction:24458 - Entered nested transaction level 2 on thread 8494865792.
2026-10-03 21:06:18.549 | DEBUG    | tldw_chatbook.DB.ChaChaNotes_DB:_migrate_from_v10_to_v11:5035 - [rag_char_chat_schema V10→V11] Migration script executed.
2026-10-03 21:06:18.549 | INFO     | tldw_chatbook.DB.ChaChaNotes_DB:_migrate_from_v10_to_v11:5044 - [rag_char_chat_schema V10→V11] Migration completed successfully for DB: db_sha256=9712e78e4edb.
2026-10-03 21:06:18.549 | INFO     | tldw_chatbook.DB.ChaChaNotes_DB:_migrate_from_v11_to_v12:5078 - Migrating schema from V11 to V12 for 'rag_char_chat_schema' in DB: db_sha256=9712e78e4edb...
2026-10-03 21:06:18.550 | DEBUG    | tldw_chatbook.DB.ChaChaNotes_DB:_enter_transaction:24458 - Entered nested transaction level 2 on thread 8494865792.
2026-10-03 21:06:18.555 | DEBUG    | tldw_chatbook.DB.ChaChaNotes_DB:_migrate_from_v11_to_v12:5086 - [rag_char_chat_schema V11→V12] Migration script executed.
2026-10-03 21:06:18.556 | INFO     | tldw_chatbook.DB.ChaChaNotes_DB:_migrate_from_v11_to_v12:5095 - [rag_char_chat_schema V11→V12] Migration completed successfully for DB: db_sha256=9712e78e4edb.
2026-10-03 21:06:18.556 | INFO     | tldw_chatbook.DB.ChaChaNotes_DB:_migrate_from_v12_to_v13:5121 - Migrating schema from V12 to V13 for 'rag_char_chat_schema' in DB: db_sha256=9712e78e4edb...
2026-10-03 21:06:18.556 | DEBUG    | tldw_chatbook.DB.ChaChaNotes_DB:_enter_transaction:24458 - Entered nested transaction level 2 on thread 8494865792.
2026-10-03 21:06:18.576 | DEBUG    | tldw_chatbook.DB.ChaChaNotes_DB:_migrate_from_v12_to_v13:5129 - [rag_char_chat_schema V12→V13] Migration script executed.
2026-10-03 21:06:18.576 | INFO     | tldw_chatbook.DB.ChaChaNotes_DB:_migrate_from_v12_to_v13:5137 - [rag_char_chat_schema V12→V13] Migration completed successfully for DB: db_sha256=9712e78e4edb.
2026-10-03 21:06:18.576 | INFO     | tldw_chatbook.DB.ChaChaNotes_DB:_migrate_from_v13_to_v14:5162 - Migrating schema from V13 to V14 for 'rag_char_chat_schema' in DB: db_sha256=9712e78e4edb...
2026-10-03 21:06:18.576 | DEBUG    | tldw_chatbook.DB.ChaChaNotes_DB:_enter_transaction:24458 - Entered nested transaction level 2 on thread 8494865792.
2026-10-03 21:06:18.582 | DEBUG    | tldw_chatbook.DB.ChaChaNotes_DB:_migrate_from_v13_to_v14:5170 - [rag_char_chat_schema V13→V14] Migration script executed.
2026-10-03 21:06:18.582 | INFO     | tldw_chatbook.DB.ChaChaNotes_DB:_migrate_from_v13_to_v14:5178 - [rag_char_chat_schema V13→V14] Migration completed successfully for DB: db_sha256=9712e78e4edb.
2026-10-03 21:06:18.582 | INFO     | tldw_chatbook.DB.ChaChaNotes_DB:_migrate_from_v14_to_v15:5203 - Migrating schema from V14 to V15 for 'rag_char_chat_schema' in DB: db_sha256=9712e78e4edb...
2026-10-03 21:06:18.582 | DEBUG    | tldw_chatbook.DB.ChaChaNotes_DB:_enter_transaction:24458 - Entered nested transaction level 2 on thread 8494865792.
2026-10-03 21:06:18.583 | DEBUG    | tldw_chatbook.DB.ChaChaNotes_DB:_migrate_from_v14_to_v15:5211 - [rag_char_chat_schema V14→V15] Migration script executed.
2026-10-03 21:06:18.583 | INFO     | tldw_chatbook.DB.ChaChaNotes_DB:_migrate_from_v14_to_v15:5219 - [rag_char_chat_schema V14→V15] Migration completed successfully for DB: db_sha256=9712e78e4edb.
2026-10-03 21:06:18.583 | INFO     | tldw_chatbook.DB.ChaChaNotes_DB:_migrate_from_v15_to_v16:5245 - Migrating schema from V15 to V16 for 'rag_char_chat_schema' in DB: db_sha256=9712e78e4edb...
2026-10-03 21:06:18.583 | DEBUG    | tldw_chatbook.DB.ChaChaNotes_DB:_enter_transaction:24458 - Entered nested transaction level 2 on thread 8494865792.
2026-10-03 21:06:18.583 | DEBUG    | tldw_chatbook.DB.ChaChaNotes_DB:_migrate_from_v15_to_v16:5288 - [rag_char_chat_schema V15→V16] Migration script executed.
2026-10-03 21:06:18.583 | INFO     | tldw_chatbook.DB.ChaChaNotes_DB:_migrate_from_v15_to_v16:5298 - [rag_char_chat_schema V15→V16] Migration completed successfully for DB: db_sha256=9712e78e4edb.
2026-10-03 21:06:18.583 | INFO     | tldw_chatbook.DB.ChaChaNotes_DB:_migrate_from_v16_to_v17:5324 - Migrating schema from V16 to V17 for 'rag_char_chat_schema' in DB: db_sha256=9712e78e4edb...
2026-10-03 21:06:18.584 | DEBUG    | tldw_chatbook.DB.ChaChaNotes_DB:_enter_transaction:24458 - Entered nested transaction level 2 on thread 8494865792.
2026-10-03 21:06:18.584 | DEBUG    | tldw_chatbook.DB.ChaChaNotes_DB:_migrate_from_v16_to_v17:5332 - [rag_char_chat_schema V16→V17] Migration script executed.
2026-10-03 21:06:18.584 | INFO     | tldw_chatbook.DB.ChaChaNotes_DB:_migrate_from_v16_to_v17:5340 - [rag_char_chat_schema V16→V17] Migration completed successfully for DB: db_sha256=9712e78e4edb.
2026-10-03 21:06:18.584 | INFO     | tldw_chatbook.DB.ChaChaNotes_DB:_migrate_from_v17_to_v18:5368 - Migrating schema from V17 to V18 for 'rag_char_chat_schema' in DB: db_sha256=9712e78e4edb...
2026-10-03 21:06:18.584 | DEBUG    | tldw_chatbook.DB.ChaChaNotes_DB:_enter_transaction:24458 - Entered nested transaction level 2 on thread 8494865792.
2026-10-03 21:06:18.586 | DEBUG    | tldw_chatbook.DB.ChaChaNotes_DB:_migrate_from_v17_to_v18:5376 - [rag_char_chat_schema V17→V18] Migration script executed.
2026-10-03 21:06:18.586 | INFO     | tldw_chatbook.DB.ChaChaNotes_DB:_migrate_from_v17_to_v18:5384 - [rag_char_chat_schema V17→V18] Migration completed successfully for DB: db_sha256=9712e78e4edb.
2026-10-03 21:06:18.586 | INFO     | tldw_chatbook.DB.ChaChaNotes_DB:_migrate_from_v18_to_v19:8414 - Migrating schema from V18 to V19 for 'rag_char_chat_schema' in DB: db_sha256=9712e78e4edb...
2026-10-03 21:06:18.586 | DEBUG    | tldw_chatbook.DB.ChaChaNotes_DB:_enter_transaction:24458 - Entered nested transaction level 2 on thread 8494865792.
2026-10-03 21:06:18.587 | DEBUG    | tldw_chatbook.DB.ChaChaNotes_DB:_migrate_from_v18_to_v19:8422 - [rag_char_chat_schema V18→V19] Migration script executed.
2026-10-03 21:06:18.587 | INFO     | tldw_chatbook.DB.ChaChaNotes_DB:_migrate_from_v18_to_v19:8430 - [rag_char_chat_schema V18→V19] Migration completed successfully for DB: db_sha256=9712e78e4edb.
2026-10-03 21:06:18.587 | INFO     | tldw_chatbook.DB.ChaChaNotes_DB:_migrate_from_v19_to_v20:5412 - Migrating schema from V19 to V20 for 'rag_char_chat_schema' in DB: db_sha256=9712e78e4edb...
2026-10-03 21:06:18.587 | DEBUG    | tldw_chatbook.DB.ChaChaNotes_DB:_enter_transaction:24458 - Entered nested transaction level 2 on thread 8494865792.
2026-10-03 21:06:18.589 | DEBUG    | tldw_chatbook.DB.ChaChaNotes_DB:_migrate_from_v19_to_v20:5431 - [rag_char_chat_schema V19→V20] Migration script executed.
2026-10-03 21:06:18.589 | INFO     | tldw_chatbook.DB.ChaChaNotes_DB:_migrate_from_v19_to_v20:5439 - [rag_char_chat_schema V19→V20] Migration completed successfully for DB: db_sha256=9712e78e4edb.
2026-10-03 21:06:18.589 | INFO     | tldw_chatbook.DB.ChaChaNotes_DB:_migrate_from_v20_to_v21:5467 - Migrating schema from V20 to V21 for 'rag_char_chat_schema' in DB: db_sha256=9712e78e4edb...
2026-10-03 21:06:18.589 | DEBUG    | tldw_chatbook.DB.ChaChaNotes_DB:_enter_transaction:24458 - Entered nested transaction level 2 on thread 8494865792.
2026-10-03 21:06:18.590 | DEBUG    | tldw_chatbook.DB.ChaChaNotes_DB:_migrate_from_v20_to_v21:5488 - [rag_char_chat_schema V20→V21] Migration script executed.
2026-10-03 21:06:18.590 | INFO     | tldw_chatbook.DB.ChaChaNotes_DB:_migrate_from_v20_to_v21:5496 - [rag_char_chat_schema V20→V21] Migration completed successfully for DB: db_sha256=9712e78e4edb.
2026-10-03 21:06:18.590 | INFO     | tldw_chatbook.DB.ChaChaNotes_DB:_migrate_from_v21_to_v22:5518 - Migrating schema from V21 to V22 for 'rag_char_chat_schema' in DB: db_sha256=9712e78e4edb...
2026-10-03 21:06:18.590 | DEBUG    | tldw_chatbook.DB.ChaChaNotes_DB:_enter_transaction:24458 - Entered nested transaction level 2 on thread 8494865792.
2026-10-03 21:06:18.590 | DEBUG    | tldw_chatbook.DB.ChaChaNotes_DB:_migrate_from_v21_to_v22:5536 - [rag_char_chat_schema V21→V22] Migration script executed.
2026-10-03 21:06:18.590 | INFO     | tldw_chatbook.DB.ChaChaNotes_DB:_migrate_from_v21_to_v22:5542 - [rag_char_chat_schema V21→V22] Migration completed successfully for DB: db_sha256=9712e78e4edb.
2026-10-03 21:06:18.590 | INFO     | tldw_chatbook.DB.ChaChaNotes_DB:_migrate_from_v22_to_v23:5564 - Migrating schema from V22 to V23 for 'rag_char_chat_schema' in DB: db_sha256=9712e78e4edb...
2026-10-03 21:06:18.591 | DEBUG    | tldw_chatbook.DB.ChaChaNotes_DB:_enter_transaction:24458 - Entered nested transaction level 2 on thread 8494865792.
2026-10-03 21:06:18.591 | DEBUG    | tldw_chatbook.DB.ChaChaNotes_DB:_migrate_from_v22_to_v23:5572 - [rag_char_chat_schema V22→V23] Migration script executed.
2026-10-03 21:06:18.591 | INFO     | tldw_chatbook.DB.ChaChaNotes_DB:_migrate_from_v22_to_v23:5578 - [rag_char_chat_schema V22→V23] Migration completed successfully for DB: db_sha256=9712e78e4edb.
2026-10-03 21:06:18.591 | INFO     | tldw_chatbook.DB.ChaChaNotes_DB:_migrate_from_v23_to_v24:5601 - Migrating schema from V23 to V24 for 'rag_char_chat_schema' in DB: db_sha256=9712e78e4edb...
2026-10-03 21:06:18.591 | DEBUG    | tldw_chatbook.DB.ChaChaNotes_DB:_enter_transaction:24458 - Entered nested transaction level 2 on thread 8494865792.
2026-10-03 21:06:18.593 | DEBUG    | tldw_chatbook.DB.ChaChaNotes_DB:_migrate_from_v23_to_v24:5619 - [rag_char_chat_schema V23→V24] Migration script executed.
2026-10-03 21:06:18.593 | INFO     | tldw_chatbook.DB.ChaChaNotes_DB:_migrate_from_v23_to_v24:5625 - [rag_char_chat_schema V23→V24] Migration completed successfully for DB: db_sha256=9712e78e4edb.
2026-10-03 21:06:18.593 | INFO     | tldw_chatbook.DB.ChaChaNotes_DB:_migrate_from_v24_to_v25:5648 - Migrating schema from V24 to V25 for 'rag_char_chat_schema' in DB: db_sha256=9712e78e4edb...
2026-10-03 21:06:18.593 | DEBUG    | tldw_chatbook.DB.ChaChaNotes_DB:_enter_transaction:24458 - Entered nested transaction level 2 on thread 8494865792.
2026-10-03 21:06:18.593 | DEBUG    | tldw_chatbook.DB.ChaChaNotes_DB:_migrate_from_v24_to_v25:5656 - [rag_char_chat_schema V24→V25] Migration script executed.
2026-10-03 21:06:18.593 | INFO     | tldw_chatbook.DB.ChaChaNotes_DB:_migrate_from_v24_to_v25:5662 - [rag_char_chat_schema V24→V25] Migration completed successfully for DB: db_sha256=9712e78e4edb.
2026-10-03 21:06:18.593 | INFO     | tldw_chatbook.DB.ChaChaNotes_DB:_migrate_from_v25_to_v26:5686 - Migrating schema from V25 to V26 for 'rag_char_chat_schema' in DB: db_sha256=9712e78e4edb...
2026-10-03 21:06:18.593 | DEBUG    | tldw_chatbook.DB.ChaChaNotes_DB:_enter_transaction:24458 - Entered nested transaction level 2 on thread 8494865792.
2026-10-03 21:06:18.597 | DEBUG    | tldw_chatbook.DB.ChaChaNotes_DB:_migrate_from_v25_to_v26:5708 - [rag_char_chat_schema V25→V26] Migration script executed.
2026-10-03 21:06:18.597 | INFO     | tldw_chatbook.DB.ChaChaNotes_DB:_migrate_from_v25_to_v26:5714 - [rag_char_chat_schema V25→V26] Migration completed successfully for DB: db_sha256=9712e78e4edb.
2026-10-03 21:06:18.597 | DEBUG    | tldw_chatbook.DB.ChaChaNotes_DB:_enter_transaction:24458 - Entered nested transaction level 2 on thread 8494865792.
2026-10-03 21:06:18.599 | DEBUG    | tldw_chatbook.DB.ChaChaNotes_DB:_enter_transaction:24458 - Entered nested transaction level 2 on thread 8494865792.
2026-10-03 21:06:18.599 | DEBUG    | tldw_chatbook.DB.ChaChaNotes_DB:_enter_transaction:24458 - Entered nested transaction level 3 on thread 8494865792.
2026-10-03 21:06:18.602 | INFO     | tldw_chatbook.DB.ChaChaNotes_DB:_migrate_from_v28_to_v29:5901 - Migrating schema from V28 to V29 for 'rag_char_chat_schema' in DB: db_sha256=9712e78e4edb...
2026-10-03 21:06:18.602 | DEBUG    | tldw_chatbook.DB.ChaChaNotes_DB:_enter_transaction:24458 - Entered nested transaction level 2 on thread 8494865792.
2026-10-03 21:06:18.602 | DEBUG    | tldw_chatbook.DB.ChaChaNotes_DB:_migrate_from_v28_to_v29:5909 - [rag_char_chat_schema V28→V29] Migration script executed.
2026-10-03 21:06:18.602 | INFO     | tldw_chatbook.DB.ChaChaNotes_DB:_migrate_from_v28_to_v29:5917 - [rag_char_chat_schema V28→V29] Migration completed successfully for DB: db_sha256=9712e78e4edb.
2026-10-03 21:06:18.602 | INFO     | tldw_chatbook.DB.ChaChaNotes_DB:_migrate_from_v29_to_v30:5944 - Migrating schema from V29 to V30 for 'rag_char_chat_schema' in DB: db_sha256=9712e78e4edb...
2026-10-03 21:06:18.603 | DEBUG    | tldw_chatbook.DB.ChaChaNotes_DB:_enter_transaction:24458 - Entered nested transaction level 2 on thread 8494865792.
2026-10-03 21:06:18.605 | DEBUG    | tldw_chatbook.DB.ChaChaNotes_DB:_migrate_from_v29_to_v30:5970 - [rag_char_chat_schema V29→V30] Migration script executed.
2026-10-03 21:06:18.605 | INFO     | tldw_chatbook.DB.ChaChaNotes_DB:_migrate_from_v29_to_v30:5994 - [rag_char_chat_schema V29→V30] Migration completed successfully for DB: db_sha256=9712e78e4edb.
2026-10-03 21:06:18.605 | INFO     | tldw_chatbook.DB.ChaChaNotes_DB:_migrate_from_v30_to_v31:6021 - Migrating schema from V30 to V31 for 'rag_char_chat_schema' in DB: db_sha256=9712e78e4edb...
2026-10-03 21:06:18.605 | DEBUG    | tldw_chatbook.DB.ChaChaNotes_DB:_enter_transaction:24458 - Entered nested transaction level 2 on thread 8494865792.
2026-10-03 21:06:18.607 | DEBUG    | tldw_chatbook.DB.ChaChaNotes_DB:_migrate_from_v30_to_v31:6047 - [rag_char_chat_schema V30→V31] Migration script executed.
2026-10-03 21:06:18.607 | INFO     | tldw_chatbook.DB.ChaChaNotes_DB:_migrate_from_v30_to_v31:6071 - [rag_char_chat_schema V30→V31] Migration completed successfully for DB: db_sha256=9712e78e4edb.
2026-10-03 21:06:18.607 | INFO     | tldw_chatbook.DB.ChaChaNotes_DB:_migrate_from_v31_to_v32:6104 - Migrating schema from V31 to V32 for 'rag_char_chat_schema' in DB: db_sha256=9712e78e4edb...
2026-10-03 21:06:18.607 | DEBUG    | tldw_chatbook.DB.ChaChaNotes_DB:_enrich_default_assistant_card_if_bare:4749 - [task-2451] Default Assistant enrichment UPDATE affected 0 row(s) in DB: db_sha256=9712e78e4edb.
2026-10-03 21:06:18.607 | INFO     | tldw_chatbook.DB.ChaChaNotes_DB:_migrate_from_v31_to_v32:6130 - [rag_char_chat_schema V31→V32] Migration completed successfully for DB: db_sha256=9712e78e4edb.
2026-10-03 21:06:18.607 | DEBUG    | tldw_chatbook.DB.ChaChaNotes_DB:_enter_transaction:24458 - Entered nested transaction level 2 on thread 8494865792.
2026-10-03 21:06:18.608 | DEBUG    | tldw_chatbook.DB.ChaChaNotes_DB:_enter_transaction:24458 - Entered nested transaction level 2 on thread 8494865792.
2026-10-03 21:06:18.611 | DEBUG    | tldw_chatbook.DB.ChaChaNotes_DB:_enter_transaction:24458 - Entered nested transaction level 2 on thread 8494865792.
2026-10-03 21:06:18.612 | DEBUG    | tldw_chatbook.DB.ChaChaNotes_DB:_enter_transaction:24458 - Entered nested transaction level 2 on thread 8494865792.
2026-10-03 21:06:18.613 | DEBUG    | tldw_chatbook.DB.ChaChaNotes_DB:_enter_transaction:24458 - Entered nested transaction level 2 on thread 8494865792.
2026-10-03 21:06:18.616 | DEBUG    | tldw_chatbook.DB.ChaChaNotes_DB:_enter_transaction:24458 - Entered nested transaction level 2 on thread 8494865792.
2026-10-03 21:06:18.616 | DEBUG    | tldw_chatbook.DB.ChaChaNotes_DB:_enter_transaction:24458 - Entered nested transaction level 2 on thread 8494865792.
2026-10-03 21:06:18.617 | DEBUG    | tldw_chatbook.DB.ChaChaNotes_DB:_enter_transaction:24458 - Entered nested transaction level 2 on thread 8494865792.
2026-10-03 21:06:18.617 | DEBUG    | tldw_chatbook.DB.ChaChaNotes_DB:_enter_transaction:24458 - Entered nested transaction level 2 on thread 8494865792.
2026-10-03 21:06:18.618 | INFO     | tldw_chatbook.DB.ChaChaNotes_DB:_migrate_from_v41_to_v42:6450 - Migrating schema from V41 to V42 for 'rag_char_chat_schema' in DB: db_sha256=9712e78e4edb...
2026-10-03 21:06:18.618 | INFO     | tldw_chatbook.DB.ChaChaNotes_DB:_migrate_from_v41_to_v42:6514 - [rag_char_chat_schema V41→V42] conversations.console_project_context_json already present; applying the version bump only.
2026-10-03 21:06:18.618 | INFO     | tldw_chatbook.DB.ChaChaNotes_DB:_migrate_from_v42_to_v43:6564 - Migrating schema from V42 to V43 for 'rag_char_chat_schema' in DB: db_sha256=9712e78e4edb...
2026-10-03 21:06:18.619 | DEBUG    | tldw_chatbook.DB.ChaChaNotes_DB:_enter_transaction:24458 - Entered nested transaction level 2 on thread 8494865792.
2026-10-03 21:06:18.619 | INFO     | tldw_chatbook.DB.ChaChaNotes_DB:_migrate_from_v42_to_v43:6703 - [rag_char_chat_schema V42→V43] Migration completed successfully for DB: db_sha256=9712e78e4edb.
2026-10-03 21:06:18.619 | INFO     | tldw_chatbook.DB.ChaChaNotes_DB:_migrate_from_v43_to_v44:6733 - Migrating schema from V43 to V44 for 'rag_char_chat_schema' in DB: db_sha256=9712e78e4edb...
2026-10-03 21:06:18.619 | DEBUG    | tldw_chatbook.DB.ChaChaNotes_DB:_enter_transaction:24458 - Entered nested transaction level 2 on thread 8494865792.
2026-10-03 21:06:18.627 | INFO     | tldw_chatbook.DB.ChaChaNotes_DB:_migrate_from_v43_to_v44:6773 - [rag_char_chat_schema V43→V44] Migration completed successfully for DB: db_sha256=9712e78e4edb.
2026-10-03 21:06:18.627 | INFO     | tldw_chatbook.DB.ChaChaNotes_DB:_migrate_from_v44_to_v45:6842 - Actor Pack schema migration started: chachanotes_v44_to_v45
2026-10-03 21:06:18.627 | DEBUG    | tldw_chatbook.DB.ChaChaNotes_DB:_enter_transaction:24458 - Entered nested transaction level 2 on thread 8494865792.
2026-10-03 21:06:18.628 | INFO     | tldw_chatbook.DB.ChaChaNotes_DB:_migrate_from_v44_to_v45:6875 - Actor Pack schema migration completed: chachanotes_v44_to_v45
2026-10-03 21:06:18.628 | INFO     | tldw_chatbook.DB.ChaChaNotes_DB:_migrate_from_v45_to_v46:6919 - Migrating schema from V45 to V46 for 'rag_char_chat_schema' in DB: db_sha256=9712e78e4edb...
2026-10-03 21:06:18.628 | DEBUG    | tldw_chatbook.DB.ChaChaNotes_DB:_enter_transaction:24458 - Entered nested transaction level 2 on thread 8494865792.
2026-10-03 21:06:18.632 | INFO     | tldw_chatbook.DB.ChaChaNotes_DB:_migrate_from_v45_to_v46:6965 - [rag_char_chat_schema V45→V46] Migration completed successfully for DB: db_sha256=9712e78e4edb. Purged 0 unreachable sync_log row(s) of 1.
2026-10-03 21:06:18.632 | INFO     | tldw_chatbook.DB.ChaChaNotes_DB:_migrate_from_v46_to_v47:7007 - Migrating schema from V46 to V47 for 'rag_char_chat_schema' in DB: db_sha256=9712e78e4edb...
2026-10-03 21:06:18.632 | DEBUG    | tldw_chatbook.DB.ChaChaNotes_DB:_enter_transaction:24458 - Entered nested transaction level 2 on thread 8494865792.
2026-10-03 21:06:18.633 | INFO     | tldw_chatbook.DB.ChaChaNotes_DB:_migrate_from_v46_to_v47:7042 - [rag_char_chat_schema V46→V47] Migration completed successfully for DB: db_sha256=9712e78e4edb.
2026-10-03 21:06:18.633 | DEBUG    | tldw_chatbook.DB.ChaChaNotes_DB:_enter_transaction:24458 - Entered nested transaction level 2 on thread 8494865792.
2026-10-03 21:06:18.637 | INFO     | tldw_chatbook.DB.ChaChaNotes_DB:_migrate_from_v48_to_v49:7198 - Migrating schema from V48 to V49 for 'rag_char_chat_schema' in DB: db_sha256=9712e78e4edb...
2026-10-03 21:06:18.637 | DEBUG    | tldw_chatbook.DB.ChaChaNotes_DB:_enter_transaction:24458 - Entered nested transaction level 2 on thread 8494865792.
2026-10-03 21:06:18.637 | INFO     | tldw_chatbook.DB.ChaChaNotes_DB:_migrate_from_v48_to_v49:7233 - [rag_char_chat_schema V48→V49] Migration completed successfully for DB: db_sha256=9712e78e4edb.
2026-10-03 21:06:18.637 | INFO     | tldw_chatbook.DB.ChaChaNotes_DB:_migrate_from_v49_to_v50:7281 - Migrating schema from V49 to V50 for 'rag_char_chat_schema' in DB: db_sha256=9712e78e4edb...
2026-10-03 21:06:18.638 | DEBUG    | tldw_chatbook.DB.ChaChaNotes_DB:_enter_transaction:24458 - Entered nested transaction level 2 on thread 8494865792.
2026-10-03 21:06:18.638 | INFO     | tldw_chatbook.DB.ChaChaNotes_DB:_migrate_from_v49_to_v50:7315 - [rag_char_chat_schema V49→V50] Migration completed successfully for DB: db_sha256=9712e78e4edb.
2026-10-03 21:06:18.638 | DEBUG    | tldw_chatbook.DB.ChaChaNotes_DB:_enter_transaction:24458 - Entered nested transaction level 2 on thread 8494865792.
2026-10-03 21:06:18.641 | DEBUG    | tldw_chatbook.DB.ChaChaNotes_DB:_enter_transaction:24458 - Entered nested transaction level 2 on thread 8494865792.
2026-10-03 21:06:18.648 | INFO     | tldw_chatbook.DB.ChaChaNotes_DB:_migrate_from_v52_to_v53:7440 - Migrating schema from V52 to V53 for 'rag_char_chat_schema' in DB: db_sha256=9712e78e4edb...
2026-10-03 21:06:18.648 | DEBUG    | tldw_chatbook.DB.ChaChaNotes_DB:_enter_transaction:24458 - Entered nested transaction level 2 on thread 8494865792.
2026-10-03 21:06:18.648 | INFO     | tldw_chatbook.DB.ChaChaNotes_DB:_migrate_from_v52_to_v53:7505 - [rag_char_chat_schema V52→V53] Migration completed for DB: db_sha256=9712e78e4edb (examined 0, compacted 0, skipped 0 unreadable).
2026-10-03 21:06:18.649 | DEBUG    | tldw_chatbook.DB.ChaChaNotes_DB:_enter_transaction:24458 - Entered nested transaction level 2 on thread 8494865792.
2026-10-03 21:06:18.652 | DEBUG    | tldw_chatbook.DB.ChaChaNotes_DB:_enter_transaction:24458 - Entered nested transaction level 2 on thread 8494865792.
2026-10-03 21:06:18.653 | DEBUG    | tldw_chatbook.DB.ChaChaNotes_DB:_enter_transaction:24458 - Entered nested transaction level 2 on thread 8494865792.
2026-10-03 21:06:18.664 | DEBUG    | tldw_chatbook.DB.ChaChaNotes_DB:_enter_transaction:24458 - Entered nested transaction level 2 on thread 8494865792.
2026-10-03 21:06:18.665 | DEBUG    | tldw_chatbook.DB.ChaChaNotes_DB:_enter_transaction:24458 - Entered nested transaction level 2 on thread 8494865792.
2026-10-03 21:06:18.680 | DEBUG    | tldw_chatbook.DB.ChaChaNotes_DB:_enter_transaction:24458 - Entered nested transaction level 2 on thread 8494865792.
2026-10-03 21:06:18.681 | DEBUG    | tldw_chatbook.DB.ChaChaNotes_DB:_enter_transaction:24458 - Entered nested transaction level 2 on thread 8494865792.
2026-10-03 21:06:18.681 | DEBUG    | tldw_chatbook.DB.ChaChaNotes_DB:_enter_transaction:24458 - Entered nested transaction level 2 on thread 8494865792.
2026-10-03 21:06:18.682 | DEBUG    | tldw_chatbook.DB.ChaChaNotes_DB:_enter_transaction:24458 - Entered nested transaction level 2 on thread 8494865792.
2026-10-03 21:06:18.697 | DEBUG    | tldw_chatbook.DB.ChaChaNotes_DB:_enter_transaction:24458 - Entered nested transaction level 2 on thread 8494865792.
2026-10-03 21:06:18.701 | DEBUG    | tldw_chatbook.DB.ChaChaNotes_DB:_enter_transaction:24458 - Entered nested transaction level 2 on thread 8494865792.
2026-10-03 21:06:18.718 | DEBUG    | tldw_chatbook.DB.ChaChaNotes_DB:_enter_transaction:24458 - Entered nested transaction level 2 on thread 8494865792.
2026-10-03 21:06:18.719 | DEBUG    | tldw_chatbook.DB.ChaChaNotes_DB:_enter_transaction:24458 - Entered nested transaction level 2 on thread 8494865792.
2026-10-03 21:06:18.722 | DEBUG    | tldw_chatbook.DB.ChaChaNotes_DB:_enter_transaction:24458 - Entered nested transaction level 3 on thread 8494865792.
2026-10-03 21:06:18.723 | DEBUG    | tldw_chatbook.DB.ChaChaNotes_DB:_enter_transaction:24458 - Entered nested transaction level 3 on thread 8494865792.
2026-10-03 21:06:18.723 | DEBUG    | tldw_chatbook.DB.ChaChaNotes_DB:_enter_transaction:24458 - Entered nested transaction level 2 on thread 8494865792.
2026-10-03 21:06:18.726 | DEBUG    | tldw_chatbook.DB.ChaChaNotes_DB:_enter_transaction:24458 - Entered nested transaction level 2 on thread 8494865792.
2026-10-03 21:06:18.745 | DEBUG    | tldw_chatbook.DB.ChaChaNotes_DB:_enter_transaction:24458 - Entered nested transaction level 2 on thread 8494865792.
2026-10-03 21:06:18.746 | DEBUG    | tldw_chatbook.DB.ChaChaNotes_DB:_enter_transaction:24458 - Entered nested transaction level 2 on thread 8494865792.
2026-10-03 21:06:18.747 | DEBUG    | tldw_chatbook.DB.ChaChaNotes_DB:_enter_transaction:24458 - Entered nested transaction level 2 on thread 8494865792.
2026-10-03 21:06:18.753 | DEBUG    | tldw_chatbook.DB.ChaChaNotes_DB:_enter_transaction:24458 - Entered nested transaction level 2 on thread 8494865792.
2026-10-03 21:06:18.764 | DEBUG    | tldw_chatbook.DB.ChaChaNotes_DB:_enter_transaction:24458 - Entered nested transaction level 2 on thread 8494865792.
2026-10-03 21:06:18.765 | DEBUG    | tldw_chatbook.DB.ChaChaNotes_DB:_enter_transaction:24458 - Entered nested transaction level 2 on thread 8494865792.
2026-10-03 21:06:18.770 | DEBUG    | tldw_chatbook.DB.ChaChaNotes_DB:_enter_transaction:24458 - Entered nested transaction level 2 on thread 8494865792.
2026-10-03 21:06:18.770 | DEBUG    | tldw_chatbook.DB.ChaChaNotes_DB:_enter_transaction:24458 - Entered nested transaction level 2 on thread 8494865792.
2026-10-03 21:06:18.789 | INFO     | tldw_chatbook.DB.ChaChaNotes_DB:_initialize_schema:8685 - Database schema 'rag_char_chat_schema' successfully initialized/migrated to version 76.
2026-10-03 21:06:18.791 | DEBUG    | tldw_chatbook.DB.ChaChaNotes_DB:_exit_transaction:24552 - Transaction (outermost) committed successfully on thread 8494865792.
2026-10-03 21:06:18.791 | DEBUG    | tldw_chatbook.DB.ChaChaNotes_DB:__init__:3399 - CharactersRAGDB initialization completed successfully db_sha256=9712e78e4edb
2026-10-03 21:06:18.797 | DEBUG    | tldw_chatbook.Chat.chat_persistence_service:__init__:271 - Recovered-media message source is unavailable.
2026-10-03 21:06:18.838 | INFO     | tldw_chatbook.DB.base_db:__init__:989 - AgentRunsDB initialized with path: /Users/macbook-dev/.codex/worktrees/console-chat-starts/tldw_chatbook/.superpowers/sdd/2026-10-03-console-pr2995-review-and-merge/task-4-red-profile-lormtzj4/pytest/test_native_acceptance_refuses0/runs.db [Client: t]
2026-10-03 21:06:18.839 | DEBUG    | tldw_chatbook.DB.ChaChaNotes_DB:_enter_transaction:24489 - Started outermost transaction on thread 8494865792.
2026-10-03 21:06:18.840 | DEBUG    | tldw_chatbook.DB.ChaChaNotes_DB:_exit_transaction:24552 - Transaction (outermost) committed successfully on thread 8494865792.
2026-10-03 21:06:18.841 | DEBUG    | tldw_chatbook.DB.ChaChaNotes_DB:add_conversation:11073 - Added conversation ID: 24825853-5a86-4456-9449-2c4e6f7fce02.
2026-10-03 21:06:18.842 | DEBUG    | tldw_chatbook.DB.ChaChaNotes_DB:_enter_transaction:24489 - Started outermost transaction on thread 8494865792.
2026-10-03 21:06:18.843 | DEBUG    | tldw_chatbook.DB.ChaChaNotes_DB:_exit_transaction:24552 - Transaction (outermost) committed successfully on thread 8494865792.
2026-10-03 21:06:18.843 | DEBUG    | tldw_chatbook.DB.ChaChaNotes_DB:add_conversation:11073 - Added conversation ID: 5f8b4cef-c782-4aeb-a7d0-ee2cec0787eb.
2026-10-03 21:06:18.844 | DEBUG    | tldw_chatbook.DB.ChaChaNotes_DB:_enter_transaction:24489 - Started outermost transaction on thread 8494865792.
2026-10-03 21:06:18.844 | DEBUG    | tldw_chatbook.DB.ChaChaNotes_DB:_exit_transaction:24552 - Transaction (outermost) committed successfully on thread 8494865792.
2026-10-03 21:06:18.844 | DEBUG    | tldw_chatbook.DB.ChaChaNotes_DB:execute_query:4046 - Executing SQL (script=False): SELECT * FROM conversations WHERE id = ? AND deleted = 0... Params: (5f8b4cef-c782-4aeb-a7d0-ee2cec0787eb)
2026-10-03 21:06:18.844 | DEBUG    | tldw_chatbook.DB.ChaChaNotes_DB:execute_query:4046 - Executing SQL (script=False): SELECT * FROM conversations WHERE id = ? AND deleted = 0... Params: (5f8b4cef-c782-4aeb-a7d0-ee2cec0787eb)
2026-10-03 21:06:18.845 | DEBUG    | tldw_chatbook.DB.ChaChaNotes_DB:_enter_transaction:24489 - Started outermost transaction on thread 8494865792.
2026-10-03 21:06:18.845 | DEBUG    | tldw_chatbook.DB.ChaChaNotes_DB:_exit_transaction:24552 - Transaction (outermost) committed successfully on thread 8494865792.
2026-10-03 21:06:18.845 | DEBUG    | tldw_chatbook.DB.ChaChaNotes_DB:_enter_transaction:24489 - Started outermost transaction on thread 8494865792.
2026-10-03 21:06:18.845 | DEBUG    | tldw_chatbook.DB.ChaChaNotes_DB:_exit_transaction:24552 - Transaction (outermost) committed successfully on thread 8494865792.
2026-10-03 21:06:18.845 | DEBUG    | tldw_chatbook.DB.ChaChaNotes_DB:execute_query:4046 - Executing SQL (script=False): SELECT * FROM conversations WHERE id = ? AND deleted = 0... Params: (5f8b4cef-c782-4aeb-a7d0-ee2cec0787eb)
2026-10-03 21:06:18.846 | DEBUG    | tldw_chatbook.DB.ChaChaNotes_DB:_enter_transaction:24489 - Started outermost transaction on thread 8494865792.
2026-10-03 21:06:18.846 | DEBUG    | tldw_chatbook.DB.ChaChaNotes_DB:_exit_transaction:24552 - Transaction (outermost) committed successfully on thread 8494865792.
2026-10-03 21:06:18.846 | DEBUG    | tldw_chatbook.DB.ChaChaNotes_DB:execute_query:4046 - Executing SQL (script=False): 
            SELECT m.id, m.conversation_id, m.parent_message_id, m.sender, m.content,
                   m.image_data, m.image_mime_type, m.timestamp, m.ranking,
                   m.last_modified, m.version, m.client_id, m.deleted, m.feedback, m.role,
                   m.variant_of, m.variant_num... Params: (5f8b4cef-c782-4aeb-a7d0-ee2cec0787eb, 100000, 0)
2026-10-03 21:06:18.882 | DEBUG    | tldw_chatbook.DB.ChaChaNotes_DB:_get_thread_connection:3554 - Opened/Reopened SQLite connection db_sha256=9712e78e4edb thread=6171471872
2026-10-03 21:06:18.882 | DEBUG    | tldw_chatbook.DB.ChaChaNotes_DB:close_connection:3874 - Attempting WAL checkpoint (TRUNCATE) before close db_sha256=9712e78e4edb thread=6171471872.
2026-10-03 21:06:18.885 | DEBUG    | tldw_chatbook.DB.ChaChaNotes_DB:close_connection:3880 - WAL checkpoint TRUNCATE executed db_sha256=9712e78e4edb.
2026-10-03 21:06:18.886 | DEBUG    | tldw_chatbook.DB.ChaChaNotes_DB:close_connection:3900 - Closed SQLite connection db_sha256=9712e78e4edb thread=6171471872.
2026-10-03 21:06:18.967 | DEBUG    | tldw_chatbook.DB.ChaChaNotes_DB:_get_thread_connection:3554 - Opened/Reopened SQLite connection db_sha256=9712e78e4edb thread=6171471872
2026-10-03 21:06:18.967 | DEBUG    | tldw_chatbook.DB.ChaChaNotes_DB:close_connection:3874 - Attempting WAL checkpoint (TRUNCATE) before close db_sha256=9712e78e4edb thread=6171471872.
2026-10-03 21:06:18.967 | DEBUG    | tldw_chatbook.DB.ChaChaNotes_DB:close_connection:3880 - WAL checkpoint TRUNCATE executed db_sha256=9712e78e4edb.
2026-10-03 21:06:18.967 | DEBUG    | tldw_chatbook.DB.ChaChaNotes_DB:close_connection:3900 - Closed SQLite connection db_sha256=9712e78e4edb thread=6171471872.
2026-10-03 21:06:18.969 | DEBUG    | tldw_chatbook.DB.ChaChaNotes_DB:_enter_transaction:24489 - Started outermost transaction on thread 8494865792.
2026-10-03 21:06:18.969 | DEBUG    | tldw_chatbook.DB.ChaChaNotes_DB:_exit_transaction:24552 - Transaction (outermost) committed successfully on thread 8494865792.
2026-10-03 21:06:20.986 | DEBUG    | tldw_chatbook.DB.ChaChaNotes_DB:_get_thread_connection:3554 - Opened/Reopened SQLite connection db_sha256=9712e78e4edb thread=6171471872
2026-10-03 21:06:20.987 | DEBUG    | tldw_chatbook.DB.ChaChaNotes_DB:_enter_transaction:24489 - Started outermost transaction on thread 6171471872.
2026-10-03 21:06:20.988 | DEBUG    | tldw_chatbook.DB.ChaChaNotes_DB:_exit_transaction:24552 - Transaction (outermost) committed successfully on thread 6171471872.
2026-10-03 21:06:20.988 | DEBUG    | tldw_chatbook.DB.ChaChaNotes_DB:close_connection:3874 - Attempting WAL checkpoint (TRUNCATE) before close db_sha256=9712e78e4edb thread=6171471872.
2026-10-03 21:06:20.988 | DEBUG    | tldw_chatbook.DB.ChaChaNotes_DB:close_connection:3880 - WAL checkpoint TRUNCATE executed db_sha256=9712e78e4edb.
2026-10-03 21:06:20.989 | DEBUG    | tldw_chatbook.DB.ChaChaNotes_DB:close_connection:3900 - Closed SQLite connection db_sha256=9712e78e4edb thread=6171471872.
2026-10-03 21:06:21.016 | DEBUG    | tldw_chatbook.DB.ChaChaNotes_DB:close_connection:3874 - Attempting WAL checkpoint (TRUNCATE) before close db_sha256=9712e78e4edb thread=8494865792.
2026-10-03 21:06:21.016 | DEBUG    | tldw_chatbook.DB.ChaChaNotes_DB:close_connection:3880 - WAL checkpoint TRUNCATE executed db_sha256=9712e78e4edb.
2026-10-03 21:06:21.017 | DEBUG    | tldw_chatbook.DB.ChaChaNotes_DB:close_connection:3900 - Closed SQLite connection db_sha256=9712e78e4edb thread=8494865792.
------------------------------ Captured log call -------------------------------
ERROR    tldw_chatbook.diagnostics.console:persistent_diagnostics.py:256 event=console_send_stage app_version=0.2.3 attempt_id=857b7932393c4985ac7591057d534f93 capture_enabled=false component=console duration_ms=1879 error_category=database exception_type=OperationalError phase=capture_policy python_version=3.12.11 sqlite_code=5 sqlite_version=3.49.1 status=failed
ERROR    tldw_chatbook.diagnostics.console:persistent_diagnostics.py:256 event=console_send_stage app_version=0.2.3 attempt_id=857b7932393c4985ac7591057d534f93 capture_enabled=false component=console duration_ms=1879 phase=controller_submit python_version=3.12.11 sqlite_version=3.49.1 status=failed
=============================== warnings summary ===============================
Tests/Chat/test_console_chat_start.py::test_native_acceptance_refuses_real_writer_contention_and_restores_timeout
  Tests/Chat/test_console_chat_start.py:2848: PytestWarning: record_property is incompatible with junit_family 'xunit2' (use 'legacy' or 'xunit1')
    @pytest.mark.asyncio

-- Docs: https://docs.pytest.org/en/stable/how-to/capture-warnings.html
- generated xml file: /Users/macbook-dev/.codex/worktrees/console-chat-starts/tldw_chatbook/.superpowers/sdd/2026-10-03-console-pr2995-review-and-merge/task-4-red.xml -
============================= slowest 25 durations =============================
2.53s call     Tests/Chat/test_console_chat_start.py::test_native_acceptance_refuses_real_writer_contention_and_restores_timeout
1.21s call     Tests/Chat/test_console_chat_start.py::test_ledger_cutoff_retains_charge_and_requires_conversation_receipt[source_stop]

(23 durations < 1s hidden.)
=========================== short test summary info ============================
FAILED Tests/DB/test_automatic_chat_starts.py::test_same_owner_uncertain_start_pauses_root_without_refund_or_replay
FAILED Tests/DB/test_automatic_chat_starts.py::test_review_settlement_never_rewrites_nonaccepted_work[prepared]
FAILED Tests/DB/test_automatic_chat_starts.py::test_review_settlement_never_rewrites_nonaccepted_work[aborted]
FAILED Tests/DB/test_automatic_chat_starts.py::test_review_settlement_never_rewrites_nonaccepted_work[completed]
FAILED Tests/DB/test_automatic_chat_starts.py::test_stale_review_settlement_cannot_pause_healthy_replacement
FAILED Tests/Chat/test_console_chat_start.py::test_ledger_cutoff_retains_charge_and_requires_conversation_receipt[write_failure]
FAILED Tests/Chat/test_console_chat_start.py::test_ledger_cutoff_retains_charge_and_requires_conversation_receipt[target_stop]
FAILED Tests/Chat/test_console_chat_start.py::test_native_commit_keeps_exact_worker_and_capacity_until_repeated_cancel_drains
FAILED Tests/Chat/test_console_chat_start.py::test_unexpected_start_failure_is_type_only_and_accepted_cleanup_is_review[preaccept]
FAILED Tests/Chat/test_console_chat_start.py::test_unexpected_start_failure_is_type_only_and_accepted_cleanup_is_review[accepted_cleanup]
FAILED Tests/Chat/test_console_chat_start.py::test_failed_review_settlement_blocks_siblings_across_ledger_handles
FAILED Tests/Chat/test_console_chat_start.py::test_native_acceptance_refuses_real_writer_contention_and_restores_timeout
12 failed, 1 passed, 140 deselected, 1 warning in 9.11s
