tldw_chatbook/Actor_Packs/activation.py	107	__init__ <- tldw_chatbook.Persona_Visual.repository
tldw_chatbook/Actor_Packs/activation.py	381	_prepare_character_sections <- tldw_chatbook.Character_Chat.visual_identity
tldw_chatbook/Actor_Packs/contracts.py	710	_validate_portrait <- PIL
tldw_chatbook/Actor_Packs/creation.py	92	create_character <- tldw_chatbook.tldw_api.character_persona_schemas
tldw_chatbook/Actor_Packs/creation.py	169	create_persona <- tldw_chatbook.tldw_api.character_persona_schemas
tldw_chatbook/Actor_Packs/export.py	247	_capture_persona_visual <- tldw_chatbook.Persona_Visual.assets
tldw_chatbook/Actor_Packs/export.py	331	_capture_shared_visual <- tldw_chatbook.Character_Chat.artwork_attribution
tldw_chatbook/Actor_Packs/export.py	336	_capture_shared_visual <- tldw_chatbook.Character_Chat.visual_identity
tldw_chatbook/Actor_Packs/export.py	486	write_actor_pack_archive <- tldw_chatbook.Character_Chat.artwork_attribution
tldw_chatbook/Actor_Packs/export.py	578	_snapshot_files <- tldw_chatbook.Character_Chat.artwork_attribution
tldw_chatbook/Actor_Packs/importer.py	720	_visual_authorities <- tldw_chatbook.Persona_Visual.repository
tldw_chatbook/Actor_Packs/importer.py	1159	_portrait_review <- io
tldw_chatbook/Actor_Packs/importer.py	1160	_portrait_review <- PIL
tldw_chatbook/Actor_Packs/importer.py	1181	_validate_sections <- tldw_chatbook.Character_Chat.visual_identity
tldw_chatbook/Actor_Packs/importer.py	1184	_validate_sections <- tldw_chatbook.Persona_Visual.validation
tldw_chatbook/Actor_Packs/importer.py	1286	_section_image <- io
tldw_chatbook/Actor_Packs/importer.py	1287	_section_image <- PIL
tldw_chatbook/Audio/console_dictation.py	77	_resolve_model_dir <- tldw_chatbook.config
tldw_chatbook/Audio/console_dictation.py	124	_active_managed_model_dir <- tldw_chatbook.Local_Ingestion.parakeet_v2_artifact
tldw_chatbook/Audio/console_dictation.py	133	_build_recorder <- tldw_chatbook.Audio.recording_service
tldw_chatbook/Audio/console_dictation.py	156	_transcriber <- tldw_chatbook.Local_Ingestion.transcription_service
tldw_chatbook/Audio/diarizer_engine_onnx.py	270	_validated_models_dir <- tldw_chatbook.Utils.path_validation
tldw_chatbook/Audio/diarizer_engine_onnx.py	326	models_dir <- tldw_chatbook.config
tldw_chatbook/Audio/diarizer_engine_onnx.py	439	_new_http_client <- httpx
tldw_chatbook/Audio/diarizer_engine_onnx.py	452	_extract_tar_member <- shutil
tldw_chatbook/Audio/diarizer_engine_onnx.py	453	_extract_tar_member <- tarfile
tldw_chatbook/Audio/diarizer_engine_onnx.py	487	_stream_to_file <- httpx
tldw_chatbook/Audio/diarizer_engine_onnx.py	772	_batch <- tldw_chatbook.Audio.diarizer_worker
tldw_chatbook/Audio/diarizer_engine_onnx.py	852	load <- numpy
tldw_chatbook/Audio/diarizer_engine_onnx.py	853	load <- sherpa_onnx
tldw_chatbook/Audio/diarizer_engine_onnx.py	855	load <- tldw_chatbook.Audio.diarizer_worker
tldw_chatbook/Audio/diarizer_engine_speechbrain.py	34	_load_encoder <- pathlib
tldw_chatbook/Audio/diarizer_engine_speechbrain.py	36	_load_encoder <- tldw_chatbook.Local_Ingestion.diarization_service
tldw_chatbook/Audio/diarizer_engine_speechbrain.py	93	_cluster_windows <- numpy
tldw_chatbook/Audio/diarizer_engine_speechbrain.py	121	_batch <- tldw_chatbook.Audio
tldw_chatbook/Audio/diarizer_engine_speechbrain.py	122	_batch <- tldw_chatbook.Local_Ingestion.diarization_service
tldw_chatbook/Audio/diarizer_engine_speechbrain.py	182	load <- tldw_chatbook.Audio.diarizer_worker
tldw_chatbook/Audio/diarizer_engine_speechbrain.py	183	load <- tldw_chatbook.Local_Ingestion.diarization_service
tldw_chatbook/Audio/diarizer_engine_speechbrain.py	185	load <- numpy
tldw_chatbook/Audio/diarizer_local.py	985	model_id_for <- tldw_chatbook.Audio.diarizer_worker
tldw_chatbook/Audio/diarizer_local.py	989	model_id_for <- tldw_chatbook.Audio.diarizer_engine_onnx
tldw_chatbook/Audio/diarizer_worker.py	258	_reconcile_windows <- numpy
tldw_chatbook/Audio/diarizer_worker.py	321	_map_final_clusters <- numpy
tldw_chatbook/Audio/diarizer_worker.py	323	_map_final_clusters <- tldw_chatbook.Audio.diarizer_cluster
tldw_chatbook/Audio/diarizer_worker.py	389	read_pcm16_span <- wave
tldw_chatbook/Audio/diarizer_worker.py	391	read_pcm16_span <- numpy
tldw_chatbook/Audio/meeting_capture.py	219	_default_vad_factory <- webrtcvad
tldw_chatbook/Audio/meeting_owner.py	104	resolve_effective_config <- tldw_chatbook.Chat.console_voice_input
tldw_chatbook/Audio/meeting_owner.py	140	meeting_user_display_name <- tldw_chatbook.config
tldw_chatbook/Audio/meeting_owner.py	143	meeting_user_display_name <- tldw_chatbook.config
tldw_chatbook/Audio/meeting_owner.py	221	_validate_recordings_dir <- tldw_chatbook.Utils.path_validation
tldw_chatbook/Audio/meeting_owner.py	266	_validate_onnx_embedder <- .diarizer_engine_onnx
tldw_chatbook/Audio/meeting_owner.py	289	_validate_onnx_models_dir <- tldw_chatbook.Utils.path_validation
tldw_chatbook/Audio/meeting_owner.py	652	_default_facade_factory <- tldw_chatbook.Local_Ingestion.transcription_service
tldw_chatbook/Audio/meeting_owner.py	658	_default_dictation_factory <- .dictation_service_lazy
tldw_chatbook/Audio/meeting_owner.py	671	_default_mic_factory <- .recording_service
tldw_chatbook/Audio/meeting_owner.py	850	_active_model_id <- .diarizer_local
tldw_chatbook/Audio/meeting_owner.py	901	_voiceprint_store <- .voiceprint
tldw_chatbook/Audio/meeting_owner.py	1184	start <- .meeting_capture
tldw_chatbook/Audio/meeting_owner.py	1366	apply_device_choice <- tldw_chatbook.config
tldw_chatbook/Audio/meeting_owner.py	1967	_config_accessors <- tldw_chatbook.config
tldw_chatbook/Audio/parakeet_voice_worker.py	213	_audio <- mlx.core
tldw_chatbook/Audio/parakeet_voice_worker.py	214	_audio <- numpy
tldw_chatbook/Audio/parakeet_voice_worker.py	227	rolling <- parakeet_mlx.audio
tldw_chatbook/Audio/parakeet_voice_worker.py	244	_finish_cleanup <- asyncio
tldw_chatbook/Audio/parakeet_voice_worker.py	245	_finish_cleanup <- inspect
tldw_chatbook/Audio/parakeet_voice_worker.py	375	_load_runtime <- tldw_chatbook.Local_Ingestion.transcription_service
tldw_chatbook/Audio/parakeet_voice_worker.py	378	_load_runtime <- tldw_chatbook.STT.executor_worker
tldw_chatbook/Audio/parakeet_voice_worker.py	401	_serve <- os
tldw_chatbook/Audio/parakeet_voice_worker.py	402	_serve <- sys
tldw_chatbook/Audio/recording_service.py	479	audio_callback <- struct
tldw_chatbook/Audio/rolling_transcript.py	1061	_handle_adapter_failure <- tldw_chatbook.Audio.parakeet_voice_worker
tldw_chatbook/Audio/rolling_transcript.py	1062	_handle_adapter_failure <- tldw_chatbook.Audio.voice_process_types
tldw_chatbook/Audio/system_audio_tap.py	287	probe <- platform
tldw_chatbook/Audio/system_audio_tap.py	293	probe <- tldw_chatbook.config
tldw_chatbook/Audio/system_audio_tap.py	507	start <- .recording_service
tldw_chatbook/Audio/voice_process_entry.py	54	prepare <- asyncio
tldw_chatbook/Audio/voice_process_entry.py	55	prepare <- .duplex_transport
tldw_chatbook/Audio/voice_process_entry.py	56	prepare <- .duplex_contracts
tldw_chatbook/Audio/voice_process_entry.py	57	prepare <- .parakeet_voice_worker
tldw_chatbook/Audio/voice_process_entry.py	58	prepare <- .rolling_transcript
tldw_chatbook/Audio/voice_process_entry.py	59	prepare <- .voice_preprocessor
tldw_chatbook/Audio/voice_process_entry.py	60	prepare <- .voice_process_core
tldw_chatbook/Audio/voice_process_entry.py	61	prepare <- .voice_transcription
tldw_chatbook/Audio/voice_process_entry.py	172	begin_close <- asyncio
tldw_chatbook/Audio/voice_process_entry.py	173	begin_close <- .voice_process_types
tldw_chatbook/Audio/voice_process_entry.py	201	__init__ <- .voice_process_protocol
tldw_chatbook/Audio/voice_process_entry.py	221	own <- asyncio
tldw_chatbook/Audio/voice_process_entry.py	239	credit <- .voice_process_protocol
tldw_chatbook/Audio/voice_process_entry.py	248	dispatch_attempt <- asyncio
tldw_chatbook/Audio/voice_process_entry.py	249	dispatch_attempt <- types
tldw_chatbook/Audio/voice_process_entry.py	250	dispatch_attempt <- .voice_process_protocol
tldw_chatbook/Audio/voice_process_entry.py	313	_prepare_after_retirement <- asyncio
tldw_chatbook/Audio/voice_process_entry.py	339	start_prepared_attempt <- .voice_phrase_sequencer
tldw_chatbook/Audio/voice_process_entry.py	340	start_prepared_attempt <- .voice_process_protocol
tldw_chatbook/Audio/voice_process_entry.py	341	start_prepared_attempt <- .voice_turn_coordinator
tldw_chatbook/Audio/voice_process_entry.py	348	synthesize_hands_free <- .voice_process_protocol
tldw_chatbook/Audio/voice_process_entry.py	405	_speech_failed <- .voice_turn_coordinator
tldw_chatbook/Audio/voice_process_entry.py	465	_end_provider <- .voice_process_protocol
tldw_chatbook/Audio/voice_process_entry.py	474	receive <- .voice_process_protocol
tldw_chatbook/Audio/voice_process_entry.py	475	receive <- .voice_process_types
tldw_chatbook/Audio/voice_process_entry.py	583	_consume_provider <- .voice_turn_coordinator
tldw_chatbook/Audio/voice_process_entry.py	587	_consume_provider <- .voice_process_types
tldw_chatbook/Audio/voice_process_entry.py	631	fence_attempt <- .voice_process_types
tldw_chatbook/Audio/voice_process_entry.py	644	fence_attempt <- .voice_process_protocol
tldw_chatbook/Audio/voice_process_entry.py	652	cancel_attempt <- asyncio
tldw_chatbook/Audio/voice_process_entry.py	658	clean <- .voice_process_types
tldw_chatbook/Audio/voice_process_entry.py	666	close <- .voice_process_types
tldw_chatbook/Audio/voice_process_entry.py	702	publish_preview <- .voice_process_protocol
tldw_chatbook/Audio/voice_process_entry.py	715	_publish_preview <- asyncio
tldw_chatbook/Audio/voice_process_entry.py	716	_publish_preview <- .voice_process_protocol
tldw_chatbook/Audio/voice_process_entry.py	740	record_revision <- .voice_process_protocol
tldw_chatbook/Audio/voice_process_entry.py	755	_publish_drafts <- asyncio
tldw_chatbook/Audio/voice_process_entry.py	756	_publish_drafts <- .voice_process_protocol
tldw_chatbook/Audio/voice_process_entry.py	784	preserve_draft <- asyncio
tldw_chatbook/Audio/voice_process_entry.py	802	preserve_draft <- .voice_turn_coordinator
tldw_chatbook/Audio/voice_process_entry.py	819	_request_recovery <- asyncio
tldw_chatbook/Audio/voice_process_entry.py	832	observe_recovery_currentness <- .voice_process_protocol
tldw_chatbook/Audio/voice_process_entry.py	833	observe_recovery_currentness <- .voice_turn_coordinator
tldw_chatbook/Audio/voice_process_entry.py	858	promote <- asyncio
tldw_chatbook/Audio/voice_process_entry.py	883	_send_terminal <- asyncio
tldw_chatbook/Audio/voice_process_entry.py	884	_send_terminal <- hashlib
tldw_chatbook/Audio/voice_process_entry.py	885	_send_terminal <- uuid
tldw_chatbook/Audio/voice_process_entry.py	910	_retire_turn <- asyncio
tldw_chatbook/Audio/voice_process_entry.py	911	_retire_turn <- .voice_process_protocol
tldw_chatbook/Audio/voice_process_entry.py	953	close <- asyncio
tldw_chatbook/Audio/voice_process_entry.py	964	_native_abi <- tldw_voice_aec
tldw_chatbook/Audio/voice_process_entry.py	985	run_child <- asyncio
tldw_chatbook/Audio/voice_process_entry.py	986	run_child <- threading
tldw_chatbook/Audio/voice_process_entry.py	987	run_child <- time
tldw_chatbook/Audio/voice_process_entry.py	989	run_child <- .voice_process_lifetime
tldw_chatbook/Audio/voice_process_entry.py	999	run_child <- .voice_process_protocol
tldw_chatbook/Audio/voice_process_entry.py	1000	run_child <- .voice_process_types
tldw_chatbook/Audio/voice_process_entry.py	1286	main <- asyncio
tldw_chatbook/Audio/voice_process_lifetime.py	129	source_identity <- .voice_process_core
tldw_chatbook/Audio/voice_transcription.py	316	_parakeet_mlx_audio <- mlx.core
tldw_chatbook/Audio/voiceprint.py	290	get_or_create <- keyring
tldw_chatbook/Audio/voiceprint.py	769	default_store <- tldw_chatbook.config
tldw_chatbook/Audio_Services_Interop/local_audio_services_service.py	264	_default_tts_audio_generator <- tldw_chatbook.TTS
tldw_chatbook/Canvas/archive.py	65	export_canvas_archive <- tldw_chatbook.Chatbooks.chatbook_models
tldw_chatbook/Canvas/compilation.py	96	prepare_canvas_document <- .compiler
tldw_chatbook/Canvas/models.py	409	from_wire <- tldw_chatbook.Utils.input_validation
tldw_chatbook/Canvas/models.py	488	_asset_payload <- .limits
tldw_chatbook/Canvas/native_authority.py	1020	prepare_bridge <- .models
tldw_chatbook/Canvas/repository.py	1070	_validated_revision_values <- .archive
tldw_chatbook/Canvas/service.py	49	compile_canvas_document <- .compiler
tldw_chatbook/Canvas/service.py	603	_prepare <- .compiler
tldw_chatbook/Canvas/service.py	638	_compile <- .compiler
tldw_chatbook/Canvas/web_auth.py	335	_cookie_digest <- hashlib
tldw_chatbook/Character_Chat/Character_Chat_Lib.py	4230	remove_message_from_conversation <- tldw_chatbook.Backup_Recovery
tldw_chatbook/Character_Chat/buddy_conversion.py	56	_manifest <- tldw_chatbook.Persona_Visual.validation
tldw_chatbook/Character_Chat/buddy_conversion.py	68	_selections <- tldw_chatbook.Persona_Visual.contracts
tldw_chatbook/Character_Chat/buddy_conversion.py	109	suggest_buddy_mappings <- .visual_identity
tldw_chatbook/Character_Chat/buddy_conversion.py	139	_raster <- PIL
tldw_chatbook/Character_Chat/buddy_conversion.py	176	write <- .visual_identity
tldw_chatbook/Character_Chat/buddy_conversion.py	191	_same_visible_pixels <- PIL
tldw_chatbook/Character_Chat/buddy_conversion.py	217	_verified_timeline <- PIL
tldw_chatbook/Character_Chat/buddy_conversion.py	260	_encode <- PIL
tldw_chatbook/Character_Chat/buddy_conversion.py	323	_metadata <- .visual_identity
tldw_chatbook/Character_Chat/buddy_conversion.py	351	convert_buddy <- .visual_identity
tldw_chatbook/Character_Chat/buddy_conversion.py	456	publish_buddy_character <- tldw_chatbook.Actor_Packs.activation
tldw_chatbook/Character_Chat/buddy_conversion.py	457	publish_buddy_character <- tldw_chatbook.Actor_Packs.contracts
tldw_chatbook/Character_Chat/buddy_conversion.py	461	publish_buddy_character <- tldw_chatbook.Actor_Packs.export
tldw_chatbook/Character_Chat/buddy_conversion.py	467	publish_buddy_character <- tldw_chatbook.Actor_Packs.importer
tldw_chatbook/Character_Chat/buddy_conversion.py	471	publish_buddy_character <- tldw_chatbook.Actor_Packs.persona_coordinator
tldw_chatbook/Character_Chat/buddy_conversion.py	474	publish_buddy_character <- tldw_chatbook.Actor_Packs.repository
tldw_chatbook/Character_Chat/buddy_conversion.py	475	publish_buddy_character <- tldw_chatbook.Utils.private_paths
tldw_chatbook/Character_Chat/buddy_conversion.py	477	publish_buddy_character <- .artwork_attribution
tldw_chatbook/Character_Chat/buddy_conversion.py	478	publish_buddy_character <- .visual_identity
tldw_chatbook/Character_Chat/builtin_pixel_migu.py	71	ensure_builtin_pixel_migu <- tldw_chatbook.DB.VisualIdentity_DB
tldw_chatbook/Character_Chat/builtin_pixel_migu.py	110	_load_bundle <- dataclasses
tldw_chatbook/Character_Chat/builtin_pixel_migu.py	111	_load_bundle <- importlib
tldw_chatbook/Character_Chat/builtin_pixel_migu.py	112	_load_bundle <- io
tldw_chatbook/Character_Chat/builtin_pixel_migu.py	113	_load_bundle <- pathlib
tldw_chatbook/Character_Chat/builtin_pixel_migu.py	115	_load_bundle <- tldw_chatbook.Character_Chat.Character_Chat_Lib
tldw_chatbook/Character_Chat/builtin_pixel_migu.py	119	_load_bundle <- tldw_chatbook.Character_Chat.visual_identity
tldw_chatbook/Character_Chat/character_conversation_navigation.py	515	__init__ <- tldw_chatbook.DB.character_conversation_search
tldw_chatbook/Character_Chat/chat_dictionary_scope_service.py	104	_call_backend <- ..Backup_Recovery.dictionary_source_job
tldw_chatbook/Character_Chat/expression_generation.py	155	_compose_identity_prompt <- tldw_chatbook.Chat.console_generate_image
tldw_chatbook/Character_Chat/expression_set_io.py	99	_has_native_contract <- tldw_chatbook.Persona_Visual.importer
tldw_chatbook/Character_Chat/expression_set_io.py	127	_resolve_native_expression_set <- tldw_chatbook.Persona_Visual.contracts
tldw_chatbook/Character_Chat/expression_set_io.py	128	_resolve_native_expression_set <- tldw_chatbook.Persona_Visual.snapshot
tldw_chatbook/Character_Chat/expression_set_io.py	129	_resolve_native_expression_set <- tldw_chatbook.Persona_Visual.validation
tldw_chatbook/Character_Chat/local_character_persona_service.py	272	_write_persona_store_bytes <- tldw_chatbook.Backup_Recovery
tldw_chatbook/Character_Chat/local_character_persona_service.py	456	_actor_pack_compensate_persona_profile <- tldw_chatbook.Backup_Recovery
tldw_chatbook/Character_Chat/local_character_persona_service.py	768	create_character <- ..tldw_api.character_persona_schemas
tldw_chatbook/Character_Chat/local_character_persona_service.py	788	update_character <- ..tldw_api.character_persona_schemas
tldw_chatbook/Character_Chat/local_character_persona_service.py	1156	create_persona_profile <- ..tldw_api.character_persona_schemas
tldw_chatbook/Character_Chat/local_character_persona_service.py	1190	update_persona_profile <- ..tldw_api.character_persona_schemas
tldw_chatbook/Character_Chat/local_character_persona_service.py	1274	create_persona_exemplar <- ..tldw_api.character_persona_schemas
tldw_chatbook/Character_Chat/local_character_persona_service.py	1311	import_persona_exemplars <- ..tldw_api.character_persona_schemas
tldw_chatbook/Character_Chat/local_character_persona_service.py	1343	update_persona_exemplar <- ..tldw_api.character_persona_schemas
tldw_chatbook/Character_Chat/local_character_persona_service.py	1360	review_persona_exemplar <- ..tldw_api.character_persona_schemas
tldw_chatbook/Character_Chat/local_character_persona_service.py	1398	search_character_exemplars <- ..tldw_api.character_persona_schemas
tldw_chatbook/Character_Chat/local_character_persona_service.py	1454	create_character_exemplar <- ..tldw_api.character_persona_schemas
tldw_chatbook/Character_Chat/local_character_persona_service.py	1483	update_character_exemplar <- ..tldw_api.character_persona_schemas
tldw_chatbook/Character_Chat/local_character_persona_service.py	1519	select_character_exemplars_debug <- ..tldw_api.character_persona_schemas
tldw_chatbook/Character_Chat/local_character_persona_service.py	1559	create_character_chat_session <- ..tldw_api.character_persona_schemas
tldw_chatbook/Character_Chat/local_character_persona_service.py	1678	update_character_chat_session <- ..tldw_api.character_persona_schemas
tldw_chatbook/Character_Chat/local_character_persona_service.py	1984	update_chat_settings <- ..tldw_api.character_persona_schemas
tldw_chatbook/Character_Chat/local_character_persona_service.py	2235	create_chat_preset <- ..tldw_api.character_persona_schemas
tldw_chatbook/Character_Chat/local_character_persona_service.py	2262	update_chat_preset <- ..tldw_api.character_persona_schemas
tldw_chatbook/Character_Chat/local_chat_dictionary_service.py	1242	summarize_active_dictionaries <- .Chat_Dictionary_Lib
tldw_chatbook/Character_Chat/visual_identity.py	1887	_inspect_image_bytes <- PIL
tldw_chatbook/Character_Chat/visual_identity.py	1962	create_visual_identity_candidate <- tldw_chatbook.DB.VisualIdentity_DB
tldw_chatbook/Character_Chat/visual_identity.py	2015	create_visual_identity_candidate <- .artwork_attribution
tldw_chatbook/Character_Chat/visual_identity.py	2082	publish_visual_identity_candidate <- tldw_chatbook.DB.ChaChaNotes_DB
tldw_chatbook/Character_Chat/visual_identity.py	2083	publish_visual_identity_candidate <- tldw_chatbook.DB.VisualIdentity_DB
tldw_chatbook/Character_Chat/visual_identity.py	2517	cleanup_visual_identity_publication_candidate <- tldw_chatbook.DB.ChaChaNotes_DB
tldw_chatbook/Character_Chat/visual_identity.py	2716	_materialize_visual_identity_candidate <- .artwork_attribution
tldw_chatbook/Character_Chat/visual_identity.py	3473	_load_samira_card <- tldw_chatbook.Character_Chat.Character_Chat_Lib
tldw_chatbook/Character_Chat/world_info_processor.py	348	process_messages_with_diagnostics <- .world_info_diagnostics
tldw_chatbook/Character_Chat/world_info_processor.py	689	_estimate_entry_tokens <- ..Utils.token_counter
tldw_chatbook/Chat_Grammars_Interop/local_chat_grammars_service.py	118	create_grammar <- ..tldw_api
tldw_chatbook/Chat_Grammars_Interop/local_chat_grammars_service.py	182	update_grammar <- ..tldw_api
tldw_chatbook/Chat_Grammars_Interop/server_chat_grammars_service.py	104	create_grammar <- ..tldw_api
tldw_chatbook/Chat_Grammars_Interop/server_chat_grammars_service.py	152	update_grammar <- ..tldw_api
tldw_chatbook/Chatbooks/chatbook_creator.py	1064	_attachment_extension <- mimetypes
tldw_chatbook/Chatbooks/chatbook_importer.py	1630	_validate_same_identity_conversation <- ..Chat.citation_provenance_runtime
tldw_chatbook/Chatbooks/chatbook_importer.py	1631	_validate_same_identity_conversation <- ..Chat.citation_trace_identity
tldw_chatbook/Chatbooks/chatbook_importer.py	1632	_validate_same_identity_conversation <- ..Chat.citation_trace_repository
tldw_chatbook/Chatbooks/chatbook_importer.py	1637	_validate_same_identity_conversation <- ..Chat.thinking_blocks
tldw_chatbook/Chatbooks/chatbook_importer.py	1638	_validate_same_identity_conversation <- .chatbook_creator
tldw_chatbook/Chatbooks/error_handler.py	326	decorator <- asyncio
tldw_chatbook/Chatbooks/local_chatbook_service.py	46	_chatbook_creator_factory <- .chatbook_creator
tldw_chatbook/Chatbooks/local_chatbook_service.py	54	_chatbook_importer_factory <- .chatbook_importer
tldw_chatbook/Chatbooks/local_chatbook_service.py	114	provenance_collection_guard <- contextlib
tldw_chatbook/Chatbooks/local_chatbook_service.py	116	provenance_collection_guard <- tldw_chatbook.Backup_Recovery.local_content_lifetime
tldw_chatbook/Chatbooks/local_chatbook_service.py	138	_default_registry_path <- ..Utils.paths
tldw_chatbook/Chatbooks/local_chatbook_service.py	389	artifact_read_snapshot <- .artifact_registry_snapshot
tldw_chatbook/Chatbooks/local_chatbook_service.py	1008	import_chatbook <- tldw_chatbook.tldw_api.prompt_chatbook_schemas
tldw_chatbook/Chatbooks/local_chatbook_service.py	1014	import_chatbook <- .conflict_resolver
tldw_chatbook/Chatbooks/server_chatbook_service.py	296	build_export_request_payload <- ..tldw_api
tldw_chatbook/Chatbooks/server_chatbook_service.py	322	build_import_request_payload <- ..tldw_api
tldw_chatbook/Chatbooks/server_chatbook_service.py	348	_coerce_export_request <- ..tldw_api
tldw_chatbook/Chatbooks/server_chatbook_service.py	364	_coerce_continue_export_request <- ..tldw_api
tldw_chatbook/Chatbooks/server_chatbook_service.py	374	_coerce_import_request <- ..tldw_api
tldw_chatbook/Chunking/Chunk_Lib.py	819	__init__ <- .template_runtime
tldw_chatbook/Chunking/chunking_interop_library.py	886	_validate_body <- ..RAG_Admin.template_validation
tldw_chatbook/Chunking/engine/base.py	164	_expand_end_to_grapheme_boundary <- unicodedata
tldw_chatbook/Chunking/engine/chunker.py	1372	_sanitize_input <- os
tldw_chatbook/Chunking/engine/splitters/__init__.py	29	get_sentence_splitter <- .regex
tldw_chatbook/Chunking/engine/strategies/ebook_chapters_patch.py	35	has_nested_quantifiers <- re
tldw_chatbook/Chunking/engine/strategies/ebook_chapters_patch.py	76	validate_regex_pattern_enhanced <- re
tldw_chatbook/Chunking/engine/strategies/ebook_chapters_patch.py	77	validate_regex_pattern_enhanced <- time
tldw_chatbook/Chunking/engine/strategies/ebook_chapters_patch.py	79	validate_regex_pattern_enhanced <- tldw_chatbook.Chunking.engine.exceptions
tldw_chatbook/Chunking/engine/strategies/rolling_summarize.py	111	_split_into_sentences <- re
tldw_chatbook/Chunking/engine/strategies/semantic.py	144	_chunk_text_with_spans <- sklearn.feature_extraction.text
tldw_chatbook/Chunking/engine/strategies/semantic.py	145	_chunk_text_with_spans <- sklearn.metrics.pairwise
tldw_chatbook/Chunking/engine/strategies/semantic.py	278	_split_sentences_with_spans <- nltk
tldw_chatbook/Chunking/engine/strategies/semantic.py	317	_split_sentences_with_spans <- re
tldw_chatbook/Chunking/engine/strategies/tokens.py	206	encode <- hashlib
tldw_chatbook/Chunking/engine/strategies/tokens.py	207	encode <- re
tldw_chatbook/Chunking/engine/strategies/tokens.py	756	_reconstruct_offsets_by_decoding <- unicodedata
tldw_chatbook/Chunking/engine/strategies/words.py	287	_tokenize_japanese <- re
tldw_chatbook/Chunking/lab_recovery.py	330	interrupt_unfinished <- .lab_state
tldw_chatbook/Chunking/lab_runner.py	234	_child_admission <- .template_runtime
tldw_chatbook/Chunking/lab_state.py	28	_publish <- .lab_recovery
tldw_chatbook/Chunking/template_runtime.py	315	resolve_ingest_template <- .auto_selection
tldw_chatbook/Chunking/template_runtime.py	330	resolve_ingest_template <- ..config
tldw_chatbook/Chunking/template_runtime.py	407	resolve_for_rechunk <- .auto_selection
tldw_chatbook/Chunking/template_runtime.py	427	_auto_sentinel <- .auto_selection
tldw_chatbook/Chunking/template_runtime.py	443	_refuse_invalid_body <- ..RAG_Admin.template_validation
tldw_chatbook/Chunking/template_runtime.py	444	_refuse_invalid_body <- .chunking_interop_library
tldw_chatbook/Chunking/template_runtime.py	594	execute_prepared <- .lab_preflight
tldw_chatbook/Claims_Interop/server_claims_service.py	249	update_claims_settings <- ..tldw_api
tldw_chatbook/Claims_Interop/server_claims_service.py	268	update_claims_monitoring_config <- ..tldw_api
tldw_chatbook/Claims_Interop/server_claims_service.py	293	ack_claim_notifications <- ..tldw_api
tldw_chatbook/Claims_Interop/server_claims_service.py	321	create_claim_alert <- ..tldw_api
tldw_chatbook/Claims_Interop/server_claims_service.py	334	update_claim_alert <- ..tldw_api
tldw_chatbook/Claims_Interop/server_claims_service.py	374	review_claim <- ..tldw_api
tldw_chatbook/Claims_Interop/server_claims_service.py	397	bulk_review_claims <- ..tldw_api
tldw_chatbook/Claims_Interop/server_claims_service.py	422	create_claim_review_rule <- ..tldw_api
tldw_chatbook/Claims_Interop/server_claims_service.py	435	update_claim_review_rule <- ..tldw_api
tldw_chatbook/Claims_Interop/server_claims_service.py	478	export_claims_analytics <- ..tldw_api
tldw_chatbook/Claims_Interop/server_claims_service.py	543	create_claim_cluster_link <- ..tldw_api
tldw_chatbook/Claims_Interop/server_claims_service.py	620	update_claim_item <- ..tldw_api
tldw_chatbook/Claims_Interop/server_claims_service.py	653	verify_claims_fva <- ..tldw_api
tldw_chatbook/Collections_Interop/server_collections_feeds_service.py	108	create_feed <- ..tldw_api
tldw_chatbook/Collections_Interop/server_collections_feeds_service.py	155	update_feed <- ..tldw_api
tldw_chatbook/Collections_Interop/server_collections_feeds_service.py	179	subscribe_feed_websub <- ..tldw_api
tldw_chatbook/Companion_Interop/server_companion_service.py	107	_activity_request <- ..tldw_api
tldw_chatbook/Companion_Interop/server_companion_service.py	116	_check_in_request <- ..tldw_api
tldw_chatbook/Companion_Interop/server_companion_service.py	125	_goal_create_request <- ..tldw_api
tldw_chatbook/Companion_Interop/server_companion_service.py	134	_goal_update_request <- ..tldw_api
tldw_chatbook/Companion_Interop/server_companion_service.py	143	_purge_request <- ..tldw_api
tldw_chatbook/Companion_Interop/server_companion_service.py	152	_rebuild_request <- ..tldw_api
tldw_chatbook/Config_Files/create_custom_template.py	59	create_custom_template <- tldw_chatbook.Notes.template_store
tldw_chatbook/Embeddings/Embeddings_Lib.py	149	_embeddings_rag_available <- ..Utils.optional_deps
tldw_chatbook/Embeddings/Embeddings_Lib.py	279	_default_api_key <- os
tldw_chatbook/Evals/character_probe/prompt.py	48	resolve_card_macros <- ...Character_Chat.Character_Chat_Lib
tldw_chatbook/Evals/character_probe/prompt.py	96	compose_system_prompt <- ...Character_Chat.Character_Chat_Lib
tldw_chatbook/Evals/config_loader.py	31	__init__ <- ._default_config_path
tldw_chatbook/Evals/eval_orchestrator.py	129	_initialize_database <- tldw_chatbook.config
tldw_chatbook/Evals/eval_orchestrator.py	877	export_results <- json
tldw_chatbook/Evals/eval_orchestrator.py	883	export_results <- csv
tldw_chatbook/Evals/eval_runner.py	1616	_calculate_instruction_adherence <- re
tldw_chatbook/Evals/eval_templates.py	1253	export_template_as_file <- yaml
tldw_chatbook/Evals/recovery.py	103	validate <- tldw_chatbook.DB.private_sqlite
tldw_chatbook/Evals/recovery.py	116	capture <- tldw_chatbook.DB.private_sqlite
tldw_chatbook/Evals/recovery.py	134	validate_dependencies <- json
tldw_chatbook/Evals/recovery.py	135	validate_dependencies <- tldw_chatbook.DB.private_sqlite
tldw_chatbook/Evals/recovery.py	136	validate_dependencies <- tldw_chatbook.DB.recovery_core
tldw_chatbook/Evals/recovery.py	230	_retained_definition_paths <- hashlib
tldw_chatbook/Evals/recovery.py	231	_retained_definition_paths <- stat
tldw_chatbook/Evals/recovery.py	233	_retained_definition_paths <- tldw_chatbook.Backup_Recovery
tldw_chatbook/Evals/recovery.py	234	_retained_definition_paths <- tldw_chatbook.Backup_Recovery.activation
tldw_chatbook/Evals/recovery.py	235	_retained_definition_paths <- tldw_chatbook.Backup_Recovery.journal
tldw_chatbook/Evals/recovery.py	236	_retained_definition_paths <- tldw_chatbook.Backup_Recovery.limits
tldw_chatbook/Evals/recovery.py	237	_retained_definition_paths <- tldw_chatbook.Backup_Recovery.plan_records
tldw_chatbook/Evals/recovery.py	238	_retained_definition_paths <- tldw_chatbook.Backup_Recovery.recovery_copies
tldw_chatbook/Evals/recovery.py	239	_retained_definition_paths <- tldw_chatbook.Backup_Recovery.restore_plan
tldw_chatbook/Evals/recovery.py	243	_retained_definition_paths <- tldw_chatbook.Utils.platform_files
tldw_chatbook/Evals/recovery.py	307	_retained_definition_paths <- tldw_chatbook.Backup_Recovery.isolated_restore
tldw_chatbook/Evals/recovery.py	345	_retained_definition_paths <- tldw_chatbook.Backup_Recovery.later_rollback
tldw_chatbook/Evals/recovery.py	402	_rolled_back_definition_paths <- tldw_chatbook.Backup_Recovery.activation
tldw_chatbook/Evals/recovery.py	403	_rolled_back_definition_paths <- tldw_chatbook.Backup_Recovery.plan_records
tldw_chatbook/Evals/recovery.py	417	_original_definition_paths <- tldw_chatbook.Backup_Recovery.journal
tldw_chatbook/Evals/recovery.py	418	_original_definition_paths <- tldw_chatbook.Backup_Recovery.restore_plan
tldw_chatbook/Evals/recovery.py	420	_original_definition_paths <- ._default_config_path
tldw_chatbook/Evals/recovery.py	513	discover <- hashlib
tldw_chatbook/Evals/recovery.py	515	discover <- ._default_config_path
tldw_chatbook/Evals/recovery.py	541	validate <- yaml
tldw_chatbook/Evals/recovery.py	587	capture <- tldw_chatbook.Backup_Recovery.storage_admission
tldw_chatbook/Evals/skill_eval/runner.py	224	_generate_sim_prompts <- .prompts
tldw_chatbook/Evals/specialized_runners.py	1976	_calculate_consistency <- difflib
tldw_chatbook/Evals/task_loader.py	601	create_task_from_template <- .eval_templates
tldw_chatbook/Evals/task_loader.py	667	list_available_templates <- .eval_templates
tldw_chatbook/Evaluations_Interop/server_evaluations_service.py	174	create_evaluation <- ..tldw_api
tldw_chatbook/Evaluations_Interop/server_evaluations_service.py	197	update_evaluation <- ..tldw_api
tldw_chatbook/Evaluations_Interop/server_evaluations_service.py	251	create_dataset <- ..tldw_api
tldw_chatbook/Evaluations_Interop/server_evaluations_service.py	303	create_run <- ..tldw_api
tldw_chatbook/Evaluations_Interop/server_evaluations_service.py	480	generate_synthetic_drafts <- ..tldw_api
tldw_chatbook/Evaluations_Interop/server_evaluations_service.py	530	review_synthetic_sample <- ..tldw_api
tldw_chatbook/Evaluations_Interop/server_evaluations_service.py	555	promote_synthetic_samples <- ..tldw_api
tldw_chatbook/Evaluations_Interop/server_evaluations_service.py	613	register_webhook <- ..tldw_api
tldw_chatbook/Evaluations_Interop/server_evaluations_service.py	642	test_webhook <- ..tldw_api
tldw_chatbook/Evaluations_Interop/server_evaluations_service.py	683	validate_recipe_dataset <- ..tldw_api
tldw_chatbook/Evaluations_Interop/server_evaluations_service.py	707	create_recipe_run <- ..tldw_api
tldw_chatbook/External_Connectors_Interop/server_connectors_service.py	175	create_source <- ..tldw_api
tldw_chatbook/External_Connectors_Interop/server_connectors_service.py	200	update_source <- ..tldw_api
tldw_chatbook/Feedback_Interop/local_feedback_service.py	141	submit_feedback <- ..tldw_api.feedback_schemas
tldw_chatbook/Feedback_Interop/server_feedback_service.py	110	submit_feedback <- ..tldw_api
tldw_chatbook/Feedback_Interop/server_feedback_service.py	148	update_feedback <- ..tldw_api
tldw_chatbook/Home/active_work_adapter.py	461	_unread_notification_count <- tldw_chatbook.Backup_Recovery.participants
tldw_chatbook/Home/active_work_adapter.py	462	_unread_notification_count <- tldw_chatbook.Notifications.client_notifications_db
tldw_chatbook/Home/active_work_adapter.py	465	_unread_notification_count <- tldw_chatbook.Notifications.client_notifications_service
tldw_chatbook/Home/active_work_adapter.py	708	_watchlist_run_snapshot <- threading
tldw_chatbook/Home/active_work_adapter.py	709	_watchlist_run_snapshot <- tldw_chatbook.Subscriptions.local_watchlists_service
tldw_chatbook/Home/active_work_adapter.py	710	_watchlist_run_snapshot <- tldw_chatbook.DB.Subscriptions_DB
tldw_chatbook/Image_Generation/__init__.py	17	__getattr__ <- tldw_chatbook.Image_Generation.config
tldw_chatbook/Image_Generation/__init__.py	23	__getattr__ <- tldw_chatbook.Image_Generation.adapter_registry
tldw_chatbook/Image_Generation/config.py	216	_read_image_generation_toml <- tldw_chatbook.config
tldw_chatbook/Image_Generation/config.py	553	_get_image_generation_config_unlocked <- tldw_chatbook.Utils.Utils
tldw_chatbook/Image_Generation/config.py	768	reset_image_generation_runtime <- tldw_chatbook.Image_Generation.adapter_registry
tldw_chatbook/Internal_Prompts/authoring.py	49	_override_table <- tldw_chatbook.config
tldw_chatbook/Internal_Prompts/authoring.py	73	save_override <- tldw_chatbook.config
tldw_chatbook/Internal_Prompts/authoring.py	91	_legacy_differs_from_shipped <- tldw_chatbook.config
tldw_chatbook/Internal_Prompts/authoring.py	114	reset_override <- tldw_chatbook.config
tldw_chatbook/Internal_Prompts/authoring.py	127	customized_count <- tldw_chatbook
tldw_chatbook/Internal_Prompts/authoring.py	128	customized_count <- tldw_chatbook.Backup_Recovery.config_participants
tldw_chatbook/Internal_Prompts/resolver.py	145	_config_value <- tldw_chatbook.config
tldw_chatbook/Internal_Prompts/resolver.py	154	_shipped_default_for <- tldw_chatbook.config
tldw_chatbook/Kanban_Interop/local_kanban_service.py	359	create_board <- ..tldw_api
tldw_chatbook/Kanban_Interop/local_kanban_service.py	453	update_board <- ..tldw_api
tldw_chatbook/Kanban_Interop/local_kanban_service.py	581	create_list <- ..tldw_api
tldw_chatbook/Kanban_Interop/local_kanban_service.py	682	update_list <- ..tldw_api
tldw_chatbook/Kanban_Interop/local_kanban_service.py	803	reorder_lists <- ..tldw_api
tldw_chatbook/Kanban_Interop/local_kanban_service.py	841	create_card <- ..tldw_api
tldw_chatbook/Kanban_Interop/local_kanban_service.py	948	update_card <- ..tldw_api
tldw_chatbook/Kanban_Interop/local_kanban_service.py	1008	move_card <- ..tldw_api
tldw_chatbook/Kanban_Interop/local_kanban_service.py	1068	copy_card <- ..tldw_api
tldw_chatbook/Kanban_Interop/local_kanban_service.py	1217	reorder_cards <- ..tldw_api
tldw_chatbook/Kanban_Interop/local_kanban_service.py	1358	export_board <- ..tldw_api
tldw_chatbook/Kanban_Interop/local_kanban_service.py	1432	import_board <- ..tldw_api
tldw_chatbook/Kanban_Interop/local_kanban_service.py	1534	create_label <- ..tldw_api
tldw_chatbook/Kanban_Interop/local_kanban_service.py	1599	update_label <- ..tldw_api
tldw_chatbook/Kanban_Interop/local_kanban_service.py	1733	create_checklist <- ..tldw_api
tldw_chatbook/Kanban_Interop/local_kanban_service.py	1812	update_checklist <- ..tldw_api
tldw_chatbook/Kanban_Interop/local_kanban_service.py	1887	reorder_checklists <- ..tldw_api
tldw_chatbook/Kanban_Interop/local_kanban_service.py	1920	create_checklist_item <- ..tldw_api
tldw_chatbook/Kanban_Interop/local_kanban_service.py	2019	update_checklist_item <- ..tldw_api
tldw_chatbook/Kanban_Interop/local_kanban_service.py	2094	reorder_checklist_items <- ..tldw_api
tldw_chatbook/Kanban_Interop/local_kanban_service.py	2116	toggle_all_checklist_items <- ..tldw_api
tldw_chatbook/Kanban_Interop/local_kanban_service.py	2161	create_comment <- ..tldw_api
tldw_chatbook/Kanban_Interop/local_kanban_service.py	2247	update_comment <- ..tldw_api
tldw_chatbook/Kanban_Interop/local_kanban_service.py	2332	bulk_move_cards <- ..tldw_api
tldw_chatbook/Kanban_Interop/local_kanban_service.py	2351	bulk_archive_cards <- ..tldw_api
tldw_chatbook/Kanban_Interop/local_kanban_service.py	2361	bulk_unarchive_cards <- ..tldw_api
tldw_chatbook/Kanban_Interop/local_kanban_service.py	2371	bulk_delete_cards <- ..tldw_api
tldw_chatbook/Kanban_Interop/local_kanban_service.py	2381	bulk_label_cards <- ..tldw_api
tldw_chatbook/Kanban_Interop/local_kanban_service.py	2421	copy_card_with_checklists <- ..tldw_api
tldw_chatbook/Kanban_Interop/local_kanban_service.py	2555	search_cards_basic <- ..tldw_api
tldw_chatbook/Kanban_Interop/local_kanban_service.py	2581	search_cards <- ..tldw_api
tldw_chatbook/Kanban_Interop/local_kanban_service.py	2624	add_card_link <- ..tldw_api
tldw_chatbook/Kanban_Interop/local_kanban_service.py	2734	bulk_add_card_links <- ..tldw_api
tldw_chatbook/Kanban_Interop/local_kanban_service.py	2758	bulk_remove_card_links <- ..tldw_api
tldw_chatbook/Kanban_Interop/recovery.py	52	validate <- tldw_chatbook.DB.private_sqlite
tldw_chatbook/Kanban_Interop/recovery.py	70	capture <- tldw_chatbook.DB.private_sqlite
tldw_chatbook/LLM_Management/snapshot_admission.py	819	_read_key_file <- tldw_chatbook.Utils.path_validation
tldw_chatbook/LLM_Provider_Catalog/model_discovery_persistence.py	75	_default_save_callback <- tldw_chatbook.config
tldw_chatbook/LLM_Provider_Catalog/models_dev_catalog.py	201	default_cache_path <- tldw_chatbook.config
tldw_chatbook/Library/collections_capture_service.py	214	_call <- tldw_chatbook.Backup_Recovery.participants
tldw_chatbook/Library/collections_offline_store.py	351	_acquire_file_lock <- fcntl
tldw_chatbook/Library/collections_offline_store.py	360	_acquire_file_lock <- msvcrt
tldw_chatbook/Library/collections_offline_store.py	376	_release_file_lock <- fcntl
tldw_chatbook/Library/collections_offline_store.py	381	_release_file_lock <- msvcrt
tldw_chatbook/Library/ingest_analysis.py	78	chat_dispatch_name <- tldw_chatbook.Chat.Chat_Functions
tldw_chatbook/Library/ingest_capabilities.py	1268	_url_type_group <- ..Local_Ingestion.local_file_ingestion
tldw_chatbook/Library/library_ingest_state.py	615	_human_size <- tldw_chatbook.Utils.Utils
tldw_chatbook/Library/library_notes_lasting_sync_state.py	898	build_reconciliation_review <- tldw_chatbook.Notes.note_import_parsers
tldw_chatbook/Library/library_rag_answer_service.py	185	resolve_library_rag_answer_provider <- ..config
tldw_chatbook/Library/library_rag_answer_service.py	247	library_rag_answer_provider_gate <- ..config
tldw_chatbook/Library/library_rag_answer_service.py	248	library_rag_answer_provider_gate <- ..Chat.provider_readiness
tldw_chatbook/Library/library_rechunk_service.py	174	_effective_template_params <- ..Local_Ingestion.local_file_ingestion
tldw_chatbook/Library/library_rechunk_service.py	344	forced_reindex_media_item <- ..RAG_Search.ingestion_indexing
tldw_chatbook/Library/local_library_tool_service.py	644	_search <- tldw_chatbook.Notes.notes_organization_repository
tldw_chatbook/Library/local_library_tool_service.py	972	_validate_save_note_arguments <- tldw_chatbook.Notes.notes_organization_repository
tldw_chatbook/Library/local_library_tool_service.py	1072	_save_note <- tldw_chatbook.DB.ChaChaNotes_DB
tldw_chatbook/Library/local_library_tool_service.py	1073	_save_note <- tldw_chatbook.Notes.notes_organization_repository
tldw_chatbook/Library/local_media_chunk_tool_service.py	713	_decorated_templates <- ..RAG_Admin.local_rag_admin_service
tldw_chatbook/Library/local_media_chunk_tool_service.py	882	_run_template_validator <- ..RAG_Admin.template_validation
tldw_chatbook/Library/local_media_chunk_tool_service.py	937	_save_spec <- ..Chunking.chunking_interop_library
tldw_chatbook/Library/local_media_chunk_tool_service.py	1120	_rechunk <- ..Chunking.template_runtime
tldw_chatbook/Local_Ingestion/__init__.py	72	__getattr__ <- importlib
tldw_chatbook/Local_Ingestion/audio_processing.py	208	__init__ <- ..RAG_Search.chunking_service
tldw_chatbook/Local_Ingestion/audio_processing.py	265	download_audio_file <- ..Utils.egress
tldw_chatbook/Local_Ingestion/audio_processing.py	893	_transcribe_audio <- tldw_chatbook.STT.persistence
tldw_chatbook/Local_Ingestion/audio_processing.py	896	_transcribe_audio <- tldw_chatbook.STT.transcribe_cpp
tldw_chatbook/Local_Ingestion/audio_processing.py	1287	_extract_time_range <- shutil
tldw_chatbook/Local_Ingestion/ingest_parse_worker.py	100	silence_ingest_worker_import_noise <- logging
tldw_chatbook/Local_Ingestion/ingest_parse_worker.py	101	silence_ingest_worker_import_noise <- warnings
tldw_chatbook/Local_Ingestion/local_file_ingestion.py	111	_ensure_process_pdf <- .PDF_Processing_Lib
tldw_chatbook/Local_Ingestion/local_file_ingestion.py	122	_ensure_process_document <- .Document_Processing_Lib
tldw_chatbook/Local_Ingestion/local_file_ingestion.py	133	_ensure_process_ebook <- .Book_Ingestion_Lib
tldw_chatbook/Local_Ingestion/local_file_ingestion.py	144	_ensure_process_image <- .Image_Processing_Lib
tldw_chatbook/Local_Ingestion/local_file_ingestion.py	155	_ensure_local_audio_processor <- .audio_processing
tldw_chatbook/Local_Ingestion/local_file_ingestion.py	166	_ensure_local_video_processor <- .video_processing
tldw_chatbook/Local_Ingestion/local_file_ingestion.py	277	is_http_url <- urllib.parse
tldw_chatbook/Local_Ingestion/local_file_ingestion.py	309	classify_ingest_source <- urllib.parse
tldw_chatbook/Local_Ingestion/local_file_ingestion.py	346	canonicalize_url <- urllib.parse
tldw_chatbook/Local_Ingestion/local_file_ingestion.py	772	_run_chat_analysis <- tldw_chatbook.Library.ingest_analysis
tldw_chatbook/Local_Ingestion/local_file_ingestion.py	1011	parse_local_file_for_ingest <- ..Chunking.template_runtime
tldw_chatbook/Local_Ingestion/local_file_ingestion.py	1031	parse_local_file_for_ingest <- ..config
tldw_chatbook/Local_Ingestion/local_file_ingestion.py	2330	ingest_directory <- fnmatch
tldw_chatbook/Local_Ingestion/local_file_ingestion.py	2363	quick_ingest <- ..config
tldw_chatbook/Local_Ingestion/parakeet_v2_artifact.py	497	run_parakeet_preflight <- tldw_chatbook.Model_Artifacts.acquisition
tldw_chatbook/Local_Ingestion/parakeet_v2_artifact.py	530	run_parakeet_vad_preflight <- tldw_chatbook.Model_Artifacts.acquisition
tldw_chatbook/Local_Ingestion/parakeet_v2_artifact.py	566	run_parakeet_vad_provision <- tldw_chatbook.Model_Artifacts.acquisition
tldw_chatbook/Local_Ingestion/parakeet_v2_artifact.py	607	run_parakeet_provision <- tldw_chatbook.Model_Artifacts.acquisition
tldw_chatbook/Local_Ingestion/parakeet_v2_artifact.py	667	run_parakeet_v2_preflight <- tldw_chatbook.Model_Artifacts.acquisition
tldw_chatbook/Local_Ingestion/parakeet_v2_artifact.py	720	run_parakeet_v2_provision <- tldw_chatbook.Model_Artifacts.acquisition
tldw_chatbook/Local_Ingestion/parakeet_v2_installer.py	63	parakeet_v2_install_dir <- tldw_chatbook.Utils.paths
tldw_chatbook/Local_Ingestion/transcription_service.py	297	_handle_progress_callback_error <- ..Local_Ingestion.audio_processing
tldw_chatbook/Local_Ingestion/transcription_service.py	895	_load_parakeet_onnx_model <- onnx_asr
tldw_chatbook/Local_Ingestion/transcription_service.py	1188	_find_ffmpeg <- shutil
tldw_chatbook/Local_Ingestion/transcription_service.py	3132	_transcribe_with_remote_whisper <- ..config
tldw_chatbook/Local_Ingestion/video_processing.py	1168	_find_ffmpeg <- shutil
tldw_chatbook/Local_Ingestion/web_article_ingestion.py	69	extract_article_for_ingest <- httpx
tldw_chatbook/Local_Ingestion/web_article_ingestion.py	71	extract_article_for_ingest <- urllib.parse
tldw_chatbook/Local_Ingestion/web_article_ingestion.py	73	extract_article_for_ingest <- tldw_chatbook.Utils.egress
tldw_chatbook/MCP_Governance_Interop/server_mcp_governance_service.py	156	preview_capability_mapping <- ..tldw_api
tldw_chatbook/MCP_Governance_Interop/server_mcp_governance_service.py	168	create_capability_mapping <- ..tldw_api
tldw_chatbook/MCP_Governance_Interop/server_mcp_governance_service.py	182	update_capability_mapping <- ..tldw_api
tldw_chatbook/MCP_Governance_Interop/server_mcp_governance_service.py	220	create_external_server <- ..tldw_api
tldw_chatbook/MCP_Governance_Interop/server_mcp_governance_service.py	240	update_external_server <- ..tldw_api
tldw_chatbook/MCP_Governance_Interop/server_mcp_governance_service.py	258	set_external_server_secret <- ..tldw_api
tldw_chatbook/MCP_Governance_Interop/server_mcp_governance_service.py	286	create_permission_profile <- ..tldw_api
tldw_chatbook/MCP_Governance_Interop/server_mcp_governance_service.py	300	update_permission_profile <- ..tldw_api
tldw_chatbook/MCP_Governance_Interop/server_mcp_governance_service.py	326	create_policy_assignment <- ..tldw_api
tldw_chatbook/MCP_Governance_Interop/server_mcp_governance_service.py	340	update_policy_assignment <- ..tldw_api
tldw_chatbook/MCP_Governance_Interop/server_mcp_governance_service.py	374	create_approval_policy <- ..tldw_api
tldw_chatbook/MCP_Governance_Interop/server_mcp_governance_service.py	388	update_approval_policy <- ..tldw_api
tldw_chatbook/MCP_Governance_Interop/server_mcp_governance_service.py	408	create_approval_decision <- ..tldw_api
tldw_chatbook/MCP_Governance_Interop/server_mcp_governance_service.py	468	create_org_tool_catalog <- ..tldw_api
tldw_chatbook/MCP_Governance_Interop/server_mcp_governance_service.py	492	add_org_catalog_entry <- ..tldw_api
tldw_chatbook/MCP_Governance_Interop/server_mcp_governance_service.py	522	create_team_tool_catalog <- ..tldw_api
tldw_chatbook/MCP_Governance_Interop/server_mcp_governance_service.py	548	add_team_catalog_entry <- ..tldw_api
tldw_chatbook/Media/local_media_reading_service.py	509	search_media <- tldw_chatbook.Media.media_reading_scope_service
tldw_chatbook/Media/local_media_reading_service.py	643	empty_media_trash <- tldw_chatbook.DB.Client_Media_DB_v2
tldw_chatbook/Media/local_media_reading_service.py	738	permanently_delete_media_item <- tldw_chatbook.DB.Client_Media_DB_v2
tldw_chatbook/Media/local_media_reading_service.py	1636	_build_local_audio_processor <- tldw_chatbook.Local_Ingestion.audio_processing
tldw_chatbook/Media/local_media_reading_service.py	1643	_build_local_video_processor <- tldw_chatbook.Local_Ingestion.video_processing
tldw_chatbook/Media/local_media_reading_service.py	1774	_parse_local_email_path <- email
tldw_chatbook/Media/local_media_reading_service.py	1775	_parse_local_email_path <- email.parser
tldw_chatbook/Media/local_media_reading_service.py	1776	_parse_local_email_path <- mailbox
tldw_chatbook/Media/local_media_reading_service.py	1874	_chunk_text <- tldw_chatbook.RAG_Search.chunking_service
tldw_chatbook/Media/local_media_reading_service.py	4120	_execute_local_file_media_ingest_job <- tldw_chatbook.Local_Ingestion.local_file_ingestion
tldw_chatbook/Media/local_media_reading_service.py	4153	_execute_url_article_media_ingest_job <- tldw_chatbook.DB.Client_Media_DB_v2
tldw_chatbook/Media/local_media_reading_service.py	4217	_execute_url_file_download_media_ingest_job <- tldw_chatbook.Local_Ingestion.local_file_ingestion
tldw_chatbook/Media/local_media_reading_service.py	4276	_default_url_article_scraper <- tldw_chatbook.Web_Scraping.Article_Extractor_Lib
tldw_chatbook/Media/local_media_reading_service.py	4285	_default_url_article_scraper <- concurrent.futures
tldw_chatbook/Media/local_media_reading_service.py	4301	_default_url_file_downloader <- os
tldw_chatbook/Media/local_media_reading_service.py	4302	_default_url_file_downloader <- tempfile
tldw_chatbook/Media/local_media_reading_service.py	4303	_default_url_file_downloader <- urllib.parse
tldw_chatbook/Media/local_media_reading_service.py	4305	_default_url_file_downloader <- tldw_chatbook.Utils.egress
tldw_chatbook/Media/local_media_reading_service.py	4345	_download_suffix_for_url <- urllib.parse
tldw_chatbook/Media/local_media_reading_service.py	4487	_sync_git_repository_source_items <- tempfile
tldw_chatbook/Media/local_media_reading_service.py	4645	_local_git_repository_path <- urllib.parse
tldw_chatbook/Media/local_media_reading_service.py	4658	_clone_git_repository <- os
tldw_chatbook/Media/local_media_reading_service.py	4659	_clone_git_repository <- subprocess
tldw_chatbook/Media/local_media_reading_service.py	4661	_clone_git_repository <- ..Utils.input_validation
tldw_chatbook/Media/local_media_reading_service.py	5182	_default_tts_audio_generator <- tldw_chatbook.TTS
tldw_chatbook/Media/media_reading_scope_service.py	182	_call_local_leaf <- tldw_chatbook.Backup_Recovery.participants
tldw_chatbook/Media/media_reading_scope_service.py	185	_call_local_leaf <- tldw_chatbook.DB.Client_Media_DB_v2
tldw_chatbook/Media/media_reading_scope_service.py	186	_call_local_leaf <- tldw_chatbook.Media.local_media_reading_service
tldw_chatbook/Media/media_reading_scope_service.py	2309	process_web_scraping <- ..tldw_api
tldw_chatbook/Media/server_media_reading_service.py	213	create_file_artifact <- ..tldw_api
tldw_chatbook/Media/server_media_reading_service.py	265	purge_file_artifacts <- ..tldw_api
tldw_chatbook/Media/server_media_reading_service.py	349	search_backing_media_items <- ..tldw_api
tldw_chatbook/Media/server_media_reading_service.py	405	add_media <- ..tldw_api
tldw_chatbook/Media/server_media_reading_service.py	475	process_mediawiki_dump <- ..tldw_api
tldw_chatbook/Media/server_media_reading_service.py	498	ingest_mediawiki_dump <- ..tldw_api
tldw_chatbook/Media/server_media_reading_service.py	520	update_media_metadata <- ..tldw_api
tldw_chatbook/Media/server_media_reading_service.py	559	update_media_item <- ..tldw_api
tldw_chatbook/Media/server_media_reading_service.py	604	update_media_keywords <- ..tldw_api
tldw_chatbook/Media/server_media_reading_service.py	647	save_reading_item <- ..tldw_api
tldw_chatbook/Media/server_media_reading_service.py	674	create_saved_search <- ..tldw_api
tldw_chatbook/Media/server_media_reading_service.py	699	update_saved_search <- ..tldw_api
tldw_chatbook/Media/server_media_reading_service.py	747	link_reading_item_note <- ..tldw_api
tldw_chatbook/Media/server_media_reading_service.py	779	bulk_update_reading_items <- ..tldw_api
tldw_chatbook/Media/server_media_reading_service.py	803	create_reading_archive <- ..tldw_api
tldw_chatbook/Media/server_media_reading_service.py	830	summarize_reading_item <- ..tldw_api
tldw_chatbook/Media/server_media_reading_service.py	859	tts_reading_item <- ..tldw_api
tldw_chatbook/Media/server_media_reading_service.py	952	create_reading_digest_schedule <- ..tldw_api
tldw_chatbook/Media/server_media_reading_service.py	987	update_reading_digest_schedule <- ..tldw_api
tldw_chatbook/Media/server_media_reading_service.py	1055	ingest_web_content <- ..tldw_api
tldw_chatbook/Media/server_media_reading_service.py	1109	_process_no_db_media <- ..tldw_api
tldw_chatbook/Media/server_media_reading_service.py	1126	process_video <- ..tldw_api
tldw_chatbook/Media/server_media_reading_service.py	1146	process_audio <- ..tldw_api
tldw_chatbook/Media/server_media_reading_service.py	1166	process_pdf <- ..tldw_api
tldw_chatbook/Media/server_media_reading_service.py	1186	process_ebook <- ..tldw_api
tldw_chatbook/Media/server_media_reading_service.py	1206	process_document <- ..tldw_api
tldw_chatbook/Media/server_media_reading_service.py	1226	process_plaintext <- ..tldw_api
tldw_chatbook/Media/server_media_reading_service.py	1249	process_code <- ..tldw_api
tldw_chatbook/Media/server_media_reading_service.py	1287	process_emails <- ..tldw_api
tldw_chatbook/Media/server_media_reading_service.py	1338	process_web_scraping <- ..tldw_api
tldw_chatbook/Media/server_media_reading_service.py	1383	update_reading_progress <- ..tldw_api
tldw_chatbook/Media/server_media_reading_service.py	1413	submit_ingest_jobs <- ..tldw_api
tldw_chatbook/Media/server_media_reading_service.py	1436	submit_ingest_jobs <- loguru
tldw_chatbook/Media/server_media_reading_service.py	1532	reprocess_media <- ..tldw_api
tldw_chatbook/Media/server_media_reading_service.py	1557	create_highlight <- ..tldw_api
tldw_chatbook/Media/server_media_reading_service.py	1587	update_highlight <- ..tldw_api
tldw_chatbook/Media/server_media_reading_service.py	1632	create_annotation <- ..tldw_api
tldw_chatbook/Media/server_media_reading_service.py	1658	update_annotation <- ..tldw_api
tldw_chatbook/Media/server_media_reading_service.py	1684	sync_annotations <- ..tldw_api
tldw_chatbook/Media/server_media_reading_service.py	1776	generate_document_insights <- ..tldw_api
tldw_chatbook/Media/server_media_reading_service.py	1805	create_ingestion_source <- ..tldw_api
tldw_chatbook/Media/server_media_reading_service.py	1825	patch_ingestion_source <- ..tldw_api
tldw_chatbook/Media/server_media_reading_service.py	1907	save_analysis_version <- ..tldw_api
tldw_chatbook/Media/server_media_reading_service.py	1947	rollback_document_version <- ..tldw_api
tldw_chatbook/Media/server_media_reading_service.py	1964	patch_media_safe_metadata <- ..tldw_api
tldw_chatbook/Media/server_media_reading_service.py	1985	put_document_version_metadata <- ..tldw_api
tldw_chatbook/Media/server_media_reading_service.py	2011	upsert_document_version_advanced <- ..tldw_api
tldw_chatbook/Media_Creation/generation_templates.py	249	_user_templates_dir <- tldw_chatbook.config
tldw_chatbook/Media_Creation/swarmui_client.py	72	_safe_import_aiohttp <- ..Utils.optional_deps
tldw_chatbook/Media_Playback/frame_source.py	77	_open <- av
tldw_chatbook/Meetings_Interop/server_meetings_service.py	173	create_meeting_session <- ..tldw_api
tldw_chatbook/Meetings_Interop/server_meetings_service.py	202	update_meeting_session_status <- ..tldw_api
tldw_chatbook/Meetings_Interop/server_meetings_service.py	217	create_meeting_template <- ..tldw_api
tldw_chatbook/Meetings_Interop/server_meetings_service.py	246	create_meeting_artifact <- ..tldw_api
tldw_chatbook/Meetings_Interop/server_meetings_service.py	268	finalize_meeting_session <- ..tldw_api
tldw_chatbook/Meetings_Interop/server_meetings_service.py	282	share_meeting_session_to_slack <- ..tldw_api
tldw_chatbook/Meetings_Interop/server_meetings_service.py	299	share_meeting_session_to_webhook <- ..tldw_api
tldw_chatbook/Metrics/metrics.py	268	_get_cli_setting <- tldw_chatbook.config
tldw_chatbook/Metrics/metrics.py	287	_metrics_server_config <- tldw_chatbook.config
tldw_chatbook/Model_Artifacts/__init__.py	104	__getattr__ <- .acquisition
tldw_chatbook/Model_Artifacts/__init__.py	108	__getattr__ <- .fetch
tldw_chatbook/Model_Artifacts/acquisition.py	1957	_maintenance_core_read <- .maintenance
tldw_chatbook/Model_Artifacts/acquisition.py	1958	_maintenance_core_read <- .service
tldw_chatbook/Model_Artifacts/curated_registry.py	89	curated_registry <- tldw_chatbook.Local_Ingestion.parakeet_v2_artifact
tldw_chatbook/Model_Artifacts/curated_registry.py	97	curated_registry <- tldw_chatbook.Local_Ingestion.stt_batch_routing
tldw_chatbook/Model_Artifacts/curated_registry.py	115	curated_registry <- tldw_chatbook.TTS.audio_cpp_artifact_catalog
tldw_chatbook/Model_Artifacts/machine_memory_probe.py	647	__init__ <- ctypes
tldw_chatbook/Model_Artifacts/machine_memory_probe.py	648	__init__ <- ctypes
tldw_chatbook/Model_Artifacts/machine_memory_probe.py	742	wrap_writer <- msvcrt
tldw_chatbook/Model_Artifacts/maintenance.py	46	_installed_caller <- .service
tldw_chatbook/Model_Artifacts/maintenance.py	119	call <- tldw_chatbook.Backup_Recovery.activation
tldw_chatbook/Model_Artifacts/maintenance.py	121	call <- .acquisition
tldw_chatbook/Model_Artifacts/maintenance.py	148	provision_continuation <- .acquisition
tldw_chatbook/Model_Artifacts/maintenance.py	149	provision_continuation <- .leases
tldw_chatbook/Model_Artifacts/maintenance.py	150	provision_continuation <- .service
tldw_chatbook/Model_Artifacts/maintenance.py	195	call <- .service
tldw_chatbook/Model_Artifacts/recovery.py	35	validate_restore_dependencies <- tldw_chatbook.Backup_Recovery.storage_admission
tldw_chatbook/Model_Artifacts/recovery.py	100	_descriptor <- tldw_chatbook.Backup_Recovery.storage_admission
tldw_chatbook/Model_Artifacts/recovery.py	102	_descriptor <- .service
tldw_chatbook/Model_Artifacts/recovery.py	119	validate_dependencies <- tldw_chatbook.Backup_Recovery.models
tldw_chatbook/Model_Artifacts/recovery.py	120	validate_dependencies <- tldw_chatbook.Backup_Recovery.recovery_files
tldw_chatbook/Model_Artifacts/recovery.py	121	validate_dependencies <- tldw_chatbook.Backup_Recovery.storage_admission
tldw_chatbook/Model_Artifacts/recovery.py	198	discover <- tldw_chatbook.Backup_Recovery.storage_admission
tldw_chatbook/Model_Artifacts/store.py	20	managed_model_artifact_root <- tldw_chatbook.Utils.paths
tldw_chatbook/Model_Artifacts/store.py	22	managed_model_artifact_root <- .recovery
tldw_chatbook/Notes/Notes_Library.py	661	_active_portable_folder_sync_id <- tldw_chatbook.Sync_Interop.notes_organization
tldw_chatbook/Notes/Notes_Library.py	825	save_note_with_organization <- tldw_chatbook.Sync_Interop.notes_organization
tldw_chatbook/Notes/Notes_Library.py	875	save_note_with_organization <- tldw_chatbook.Notes.agent_lessons
tldw_chatbook/Notes/Notes_Library.py	1203	save_note_with_organization <- tldw_chatbook.Notes.notes_organization_repository
tldw_chatbook/Notes/Notes_Library.py	1518	_record_organization_link_intent <- tldw_chatbook.Sync_Interop.notes_organization
tldw_chatbook/Notes/agent_lessons.py	263	initialize_agent_lessons_folder <- tldw_chatbook.Notes.note_folder_repository
tldw_chatbook/Notes/agent_lessons.py	303	initialize_agent_lessons_folder <- tldw_chatbook.Notes.notes_organization_repository
tldw_chatbook/Notes/file_notes_replica.py	53	__init__ <- tldw_chatbook.Backup_Recovery.raw_participants
tldw_chatbook/Notes/file_notes_service.py	252	_replica_execution_scope <- tldw_chatbook.Backup_Recovery.activation
tldw_chatbook/Notes/file_notes_service.py	271	_replica_execution_scope <- .recovery_review
tldw_chatbook/Notes/file_notes_service.py	282	preview_recovery <- .recovery_review
tldw_chatbook/Notes/file_notes_service.py	289	approve_recovery <- .recovery_review
tldw_chatbook/Notes/git_process_containment.py	859	__init__ <- ctypes
tldw_chatbook/Notes/git_process_containment.py	860	__init__ <- ctypes
tldw_chatbook/Notes/note_import_discovery.py	277	_windows_filesystem <- tldw_chatbook.Notes.note_import_windows_fs
tldw_chatbook/Notes/note_import_discovery.py	308	discover_import_sources <- tldw_chatbook.Notes.note_import_windows_fs
tldw_chatbook/Notes/note_import_discovery.py	405	read_discovered_source <- tldw_chatbook.Notes.note_import_windows_fs
tldw_chatbook/Notes/notes_organization_repository.py	134	apply_envelope <- tldw_chatbook.Notes.agent_lessons
tldw_chatbook/Notes/notes_organization_repository.py	304	_retire_untouched_agent_lessons_seed <- tldw_chatbook.Notes.agent_lessons
tldw_chatbook/Notes/notes_scope_service.py	489	_run_folder_repository <- tldw_chatbook.Backup_Recovery.participants
tldw_chatbook/Notes/notes_scope_service.py	1940	list_notes <- threading
tldw_chatbook/Notes/notes_scope_service.py	1941	list_notes <- tldw_chatbook.Notes.Notes_Library
tldw_chatbook/Notes/notes_scope_service.py	1942	list_notes <- tldw_chatbook.DB.ChaChaNotes_DB
tldw_chatbook/Notes/notes_scope_service.py	2003	list_deleted_notes <- tldw_chatbook.Backup_Recovery.participants
tldw_chatbook/Notes/notes_scope_service.py	2078	count_notes <- tldw_chatbook.Notes.Notes_Library
tldw_chatbook/Notes/notes_scope_service.py	2079	count_notes <- tldw_chatbook.DB.ChaChaNotes_DB
tldw_chatbook/Notes/notes_sync_conflicts.py	165	__post_init__ <- tldw_chatbook.Notes.notes_sync_executor
tldw_chatbook/Notes/notes_sync_runtime.py	384	_lifted_note_metadata <- tldw_chatbook.Notes.note_import_parsers
tldw_chatbook/Notes/notes_sync_runtime.py	1594	_maintenance_quiesce <- tldw_chatbook.Backup_Recovery.participants
tldw_chatbook/Notes/notes_sync_runtime.py	3845	_read <- tldw_chatbook.Notes.note_import_receipts
tldw_chatbook/Notes/recovery.py	43	discover <- dataclasses
tldw_chatbook/Notes/recovery.py	45	discover <- tldw_chatbook.Backup_Recovery.profile_paths
tldw_chatbook/Notes/recovery.py	46	discover <- tldw_chatbook.DB.private_sqlite
tldw_chatbook/Notes/recovery.py	47	discover <- tldw_chatbook.DB.recovery_core
tldw_chatbook/Notes/recovery.py	75	validate <- tldw_chatbook.DB.private_sqlite
tldw_chatbook/Notes/recovery.py	90	capture <- tldw_chatbook.DB.private_sqlite
tldw_chatbook/Notes/recovery.py	111	discover <- tldw_chatbook.Backup_Recovery.config_adapter
tldw_chatbook/Notes/recovery.py	112	discover <- tldw_chatbook.Backup_Recovery.profile_paths
tldw_chatbook/Notes/recovery.py	164	_core <- tldw_chatbook.DB.recovery_core
tldw_chatbook/Notes/recovery.py	171	discover <- dataclasses
tldw_chatbook/Notes/recovery.py	185	schema_policy <- dataclasses
tldw_chatbook/Notes/recovery.py	190	validate <- tldw_chatbook.DB.private_sqlite
tldw_chatbook/Notes/recovery.py	217	capture <- dataclasses
tldw_chatbook/Notes/recovery_review.py	72	_scope <- tldw_chatbook.Backup_Recovery.generation_witnesses
tldw_chatbook/Notes/recovery_review.py	73	_scope <- tldw_chatbook.Backup_Recovery.isolated_restore
tldw_chatbook/Notes/recovery_review.py	105	_verified_installation <- tldw_chatbook.Backup_Recovery.activation
tldw_chatbook/Notes/recovery_review.py	106	_verified_installation <- tldw_chatbook.Backup_Recovery.isolated_restore
tldw_chatbook/Notes/recovery_review.py	107	_verified_installation <- tldw_chatbook.Backup_Recovery.journal
tldw_chatbook/Notes/server_notes_workspace_service.py	238	build_server_note_create_payload <- ..tldw_api
tldw_chatbook/Notes/server_notes_workspace_service.py	255	build_server_note_update_payload <- ..tldw_api
tldw_chatbook/Notes/server_notes_workspace_service.py	270	build_workspace_create_payload <- ..tldw_api
tldw_chatbook/Notes/server_notes_workspace_service.py	294	build_workspace_update_payload <- ..tldw_api
tldw_chatbook/Notes/server_notes_workspace_service.py	320	build_workspace_note_create_payload <- ..tldw_api
tldw_chatbook/Notes/server_notes_workspace_service.py	337	build_workspace_note_update_payload <- ..tldw_api
tldw_chatbook/Notes/server_notes_workspace_service.py	356	build_workspace_source_create_payload <- ..tldw_api
tldw_chatbook/Notes/server_notes_workspace_service.py	379	build_workspace_source_update_payload <- ..tldw_api
tldw_chatbook/Notes/server_notes_workspace_service.py	402	build_workspace_artifact_create_payload <- ..tldw_api
tldw_chatbook/Notes/server_notes_workspace_service.py	424	build_workspace_artifact_update_payload <- ..tldw_api
tldw_chatbook/Notes/server_notes_workspace_service.py	537	get_notes_graph <- ..tldw_api
tldw_chatbook/Notes/server_notes_workspace_service.py	558	create_note_link <- ..tldw_api
tldw_chatbook/Notes/server_notes_workspace_service.py	838	set_workspace_source_selection <- ..tldw_api
tldw_chatbook/Notes/server_notes_workspace_service.py	864	reorder_workspace_sources <- ..tldw_api
tldw_chatbook/Notifications/recovery.py	38	validate <- tldw_chatbook.DB.private_sqlite
tldw_chatbook/Notifications/recovery.py	56	capture <- tldw_chatbook.DB.private_sqlite
tldw_chatbook/Notifications/recovery.py	91	validate <- tldw_chatbook.DB.private_sqlite
tldw_chatbook/Notifications/recovery.py	109	capture <- tldw_chatbook.DB.private_sqlite
tldw_chatbook/Notifications/server_notifications_service.py	129	snooze <- ..tldw_api
tldw_chatbook/Notifications/server_notifications_service.py	155	update_preferences <- ..tldw_api
tldw_chatbook/Notifications/server_notifications_service.py	195	create_reminder <- ..tldw_api
tldw_chatbook/Notifications/server_notifications_service.py	236	update_reminder <- ..tldw_api
tldw_chatbook/Notifications/server_notifications_service.py	451	preview_scheduled_automation_definition <- ..tldw_api.scheduled_tasks_automation_schemas
tldw_chatbook/Outputs_Interop/server_outputs_service.py	122	create_template <- ..tldw_api
tldw_chatbook/Outputs_Interop/server_outputs_service.py	138	update_template <- ..tldw_api
tldw_chatbook/Outputs_Interop/server_outputs_service.py	164	preview_template <- ..tldw_api
tldw_chatbook/Outputs_Interop/server_outputs_service.py	233	create_artifact <- ..tldw_api
tldw_chatbook/Outputs_Interop/server_outputs_service.py	256	update_artifact <- ..tldw_api
tldw_chatbook/Persona_Buddy/controller.py	477	serialized <- .preferences
tldw_chatbook/Persona_Buddy/controller.py	1135	_read_local_buddy <- .library
tldw_chatbook/Persona_Buddy/library.py	229	publish_review <- tldw_chatbook.Persona_Visual.artwork
tldw_chatbook/Persona_Buddy/library.py	339	copy_persona <- tldw_chatbook.Persona_Visual.artwork
tldw_chatbook/Persona_Buddy/library.py	476	migrate_legacy_selection <- .preferences
tldw_chatbook/Persona_Buddy/preferences.py	24	save_settings_to_cli_config <- tldw_chatbook.config
tldw_chatbook/Persona_Buddy/rendering.py	46	_render_dependencies <- tldw_chatbook.Utils.optional_deps
tldw_chatbook/Persona_Buddy/rendering.py	50	_render_dependencies <- PIL
tldw_chatbook/Persona_Visual/builtin_pixel_migu.py	53	ensure_builtin_pixel_migu_buddy <- tldw_chatbook.Character_Chat.builtin_pixel_migu
tldw_chatbook/Persona_Visual/importer.py	502	_pack <- .artwork
tldw_chatbook/Persona_Visual/importer.py	503	_pack <- .repository
tldw_chatbook/Persona_Visual/recovery.py	23	validate_restore_dependencies <- tldw_chatbook.Backup_Recovery.storage_admission
tldw_chatbook/Persona_Visual/recovery.py	67	_references <- tldw_chatbook.DB.private_sqlite
tldw_chatbook/Persona_Visual/recovery.py	68	_references <- tldw_chatbook.DB.recovery_core
tldw_chatbook/Persona_Visual/recovery.py	153	discover <- tldw_chatbook.Backup_Recovery.storage_admission
tldw_chatbook/Persona_Visual/recovery.py	228	validate_dependencies <- tldw_chatbook.Backup_Recovery.models
tldw_chatbook/Persona_Visual/recovery.py	229	validate_dependencies <- tldw_chatbook.Backup_Recovery.storage_admission
tldw_chatbook/Persona_Visual/repository.py	1377	_validate_source_context_content <- .artwork
tldw_chatbook/Persona_Visual/snapshot.py	97	read_buddy_archive <- tldw_chatbook.Utils.path_validation
tldw_chatbook/Personal_Context/interview_launch.py	122	build_profile_interview_screen <- tldw_chatbook.Chat.Chat_Functions
tldw_chatbook/Personal_Context/interview_launch.py	123	build_profile_interview_screen <- tldw_chatbook.Chat.console_session_settings
tldw_chatbook/Personal_Context/interview_launch.py	126	build_profile_interview_screen <- tldw_chatbook.UI.Screens.profile_interview_screen
tldw_chatbook/Personal_Context/interview_launch.py	129	build_profile_interview_screen <- tldw_chatbook.config
tldw_chatbook/Personal_Context/interview_launch.py	130	build_profile_interview_screen <- tldw_chatbook.Chat.provider_readiness
tldw_chatbook/Personal_Context/key_protector.py	131	__init__ <- keyring
tldw_chatbook/Personal_Context/link_key_custody.py	210	__init__ <- keyring
tldw_chatbook/Personal_Context/link_key_custody.py	406	__init__ <- keyring
tldw_chatbook/Personal_Context/link_service.py	162	plan <- tldw_chatbook.Sync_Interop.sync_readiness
tldw_chatbook/Personal_Context/link_service.py	167	plan <- ..tldw_api.exceptions
tldw_chatbook/Personal_Context/link_service.py	930	_ensure_sync_runtime <- tldw_chatbook.Sync_Interop.personal_context_first_link_sync
tldw_chatbook/Personal_Context/repository.py	729	acquire_first_link_freeze <- .reconciliation
tldw_chatbook/Personal_Context/repository.py	1518	apply_reviewed_link <- .reconciliation
tldw_chatbook/Personal_Context/service.py	295	proposal_service <- .proposal_service
tldw_chatbook/Personal_Context/service.py	687	build_personal_context_sync_adapter <- tldw_chatbook.Sync_Interop.personal_context_adapter
tldw_chatbook/Personal_Context/service.py	701	build_personal_context_outbox_dispatcher <- tldw_chatbook.Sync_Interop.personal_context_dispatcher
tldw_chatbook/Personal_Context/service.py	705	build_personal_context_outbox_dispatcher <- .sync_outbox
tldw_chatbook/Personal_Context/service.py	1775	export_plaintext <- .export_service
tldw_chatbook/Personal_Context/service.py	1792	export_recovery <- .export_service
tldw_chatbook/Personalization_Interop/server_personalization_service.py	109	_opt_in_request <- ..tldw_api
tldw_chatbook/Personalization_Interop/server_personalization_service.py	122	_preferences_update_request <- ..tldw_api
tldw_chatbook/Personalization_Interop/server_personalization_service.py	131	_memory_create_request <- ..tldw_api
tldw_chatbook/Personalization_Interop/server_personalization_service.py	140	_memory_update_request <- ..tldw_api
tldw_chatbook/Personalization_Interop/server_personalization_service.py	151	_memory_validate_request <- ..tldw_api
tldw_chatbook/Personalization_Interop/server_personalization_service.py	160	_memory_import_request <- ..tldw_api
tldw_chatbook/Petdex/conversion.py	171	build_petdex_archive <- tldw_chatbook.Persona_Visual.export
tldw_chatbook/Petdex/review.py	46	preview_state <- PIL
tldw_chatbook/Prompt_Management/prompt_improvement_prompts.py	81	_rewrite_persona_instructions <- tldw_chatbook.Internal_Prompts
tldw_chatbook/Prompt_Management/prompt_improvement_prompts.py	82	_rewrite_persona_instructions <- tldw_chatbook.Internal_Prompts.prompt_improvement_prompts
tldw_chatbook/Prompt_Management/prompt_scope_service.py	125	_prompt_create_request_from_payload <- ..tldw_api
tldw_chatbook/Prompt_Management/prompt_scope_service.py	136	_serialize_server_prompt_request <- ..tldw_api.prompt_chatbook_schemas
tldw_chatbook/Prompt_Management/prompt_scope_service.py	241	create_prompt_collection <- ..tldw_api
tldw_chatbook/Prompt_Management/prompt_scope_service.py	261	update_prompt_collection <- ..tldw_api
tldw_chatbook/Prompt_Management/prompt_scope_service.py	1463	count_prompts <- tldw_chatbook.Backup_Recovery.participants
tldw_chatbook/Prompt_Management/server_prompt_service.py	122	create_prompt <- tldw_chatbook.tldw_api.prompt_chatbook_schemas
tldw_chatbook/Prompt_Management/server_prompt_service.py	134	preview_prompt <- tldw_chatbook.tldw_api.prompt_chatbook_schemas
tldw_chatbook/Prompt_Management/server_prompt_service.py	148	update_prompt <- tldw_chatbook.tldw_api.prompt_chatbook_schemas
tldw_chatbook/Prompt_Studio_Interop/server_prompt_studio_service.py	328	create_project <- ..tldw_api
tldw_chatbook/Prompt_Studio_Interop/server_prompt_studio_service.py	357	update_project <- ..tldw_api
tldw_chatbook/Prompt_Studio_Interop/server_prompt_studio_service.py	411	create_prompt <- ..tldw_api
tldw_chatbook/Prompt_Studio_Interop/server_prompt_studio_service.py	443	update_prompt <- ..tldw_api
tldw_chatbook/Prompt_Studio_Interop/server_prompt_studio_service.py	477	preview_prompt <- ..tldw_api
tldw_chatbook/Prompt_Studio_Interop/server_prompt_studio_service.py	491	convert_prompt <- ..tldw_api
tldw_chatbook/Prompt_Studio_Interop/server_prompt_studio_service.py	505	execute_prompt <- ..tldw_api
tldw_chatbook/Prompt_Studio_Interop/server_prompt_studio_service.py	519	create_test_case <- ..tldw_api
tldw_chatbook/Prompt_Studio_Interop/server_prompt_studio_service.py	532	create_test_cases_bulk <- ..tldw_api
tldw_chatbook/Prompt_Studio_Interop/server_prompt_studio_service.py	564	update_test_case <- ..tldw_api
tldw_chatbook/Prompt_Studio_Interop/server_prompt_studio_service.py	591	import_test_cases <- ..tldw_api
tldw_chatbook/Prompt_Studio_Interop/server_prompt_studio_service.py	641	export_test_cases <- ..tldw_api
tldw_chatbook/Prompt_Studio_Interop/server_prompt_studio_service.py	655	generate_test_cases <- ..tldw_api
tldw_chatbook/Prompt_Studio_Interop/server_prompt_studio_service.py	682	run_test_cases <- ..tldw_api
tldw_chatbook/Prompt_Studio_Interop/server_prompt_studio_service.py	696	create_evaluation <- ..tldw_api
tldw_chatbook/Prompt_Studio_Interop/server_prompt_studio_service.py	734	create_optimization <- ..tldw_api
tldw_chatbook/Prompt_Studio_Interop/server_prompt_studio_service.py	749	create_optimization_simple <- ..tldw_api
tldw_chatbook/Prompt_Studio_Interop/server_prompt_studio_service.py	827	add_optimization_iteration <- ..tldw_api
tldw_chatbook/Prompt_Studio_Interop/server_prompt_studio_service.py	855	compare_optimization_strategies <- ..tldw_api
tldw_chatbook/RAG_Admin/local_rag_admin_service.py	40	__init__ <- ..Chunking.chunking_interop_library
tldw_chatbook/RAG_Admin/local_rag_admin_service.py	56	_resolve_vector_store <- ..RAG_Search.ingestion_indexing
tldw_chatbook/RAG_Admin/local_rag_admin_service.py	137	_decorate_template_record <- ..Chunking.auto_selection
tldw_chatbook/RAG_Admin/local_rag_admin_service.py	173	_validate_template_body <- .template_validation
tldw_chatbook/RAG_Admin/local_rag_admin_service.py	410	apply_template <- ..Chunking.chunking_interop_library
tldw_chatbook/RAG_Admin/local_rag_admin_service.py	423	apply_template <- ..Chunking.Chunk_Lib
tldw_chatbook/RAG_Admin/local_rag_admin_service.py	589	rechunk_legacy_media <- ..Library.library_rechunk_service
tldw_chatbook/RAG_Admin/server_rag_admin_service.py	151	create_template <- ..tldw_api
tldw_chatbook/RAG_Admin/server_rag_admin_service.py	174	update_template <- ..tldw_api
tldw_chatbook/RAG_Admin/server_rag_admin_service.py	205	apply_template <- ..tldw_api
tldw_chatbook/RAG_Admin/server_rag_admin_service.py	264	learn_template <- ..tldw_api
tldw_chatbook/RAG_Admin/server_rag_admin_service.py	292	create_collection <- ..tldw_api
tldw_chatbook/RAG_Admin/server_rag_admin_service.py	327	reprocess_media <- ..tldw_api
tldw_chatbook/RAG_Admin/server_rag_admin_service.py	361	generate_media_embeddings <- ..tldw_api
tldw_chatbook/RAG_Admin/server_rag_admin_service.py	391	generate_media_embeddings_batch <- ..tldw_api
tldw_chatbook/RAG_Admin/server_rag_admin_service.py	419	search_media_embeddings <- ..tldw_api
tldw_chatbook/RAG_Admin/template_validation.py	70	_rx_check <- tldw_chatbook.Chunking.engine.regex_safety
tldw_chatbook/RAG_Admin/template_validation.py	77	_rx_flags <- tldw_chatbook.Chunking.engine.regex_safety
tldw_chatbook/RAG_Admin/template_validation.py	84	_rx_warn <- tldw_chatbook.Chunking.engine.regex_safety
tldw_chatbook/RAG_Admin/template_validation.py	138	_live_engine_methods <- tldw_chatbook.Chunking.engine.chunker
tldw_chatbook/Research_Interop/academic_providers.py	327	search_semantic_scholar <- json
tldw_chatbook/Research_Interop/academic_providers.py	1171	search_papers <- asyncio
tldw_chatbook/Research_Interop/academic_providers.py	1172	search_papers <- asyncio
tldw_chatbook/Research_Interop/local_research_engine.py	179	_default_search_fn <- ..Web_Scraping.WebSearch_APIs
tldw_chatbook/Research_Interop/local_research_engine.py	190	_default_analyze_fn <- ..Web_Scraping.WebSearch_APIs
tldw_chatbook/Research_Interop/local_research_engine.py	216	_default_gap_fn <- ..Chat.Chat_Functions
tldw_chatbook/Research_Interop/local_research_engine.py	326	_require_pipeline_params <- ..Web_Scraping.WebSearch_APIs
tldw_chatbook/Research_Interop/local_research_engine.py	1444	_default_follow_up_answer_fn <- ..Chat.Chat_Functions
tldw_chatbook/Research_Interop/local_research_search_service.py	55	_default_websearch_runner <- ..Web_Scraping.WebSearch_APIs
tldw_chatbook/Research_Interop/local_research_search_service.py	65	_default_aggregate_runner <- ..Web_Scraping.WebSearch_APIs
tldw_chatbook/Research_Interop/local_research_search_service.py	82	_default_arxiv_runner <- .academic_providers
tldw_chatbook/Research_Interop/local_research_search_service.py	115	_default_semantic_scholar_runner <- .academic_providers
tldw_chatbook/Research_Interop/local_research_search_service.py	167	_normalize_engine <- ..tldw_api.research_search_schemas
tldw_chatbook/Research_Interop/local_research_search_service.py	195	websearch <- ..tldw_api
tldw_chatbook/Research_Interop/recovery.py	70	discover <- tldw_chatbook.DB.recovery_operations
tldw_chatbook/Research_Interop/recovery.py	92	validate <- tldw_chatbook.DB.private_sqlite
tldw_chatbook/Research_Interop/recovery.py	105	capture <- tldw_chatbook.DB.private_sqlite
tldw_chatbook/Research_Interop/research_scope_service.py	230	_maintenance_drain <- .local_research_service
tldw_chatbook/Research_Interop/research_scope_service.py	234	_maintenance_drain <- tldw_chatbook.Backup_Recovery.participants
tldw_chatbook/Research_Interop/server_research_search_service.py	100	list_supported_websearch_engines <- ..tldw_api
tldw_chatbook/Research_Interop/server_research_search_service.py	119	websearch <- ..tldw_api
tldw_chatbook/Research_Interop/server_research_search_service.py	137	paper_search <- ..tldw_api.research_search_schemas
tldw_chatbook/Research_Interop/server_research_search_service.py	154	paper_detail <- ..tldw_api.research_search_schemas
tldw_chatbook/Research_Interop/server_research_search_service.py	179	paper_ingest <- ..tldw_api.research_search_schemas
tldw_chatbook/Research_Interop/server_research_service.py	130	launch_run <- ..tldw_api
tldw_chatbook/Research_Interop/server_research_service.py	228	patch_and_approve_checkpoint <- ..tldw_api
tldw_chatbook/Research_Workspace/__init__.py	103	__getattr__ <- importlib
tldw_chatbook/Research_Workspace/local_adapter.py	529	_reconcile_quick_note_receipts <- tldw_chatbook.DB.base_db
tldw_chatbook/Research_Workspace/source_association.py	533	resume_incomplete <- tldw_chatbook.DB.base_db
tldw_chatbook/Research_Workspace/source_readiness.py	298	resume_incomplete <- tldw_chatbook.DB.base_db
tldw_chatbook/STT/executor.py	747	_start_worker_locked <- .executor_worker
tldw_chatbook/STT/executor.py	975	_should_retry_on_cpu <- .coordinator
tldw_chatbook/STT/executor_process_tree.py	73	__init__ <- ctypes
tldw_chatbook/STT/executor_worker.py	247	_failure_from_exception <- .transcribe_cpp
tldw_chatbook/STT/executor_worker.py	313	_dependency_failure_code <- tldw_chatbook.Model_Artifacts
tldw_chatbook/STT/executor_worker.py	339	_acquire_managed_model <- tldw_chatbook.Model_Artifacts
tldw_chatbook/STT/executor_worker.py	473	_transcribe_cpp_provider <- .persistence
tldw_chatbook/STT/executor_worker.py	474	_transcribe_cpp_provider <- .transcribe_cpp
tldw_chatbook/STT/executor_worker.py	586	_parakeet_provider <- .parakeet_onnx
tldw_chatbook/STT/executor_worker.py	634	_parakeet_provider <- tldw_chatbook.Local_Ingestion.parakeet_v2_installer
tldw_chatbook/STT/executor_worker.py	680	_parakeet_provider <- .persistence
tldw_chatbook/STT/executor_worker.py	896	_default_parse_job <- tldw_chatbook.Local_Ingestion.local_file_ingestion
tldw_chatbook/STT/executor_worker.py	921	_run_executor_worker <- tldw_chatbook.Local_Ingestion.ingest_parse_worker
tldw_chatbook/STT/parakeet_onnx.py	106	_onnx_asr_api <- tldw_chatbook.Utils.optional_deps
tldw_chatbook/STT/parakeet_onnx.py	111	_onnx_asr_api <- onnx_asr
tldw_chatbook/STT/parakeet_onnx.py	112	_onnx_asr_api <- onnx_asr.utils
tldw_chatbook/STT/parakeet_onnx.py	388	transcribe_buffer <- tldw_chatbook.Utils.optional_deps
tldw_chatbook/Scheduling/automation_health.py	66	_unreadable_scoped_source <- tldw_chatbook.Scheduling.recurring_question_scope
tldw_chatbook/Scheduling/automation_health.py	127	compute_local_health <- tldw_chatbook.Scheduling.automation_execution
tldw_chatbook/Scheduling/db/scheduled_tasks_db.py	291	_initialize_schema <- tldw_chatbook.Scheduling.db.migrations.v0_to_v1
tldw_chatbook/Scheduling/db/scheduled_tasks_db.py	294	_initialize_schema <- tldw_chatbook.Scheduling.db.migrations.v1_to_v2
tldw_chatbook/Scheduling/db/scheduled_tasks_db.py	297	_initialize_schema <- tldw_chatbook.Scheduling.db.migrations.v2_to_v3
tldw_chatbook/Scheduling/db/scheduled_tasks_db.py	300	_initialize_schema <- tldw_chatbook.Scheduling.db.migrations.v3_to_v4
tldw_chatbook/Scheduling/db/scheduled_tasks_db.py	303	_initialize_schema <- tldw_chatbook.Scheduling.db.migrations.v4_to_v5
tldw_chatbook/Scheduling/db/scheduled_tasks_db.py	306	_initialize_schema <- tldw_chatbook.Scheduling.db.migrations.v5_to_v6
tldw_chatbook/Scheduling/db/scheduled_tasks_db.py	309	_initialize_schema <- tldw_chatbook.Scheduling.db.migrations.v6_to_v7
tldw_chatbook/Scheduling/db/scheduled_tasks_db.py	1702	create_local_copy_from_mirror <- tldw_chatbook.Scheduling.schedule_compute
tldw_chatbook/Scheduling/db/scheduled_tasks_db.py	1703	create_local_copy_from_mirror <- tldw_chatbook.Scheduling.schedule_vocabulary
tldw_chatbook/Scheduling/recovery.py	64	validate <- tldw_chatbook.DB.private_sqlite
tldw_chatbook/Scheduling/recovery.py	82	capture <- tldw_chatbook.DB.private_sqlite
tldw_chatbook/Scheduling/scheduler/handlers/automation_handler.py	90	_execute_recurring_question <- tldw_chatbook.Scheduling.automation_execution
tldw_chatbook/Scheduling/scheduler/loop.py	251	_load_queue <- tldw_chatbook.DB.Subscriptions_DB
tldw_chatbook/Scheduling/scheduler/loop.py	590	_emergency_stopped <- tldw_chatbook.emergency_stop
tldw_chatbook/Scheduling/scheduler_heartbeat.py	163	default_heartbeat_path <- tldw_chatbook.config
tldw_chatbook/Scheduling/services/scheduling_service.py	29	compute_local_health <- tldw_chatbook.Scheduling.automation_health
tldw_chatbook/Scheduling/services/scheduling_service.py	295	_server_refused_outcome <- tldw_chatbook.Scheduling.automation_validation
tldw_chatbook/Scheduling/services/scheduling_service.py	716	update_reminder <- tldw_chatbook.Scheduling.schedule_input_parsing
tldw_chatbook/Scheduling/services/scheduling_service.py	776	edit_reminder_fields <- tldw_chatbook.Scheduling.automation_validation
tldw_chatbook/Scheduling/services/scheduling_service.py	800	edit_reminder_fields <- tldw_chatbook.Scheduling.schedule_input_parsing
tldw_chatbook/Scheduling/services/scheduling_service.py	977	sync_now <- tldw_chatbook.Backup_Recovery.activation
tldw_chatbook/Scheduling/services/scheduling_service.py	1023	run_reminder_now <- tldw_chatbook.Scheduling.scheduler.queue
tldw_chatbook/Scheduling/services/scheduling_service.py	1044	run_reminder_now <- tldw_chatbook.Backup_Recovery.activation
tldw_chatbook/Scheduling/services/scheduling_service.py	1060	_remote_execution <- tldw_chatbook.Backup_Recovery.activation
tldw_chatbook/Scheduling/services/scheduling_service.py	1115	run_automation_now <- tldw_chatbook.Scheduling.scheduler.queue
tldw_chatbook/Scheduling/services/scheduling_service.py	1839	set_definition_lifecycle <- tldw_chatbook.Scheduling.automation_validation
tldw_chatbook/Scheduling/services/scheduling_service.py	2371	preview_definition <- tldw_chatbook.Scheduling.automation_preview
tldw_chatbook/Scheduling/services/scheduling_service.py	2447	save_definition <- tldw_chatbook.Scheduling.automation_preview
tldw_chatbook/Scheduling/services/scheduling_service.py	2448	save_definition <- tldw_chatbook.Scheduling.automation_validation
tldw_chatbook/Scheduling/services/scheduling_service.py	2449	save_definition <- tldw_chatbook.Scheduling.schedule_vocabulary
tldw_chatbook/Scheduling/services/scheduling_service.py	2623	_save_definition_offline <- tldw_chatbook.Scheduling.automation_preview
tldw_chatbook/Scheduling/services/scheduling_service.py	2850	_definition_db_fields_from_preview <- tldw_chatbook.Scheduling.schedule_compute
tldw_chatbook/Scheduling/services/scheduling_service.py	2908	_reject_unsupported_family <- tldw_chatbook.Scheduling.automation_validation
tldw_chatbook/Scheduling/services/sync_engine.py	896	_server_vocab_definition_payload <- tldw_chatbook.Scheduling.schedule_vocabulary
tldw_chatbook/Server_Runtime_Interop/server_runtime_service.py	143	update_tokenizer_config <- ..tldw_api
tldw_chatbook/Server_Runtime_Interop/server_runtime_service.py	161	validate_provider_key <- ..tldw_api
tldw_chatbook/Sharing_Interop/server_sharing_service.py	108	create_link <- ..tldw_api
tldw_chatbook/Sharing_Interop/server_sharing_service.py	138	verify_public_link_password <- ..tldw_api
tldw_chatbook/Sharing_Interop/server_sharing_service.py	180	share_workspace <- ..tldw_api
tldw_chatbook/Sharing_Interop/server_sharing_service.py	215	update_share <- ..tldw_api
tldw_chatbook/Sharing_Interop/server_sharing_service.py	240	clone_shared_workspace <- ..tldw_api
tldw_chatbook/Sharing_Interop/server_sharing_service.py	274	chat_with_shared_workspace <- ..tldw_api
tldw_chatbook/Skills_Interop/local_skills_service.py	76	default_local_skills_store_dir <- .recovery
tldw_chatbook/Skills_Interop/local_skills_service.py	154	resolve_script_run_limits <- math
tldw_chatbook/Skills_Interop/local_skills_service.py	156	resolve_script_run_limits <- .skill_script_runner
tldw_chatbook/Skills_Interop/local_skills_service.py	376	_skill_dir <- ..tldw_api.skills_schemas
tldw_chatbook/Skills_Interop/local_skills_service.py	531	_metadata_from_content <- ..tldw_api.skills_schemas
tldw_chatbook/Skills_Interop/local_skills_service.py	532	_metadata_from_content <- ..tldw_api
tldw_chatbook/Skills_Interop/local_skills_service.py	640	_iter_bundle_files <- .skill_trust_scanner
tldw_chatbook/Skills_Interop/local_skills_service.py	641	_iter_bundle_files <- os
tldw_chatbook/Skills_Interop/local_skills_service.py	642	_iter_bundle_files <- pathlib
tldw_chatbook/Skills_Interop/local_skills_service.py	661	_read_supporting_files <- ..tldw_api.skills_schemas
tldw_chatbook/Skills_Interop/local_skills_service.py	690	_read_bundle_manifest <- stat
tldw_chatbook/Skills_Interop/local_skills_service.py	692	_read_bundle_manifest <- ..tldw_api.skills_schemas
tldw_chatbook/Skills_Interop/local_skills_service.py	737	_response_for_record <- ..tldw_api
tldw_chatbook/Skills_Interop/local_skills_service.py	757	_summary_for_record <- ..tldw_api
tldw_chatbook/Skills_Interop/local_skills_service.py	886	_require_record <- ..tldw_api.skills_schemas
tldw_chatbook/Skills_Interop/local_skills_service.py	908	_apply_supporting_files <- ..tldw_api.skills_schemas
tldw_chatbook/Skills_Interop/local_skills_service.py	927	_derive_name_from_filename <- ..tldw_api.skills_schemas
tldw_chatbook/Skills_Interop/local_skills_service.py	941	_validate_archive_member <- ..tldw_api.skills_schemas
tldw_chatbook/Skills_Interop/local_skills_service.py	967	_read_zip_member_bounded <- zlib
tldw_chatbook/Skills_Interop/local_skills_service.py	1019	list_skills <- ..tldw_api
tldw_chatbook/Skills_Interop/local_skills_service.py	1076	get_context <- ..tldw_api
tldw_chatbook/Skills_Interop/local_skills_service.py	1207	_parse_library_file_token <- ..tldw_api.skills_schemas
tldw_chatbook/Skills_Interop/local_skills_service.py	1439	create_skill <- ..tldw_api
tldw_chatbook/Skills_Interop/local_skills_service.py	1476	update_skill <- ..tldw_api.skills_schemas
tldw_chatbook/Skills_Interop/local_skills_service.py	1477	update_skill <- ..tldw_api
tldw_chatbook/Skills_Interop/local_skills_service.py	1513	delete_skill <- ..tldw_api.skills_schemas
tldw_chatbook/Skills_Interop/local_skills_service.py	1538	import_skill <- ..tldw_api
tldw_chatbook/Skills_Interop/local_skills_service.py	1591	import_skill_directory <- os
tldw_chatbook/Skills_Interop/local_skills_service.py	1592	import_skill_directory <- stat
tldw_chatbook/Skills_Interop/local_skills_service.py	1593	import_skill_directory <- pathlib
tldw_chatbook/Skills_Interop/local_skills_service.py	1596	import_skill_directory <- ..tldw_api
tldw_chatbook/Skills_Interop/local_skills_service.py	1597	import_skill_directory <- ..tldw_api.skills_schemas
tldw_chatbook/Skills_Interop/local_skills_service.py	1708	import_skill_file <- stat
tldw_chatbook/Skills_Interop/local_skills_service.py	1709	import_skill_file <- .skill_trust_scanner
tldw_chatbook/Skills_Interop/local_skills_service.py	1710	import_skill_file <- ..tldw_api.skills_schemas
tldw_chatbook/Skills_Interop/local_skills_service.py	1792	import_skill_file <- os
tldw_chatbook/Skills_Interop/local_skills_service.py	1807	export_skill <- ..tldw_api.skills_schemas
tldw_chatbook/Skills_Interop/local_skills_service.py	1847	execute_skill <- ..tldw_api
tldw_chatbook/Skills_Interop/local_skills_service.py	1942	read_skill_file <- ..tldw_api.skills_schemas
tldw_chatbook/Skills_Interop/local_skills_service.py	2130	_resolve_script <- ..tldw_api.skills_schemas
tldw_chatbook/Skills_Interop/local_skills_service.py	2189	_canonical_skill_name <- ..tldw_api.skills_schemas
tldw_chatbook/Skills_Interop/local_skills_service.py	2211	_plan_for_script <- stat
tldw_chatbook/Skills_Interop/local_skills_service.py	2213	_plan_for_script <- .skill_script_runner
tldw_chatbook/Skills_Interop/local_skills_service.py	2306	_script_scratch_root <- tldw_chatbook.Backup_Recovery.bootstrap
tldw_chatbook/Skills_Interop/local_skills_service.py	2337	_script_output_root <- tldw_chatbook.Backup_Recovery.local_content_lifetime
tldw_chatbook/Skills_Interop/local_skills_service.py	2350	_script_output_root <- ..Tools.file_operation_tools
tldw_chatbook/Skills_Interop/local_skills_service.py	2399	_prune_output_runs <- shutil
tldw_chatbook/Skills_Interop/local_skills_service.py	2491	run_skill_script <- shutil
tldw_chatbook/Skills_Interop/local_skills_service.py	2492	run_skill_script <- tempfile
tldw_chatbook/Skills_Interop/local_skills_service.py	2494	run_skill_script <- .skill_script_runner
tldw_chatbook/Skills_Interop/local_skills_service.py	2581	_run_with_admission <- tldw_chatbook.Backup_Recovery.local_content_lifetime
tldw_chatbook/Skills_Interop/local_skills_service.py	2588	run_skill_script <- tldw_chatbook.Backup_Recovery.local_content_lifetime
tldw_chatbook/Skills_Interop/local_skills_service.py	2589	run_skill_script <- tldw_chatbook.TTS._async_lifecycle
tldw_chatbook/Skills_Interop/project_skills_discovery.py	191	_entry_for <- tldw_chatbook.tldw_api.skills_schemas
tldw_chatbook/Skills_Interop/project_skills_discovery.py	204	_entry_for <- tldw_chatbook.Skills_Interop.local_skills_service
tldw_chatbook/Skills_Interop/recovery.py	90	_references <- hashlib
tldw_chatbook/Skills_Interop/recovery.py	91	_references <- json
tldw_chatbook/Skills_Interop/recovery.py	93	_references <- tldw_chatbook.Backup_Recovery.storage_admission
tldw_chatbook/Skills_Interop/recovery.py	94	_references <- tldw_chatbook.tldw_api.skills_schemas
tldw_chatbook/Skills_Interop/recovery_activation.py	41	observed <- tldw_chatbook.Backup_Recovery.generation_witnesses
tldw_chatbook/Skills_Interop/recovery_activation.py	77	_identity <- tldw_chatbook.Backup_Recovery.native_files
tldw_chatbook/Skills_Interop/recovery_activation.py	108	select <- .skill_trust_store
tldw_chatbook/Skills_Interop/recovery_activation.py	183	require_write <- .skill_trust_service
tldw_chatbook/Skills_Interop/recovery_activation.py	237	_snapshots <- tldw_chatbook.Backup_Recovery.native_files
tldw_chatbook/Skills_Interop/recovery_activation.py	239	_snapshots <- .skill_trust_scanner
tldw_chatbook/Skills_Interop/recovery_activation.py	310	_review <- tldw_chatbook.Backup_Recovery.storage_admission
tldw_chatbook/Skills_Interop/recovery_activation.py	351	approve <- tldw_chatbook.Backup_Recovery.activation
tldw_chatbook/Skills_Interop/recovery_activation.py	352	approve <- tldw_chatbook.Backup_Recovery.native_files
tldw_chatbook/Skills_Interop/server_skills_service.py	128	create_skill <- ..tldw_api
tldw_chatbook/Skills_Interop/server_skills_service.py	145	update_skill <- ..tldw_api
tldw_chatbook/Skills_Interop/server_skills_service.py	174	import_skill <- ..tldw_api
tldw_chatbook/Skills_Interop/server_skills_service.py	211	execute_skill <- ..tldw_api
tldw_chatbook/Skills_Interop/skill_remote_fetch.py	99	classify_skill_source_url <- ..Utils.input_validation
tldw_chatbook/Skills_Interop/skill_remote_fetch.py	254	fetch_zip_bytes <- ..Utils.input_validation
tldw_chatbook/Skills_Interop/skill_remote_fetch.py	355	re_root_skill_zip <- .local_skills_service
tldw_chatbook/Skills_Interop/skill_remote_fetch.py	356	re_root_skill_zip <- ..tldw_api.skills_schemas
tldw_chatbook/Skills_Interop/skill_remote_fetch.py	398	re_root_skill_zip <- .skill_trust_scanner
tldw_chatbook/Skills_Interop/skill_remote_fetch.py	479	_download_skill_archive <- ..Utils.github_api_client
tldw_chatbook/Skills_Interop/skill_trust_scanner.py	24	_validate_relative_path <- ..tldw_api.skills_schemas
tldw_chatbook/Skills_Interop/skill_trust_service.py	96	_execution_sources <- .recovery_activation
tldw_chatbook/Skills_Interop/skill_trust_service.py	105	_execution_scope <- tldw_chatbook.Backup_Recovery.activation
tldw_chatbook/Skills_Interop/skill_trust_service.py	106	_execution_scope <- tldw_chatbook.Backup_Recovery.profile_paths
tldw_chatbook/Skills_Interop/skill_trust_service.py	107	_execution_scope <- tldw_chatbook.Backup_Recovery.storage_admission
tldw_chatbook/Skills_Interop/skill_trust_service.py	132	_execution_scope <- tldw_chatbook.Backup_Recovery.local_content_lifetime
tldw_chatbook/Skills_Interop/skill_trust_service.py	134	_execution_scope <- .recovery_activation
tldw_chatbook/Skills_Interop/skill_trust_service.py	209	__init__ <- .recovery_activation
tldw_chatbook/Skills_Interop/skill_trust_service.py	228	enable_keyring_convenience <- .recovery_activation
tldw_chatbook/Skills_Interop/skill_trust_service.py	333	reset_trust <- .recovery_activation
tldw_chatbook/Skills_Interop/skill_trust_service.py	364	recovery_posture <- .recovery_activation
tldw_chatbook/Skills_Interop/skill_trust_service.py	430	bootstrap_trust <- .recovery_activation
tldw_chatbook/Skills_Interop/skill_trust_service.py	757	capture_recovery_review <- .recovery_activation
tldw_chatbook/Skills_Interop/skill_trust_service.py	766	trust_reviewed_recovery <- .recovery_activation
tldw_chatbook/Skills_Interop/skill_trust_service.py	847	trust_current_skill <- .recovery_activation
tldw_chatbook/Skills_Interop/skill_trust_service.py	993	grant_script_execution <- .recovery_activation
tldw_chatbook/Skills_Interop/skill_trust_service.py	1015	revoke_script_execution <- .recovery_activation
tldw_chatbook/Skills_Interop/skill_trust_service.py	1159	_normalize_skill_name <- ..tldw_api.skills_schemas
tldw_chatbook/Skills_Interop/skill_trust_store.py	586	delete_manifest <- shutil
tldw_chatbook/Skills_Interop/skill_trust_store.py	610	_resolve_keyring_backend <- keyring
tldw_chatbook/Study_Interop/recovery.py	63	validate <- tldw_chatbook.DB.private_sqlite
tldw_chatbook/Study_Interop/server_quiz_service.py	129	create_quiz <- ..tldw_api
tldw_chatbook/Study_Interop/server_quiz_service.py	179	create_question <- ..tldw_api
tldw_chatbook/Study_Interop/server_quiz_service.py	218	submit_attempt <- ..tldw_api
tldw_chatbook/Study_Interop/server_study_service.py	158	_flashcard_create_request <- ..tldw_api
tldw_chatbook/Study_Interop/server_study_service.py	182	create_deck <- ..tldw_api
tldw_chatbook/Study_Interop/server_study_service.py	208	update_deck <- ..tldw_api
tldw_chatbook/Study_Interop/server_study_service.py	254	create_flashcard <- ..tldw_api
tldw_chatbook/Study_Interop/server_study_service.py	314	respond_flashcard_assistant <- ..tldw_api
tldw_chatbook/Study_Interop/server_study_service.py	342	generate_flashcards <- ..tldw_api
tldw_chatbook/Study_Interop/server_study_service.py	382	import_flashcards <- ..tldw_api
tldw_chatbook/Study_Interop/server_study_service.py	425	move_flashcard <- ..tldw_api
tldw_chatbook/Study_Interop/server_study_service.py	462	update_flashcards_bulk <- ..tldw_api
tldw_chatbook/Study_Interop/server_study_service.py	479	reset_flashcard_scheduling <- ..tldw_api
tldw_chatbook/Study_Interop/server_study_service.py	494	set_flashcard_tags <- ..tldw_api
tldw_chatbook/Study_Interop/server_study_service.py	528	preview_structured_qa_import <- ..tldw_api
tldw_chatbook/Study_Interop/server_study_service.py	549	import_flashcards_tsv <- ..tldw_api
tldw_chatbook/Study_Interop/server_study_service.py	647	respond_flashcard_study_assistant <- ..tldw_api
tldw_chatbook/Study_Interop/server_study_service.py	690	create_flashcard_template <- ..tldw_api
tldw_chatbook/Study_Interop/server_study_service.py	733	update_flashcard_template <- ..tldw_api
tldw_chatbook/Study_Interop/server_study_service.py	814	submit_flashcard_review <- ..tldw_api
tldw_chatbook/Study_Interop/server_study_service.py	839	create_study_pack_job <- ..tldw_api
tldw_chatbook/Study_Interop/server_study_service.py	905	refresh_study_suggestion_snapshot <- ..tldw_api
tldw_chatbook/Study_Interop/server_study_service.py	929	trigger_study_suggestion_action <- ..tldw_api
tldw_chatbook/Subscriptions/briefing_audio.py	389	_split_turn_text <- tldw_chatbook.TTS.text_processing
tldw_chatbook/Subscriptions/briefing_audio.py	684	_synthesize_legacy_chunk <- tldw_chatbook.TTS.legacy_request_builder
tldw_chatbook/Subscriptions/briefing_audio.py	1087	_remove_file_quietly <- tldw_chatbook.Backup_Recovery.storage_admission
tldw_chatbook/Subscriptions/briefing_service.py	338	resolve_persisted_briefing_defaults <- ..Chat.provider_setup_persistence
tldw_chatbook/Subscriptions/briefing_service.py	342	resolve_persisted_briefing_defaults <- ..config
tldw_chatbook/Subscriptions/db_offload.py	67	run_db_off_loop <- tldw_chatbook.DB.Subscriptions_DB
tldw_chatbook/Subscriptions/local_watchlists_service.py	146	_disposition_count_keys <- .monitoring_engine
tldw_chatbook/Subscriptions/local_watchlists_service.py	2124	_default_run_executor <- .monitoring_engine
tldw_chatbook/Subscriptions/local_watchlists_service.py	2298	_run_guarded_source_check <- .monitoring_engine
tldw_chatbook/Subscriptions/local_watchlists_service.py	2391	_check_url_guarded <- .monitoring_engine
tldw_chatbook/Subscriptions/local_watchlists_service.py	2453	_check_url_isolated <- .monitoring_engine
tldw_chatbook/Subscriptions/local_watchlists_service.py	2503	_urls_for_sitemap <- httpx
tldw_chatbook/Subscriptions/local_watchlists_service.py	2562	_items_for_api_source <- httpx
tldw_chatbook/Subscriptions/server_watchlists_service.py	155	create_source <- ..tldw_api
tldw_chatbook/Subscriptions/server_watchlists_service.py	187	update_source <- ..tldw_api
tldw_chatbook/Subscriptions/server_watchlists_service.py	310	create_alert_rule <- ..tldw_api
tldw_chatbook/Subscriptions/server_watchlists_service.py	325	update_alert_rule <- ..tldw_api
tldw_chatbook/Subscriptions/startup_reconcile.py	235	reconcile_interrupted_subscription_work <- tldw_chatbook.Subscriptions.briefing_audio
tldw_chatbook/Subscriptions/startup_reconcile.py	236	reconcile_interrupted_subscription_work <- tldw_chatbook.Subscriptions.briefing_cast
tldw_chatbook/Subscriptions/startup_reconcile.py	237	reconcile_interrupted_subscription_work <- tldw_chatbook.Subscriptions.briefing_service
tldw_chatbook/Subscriptions/watchlists_operation_coordinator.py	199	reconcile_startup <- .startup_reconcile
tldw_chatbook/Sync_Interop/conflict_review.py	118	resolve_notes_organization_adoption <- datetime
tldw_chatbook/Sync_Interop/conflict_review.py	161	_rename_notes_organization_resource <- tldw_chatbook.Notes.notes_organization_repository
tldw_chatbook/Sync_Interop/conflict_review.py	200	_rename_notes_organization_resource <- tldw_chatbook.Notes.note_folder_repository
tldw_chatbook/Sync_Interop/domain_adapters/__init__.py	14	__getattr__ <- .notes_organization
tldw_chatbook/Sync_Interop/domain_adapters/notes_organization.py	31	apply <- tldw_chatbook.Notes.notes_organization_repository
tldw_chatbook/Sync_Interop/envelope_applier.py	64	__init__ <- tldw_chatbook.Notes.notes_organization_repository
tldw_chatbook/Sync_Interop/envelope_applier.py	89	apply <- tldw_chatbook.Sync_Interop.domain_adapters.notes_organization
tldw_chatbook/Sync_Interop/envelope_applier.py	172	_apply_personal_context <- tldw_chatbook.Personal_Context.service
tldw_chatbook/Sync_Interop/envelope_applier.py	173	_apply_personal_context <- tldw_chatbook.Sync_Interop.personal_context_adapter
tldw_chatbook/Sync_Interop/envelope_builder.py	74	build_personal_context_whole_object <- tldw_chatbook.tldw_api
tldw_chatbook/Sync_Interop/envelope_builder.py	128	_notes_note_envelope <- tldw_chatbook.tldw_api
tldw_chatbook/Sync_Interop/envelope_builder.py	438	_encrypted_envelope <- tldw_chatbook.tldw_api
tldw_chatbook/Sync_Interop/envelope_builder.py	475	_clear_envelope <- tldw_chatbook.tldw_api
tldw_chatbook/Sync_Interop/hashing.py	20	canonical_thinking_blocks_json <- tldw_chatbook.Chat.thinking_blocks
tldw_chatbook/Sync_Interop/local_first_sync_service.py	103	sync_once <- tldw_chatbook.tldw_api
tldw_chatbook/Sync_Interop/local_first_sync_service.py	554	pull_notes_organization_history <- tldw_chatbook.tldw_api
tldw_chatbook/Sync_Interop/local_first_sync_service.py	558	pull_notes_organization_history <- tldw_chatbook.Notes.notes_organization_repository
tldw_chatbook/Sync_Interop/local_first_sync_service.py	729	_coerce_envelope <- tldw_chatbook.tldw_api
tldw_chatbook/Sync_Interop/notes_m1_flow.py	27	push <- tldw_chatbook.tldw_api
tldw_chatbook/Sync_Interop/notes_organization_sync_service.py	822	advance_enrollment <- tldw_chatbook.Sync_Interop.notes_organization_inventory
tldw_chatbook/Sync_Interop/notes_organization_sync_service.py	858	advance_enrollment <- uuid
tldw_chatbook/Sync_Interop/personal_context_first_link_sync.py	371	_coerce <- tldw_chatbook.tldw_api
tldw_chatbook/Sync_Interop/recovery.py	51	validate <- tldw_chatbook.DB.private_sqlite
tldw_chatbook/Sync_Interop/recovery.py	69	capture <- tldw_chatbook.DB.private_sqlite
tldw_chatbook/Sync_Interop/restore_service.py	84	restore_selection <- tldw_chatbook.tldw_api
tldw_chatbook/Sync_Interop/server_sync_service.py	53	_sync_execution_scope <- tldw_chatbook.Backup_Recovery.activation
tldw_chatbook/Sync_Interop/server_sync_service.py	54	_sync_execution_scope <- tldw_chatbook.Backup_Recovery.storage_admission
tldw_chatbook/Sync_Interop/server_sync_service.py	249	_coerce_payload <- ..tldw_api
tldw_chatbook/Sync_Interop/server_sync_service.py	291	bootstrap_notes_organization_profile <- ..tldw_api
tldw_chatbook/Sync_Interop/server_sync_service.py	545	run_v2_dry_run <- ..tldw_api
tldw_chatbook/Sync_Interop/server_sync_service.py	725	bootstrap_personal_context_link <- ..tldw_api
tldw_chatbook/Sync_Interop/server_sync_service.py	730	bootstrap_personal_context_link <- .sync_readiness
tldw_chatbook/Sync_Interop/server_sync_service.py	734	bootstrap_personal_context_link <- tldw_profile_core
tldw_chatbook/Sync_Interop/server_sync_service.py	821	complete_personal_context_link <- ..tldw_api
tldw_chatbook/Sync_Interop/server_sync_service.py	846	store_v2_recovery_bundle <- ..tldw_api
tldw_chatbook/Sync_Interop/server_sync_service.py	963	_push_v2_envelopes <- ..tldw_api
tldw_chatbook/Sync_Interop/server_sync_service.py	1076	_pull_v2_envelopes <- ..tldw_api
tldw_chatbook/Sync_Interop/server_sync_service.py	1164	resolve_v2_conflict <- ..tldw_api
tldw_chatbook/Sync_Interop/sync_state_repository.py	205	transaction <- tldw_chatbook.Backup_Recovery.participants
tldw_chatbook/Sync_Interop/sync_state_repository.py	2746	_parse_outbox_envelope <- tldw_chatbook.tldw_api
tldw_chatbook/TTS/TTS_Backends.py	196	_prepare_backend_config <- os
tldw_chatbook/TTS/TTS_Backends.py	219	_prepare_backend_config <- os
tldw_chatbook/TTS/TTS_Backends.py	235	_prepare_backend_config <- os
tldw_chatbook/TTS/TTS_Backends.py	269	_prepare_backend_config <- os
tldw_chatbook/TTS/__init__.py	349	__getattr__ <- tldw_chatbook.Backup_Recovery.storage_admission
tldw_chatbook/TTS/adapter_bootstrap.py	120	build_default_tts_service <- .profile_source
tldw_chatbook/TTS/audio_cpp_artifact_catalog.py	432	audio_cpp_artifact_source_matches_descriptor <- tldw_chatbook.Model_Artifacts.service
tldw_chatbook/TTS/audio_cpp_artifact_catalog.py	503	_curated_entry <- tldw_chatbook.Model_Artifacts.service
tldw_chatbook/TTS/audio_cpp_artifact_catalog.py	511	_curated_entry <- tldw_chatbook.TTS.audio_cpp_recipes
tldw_chatbook/TTS/audio_cpp_artifact_catalog.py	578	audio_cpp_curated_entries <- tldw_chatbook.TTS.audio_cpp_recipes
tldw_chatbook/TTS/audio_cpp_artifact_dependencies.py	606	_default_catalog_entries <- tldw_chatbook.TTS.audio_cpp_artifact_catalog
tldw_chatbook/TTS/audio_cpp_artifact_dependencies.py	609	_default_catalog_entries <- tldw_chatbook.TTS.audio_cpp_recipes
tldw_chatbook/TTS/audio_cpp_guided_launch.py	296	_validate_binary <- tldw_chatbook.Utils.path_validation
tldw_chatbook/TTS/audio_cpp_guided_launch.py	693	_default_artifact_root <- tldw_chatbook.Utils.paths
tldw_chatbook/TTS/audio_player.py	720	_get_executor <- concurrent.futures
tldw_chatbook/TTS/backends/chatterbox.py	866	_generate_single <- torch
tldw_chatbook/TTS/backends/chatterbox.py	1327	_combine_audio_with_crossfade <- io
tldw_chatbook/TTS/backends/chatterbox.py	1328	_combine_audio_with_crossfade <- torch
tldw_chatbook/TTS/backends/chatterbox.py	1329	_combine_audio_with_crossfade <- wave
tldw_chatbook/TTS/backends/chatterbox.py	1330	_combine_audio_with_crossfade <- numpy
tldw_chatbook/TTS/backends/chatterbox.py	1373	_tensor_to_wav_bytes <- io
tldw_chatbook/TTS/backends/chatterbox.py	1374	_tensor_to_wav_bytes <- wave
tldw_chatbook/TTS/backends/chatterbox.py	1375	_tensor_to_wav_bytes <- torch
tldw_chatbook/TTS/backends/higgs.py	934	_looks_like_speaker_name <- re
tldw_chatbook/TTS/backends/higgs.py	968	_invoke_serve_engine_generate <- inspect
tldw_chatbook/TTS/backends/kokoro.py	378	initialize <- pathlib
tldw_chatbook/TTS/backends/kokoro.py	389	initialize <- pathlib
tldw_chatbook/TTS/backends/kokoro.py	399	initialize <- pathlib
tldw_chatbook/TTS/backends/kokoro.py	414	load_model <- pathlib
tldw_chatbook/TTS/backends/kokoro.py	721	produce <- tldw_chatbook.TTS.kokoro_languages
tldw_chatbook/TTS/backends/openai.py	89	__init__ <- tldw_chatbook.config
tldw_chatbook/TTS/kokoro_pytorch.py	72	require_runtime <- kokoro
tldw_chatbook/TTS/kokoro_pytorch.py	115	load <- huggingface_hub
tldw_chatbook/TTS/legacy_bridge.py	871	default_manager_factory <- tldw_chatbook.TTS.TTS_Backends
tldw_chatbook/TTS/loose_voice_lifetime.py	242	directory <- tldw_chatbook.Utils.private_paths
tldw_chatbook/TTS/loose_voice_lifetime.py	275	open_text <- tldw_chatbook.Utils.private_paths
tldw_chatbook/TTS/loose_voice_lifetime.py	304	copy <- tldw_chatbook.Utils.private_paths
tldw_chatbook/TTS/loose_voice_lifetime.py	323	unlink <- tldw_chatbook.Utils.private_paths
tldw_chatbook/TTS/loose_voice_lifetime.py	339	remove_tree <- tldw_chatbook.Utils.private_paths
tldw_chatbook/TTS/profile_migration_candidate.py	88	__init__ <- threading
tldw_chatbook/TTS/profile_migration_namespace.py	148	_rename_noreplace <- tldw_chatbook.Utils.windows_files
tldw_chatbook/TTS/profile_migration_native.py	71	admit <- tldw_chatbook.Backup_Recovery
tldw_chatbook/TTS/profile_migration_native.py	104	open_parent <- tldw_chatbook.Backup_Recovery
tldw_chatbook/TTS/profile_migration_native.py	176	new_reader <- tldw_chatbook.DB.private_sqlite
tldw_chatbook/TTS/profile_migration_native.py	358	_migration_paths <- .profile_migration_journal
tldw_chatbook/TTS/profile_migration_native.py	362	_migration_paths <- .profile_migration_namespace
tldw_chatbook/TTS/profile_migration_native.py	409	_source_allocation <- tldw_chatbook.DB.private_sqlite
tldw_chatbook/TTS/profile_migration_recovery.py	992	recover_profile_migration_publication <- tldw_chatbook.TTS.profile_errors
tldw_chatbook/TTS/profile_reference_materialization.py	106	admit <- tldw_chatbook.Backup_Recovery
tldw_chatbook/TTS/profile_reference_materialization.py	187	open_directory <- tldw_chatbook.Utils
tldw_chatbook/TTS/profile_reference_materialization.py	564	_check_source <- .profile_source
tldw_chatbook/TTS/profile_repository.py	254	admit_allocation <- tldw_chatbook.Backup_Recovery
tldw_chatbook/TTS/profile_repository.py	255	admit_allocation <- tldw_chatbook.Backup_Recovery.bootstrap
tldw_chatbook/TTS/profile_repository.py	371	retire <- tldw_chatbook.Backup_Recovery
tldw_chatbook/TTS/profile_repository.py	1739	_worker_open <- .profile_source
tldw_chatbook/TTS/profile_repository.py	1834	_worker_open_if_proven_current <- .profile_migration_native
tldw_chatbook/TTS/profile_repository.py	1954	_worker_initialize_store <- .profile_migration_native
tldw_chatbook/TTS/profile_repository.py	2062	_worker_publish_migrated_store <- .profile_migration_native
tldw_chatbook/TTS/profile_repository.py	2436	_worker_exact_schema_version <- .profile_migration_native
tldw_chatbook/TTS/profile_repository.py	3078	_worker_backup_to <- tldw_chatbook.Backup_Recovery
tldw_chatbook/TTS/profile_repository.py	3394	_worker_restore_with_publication <- .profile_migration_native
tldw_chatbook/TTS/profile_repository.py	3570	_worker_schema_version_for_restore <- .profile_migration_native
tldw_chatbook/TTS/profile_repository.py	3623	_worker_validate_restore_source <- .profile_migration_native
tldw_chatbook/TTS/profile_repository.py	3752	_worker_create_recovery_backup <- tldw_chatbook.Backup_Recovery
tldw_chatbook/TTS/profile_repository.py	5657	_worker_operation <- .profile_source
tldw_chatbook/TTS/profile_repository.py	5785	_reserve_maintenance_entry <- tldw_chatbook.Backup_Recovery
tldw_chatbook/TTS/profile_repository.py	5805	_maintenance_close_admission <- tldw_chatbook.Backup_Recovery
tldw_chatbook/TTS/profile_repository.py	5894	_maintenance_retire_blocker <- tldw_chatbook.Backup_Recovery
tldw_chatbook/TTS/profile_repository.py	5928	_maintenance_resume <- tldw_chatbook.Backup_Recovery
tldw_chatbook/TTS/profile_schema.py	373	admit <- tldw_chatbook.Backup_Recovery
tldw_chatbook/TTS/profile_schema.py	847	capture_post_init_profile_store_authority <- .profile_migration_native
tldw_chatbook/TTS/profile_schema.py	1073	_validate_migration_reference_rows <- tldw_chatbook.TTS.profile_reference_audio
tldw_chatbook/TTS/profile_schema.py	1076	_validate_migration_reference_rows <- tldw_chatbook.TTS.profile_reference_storage
tldw_chatbook/TTS/profile_schema.py	1081	_validate_migration_reference_rows <- tldw_chatbook.TTS.profile_reference_types
tldw_chatbook/TTS/profile_schema.py	1653	open_exact_current_profile_store <- tldw_chatbook.Backup_Recovery.storage_admission
tldw_chatbook/TTS/profile_schema.py	1699	open_profile_store <- .profile_migration_native
tldw_chatbook/TTS/profile_schema.py	1986	__init__ <- tldw_chatbook.Backup_Recovery
tldw_chatbook/TTS/profile_schema.py	2026	admit <- tldw_chatbook.Backup_Recovery.bootstrap
tldw_chatbook/TTS/profile_schema.py	2226	validate_profile_candidate <- tldw_chatbook.Backup_Recovery.bootstrap
tldw_chatbook/TTS/profile_service.py	1371	counted <- .profile_source
tldw_chatbook/TTS/profile_service.py	1434	_check_source <- .profile_source
tldw_chatbook/TTS/profile_service.py	1451	_service_call <- .profile_source
tldw_chatbook/TTS/profile_service.py	1488	_maintenance_resume <- .profile_source
tldw_chatbook/TTS/profile_service.py	1495	_validate_sample_audio <- .sample_audio_validation
tldw_chatbook/TTS/profile_service.py	1497	_validate_sample_audio <- pathlib
tldw_chatbook/TTS/profile_source.py	119	check <- .profile_reference_materialization
tldw_chatbook/TTS/profile_source.py	183	check_materializer_source <- .profile_reference_materialization
tldw_chatbook/TTS/profile_source.py	218	check <- .voice_bundle_codec
tldw_chatbook/TTS/profile_source.py	353	check_bundle_source <- .voice_bundle_codec
tldw_chatbook/TTS/profile_store_lock.py	94	admit <- tldw_chatbook.Backup_Recovery
tldw_chatbook/TTS/recovery.py	62	discover <- tldw_chatbook.Backup_Recovery.bootstrap
tldw_chatbook/TTS/recovery.py	87	validate <- tldw_chatbook.DB.private_sqlite
tldw_chatbook/TTS/recovery.py	110	capture <- tldw_chatbook.DB.private_sqlite
tldw_chatbook/TTS/recovery.py	329	discover <- .profile_migration_journal
tldw_chatbook/TTS/sample_audio_validation.py	252	admit <- tldw_chatbook.Backup_Recovery.storage_admission
tldw_chatbook/TTS/sample_audio_validation.py	255	admit <- .profile_source
tldw_chatbook/TTS/studio_preferences.py	555	load <- tldw_chatbook
tldw_chatbook/TTS/studio_preferences.py	602	save <- tldw_chatbook
tldw_chatbook/TTS/voice_bundle_service.py	474	admit <- tldw_chatbook.Backup_Recovery
tldw_chatbook/TTS/voice_bundle_service.py	548	open_directory <- tldw_chatbook.Utils
tldw_chatbook/TTS/voice_bundle_service.py	1567	_check_source <- .profile_source
tldw_chatbook/Terminal/__init__.py	55	__getattr__ <- .backend
tldw_chatbook/Terminal/launch.py	570	_read_windows_environment_block <- ctypes
tldw_chatbook/Terminal/launch.py	571	_read_windows_environment_block <- ctypes
tldw_chatbook/Terminal/launch.py	615	_parse_windows_environment_block <- ctypes
tldw_chatbook/Terminal/posix_backend.py	780	managed_process_inventory_for_tests <- .session_manager
tldw_chatbook/Terminal/session_manager.py	250	create_session <- .io_actors
tldw_chatbook/Terminal/session_manager.py	251	create_session <- .launch
tldw_chatbook/Terminal/session_manager.py	556	offer_output <- .io_actors
tldw_chatbook/Terminal/session_manager.py	656	view_state <- .screen_model
tldw_chatbook/Terminal/session_manager.py	890	rename_session <- .launch
tldw_chatbook/Terminal/session_manager.py	922	send_key <- .io_actors
tldw_chatbook/Terminal/session_manager.py	939	send_paste <- .io_actors
tldw_chatbook/Terminal/session_manager.py	1033	_make_screen_model <- .screen_model
tldw_chatbook/Text2SQL_Interop/server_text2sql_service.py	106	query <- ..tldw_api
tldw_chatbook/Tool_Packs/binding.py	496	_disposition <- tldw_chatbook.MCP.permission_store
tldw_chatbook/Tool_Packs/binding.py	523	_summary <- tldw_chatbook.MCP.permission_store
tldw_chatbook/Tools_Interop/server_tools_service.py	109	execute_tool <- ..tldw_api
tldw_chatbook/Translation_Interop/server_translation_service.py	101	_model <- ..tldw_api
tldw_chatbook/UI/CCP_Modules/ccp_character_handler.py	43	_default_character_db <- ...config
tldw_chatbook/UI/CCP_Modules/ccp_character_handler.py	85	fetch_all_characters <- ...Character_Chat.Character_Chat_Lib
tldw_chatbook/UI/CCP_Modules/ccp_character_handler.py	166	import_character_card <- ...Character_Chat.Character_Chat_Lib
tldw_chatbook/UI/CCP_Modules/ccp_character_handler.py	174	inspect_character_card_tts_attachment <- ...Character_Chat.Character_Chat_Lib
tldw_chatbook/UI/CCP_Modules/ccp_character_handler.py	184	import_character_card_with_outcome <- ...Character_Chat.Character_Chat_Lib
tldw_chatbook/UI/CCP_Modules/ccp_character_handler.py	1025	handle_import <- ...Widgets.enhanced_file_picker
tldw_chatbook/UI/CCP_Modules/ccp_loading_indicators.py	398	animate <- asyncio
tldw_chatbook/UI/ChatbookExportManagementWindow.py	1084	_delete_selected <- ..Widgets.confirmation_dialog
tldw_chatbook/UI/Chatbooks_Window_Improved.py	730	action_create_chatbook <- .Wizards.ChatbookCreationWizard
tldw_chatbook/UI/Chatbooks_Window_Improved.py	745	action_import_chatbook <- .Wizards.ChatbookImportWizard
tldw_chatbook/UI/Chatbooks_Window_Improved.py	768	action_browse_templates <- .ChatbookTemplatesWindow
tldw_chatbook/UI/Chatbooks_Window_Improved.py	777	action_browse_templates <- .Wizards.ChatbookCreationWizard
tldw_chatbook/UI/Chatbooks_Window_Improved.py	792	action_manage_exports <- .ChatbookExportManagementWindow
tldw_chatbook/UI/Chunking_Lab_Modules/dialogs.py	120	_filter <- rich.text
tldw_chatbook/UI/CodeRepoCopyPasteWindow.py	548	configure_token <- ..config
tldw_chatbook/UI/CodeRepoCopyPasteWindow.py	672	handle_node_expanded <- ..config
tldw_chatbook/UI/Dictation_Window_Improved.py	985	_export_as_text <- datetime
tldw_chatbook/UI/Dictation_Window_Improved.py	1009	_export_as_markdown <- datetime
tldw_chatbook/UI/Evals/bench_editor.py	537	is_dirty <- textual.css.query
tldw_chatbook/UI/Evals/bench_editor.py	1030	_refresh_targets_section <- textual.css.query
tldw_chatbook/UI/Evals/bench_editor.py	1073	_keep_create_control_in_view <- textual.css.query
tldw_chatbook/UI/Evals/bench_editor.py	1110	_capture_pending_target_form <- textual.css.query
tldw_chatbook/UI/Evals/bench_editor.py	1187	_clear_form_error <- textual.css.query
tldw_chatbook/UI/Evals/bench_editor.py	1204	_on_add_target_pressed <- textual.css.query
tldw_chatbook/UI/Evals/bench_editor.py	1293	_on_create_target_pressed <- textual.css.query
tldw_chatbook/UI/Evals/character_bench_editor.py	338	is_dirty <- textual.css.query
tldw_chatbook/UI/Evals/evals_state.py	114	character_benches <- ...Evals.character_probe.storage
tldw_chatbook/UI/Evals/evals_state.py	120	skill_eval_benches <- ...Evals.skill_eval.storage
tldw_chatbook/UI/Evals/evals_state.py	127	skill_eval_bench_by_id <- ...Evals.skill_eval.storage
tldw_chatbook/UI/Evals/evals_state.py	150	skill_eval_targets <- ...Chat.Chat_Functions
tldw_chatbook/UI/Evals/evals_state.py	174	probe_sets <- ...Evals.character_probe.storage
tldw_chatbook/UI/Evals/evals_state.py	202	word_bench_datasets <- ...Evals.character_probe.storage
tldw_chatbook/UI/Evals/inspector.py	635	show_cell <- textual.css.query
tldw_chatbook/UI/Evals/skill_eval_launch.py	44	_reply_text <- ..Screens.evals_screen
tldw_chatbook/UI/Evals/skill_eval_launch.py	133	builtin_tool_names <- ...Agents.tool_catalog
tldw_chatbook/UI/Evals/skill_eval_launch.py	197	store_skill_names <- ...Skills_Interop.local_skills_service
tldw_chatbook/UI/LLM_Management/vllm_connection.py	534	_default_credential_resolver <- tldw_chatbook.config
tldw_chatbook/UI/LLM_Management/vllm_profiles.py	186	default_vllm_profile_path <- tldw_chatbook.config
tldw_chatbook/UI/LLM_Management/vllm_setup.py	503	_open_windows_probe_output_pipe <- tldw_chatbook.Model_Artifacts.machine_memory_probe
tldw_chatbook/UI/LLM_Management_Window.py	664	_mount_deferred_views <- .Screens.model_curated_view
tldw_chatbook/UI/LLM_Management_Window.py	665	_mount_deferred_views <- .Screens.model_external_view
tldw_chatbook/UI/LLM_Management_Window.py	666	_mount_deferred_views <- .Screens.model_installed_view
tldw_chatbook/UI/LLM_Management_Window.py	667	_mount_deferred_views <- .Screens.model_remote_view
tldw_chatbook/UI/LLM_Management_Window.py	743	_view_population_ready <- .Screens.model_installed_view
tldw_chatbook/UI/LLM_Management_Window.py	775	_ollama_api_available <- .Screens.llm_screen
tldw_chatbook/UI/LLM_Management_Window.py	857	_autofill_ollama_path <- shutil
tldw_chatbook/UI/LLM_Management_Window.py	896	_discover_binary <- shutil
tldw_chatbook/UI/LLM_Management_Window.py	897	_discover_binary <- pathlib
tldw_chatbook/UI/LLM_Management_Window.py	955	_ollama_prereq_text <- shutil
tldw_chatbook/UI/LLM_Management_Window.py	1201	_compose_server_panes <- ..Widgets.llamacpp_snapshot_manager
tldw_chatbook/UI/LLM_Management_Window.py	1530	_managed_install_progressed <- .Screens.model_installed_view
tldw_chatbook/UI/LLM_Management_Window.py	1543	_managed_install_status_changed <- .Screens.model_installed_view
tldw_chatbook/UI/LLM_Management_Window.py	2242	_finish_view_activation <- ..Widgets.llamacpp_snapshot_manager
tldw_chatbook/UI/MediaWindow_v2.py	1500	_handle_delete_confirmation_async <- ..Widgets.delete_confirmation_dialog
tldw_chatbook/UI/MediaWindow_v2.py	2266	activate_initial_view <- ..Utils.text
tldw_chatbook/UI/MediaWindow_v2.py	2275	_display_name_for_type_slug <- ..Utils.text
tldw_chatbook/UI/Research_Window.py	41	_parse_provider_tokens <- tldw_chatbook.Utils.input_validation
tldw_chatbook/UI/Research_Window.py	43	_parse_provider_tokens <- ..Research_Interop.research_source_catalog
tldw_chatbook/UI/Research_Window.py	376	ask_follow_up <- ..Research_Interop.local_research_engine
tldw_chatbook/UI/Research_Window.py	548	_start_local_engine <- tldw_chatbook.Research_Interop.local_research_engine
tldw_chatbook/UI/Research_Window.py	555	_start_local_engine <- ..Research_Interop.academic_providers
tldw_chatbook/UI/STTS_Window.py	354	compose <- tldw_chatbook.Widgets.TTS.chapter_editor_widget
tldw_chatbook/UI/STTS_Window.py	387	compose <- tldw_chatbook.Widgets.TTS.character_voice_widget
tldw_chatbook/UI/STTS_Window.py	604	_import_from_notes_worker <- tldw_chatbook.Notes.notes_scope_service
tldw_chatbook/UI/STTS_Window.py	605	_import_from_notes_worker <- tldw_chatbook.Widgets.Note_Widgets.note_selection_dialog
tldw_chatbook/UI/STTS_Window.py	720	_import_from_conversation_worker <- tldw_chatbook.Widgets.conversation_selection_dialog
tldw_chatbook/UI/STTS_Window.py	904	on_chapter_edit_event <- tldw_chatbook.Widgets.TTS.chapter_editor_widget
tldw_chatbook/UI/STTS_Window.py	923	on_chapter_preview_event <- tldw_chatbook.Widgets.TTS.chapter_editor_widget
tldw_chatbook/UI/STTS_Window.py	931	on_character_detection_event <- tldw_chatbook.Widgets.TTS.character_voice_widget
tldw_chatbook/UI/STTS_Window.py	959	on_character_voice_assign_event <- tldw_chatbook.Widgets.TTS.character_voice_widget
tldw_chatbook/UI/STTS_Window.py	2056	_mount_view_unlocked <- tldw_chatbook.UI.Voice_Cloning_Window
tldw_chatbook/UI/STTS_Window.py	2527	on_button_pressed <- tldw_chatbook.UI.Voice_Cloning_Window
tldw_chatbook/UI/Screens/artifacts_screen.py	270	_refresh_daily_reports <- ...Subscriptions.daily_reports_view
tldw_chatbook/UI/Screens/artifacts_screen.py	1225	_open_share_dialog <- ...Web_Server
tldw_chatbook/UI/Screens/artifacts_screen.py	1273	_run_share_dialog_open <- .artifact_share_dialog
tldw_chatbook/UI/Screens/artifacts_screen.py	1287	_start_share <- ...Web_Server.artifact_share
tldw_chatbook/UI/Screens/backup_restore_screen.py	985	_preview_rollback <- tldw_chatbook.Backup_Recovery.capture
tldw_chatbook/UI/Screens/backup_restore_screen.py	2236	_restore_ready <- tldw_chatbook.Backup_Recovery.restore_plan
tldw_chatbook/UI/Screens/backup_restore_screen.py	2308	_select_required_safety <- tldw_chatbook.Backup_Recovery.restore_plan
tldw_chatbook/UI/Screens/change_review_screen.py	437	tool_touched_relpaths <- pathlib
tldw_chatbook/UI/Screens/change_review_screen.py	439	tool_touched_relpaths <- tldw_chatbook.Workspaces.change_turn_tracker
tldw_chatbook/UI/Screens/change_review_screen.py	497	preflight_revert <- tldw_chatbook.Workspaces.change_revert
tldw_chatbook/UI/Screens/change_review_screen.py	514	revert <- tldw_chatbook.Workspaces.change_revert
tldw_chatbook/UI/Screens/change_review_screen.py	686	detect_git <- pathlib
tldw_chatbook/UI/Screens/change_review_screen.py	688	detect_git <- tldw_chatbook.Workspaces.git_workspace
tldw_chatbook/UI/Screens/change_review_screen.py	717	current_status <- pathlib
tldw_chatbook/UI/Screens/change_review_screen.py	719	current_status <- tldw_chatbook.Workspaces.git_workspace
tldw_chatbook/UI/Screens/change_review_screen.py	755	current_diff_text <- pathlib
tldw_chatbook/UI/Screens/change_review_screen.py	757	current_diff_text <- tldw_chatbook.Workspaces.git_workspace
tldw_chatbook/UI/Screens/change_review_screen.py	774	untracked_preview <- pathlib
tldw_chatbook/UI/Screens/change_review_screen.py	776	untracked_preview <- tldw_chatbook.Workspaces.git_workspace
tldw_chatbook/UI/Screens/change_review_screen.py	814	commit_selected <- pathlib
tldw_chatbook/UI/Screens/change_review_screen.py	816	commit_selected <- tldw_chatbook.Workspaces.git_workspace
tldw_chatbook/UI/Screens/change_review_screen.py	856	push_current <- pathlib
tldw_chatbook/UI/Screens/change_review_screen.py	858	push_current <- tldw_chatbook.Workspaces.git_workspace
tldw_chatbook/UI/Screens/change_review_screen.py	882	pr_url <- pathlib
tldw_chatbook/UI/Screens/change_review_screen.py	884	pr_url <- tldw_chatbook.Workspaces.git_workspace
tldw_chatbook/UI/Screens/change_review_screen.py	1139	_combined_refusal <- pathlib
tldw_chatbook/UI/Screens/change_review_screen.py	1800	_land_git_detection <- tldw_chatbook.Workspaces.git_workspace
tldw_chatbook/UI/Screens/change_review_screen.py	2296	_pr_refusal <- tldw_chatbook.Workspaces.git_workspace
tldw_chatbook/UI/Screens/change_review_screen.py	2431	_read_working_trees <- tldw_chatbook.Workspaces.git_workspace
tldw_chatbook/UI/Screens/change_review_screen.py	2548	_land_current_root_failure <- pathlib
tldw_chatbook/UI/Screens/change_review_screen.py	2694	_preflight <- tldw_chatbook.Workspaces.git_workspace
tldw_chatbook/UI/Screens/change_review_screen.py	2764	_land_commit_preflight_failure <- pathlib
tldw_chatbook/UI/Screens/change_review_screen.py	2825	_commit <- tldw_chatbook.Workspaces.git_workspace
tldw_chatbook/UI/Screens/change_review_screen.py	3075	_land_git_target_preflight <- tldw_chatbook.Workspaces.git_workspace
tldw_chatbook/UI/Screens/change_review_screen.py	3159	_push <- tldw_chatbook.Workspaces.git_workspace
tldw_chatbook/UI/Screens/change_review_screen.py	3319	_land_pr_url <- tldw_chatbook.Workspaces.git_workspace
tldw_chatbook/UI/Screens/change_review_screen.py	3363	_leaf_label <- pathlib
tldw_chatbook/UI/Screens/change_review_screen.py	4171	_run_revert <- tldw_chatbook.Workspaces.change_revert
tldw_chatbook/UI/Screens/change_review_screen.py	4293	_current_diff_text <- tldw_chatbook.Workspaces.git_workspace
tldw_chatbook/UI/Screens/change_review_screen.py	4804	compose <- pathlib
tldw_chatbook/UI/Screens/chat_screen.py	732	_conversation_settings_modal_module <- ...Widgets.Console
tldw_chatbook/UI/Screens/chat_screen.py	1091	_apply_console_turn_undo <- tldw_chatbook.Workspaces.change_revert
tldw_chatbook/UI/Screens/chat_screen.py	1468	_character_avatar_fallback_renderable <- ..Console_Modules.character_avatar_layout
tldw_chatbook/UI/Screens/chat_screen.py	2308	action_open_console_terminal <- ...Terminal.contracts
tldw_chatbook/UI/Screens/chat_screen.py	2357	_focus_open_console_terminal <- ...Widgets.Console.console_terminal_workspace
tldw_chatbook/UI/Screens/chat_screen.py	3214	_test_console_connection <- .settings_endpoint_probe
tldw_chatbook/UI/Screens/chat_screen.py	3222	_test_console_connection <- tldw_chatbook.Chat.custom_endpoint_registry
tldw_chatbook/UI/Screens/chat_screen.py	3227	_test_console_connection <- tldw_chatbook.Chat.provider_endpoint_contract
tldw_chatbook/UI/Screens/chat_screen.py	5255	action_open_console_session_switcher <- ...Widgets.Console.console_session_switcher_modal
tldw_chatbook/UI/Screens/chat_screen.py	5408	_open_console_character_library <- ...Character_Chat.character_conversation_navigation
tldw_chatbook/UI/Screens/chat_screen.py	5411	_open_console_character_library <- ...Constants
tldw_chatbook/UI/Screens/chat_screen.py	5412	_open_console_character_library <- ..Console_Modules.wiring
tldw_chatbook/UI/Screens/chat_screen.py	5413	_open_console_character_library <- ..Navigation.character_conversation_navigation
tldw_chatbook/UI/Screens/chat_screen.py	6187	_open_console_new_endpoint <- tldw_chatbook.Widgets.Console.console_endpoint_template_modal
tldw_chatbook/UI/Screens/chat_screen.py	6280	action_view_chat_context <- ...Widgets.Console.console_conversation_inspector
tldw_chatbook/UI/Screens/chat_screen.py	6485	_console_row_action_menu_open <- tldw_chatbook.Widgets.Console.console_conversation_action_menu
tldw_chatbook/UI/Screens/chat_screen.py	6488	_console_row_action_menu_open <- tldw_chatbook.Widgets.Console.console_workspace_action_menu
tldw_chatbook/UI/Screens/chat_screen.py	6516	_dismiss_console_conversation_action_menus <- tldw_chatbook.Widgets.Console.console_conversation_action_menu
tldw_chatbook/UI/Screens/chat_screen.py	6519	_dismiss_console_conversation_action_menus <- tldw_chatbook.Widgets.Console.console_workspace_action_menu
tldw_chatbook/UI/Screens/chat_screen.py	6547	_open_console_conversation_action_menu <- tldw_chatbook.Chat.console_conversation_actions
tldw_chatbook/UI/Screens/chat_screen.py	6550	_open_console_conversation_action_menu <- tldw_chatbook.Widgets.Console.console_conversation_action_menu
tldw_chatbook/UI/Screens/chat_screen.py	6627	_console_conversation_state <- tldw_chatbook.Chat.console_conversation_actions
tldw_chatbook/UI/Screens/chat_screen.py	6682	_workspace_menu_target <- tldw_chatbook.Chat.console_workspace_actions
tldw_chatbook/UI/Screens/chat_screen.py	6727	_open_console_workspace_action_menu <- tldw_chatbook.Widgets.Console.console_conversation_action_menu
tldw_chatbook/UI/Screens/chat_screen.py	6730	_open_console_workspace_action_menu <- tldw_chatbook.Widgets.Console.console_workspace_action_menu
tldw_chatbook/UI/Screens/chat_screen.py	6778	_open_console_tree_conversation_action_menu <- tldw_chatbook.Chat.console_conversation_actions
tldw_chatbook/UI/Screens/chat_screen.py	6781	_open_console_tree_conversation_action_menu <- tldw_chatbook.Widgets.Console.console_conversation_action_menu
tldw_chatbook/UI/Screens/chat_screen.py	6844	_mount_console_row_action_menu <- tldw_chatbook.Widgets.Console.console_conversation_action_menu
tldw_chatbook/UI/Screens/chat_screen.py	6848	_mount_console_row_action_menu <- tldw_chatbook.Widgets.Console.console_workspace_action_menu
tldw_chatbook/UI/Screens/chat_screen.py	6945	on_workspace_action_chosen <- tldw_chatbook.Chat.console_workspace_actions
tldw_chatbook/UI/Screens/chat_screen.py	7037	_console_markdown_source_messages <- tldw_chatbook.Chat.console_conversation_markdown
tldw_chatbook/UI/Screens/chat_screen.py	7077	_render_console_conversation_markdown <- tldw_chatbook.Chat.console_conversation_markdown
tldw_chatbook/UI/Screens/chat_screen.py	7080	_render_console_conversation_markdown <- datetime
tldw_chatbook/UI/Screens/chat_screen.py	7115	_save_console_conversation_markdown <- tldw_chatbook.Widgets.Console.console_save_markdown_modal
tldw_chatbook/UI/Screens/chat_screen.py	7148	_write_console_markdown_file <- aiofiles
tldw_chatbook/UI/Screens/chat_screen.py	7150	_write_console_markdown_file <- tldw_chatbook.Utils.path_validation
tldw_chatbook/UI/Screens/chat_screen.py	7175	on_conversation_action_chosen <- tldw_chatbook.Chat.console_conversation_actions
tldw_chatbook/UI/Screens/chat_screen.py	8512	_console_environment <- tldw_chatbook.UI.Console_Modules.environment
tldw_chatbook/UI/Screens/chat_screen.py	8568	_console_environment_snapshot <- tldw_chatbook.Chat.console_environment_state
tldw_chatbook/UI/Screens/chat_screen.py	8584	_console_environment_section_state <- datetime
tldw_chatbook/UI/Screens/chat_screen.py	8585	_console_environment_section_state <- datetime
tldw_chatbook/UI/Screens/chat_screen.py	8587	_console_environment_section_state <- tldw_chatbook.Chat.console_environment_state
tldw_chatbook/UI/Screens/chat_screen.py	8601	_console_tasks_section_state <- tldw_chatbook.Chat.console_environment_state
tldw_chatbook/UI/Screens/chat_screen.py	8642	_console_environment_root <- ..Console_Modules.environment
tldw_chatbook/UI/Screens/chat_screen.py	8710	_land_console_environment <- datetime
tldw_chatbook/UI/Screens/chat_screen.py	8711	_land_console_environment <- datetime
tldw_chatbook/UI/Screens/chat_screen.py	8713	_land_console_environment <- tldw_chatbook.Chat.console_environment_state
tldw_chatbook/UI/Screens/chat_screen.py	9247	_handle_console_environment_row <- tldw_chatbook.Chat.console_environment_state
tldw_chatbook/UI/Screens/chat_screen.py	10835	_speak_status <- tldw_chatbook.Event_Handlers.TTS_Events.tts_events
tldw_chatbook/UI/Screens/chat_screen.py	10937	_handle_console_composer_menu_choice <- ..Navigation.buddy_management
tldw_chatbook/UI/Screens/chat_screen.py	11026	_open_console_generate_image_modal <- ...Widgets.Console.console_generate_image_modal
tldw_chatbook/UI/Screens/chat_screen.py	11923	_poll_console_credential_readiness <- tldw_chatbook.LLM_Calls.anthropic_subscription
tldw_chatbook/UI/Screens/chat_screen.py	12207	_open_console_cost_breakdown <- ...Widgets.Console.console_conversation_inspector
tldw_chatbook/UI/Screens/chat_screen.py	12264	_push_console_inspector <- ...Widgets.Console.console_conversation_inspector
tldw_chatbook/UI/Screens/chat_screen.py	12267	_push_console_inspector <- ..Console_Modules.capture_policy_bindings
tldw_chatbook/UI/Screens/chat_screen.py	12379	_build_console_inspector_cost_data <- ...Widgets.Console.console_conversation_inspector
tldw_chatbook/UI/Screens/chat_screen.py	12600	_handle_avatar_view_requested <- ...Widgets.Console.character_expression_avatar
tldw_chatbook/UI/Screens/chat_screen.py	12678	_build_character_avatar_widget <- types
tldw_chatbook/UI/Screens/chat_screen.py	12680	_build_character_avatar_widget <- ...Widgets.Console.character_expression_avatar
tldw_chatbook/UI/Screens/chat_screen.py	12860	_read_card <- tldw_chatbook.DB.base_db
tldw_chatbook/UI/Screens/chat_screen.py	13391	_ensure_console_rail_scope_seed <- ...Backup_Recovery.profile_open
tldw_chatbook/UI/Screens/chat_screen.py	13392	_ensure_console_rail_scope_seed <- ...config
tldw_chatbook/UI/Screens/chat_screen.py	14449	_console_chat_dictionary_applier <- ...Character_Chat
tldw_chatbook/UI/Screens/chat_screen.py	14479	_console_world_info_applier <- ...Character_Chat.world_info_resolver
tldw_chatbook/UI/Screens/chat_screen.py	15623	_console_rag_extras_available <- ...Utils.optional_deps
tldw_chatbook/UI/Screens/chat_screen.py	16119	_open_console_prompt_queue <- ...Widgets.Console.console_prompt_queue_modal
tldw_chatbook/UI/Screens/chat_screen.py	16335	character_avatar_fit_box <- types
tldw_chatbook/UI/Screens/chat_screen.py	17507	_consume_pending_conversation_resume <- ..Console_Modules.archive
tldw_chatbook/UI/Screens/chat_screen.py	17514	_archive_current_saved_chat <- ..Console_Modules.archive
tldw_chatbook/UI/Screens/chat_screen.py	17611	_stage_handoff_as_console_live_work <- pydantic
tldw_chatbook/UI/Screens/chat_screen.py	17613	_stage_handoff_as_console_live_work <- tldw_chatbook.Chat.citation_evidence_models
tldw_chatbook/UI/Screens/chat_screen.py	17617	_stage_handoff_as_console_live_work <- tldw_chatbook.Utils.input_validation
tldw_chatbook/UI/Screens/chat_screen.py	18914	_console_attachment_blocked_reason <- tldw_chatbook.Chat.attachment_core
tldw_chatbook/UI/Screens/chat_screen.py	19011	_send_console_message_from_visible_action <- tldw_chatbook.Chat.console_send_diagnostics
tldw_chatbook/UI/Screens/chat_screen.py	19182	_dispatch_console_draft_send <- tldw_chatbook.Chat.console_send_diagnostics
tldw_chatbook/UI/Screens/chat_screen.py	19325	_console_command_help <- ...Chat.console_help
tldw_chatbook/UI/Screens/chat_screen.py	19348	_console_command_doctor <- asyncio
tldw_chatbook/UI/Screens/chat_screen.py	19350	_console_command_doctor <- ...Utils.doctor
tldw_chatbook/UI/Screens/chat_screen.py	19598	_console_command_research <- tldw_chatbook.UI.Console_Modules.research_command
tldw_chatbook/UI/Screens/chat_screen.py	19626	_console_command_research <- tldw_chatbook.Research_Interop.chat_handoff
tldw_chatbook/UI/Screens/chat_screen.py	19629	_console_command_research <- tldw_chatbook.Research_Interop.local_research_engine
tldw_chatbook/UI/Screens/chat_screen.py	19632	_console_command_research <- tldw_chatbook.Tools.local_tool_impls
tldw_chatbook/UI/Screens/chat_screen.py	19727	_open_video_with_os <- subprocess
tldw_chatbook/UI/Screens/chat_screen.py	19728	_open_video_with_os <- sys
tldw_chatbook/UI/Screens/chat_screen.py	19835	_console_command_emergency_stop <- tldw_chatbook.emergency_stop
tldw_chatbook/UI/Screens/chat_screen.py	20309	_handle_console_attach_context <- fnmatch
tldw_chatbook/UI/Screens/chat_screen.py	20311	_handle_console_attach_context <- tldw_chatbook.Chat.attachment_core
tldw_chatbook/UI/Screens/chat_screen.py	20312	_handle_console_attach_context <- tldw_chatbook.Widgets.enhanced_file_picker
tldw_chatbook/UI/Screens/chat_screen.py	20360	_paste_console_clipboard_image <- datetime
tldw_chatbook/UI/Screens/chat_screen.py	20399	_paste_console_clipboard_image <- tldw_chatbook.Chat.attachment_core
tldw_chatbook/UI/Screens/chat_screen.py	20435	_process_console_attachment <- tldw_chatbook.Chat.attachment_core
tldw_chatbook/UI/Screens/chat_screen.py	20639	_open_change_review <- tldw_chatbook.UI.Screens.change_review_screen
tldw_chatbook/UI/Screens/chat_screen.py	20757	handle_console_turn_file_card_undo_all_requested <- tldw_chatbook.UI.Screens.change_review_screen
tldw_chatbook/UI/Screens/chat_screen.py	20972	_console_canvas_scope <- tldw_chatbook.Canvas.models
tldw_chatbook/UI/Screens/chat_screen.py	21005	_prefill_console_canvas_repair <- tldw_chatbook.Canvas.native_authority
tldw_chatbook/UI/Screens/chat_screen.py	21052	_prepare_console_canvas_submit <- tldw_chatbook.Canvas.native_authority
tldw_chatbook/UI/Screens/chat_screen.py	21161	schedule <- tldw_chatbook.config
tldw_chatbook/UI/Screens/chat_screen.py	21197	_open_console_canvas_block <- tldw_chatbook.Canvas.compiler
tldw_chatbook/UI/Screens/chat_screen.py	21198	_open_console_canvas_block <- tldw_chatbook.Chat.console_message_actions
tldw_chatbook/UI/Screens/chat_screen.py	21299	_open_console_canvas_selection <- tldw_chatbook.Canvas.gateway
tldw_chatbook/UI/Screens/chat_screen.py	21683	_run_console_config_sync <- tldw_chatbook
tldw_chatbook/UI/Screens/chat_screen.py	21684	_run_console_config_sync <- tldw_chatbook.Backup_Recovery.bootstrap
tldw_chatbook/UI/Screens/chat_screen.py	21685	_run_console_config_sync <- tldw_chatbook.Backup_Recovery.config_participants
tldw_chatbook/UI/Screens/chat_screen.py	22899	_console_side_chat_requested <- ...Widgets.Console.console_side_chat_modal
tldw_chatbook/UI/Screens/chat_screen.py	23307	_dismiss_console_selection_menus_outside_transcript <- tldw_chatbook.Widgets.Console.console_conversation_action_menu
tldw_chatbook/UI/Screens/chat_screen.py	23310	_dismiss_console_selection_menus_outside_transcript <- tldw_chatbook.Widgets.Console.console_workspace_action_menu
tldw_chatbook/UI/Screens/chat_screen.py	23845	_read_console_watchlists_operation_rows <- tldw_chatbook.Tools.watchlists_tool_service
tldw_chatbook/UI/Screens/chat_screen.py	24015	_set_console_pending_worktree_merge <- ..Console_Modules.worktree
tldw_chatbook/UI/Screens/chat_screen.py	24020	action_recover_agent_work <- ..Console_Modules.worktree
tldw_chatbook/UI/Screens/chat_screen.py	24071	_answer_pending_question_with_draft <- ...Agents.ask_user_questions
tldw_chatbook/UI/Screens/chat_screen.py	24132	_mount_console_task_panel <- ...Widgets.Console.console_task_panel
tldw_chatbook/UI/Screens/chat_screen.py	25327	_lazy_summarize_preview_modal <- tldw_chatbook.Widgets.Console.console_summarize_preview_modal
tldw_chatbook/UI/Screens/chunking_lab_screen.py	787	_catalog_service <- tldw_chatbook.Chunking.chunking_interop_library
tldw_chatbook/UI/Screens/chunking_lab_screen.py	988	_menu_action <- tldw_chatbook.RAG_Admin.local_rag_admin_service
tldw_chatbook/UI/Screens/chunking_lab_screen.py	1209	_action <- tldw_chatbook.UI.Navigation.main_navigation
tldw_chatbook/UI/Screens/evals_screen.py	771	_selection_unmoved_since_launch <- textual.css.query
tldw_chatbook/UI/Screens/evals_screen.py	1203	_on_bench_create_target_requested <- textual.css.query
tldw_chatbook/UI/Screens/evals_screen.py	1382	_set_sample_bench_running_ui <- textual.css.query
tldw_chatbook/UI/Screens/evals_screen.py	1408	_reset_sample_bench_running_ui <- textual.css.query
tldw_chatbook/UI/Screens/evals_screen.py	1425	_on_grid_cell_focused <- textual.css.query
tldw_chatbook/UI/Screens/evals_screen.py	2327	_set_bench_run_running_ui <- textual.css.query
tldw_chatbook/UI/Screens/evals_screen.py	2347	_reset_bench_run_running_ui <- textual.css.query
tldw_chatbook/UI/Screens/home_screen.py	834	_set_home_rail_section <- dataclasses
tldw_chatbook/UI/Screens/image_gen_demo_screen.py	127	_render_result <- rich_pixels
tldw_chatbook/UI/Screens/image_gen_demo_screen.py	128	_render_result <- PIL
tldw_chatbook/UI/Screens/image_gen_demo_screen.py	129	_render_result <- io
tldw_chatbook/UI/Screens/library_screen.py	589	LibraryFileNotesWorkspace <- ...Widgets.Library.library_file_notes_workspace
tldw_chatbook/UI/Screens/library_screen.py	2300	__init__ <- ...Notes.note_import_discovery
tldw_chatbook/UI/Screens/library_screen.py	2301	__init__ <- ...Notes.note_import_execution_models
tldw_chatbook/UI/Screens/library_screen.py	2302	__init__ <- ...Notes.note_import_parsers
tldw_chatbook/UI/Screens/library_screen.py	2303	__init__ <- ...Notes.note_import_plan_models
tldw_chatbook/UI/Screens/library_screen.py	2304	__init__ <- ...Notes.note_import_planner
tldw_chatbook/UI/Screens/library_screen.py	2311	__init__ <- ...Notes.note_import_receipts
tldw_chatbook/UI/Screens/library_screen.py	2312	__init__ <- ..Library_Modules.library_collections_controller
tldw_chatbook/UI/Screens/library_screen.py	2315	__init__ <- ..Library_Modules.library_conversation_reader_controller
tldw_chatbook/UI/Screens/library_screen.py	2318	__init__ <- ..Library_Modules.library_ingest_controller
tldw_chatbook/UI/Screens/library_screen.py	2321	__init__ <- ..Library_Modules.library_media_controller
tldw_chatbook/UI/Screens/library_screen.py	2324	__init__ <- ..Library_Modules.library_note_import_controller
tldw_chatbook/UI/Screens/library_screen.py	2327	__init__ <- ..Library_Modules.library_notes_sync_controller
tldw_chatbook/UI/Screens/library_screen.py	2331	__init__ <- ..Library_Modules.library_notes_controller
tldw_chatbook/UI/Screens/library_screen.py	2334	__init__ <- ..Library_Modules.library_prompts_controller
tldw_chatbook/UI/Screens/library_screen.py	2337	__init__ <- ..Library_Modules.library_rag_search_controller
tldw_chatbook/UI/Screens/library_screen.py	2340	__init__ <- ..Library_Modules.library_skill_import_controller
tldw_chatbook/UI/Screens/library_screen.py	2343	__init__ <- ..Library_Modules.library_skills_controller
tldw_chatbook/UI/Screens/library_screen.py	2459	__init__ <- ..Library_Modules
tldw_chatbook/UI/Screens/library_screen.py	2464	__init__ <- ..Library_Modules.library_navigation_controller
tldw_chatbook/UI/Screens/library_screen.py	2479	__init__ <- ..Library_Modules.library_artifacts_navigation
tldw_chatbook/UI/Screens/library_screen.py	2482	__init__ <- ..Library_Modules.library_artifacts_share_controller
tldw_chatbook/UI/Screens/library_screen.py	4365	_library_route_shortcuts_for_current_state <- tldw_chatbook.Library.review_set_state
tldw_chatbook/UI/Screens/library_screen.py	4981	_library_notes_widget_is_within <- ..Library_Modules.library_notes_controller
tldw_chatbook/UI/Screens/library_screen.py	9287	on_screen_resume <- ..Library_Modules.library_inspection_admission
tldw_chatbook/UI/Screens/library_screen.py	9758	_restore_library_prompts_scope <- ..Library_Modules.library_prompts_controller
tldw_chatbook/UI/Screens/library_screen.py	9766	_restore_library_skills_scope <- ..Library_Modules.library_skills_controller
tldw_chatbook/UI/Screens/library_screen.py	9772	_restore_library_collections_page <- ..Library_Modules.library_collections_controller
tldw_chatbook/UI/Screens/library_screen.py	10294	restore_state <- ...Utils.input_validation
tldw_chatbook/UI/Screens/library_screen.py	11163	prepare_character_inspection <- ..Library_Modules.library_inspection_admission
tldw_chatbook/UI/Screens/library_screen.py	11180	commit_character_inspection <- ..Library_Modules.library_inspection_admission
tldw_chatbook/UI/Screens/library_screen.py	11290	_apply_navigation_context_after_source_admission <- ..Library_Modules.library_inspection_admission
tldw_chatbook/UI/Screens/library_screen.py	11340	_apply_navigation_context_state <- ..Library_Modules
tldw_chatbook/UI/Screens/library_screen.py	13017	_run_library_service_call <- tldw_chatbook.Backup_Recovery.participants
tldw_chatbook/UI/Screens/library_screen.py	15050	compose_content <- ..Library_Modules.library_browse_route_swap
tldw_chatbook/UI/Screens/library_screen.py	15170	compose_content <- ..Library_Modules.library_artifacts_controller
tldw_chatbook/UI/Screens/library_screen.py	16177	_conversation_recovery <- ..Library_Modules.library_conversation_recovery
tldw_chatbook/UI/Screens/library_screen.py	16529	_bounded_library_media_trash_title <- ..Library_Modules.library_media_controller
tldw_chatbook/UI/Screens/library_screen.py	16537	_valid_library_media_trash_delete_ack <- ..Library_Modules.library_media_controller
tldw_chatbook/UI/Screens/library_screen.py	16580	_restore_library_media_scope <- ..Library_Modules.library_media_controller
tldw_chatbook/UI/Screens/library_screen.py	19955	_run_library_export_via_service <- tldw_chatbook.Backup_Recovery.local_content_lifetime
tldw_chatbook/UI/Screens/library_screen.py	20036	_run_library_export_worker <- tldw_chatbook.Backup_Recovery.local_content_lifetime
tldw_chatbook/UI/Screens/library_screen.py	21349	_call_library_onboarding_owner <- ...Library.library_content_evidence
tldw_chatbook/UI/Screens/library_screen.py	21720	_set_library_rail_section <- dataclasses
tldw_chatbook/UI/Screens/library_screen.py	22159	_replace_library_browse_canvas <- ..Library_Modules.library_browse_route_swap
tldw_chatbook/UI/Screens/library_screen.py	24933	_present_library_skills_import_choice_if_needed <- ..Library_Modules.skill_import_choice_modal
tldw_chatbook/UI/Screens/library_screen.py	25693	action_show_workbench_help <- ..Workbench.help
tldw_chatbook/UI/Screens/library_screen.py	27484	_build_library_note_import_executor <- ..Library_Modules.library_notes_controller
tldw_chatbook/UI/Screens/library_screen.py	28707	_resolve_ingest_source <- urllib.parse
tldw_chatbook/UI/Screens/library_screen.py	31070	_review_set_service <- tldw_chatbook.Library.review_set_service
tldw_chatbook/UI/Screens/library_screen.py	31195	_walk_active_review_set_unguarded <- tldw_chatbook.Library.review_set_state
tldw_chatbook/UI/Screens/library_screen.py	31318	_active_review_progress <- tldw_chatbook.Library.review_set_state
tldw_chatbook/UI/Screens/library_screen.py	31572	_collect_review_pairs_from_scope <- tldw_chatbook.Library.review_set_state
tldw_chatbook/UI/Screens/library_screen.py	31620	_order_selected_review_pairs <- tldw_chatbook.Library.review_set_state
tldw_chatbook/UI/Screens/library_screen.py	31663	_create_and_open_review_set <- tldw_chatbook.Library.review_set_state
tldw_chatbook/UI/Screens/library_screen.py	31701	_create_and_open_review_set <- tldw_chatbook.Utils.input_validation
tldw_chatbook/UI/Screens/library_screen.py	31703	_create_and_open_review_set <- tldw_chatbook.Library.review_set_state
tldw_chatbook/UI/Screens/library_screen.py	31921	_review_read_later_pairs <- tldw_chatbook.Library.review_set_state
tldw_chatbook/UI/Screens/library_screen.py	31955	_collect_review_set_picker_rows <- tldw_chatbook.Library.review_set_state
tldw_chatbook/UI/Screens/library_screen.py	31980	_push_review_set_picker <- tldw_chatbook.Widgets.Library.library_review_set_picker
tldw_chatbook/UI/Screens/library_screen.py	31997	_activate_review_set <- tldw_chatbook.Library.review_set_state
tldw_chatbook/UI/Screens/library_screen.py	32117	_resolve_active_review_set_landing <- tldw_chatbook.Library.review_set_state
tldw_chatbook/UI/Screens/library_screen.py	35368	_library_rag_scope_summary <- ..Library_Modules.library_rag_search_controller
tldw_chatbook/UI/Screens/library_screen.py	35564	create_local_workspace <- tldw_chatbook.Widgets.workspace_create_modal
tldw_chatbook/UI/Screens/library_screen.py	35586	_handle_workspace_create_result <- ...Personal_Context.interview_launch
tldw_chatbook/UI/Screens/library_screen.py	35642	_continue_workspace_create_result <- tldw_chatbook.Widgets.project_skills_import_modal
tldw_chatbook/UI/Screens/llm_screen.py	238	_insufficient_space_recovery <- tldw_chatbook.Model_Artifacts.acquisition
tldw_chatbook/UI/Screens/llm_screen.py	846	_run_machine_memory_probe <- ...Model_Artifacts.machine_memory_probe
tldw_chatbook/UI/Screens/llm_screen.py	1512	_run_external_vad_preflight <- tldw_chatbook.Local_Ingestion.parakeet_v2_artifact
tldw_chatbook/UI/Screens/llm_screen.py	1548	_apply_external_vad_preflight_result <- tldw_chatbook.Local_Ingestion.parakeet_v2_artifact
tldw_chatbook/UI/Screens/llm_screen.py	1623	_run_external_vad_provision <- tldw_chatbook.Local_Ingestion.parakeet_v2_artifact
tldw_chatbook/UI/Screens/llm_screen.py	1985	_preflight_curated <- tldw_chatbook.Model_Artifacts.acquisition
tldw_chatbook/UI/Screens/llm_screen.py	2095	_provision_curated <- tldw_chatbook.Model_Artifacts.acquisition
tldw_chatbook/UI/Screens/llm_screen.py	4489	_preflight_remote <- tldw_chatbook.Model_Artifacts.acquisition
tldw_chatbook/UI/Screens/llm_screen.py	4629	_provision_remote <- tldw_chatbook.Model_Artifacts.acquisition
tldw_chatbook/UI/Screens/model_browser_state.py	514	install_failure_message <- tldw_chatbook.Model_Artifacts.acquisition
tldw_chatbook/UI/Screens/model_curated_view.py	234	audio_cpp_package_projection <- tldw_chatbook.TTS.audio_cpp_artifact_catalog
tldw_chatbook/UI/Screens/model_curated_view.py	240	audio_cpp_package_projection <- tldw_chatbook.TTS.audio_cpp_recipes
tldw_chatbook/UI/Screens/model_remote_view.py	79	_default_credential_resolver <- tldw_chatbook.Model_Artifacts.acquisition
tldw_chatbook/UI/Screens/personas_screen.py	383	get_image_generation_config <- ...Image_Generation.config
tldw_chatbook/UI/Screens/personas_screen.py	391	list_image_models_for_catalog <- ...Image_Generation.listing
tldw_chatbook/UI/Screens/personas_screen.py	399	resolve_backend_reference_image_capability <- ...Image_Generation.capabilities
tldw_chatbook/UI/Screens/personas_screen.py	409	build_request <- ...Image_Generation.worker
tldw_chatbook/UI/Screens/personas_screen.py	417	run_generation <- ...Image_Generation.worker
tldw_chatbook/UI/Screens/personas_screen.py	578	_character_import_filters <- ...Widgets.enhanced_file_picker
tldw_chatbook/UI/Screens/personas_screen.py	1011	_persona_visual_ui_lifetime <- functools
tldw_chatbook/UI/Screens/personas_screen.py	1016	selected <- ...Backup_Recovery
tldw_chatbook/UI/Screens/personas_screen.py	1028	guarded <- ...Backup_Recovery
tldw_chatbook/UI/Screens/personas_screen.py	1041	_visual_identity_ui_lifetime <- contextlib
tldw_chatbook/UI/Screens/personas_screen.py	1042	_visual_identity_ui_lifetime <- functools
tldw_chatbook/UI/Screens/personas_screen.py	1043	_visual_identity_ui_lifetime <- ...Backup_Recovery
tldw_chatbook/UI/Screens/personas_screen.py	1477	apply_navigation_context <- ..Navigation.character_conversation_navigation
tldw_chatbook/UI/Screens/personas_screen.py	4329	_lore_manager <- ...Character_Chat.world_book_manager
tldw_chatbook/UI/Screens/personas_screen.py	4857	_actor_pack_export_dialog_worker <- ...Widgets.enhanced_file_picker
tldw_chatbook/UI/Screens/personas_screen.py	4990	_actor_pack_import_dialog_worker <- ...Widgets.enhanced_file_picker
tldw_chatbook/UI/Screens/personas_screen.py	6057	_list_attachable_dictionaries <- ...Character_Chat
tldw_chatbook/UI/Screens/personas_screen.py	6726	_lore_export_worker <- ...Widgets.enhanced_file_picker
tldw_chatbook/UI/Screens/personas_screen.py	6952	_run_lore_scan <- ...Character_Chat.world_info_processor
tldw_chatbook/UI/Screens/personas_screen.py	7354	_handle_persona_buddy_action <- ..Navigation.buddy_management
tldw_chatbook/UI/Screens/personas_screen.py	9163	persona_visual_maintenance_state <- ...Backup_Recovery
tldw_chatbook/UI/Screens/personas_screen.py	9172	_persona_visual_thread <- ...Backup_Recovery
tldw_chatbook/UI/Screens/personas_screen.py	9173	_persona_visual_thread <- ...DB.ChaChaNotes_DB
tldw_chatbook/UI/Screens/personas_screen.py	9174	_persona_visual_thread <- ...Persona_Visual
tldw_chatbook/UI/Screens/personas_screen.py	9205	_persona_visual_thread <- ...Chat.console_image_view
tldw_chatbook/UI/Screens/personas_screen.py	9211	work <- contextlib
tldw_chatbook/UI/Screens/personas_screen.py	10063	_persona_visual_replace_dialog <- ...Widgets.enhanced_file_picker
tldw_chatbook/UI/Screens/personas_screen.py	10131	_handle_buddy_character_create <- ..Persona_Modules.buddy_conversion
tldw_chatbook/UI/Screens/personas_screen.py	10146	_handle_petdex_import_requested <- ...Petdex.review
tldw_chatbook/UI/Screens/personas_screen.py	10163	_handle_persona_visual_export_requested <- ...Petdex.review
tldw_chatbook/UI/Screens/personas_screen.py	10188	_persona_visual_import_dialog <- ...Widgets.enhanced_file_picker
tldw_chatbook/UI/Screens/personas_screen.py	10807	_render_inspector_avatar <- ...Chat.console_image_view
tldw_chatbook/UI/Screens/personas_screen.py	10875	_render_character_editor_avatar <- ...Chat.console_image_view
tldw_chatbook/UI/Screens/personas_screen.py	10996	_build_avatar_pixels <- ...Utils.mosaic_render
tldw_chatbook/UI/Screens/personas_screen.py	11128	_render_persona_shared_visual_identity_preview <- ...Chat.console_image_view
tldw_chatbook/UI/Screens/personas_screen.py	11323	_render_visual_identity_pack_preview <- ...Chat.console_image_view
tldw_chatbook/UI/Screens/personas_screen.py	11743	_restore_candidate_reaction_rows <- ...Backup_Recovery
tldw_chatbook/UI/Screens/personas_screen.py	12036	visual_identity_maintenance_state <- ...Backup_Recovery
tldw_chatbook/UI/Screens/personas_screen.py	12044	_visual_identity_thread <- ...Backup_Recovery
tldw_chatbook/UI/Screens/personas_screen.py	12045	_visual_identity_thread <- ...DB.ChaChaNotes_DB
tldw_chatbook/UI/Screens/personas_screen.py	12046	_visual_identity_thread <- ...Character_Chat
tldw_chatbook/UI/Screens/personas_screen.py	12348	_visual_identity_replace_dialog <- ...Widgets.enhanced_file_picker
tldw_chatbook/UI/Screens/personas_screen.py	12426	_render_character_expression_slot <- ...Chat.console_image_view
tldw_chatbook/UI/Screens/personas_screen.py	12524	_apply_expression_set <- ...Character_Chat.expression_set_io
tldw_chatbook/UI/Screens/personas_screen.py	12899	_expression_upload_dialog_worker <- ...Widgets.enhanced_file_picker
tldw_chatbook/UI/Screens/personas_screen.py	12970	_stage_character_expression_from_path <- mimetypes
tldw_chatbook/UI/Screens/personas_screen.py	13412	_expression_set_import_dialog_worker <- ...Widgets.enhanced_file_picker
tldw_chatbook/UI/Screens/personas_screen.py	13457	_import_expression_set_from_path <- ...Character_Chat.expression_set_io
tldw_chatbook/UI/Screens/personas_screen.py	13539	_export_expression_set <- ...Character_Chat.expression_set_io
tldw_chatbook/UI/Screens/personas_screen.py	13610	_avatar_upload_dialog_worker <- ...Widgets.enhanced_file_picker
tldw_chatbook/UI/Screens/personas_screen.py	13661	_import_dialog_worker <- ...Widgets.enhanced_file_picker
tldw_chatbook/UI/Screens/personas_screen.py	13662	_import_dialog_worker <- ..Persona_Modules.buddy_conversion
tldw_chatbook/UI/Screens/personas_screen.py	14068	_lore_import_dialog_worker <- ...Widgets.enhanced_file_picker
tldw_chatbook/UI/Screens/personas_screen.py	14178	_dictionary_import_dialog_worker <- ...Widgets.enhanced_file_picker
tldw_chatbook/UI/Screens/personas_screen.py	14351	_export_marked_json_worker <- ...Widgets.enhanced_file_picker
tldw_chatbook/UI/Screens/personas_screen.py	14458	_export_dialog_worker <- ...Widgets.enhanced_file_picker
tldw_chatbook/UI/Screens/personas_screen.py	14665	_write_text_file <- ...Utils.path_validation
tldw_chatbook/UI/Screens/personas_screen.py	15898	_aggregate_roleplay_draft_snapshot <- ..Navigation.character_conversation_navigation
tldw_chatbook/UI/Screens/personas_screen.py	16043	confirm_navigation <- ..Navigation.character_conversation_navigation
tldw_chatbook/UI/Screens/profile_interview_screen.py	507	_open_review <- ...Widgets.Settings_Widgets.personal_context_review_modal
tldw_chatbook/UI/Screens/profile_interview_screen.py	525	_review_closed <- ...Widgets.Settings_Widgets.personal_context_review_modal
tldw_chatbook/UI/Screens/scheduling/definition_audit_view.py	95	fetch_definition_audit <- tldw_chatbook.Scheduling.scheduler.queue
tldw_chatbook/UI/Screens/scheduling/definition_detail.py	503	_definition_history_labels <- tldw_chatbook.Scheduling.scheduler.queue
tldw_chatbook/UI/Screens/scheduling/forms/automation_definition_form.py	112	_format_occurrence <- datetime
tldw_chatbook/UI/Screens/scheduling/forms/automation_definition_form.py	266	_maybe_discard <- tldw_chatbook.Widgets.confirmation_dialog
tldw_chatbook/UI/Screens/scheduling/forms/reminder_form.py	414	_maybe_discard <- tldw_chatbook.Widgets.confirmation_dialog
tldw_chatbook/UI/Screens/scheduling/forms/reminder_form.py	697	_update_cron_preview <- ..task_detail
tldw_chatbook/UI/Screens/scheduling/results_tab.py	107	_result_owner_suffix <- tldw_chatbook.Scheduling.scheduler.queue
tldw_chatbook/UI/Screens/scheduling/schedules_workbench.py	3848	_run_reminder_now <- tldw_chatbook.Scheduling.scheduler.queue
tldw_chatbook/UI/Screens/scheduling/schedules_workbench.py	3909	_device_only_automations <- tldw_chatbook.Scheduling.scheduler.queue
tldw_chatbook/UI/Screens/scheduling/schedules_workbench.py	4097	_run_automation_now <- tldw_chatbook.Scheduling.scheduler.queue
tldw_chatbook/UI/Screens/scheduling/schedules_workbench.py	4338	_resolve_local_definition_id <- tldw_chatbook.Scheduling.scheduler.queue
tldw_chatbook/UI/Screens/scheduling/schedules_workbench.py	5075	action_delete <- ....Widgets.delete_confirmation_dialog
tldw_chatbook/UI/Screens/scheduling/task_detail.py	433	_queue_owner_suffix <- tldw_chatbook.Scheduling.scheduler.queue
tldw_chatbook/UI/Screens/scheduling/task_detail.py	1652	_update_missed_notice <- tldw_chatbook.Scheduling.db.scheduled_tasks_db
tldw_chatbook/UI/Screens/scheduling/unified_rows.py	309	owner_display_label <- tldw_chatbook.Scheduling.scheduler.queue
tldw_chatbook/UI/Screens/settings_config_adapter.py	262	validate_config_file <- tldw_chatbook.config
tldw_chatbook/UI/Screens/settings_image_gen_defaults.py	43	normalize_comfyui_image_origin <- tldw_chatbook.Image_Generation.config
tldw_chatbook/UI/Screens/settings_image_gen_defaults.py	197	build_backend_rows <- tldw_chatbook.Image_Generation
tldw_chatbook/UI/Screens/settings_image_gen_defaults.py	238	effective_placeholder <- tldw_chatbook.Image_Generation.config
tldw_chatbook/UI/Screens/settings_image_gen_defaults.py	270	effective_secret_value <- tldw_chatbook.Image_Generation.config
tldw_chatbook/UI/Screens/settings_image_gen_defaults.py	353	key_source_after_clear <- tldw_chatbook.Image_Generation.config
tldw_chatbook/UI/Screens/settings_library_rag_defaults.py	124	load_direct_library_tools <- tldw_chatbook.config
tldw_chatbook/UI/Screens/settings_library_rag_defaults.py	141	load_direct_library_tools <- tldw_chatbook.config
tldw_chatbook/UI/Screens/settings_library_rag_defaults.py	154	_load_strict_bool <- tldw_chatbook.config
tldw_chatbook/UI/Screens/settings_library_rag_defaults.py	167	_load_strict_bool <- tldw_chatbook.config
tldw_chatbook/UI/Screens/settings_library_rag_defaults.py	368	library_rag_reranker_providers <- tldw_chatbook.Chat.Chat_Functions
tldw_chatbook/UI/Screens/settings_library_rag_defaults.py	535	validate_library_rag_defaults <- .settings_rag_profile_adapter
tldw_chatbook/UI/Screens/settings_privacy_security.py	155	build_settings_privacy_posture <- tldw_chatbook.config
tldw_chatbook/UI/Screens/settings_privacy_security.py	161	build_settings_privacy_posture <- tldw_chatbook.Chat.console_trace_custom_pii
tldw_chatbook/UI/Screens/settings_rag_profile_adapter.py	206	apply_defaults_to_profile <- tldw_chatbook.RAG_Search.reranker
tldw_chatbook/UI/Screens/settings_screen.py	456	_personal_context_settings_panel_class <- ...Widgets.Settings_Widgets.personal_context_panel
tldw_chatbook/UI/Screens/settings_screen.py	466	get_image_generation_config <- ...Image_Generation.config
tldw_chatbook/UI/Screens/settings_screen.py	474	reset_image_generation_runtime <- ...Image_Generation.config
tldw_chatbook/UI/Screens/settings_screen.py	491	activate_profile <- .settings_rag_profile_adapter
tldw_chatbook/UI/Screens/settings_screen.py	502	active_profile_info <- .settings_rag_profile_adapter
tldw_chatbook/UI/Screens/settings_screen.py	517	clone_profile_as <- .settings_rag_profile_adapter
tldw_chatbook/UI/Screens/settings_screen.py	531	delete_user_profile <- .settings_rag_profile_adapter
tldw_chatbook/UI/Screens/settings_screen.py	542	fetch_index_status <- .settings_rag_profile_adapter
tldw_chatbook/UI/Screens/settings_screen.py	556	get_profile_defaults <- .settings_rag_profile_adapter
tldw_chatbook/UI/Screens/settings_screen.py	570	index_change_pending <- .settings_rag_profile_adapter
tldw_chatbook/UI/Screens/settings_screen.py	586	is_first_run_state <- .settings_rag_profile_adapter
tldw_chatbook/UI/Screens/settings_screen.py	597	list_profiles_grouped <- .settings_rag_profile_adapter
tldw_chatbook/UI/Screens/settings_screen.py	608	load_rag_defaults_from_active_profile <- .settings_rag_profile_adapter
tldw_chatbook/UI/Screens/settings_screen.py	625	rename_user_profile <- .settings_rag_profile_adapter
tldw_chatbook/UI/Screens/settings_screen.py	641	save_rag_defaults_to_active_profile <- .settings_rag_profile_adapter
tldw_chatbook/UI/Screens/settings_screen.py	657	soft_config_warnings <- .settings_rag_profile_adapter
tldw_chatbook/UI/Screens/settings_screen.py	842	_theme_save_target <- tldw_chatbook.config
tldw_chatbook/UI/Screens/settings_screen.py	2470	_mask_url_userinfo <- urllib.parse
tldw_chatbook/UI/Screens/settings_screen.py	2713	_workspace_worker_connection <- tldw_chatbook.DB.Workspace_DB
tldw_chatbook/UI/Screens/settings_screen.py	2913	__init__ <- ...Tool_Packs.service
tldw_chatbook/UI/Screens/settings_screen.py	3855	action_show_workbench_help <- ..Workbench.help
tldw_chatbook/UI/Screens/settings_screen.py	3879	_workbench_help_state <- ..Workbench.help
tldw_chatbook/UI/Screens/settings_screen.py	4504	_load_tool_profiles_worker <- ...Tool_Packs.service
tldw_chatbook/UI/Screens/settings_screen.py	4603	_sync_tool_profile_operations <- ...Tool_Packs.contracts
tldw_chatbook/UI/Screens/settings_screen.py	4648	_run_tool_profile_write <- ...Tool_Packs.operations
tldw_chatbook/UI/Screens/settings_screen.py	4751	_tool_profile_import_flow <- ...Tool_Packs.contracts
tldw_chatbook/UI/Screens/settings_screen.py	4752	_tool_profile_import_flow <- ...Tool_Packs.importer
tldw_chatbook/UI/Screens/settings_screen.py	4753	_tool_profile_import_flow <- ...Widgets.Settings_Widgets.tool_pack_import_review
tldw_chatbook/UI/Screens/settings_screen.py	4881	_tool_profile_export_flow <- ...Tool_Packs.contracts
tldw_chatbook/UI/Screens/settings_screen.py	4882	_tool_profile_export_flow <- ...Tool_Packs.export
tldw_chatbook/UI/Screens/settings_screen.py	4883	_tool_profile_export_flow <- ...Tool_Packs.publication
tldw_chatbook/UI/Screens/settings_screen.py	4884	_tool_profile_export_flow <- ...Widgets.Settings_Widgets.tool_pack_import_review
tldw_chatbook/UI/Screens/settings_screen.py	6098	_current_reasoning_target <- tldw_chatbook.Chat.console_provider_endpoints
tldw_chatbook/UI/Screens/settings_screen.py	6116	_current_reasoning_target <- tldw_chatbook.Chat.console_session_settings
tldw_chatbook/UI/Screens/settings_screen.py	6219	_saved_permission_summary_payload <- ...Chat.permission_summary_service
tldw_chatbook/UI/Screens/settings_screen.py	6826	_remote_images_enabled <- ...Chat.console_image_view
tldw_chatbook/UI/Screens/settings_screen.py	6849	_status_row_position_value <- ..Console_Modules.status_row
tldw_chatbook/UI/Screens/settings_screen.py	6906	_apply_console_toggle_runtime <- ..Console_Modules.status_row
tldw_chatbook/UI/Screens/settings_screen.py	7070	_persist_permission_summary_settings <- ...Chat.permission_summary_service
tldw_chatbook/UI/Screens/settings_screen.py	7584	handle_image_gen_checkbox_changed <- ...Widgets.settings_image_gen_panel
tldw_chatbook/UI/Screens/settings_screen.py	7989	_save_snapshot_preferences_draft <- tldw_chatbook.LLM_Management
tldw_chatbook/UI/Screens/settings_screen.py	8061	_revert_snapshot_preferences <- tldw_chatbook.LLM_Management
tldw_chatbook/UI/Screens/settings_screen.py	8265	_video_gen_draft_values_for_save <- .settings_video_gen_defaults
tldw_chatbook/UI/Screens/settings_screen.py	13144	_provider_current_credential_source <- tldw_chatbook.Chat.provider_readiness
tldw_chatbook/UI/Screens/settings_screen.py	13630	_sync_provider_manual_widget <- ...Widgets.select_values
tldw_chatbook/UI/Screens/settings_screen.py	15168	_provider_endpoint_probe_worker <- .settings_endpoint_probe
tldw_chatbook/UI/Screens/settings_screen.py	15212	_provider_probe_connection_error_outcome <- .settings_endpoint_probe
tldw_chatbook/UI/Screens/settings_screen.py	15224	_provider_probe_result_from_outcome <- .settings_endpoint_probe
tldw_chatbook/UI/Screens/settings_screen.py	15244	_apply_provider_endpoint_probe_outcome <- .settings_endpoint_probe
tldw_chatbook/UI/Screens/settings_screen.py	16455	_render_provider_detail <- tldw_chatbook.LLM_Management
tldw_chatbook/UI/Screens/settings_screen.py	20251	_render_workspace_change_review <- ...Widgets.Settings_Widgets.workspace_change_review
tldw_chatbook/UI/Screens/settings_screen.py	20254	_render_workspace_change_review <- ...Workspaces.change_tracking
tldw_chatbook/UI/Screens/settings_screen.py	20302	_render_workspace_default_assistant <- ...Workspaces.assistant_defaults
tldw_chatbook/UI/Screens/settings_screen.py	20331	_render_workspace_default_assistant <- ...Widgets.workspace_persona_default
tldw_chatbook/UI/Screens/settings_screen.py	20469	_render_workspace_default_assistant <- ...Workspaces.assistant_defaults
tldw_chatbook/UI/Screens/settings_screen.py	20517	_settings_workspace_preview_tool_names <- ...MCP.hub_tool_catalog
tldw_chatbook/UI/Screens/settings_screen.py	20966	_handle_about_link <- webbrowser
tldw_chatbook/UI/Screens/settings_screen.py	21793	_render_detail_pane <- tldw_chatbook.Utils.about_text
tldw_chatbook/UI/Screens/settings_screen.py	22563	_apply_speech_tts_navigation_context <- ...Widgets.select_values
tldw_chatbook/UI/Screens/settings_screen.py	24448	_render_network_detail <- .settings_network_defaults
tldw_chatbook/UI/Screens/settings_screen.py	24505	_network_effective_mode <- .settings_network_defaults
tldw_chatbook/UI/Screens/settings_screen.py	24543	_network_effective_values <- .settings_network_defaults
tldw_chatbook/UI/Screens/settings_screen.py	24563	handle_switch_runtime_source <- tldw_chatbook.Widgets.Settings_Widgets.server_switch_modal
tldw_chatbook/UI/Screens/settings_screen.py	24687	_perform_runtime_source_switch <- platform
tldw_chatbook/UI/Screens/settings_screen.py	24980	handle_workspace_create <- tldw_chatbook.Widgets.workspace_create_modal
tldw_chatbook/UI/Screens/settings_screen.py	25002	_handle_workspace_create_result <- ...Personal_Context.interview_launch
tldw_chatbook/UI/Screens/settings_screen.py	25032	_continue_workspace_create_result <- tldw_chatbook.Widgets.project_skills_import_modal
tldw_chatbook/UI/Screens/settings_screen.py	25091	handle_workspace_archive <- tldw_chatbook.Chat.conversation_archive_actions
tldw_chatbook/UI/Screens/settings_screen.py	25255	handle_workspace_archive_undo <- tldw_chatbook.Chat.conversation_archive_actions
tldw_chatbook/UI/Screens/settings_screen.py	25345	handle_workspace_unarchive <- tldw_chatbook.Chat.conversation_archive_actions
tldw_chatbook/UI/Screens/settings_screen.py	25510	_change_workspace_persona_page <- ...Widgets.workspace_persona_default
tldw_chatbook/UI/Screens/settings_screen.py	25696	_run_workspace_assistant_apply <- ...Tool_Packs.binding
tldw_chatbook/UI/Screens/settings_screen.py	25700	_run_workspace_assistant_apply <- ...Tool_Packs.contracts
tldw_chatbook/UI/Screens/settings_screen.py	25701	_run_workspace_assistant_apply <- ...Tool_Packs.service
tldw_chatbook/UI/Screens/settings_screen.py	25702	_run_workspace_assistant_apply <- ...Widgets.Settings_Widgets.tool_pack_import_review
tldw_chatbook/UI/Screens/settings_screen.py	27435	_prepare_local_model_review <- ...RAG_Search.model_recovery
tldw_chatbook/UI/Screens/settings_screen.py	27436	_prepare_local_model_review <- ...RAG_Search.simplified.active_config
tldw_chatbook/UI/Screens/settings_screen.py	27437	_prepare_local_model_review <- ...TTS._async_lifecycle
tldw_chatbook/UI/Screens/settings_screen.py	27487	_record_local_model_review <- ...RAG_Search.model_recovery
tldw_chatbook/UI/Screens/settings_screen.py	27488	_record_local_model_review <- ...RAG_Search.simplified.active_config
tldw_chatbook/UI/Screens/settings_screen.py	27489	_record_local_model_review <- ...TTS._async_lifecycle
tldw_chatbook/UI/Screens/settings_screen.py	27532	_prepare_openai_reconnect_review <- ...LLM_Calls.recovery_review
tldw_chatbook/UI/Screens/settings_screen.py	27533	_prepare_openai_reconnect_review <- ...TTS._async_lifecycle
tldw_chatbook/UI/Screens/settings_screen.py	27577	_record_openai_reconnect_review <- ...LLM_Calls.recovery_review
tldw_chatbook/UI/Screens/settings_screen.py	27578	_record_openai_reconnect_review <- ...TTS._async_lifecycle
tldw_chatbook/UI/Screens/settings_screen.py	27595	_rag_recovery_review_worker <- ...RAG_Search.activation
tldw_chatbook/UI/Screens/settings_screen.py	27599	_rag_recovery_review_worker <- ...RAG_Search.simplified.active_config
tldw_chatbook/UI/Screens/settings_screen.py	28012	handle_provider_picker_selected <- ...Widgets.select_values
tldw_chatbook/UI/Screens/settings_screen.py	29032	handle_run_setup_wizard <- tldw_chatbook.UI.Wizards.FirstRunSetupWizard
tldw_chatbook/UI/Screens/settings_screen.py	29477	action_settings_save_category <- .settings_network_defaults
tldw_chatbook/UI/Screens/settings_screen.py	30473	_revert_category <- ...Widgets.select_values
tldw_chatbook/UI/Screens/settings_search_index.py	203	_speech_provider_form_entries <- .settings_speech_tts
tldw_chatbook/UI/Screens/settings_search_index.py	277	build_field_search_index <- ...LLM_Provider_Catalog.model_catalog_settings
tldw_chatbook/UI/Screens/settings_search_index.py	280	build_field_search_index <- .settings_image_gen_defaults
tldw_chatbook/UI/Screens/settings_search_index.py	286	build_field_search_index <- .settings_storage_defaults
tldw_chatbook/UI/Screens/settings_search_index.py	287	build_field_search_index <- .settings_video_gen_defaults
tldw_chatbook/UI/Screens/settings_video_gen_defaults.py	204	playback_tool_rows <- shutil
tldw_chatbook/UI/Screens/stats_screen.py	103	on_mount <- ..app
tldw_chatbook/UI/Screens/stts_screen.py	178	_playground <- ..Speech.speech_playground_pane
tldw_chatbook/UI/Screens/trajectory_screen.py	1993	action_export_trace <- tldw_chatbook.Widgets.Console.trace_export_dialog
tldw_chatbook/UI/Screens/trajectory_screen.py	2053	_pick_trace_file <- tldw_chatbook.Third_Party.textual_fspicker
tldw_chatbook/UI/Screens/trajectory_screen.py	2054	_pick_trace_file <- tldw_chatbook.Widgets.enhanced_file_picker
tldw_chatbook/UI/Screens/watchlists_collections_screen.py	8192	_briefing_provider_display <- ...Chat.provider_catalog
tldw_chatbook/UI/Screens/watchlists_collections_screen.py	8255	_notify_briefing_failure <- ...Chat.provider_catalog
tldw_chatbook/UI/Screens/watchlists_collections_screen.py	11619	handle_stop_audio_requested <- ...Event_Handlers.TTS_Events.tts_events
tldw_chatbook/UI/Screens/workflows_screen.py	173	_attach_session <- tldw_chatbook.UI.Workflows_Modules.run_controls
tldw_chatbook/UI/Screens/workflows_screen.py	185	_run_saved <- tldw_chatbook.UI.Workflows_Modules.run_controls
tldw_chatbook/UI/Screens/workflows_screen.py	190	_run_saved <- tldw_chatbook.Workflows.session
tldw_chatbook/UI/Screens/workflows_screen.py	264	_open_run_note <- tldw_chatbook.Constants
tldw_chatbook/UI/Screens/workflows_screen.py	265	_open_run_note <- tldw_chatbook.UI.Navigation.main_navigation
tldw_chatbook/UI/Screens/workflows_screen.py	800	_import_file <- tldw_chatbook.Widgets.enhanced_file_picker
tldw_chatbook/UI/Screens/workflows_screen.py	827	_export_file <- tldw_chatbook.Widgets.enhanced_file_picker
tldw_chatbook/UI/Speech/speech_playback_mixin.py	1121	_insert_random_text <- random
tldw_chatbook/UI/Speech/speech_playback_mixin.py	1155	_update_progress_timer <- asyncio
tldw_chatbook/UI/Speech/speech_playback_mixin.py	1156	_update_progress_timer <- tldw_chatbook.TTS.audio_player
tldw_chatbook/UI/Speech/speech_playback_mixin.py	1157	_update_progress_timer <- textual.widgets
tldw_chatbook/UI/Speech/speech_settings_pane.py	355	_read_global_preferences <- tldw_chatbook.config
tldw_chatbook/UI/Tools_Settings_Window.py	698	_compose_general_basic_settings <- ..css.Themes.themes
tldw_chatbook/UI/Tools_Settings_Window.py	781	_compose_general_basic_settings <- tldw_chatbook.config
tldw_chatbook/UI/Tools_Settings_Window.py	2395	_compose_chat_config_form <- tldw_chatbook.Chat.attachment_core
tldw_chatbook/UI/Tools_Settings_Window.py	3000	_compose_appearance_settings <- ..css.Themes.themes
tldw_chatbook/UI/Tools_Settings_Window.py	3206	_compose_tool_settings <- ..Agents.tool_catalog
tldw_chatbook/UI/Tools_Settings_Window.py	3401	on_markdown_link_clicked <- webbrowser
tldw_chatbook/UI/Tools_Settings_Window.py	6565	_create_chatbook <- .ChatbookCreationWindow
tldw_chatbook/UI/Tools_Settings_Window.py	6604	_setup_encryption <- ..Widgets.password_dialog
tldw_chatbook/UI/Tools_Settings_Window.py	6657	_change_encryption_password <- ..Widgets.password_dialog
tldw_chatbook/UI/Tools_Settings_Window.py	6704	_disable_encryption <- ..Widgets.password_dialog
tldw_chatbook/UI/Voice_Cloning_Window.py	273	on_mount <- ..Utils.optional_deps
tldw_chatbook/UI/Voice_Cloning_Window.py	276	on_mount <- ..Utils.widget_helpers
tldw_chatbook/UI/Voice_Cloning_Window.py	500	handle_audio_selection <- ..Widgets.voice_profile_dialog
tldw_chatbook/UI/Voice_Cloning_Window.py	556	_delete_profile <- textual.widgets
tldw_chatbook/UI/Voice_Cloning_Window.py	557	_delete_profile <- textual.containers
tldw_chatbook/UI/Voice_Cloning_Window.py	558	_delete_profile <- textual.screen
tldw_chatbook/UI/Watchlists_Modules/sources_pane.py	1005	source_next_check_text <- ...Scheduling.services.watchlist_projection
tldw_chatbook/UI/Widgets/__init__.py	49	__getattr__ <- importlib
tldw_chatbook/UI/Widgets/config_search_widget.py	176	_find_label_for_widget <- re
tldw_chatbook/UI/Wizards/ChatbookCreationWizard.py	1087	on_button_pressed <- platform
tldw_chatbook/UI/Wizards/ChatbookCreationWizard.py	1088	on_button_pressed <- subprocess
tldw_chatbook/UI/Wizards/FirstRunSetupWizard.py	478	__init_subclass__ <- functools
tldw_chatbook/UI/Wizards/FirstRunSetupWizard.py	910	_probe_first_run_provider_connection <- httpx
tldw_chatbook/UI/Wizards/FirstRunSetupWizard.py	912	_probe_first_run_provider_connection <- tldw_chatbook.Chat.local_server_discovery
tldw_chatbook/UI/Wizards/FirstRunSetupWizard.py	915	_probe_first_run_provider_connection <- tldw_chatbook.UI.Screens.settings_endpoint_probe
tldw_chatbook/UI/Wizards/FirstRunSetupWizard.py	957	_model_ids_from_discovery_result <- tldw_chatbook.LLM_Provider_Catalog.model_discovery_contracts
tldw_chatbook/UI/Wizards/FirstRunSetupWizard.py	961	_model_ids_from_discovery_result <- tldw_chatbook.LLM_Provider_Catalog.openai_compatible_model_discovery
tldw_chatbook/UI/Wizards/FirstRunSetupWizard.py	1008	_legacy_model_ids <- tldw_chatbook.Chat.local_server_discovery
tldw_chatbook/UI/Wizards/FirstRunSetupWizard.py	1032	_model_discovery_ui_outcome <- tldw_chatbook.LLM_Provider_Catalog.model_discovery_contracts
tldw_chatbook/UI/Wizards/FirstRunSetupWizard.py	1089	_first_run_discovery_staged_settings <- tldw_chatbook.Chat.provider_setup_persistence
tldw_chatbook/UI/Wizards/FirstRunSetupWizard.py	1189	__init__ <- tldw_chatbook.Chat.local_server_discovery
tldw_chatbook/UI/Wizards/FirstRunSetupWizard.py	1248	__init__ <- tldw_chatbook.Chat.provider_test_evidence
tldw_chatbook/UI/Wizards/FirstRunSetupWizard.py	1259	compose_step <- tldw_chatbook.Chat.console_provider_support
tldw_chatbook/UI/Wizards/FirstRunSetupWizard.py	1378	_grouped_sections <- tldw_chatbook.Chat.provider_catalog
tldw_chatbook/UI/Wizards/FirstRunSetupWizard.py	1673	_render_detection_results <- tldw_chatbook.Chat.local_server_discovery
tldw_chatbook/UI/Wizards/FirstRunSetupWizard.py	1674	_render_detection_results <- tldw_chatbook.Chat.provider_catalog
tldw_chatbook/UI/Wizards/FirstRunSetupWizard.py	1675	_render_detection_results <- tldw_chatbook.Chat.provider_endpoint_contract
tldw_chatbook/UI/Wizards/FirstRunSetupWizard.py	1737	_apply_discovered_server <- tldw_chatbook.Chat.provider_endpoint_contract
tldw_chatbook/UI/Wizards/FirstRunSetupWizard.py	1766	_canonical_provider_key <- tldw_chatbook.Chat.console_provider_support
tldw_chatbook/UI/Wizards/FirstRunSetupWizard.py	1812	_provider_requires_api_key <- tldw_chatbook.Chat.provider_readiness
tldw_chatbook/UI/Wizards/FirstRunSetupWizard.py	1829	_credential_at_request_boundary <- tldw_chatbook.Chat.provider_readiness
tldw_chatbook/UI/Wizards/FirstRunSetupWizard.py	1830	_credential_at_request_boundary <- tldw_chatbook.config
tldw_chatbook/UI/Wizards/FirstRunSetupWizard.py	1924	_current_provider_readiness <- tldw_chatbook.Chat.provider_readiness
tldw_chatbook/UI/Wizards/FirstRunSetupWizard.py	1967	_probe_target <- tldw_chatbook.Chat.provider_endpoint_contract
tldw_chatbook/UI/Wizards/FirstRunSetupWizard.py	1979	_provider_current_draft_identity <- tldw_chatbook.Chat.provider_endpoint_contract
tldw_chatbook/UI/Wizards/FirstRunSetupWizard.py	1982	_provider_current_draft_identity <- tldw_chatbook.Chat.provider_test_evidence
tldw_chatbook/UI/Wizards/FirstRunSetupWizard.py	2042	_model_semantics_changed <- tldw_chatbook.Chat.provider_test_evidence
tldw_chatbook/UI/Wizards/FirstRunSetupWizard.py	2080	_begin_provider_evidence_save <- tldw_chatbook.Chat.provider_setup_persistence
tldw_chatbook/UI/Wizards/FirstRunSetupWizard.py	2081	_begin_provider_evidence_save <- tldw_chatbook.Chat.provider_test_evidence
tldw_chatbook/UI/Wizards/FirstRunSetupWizard.py	2108	_finish_provider_evidence_save <- tldw_chatbook.config
tldw_chatbook/UI/Wizards/FirstRunSetupWizard.py	2238	_initial_endpoint_for <- tldw_chatbook.Chat.console_provider_endpoints
tldw_chatbook/UI/Wizards/FirstRunSetupWizard.py	2260	_provider_exposes_endpoint <- tldw_chatbook.Chat.console_provider_endpoints
tldw_chatbook/UI/Wizards/FirstRunSetupWizard.py	2271	_refresh_endpoint_resolution <- tldw_chatbook.Chat.provider_endpoint_contract
tldw_chatbook/UI/Wizards/FirstRunSetupWizard.py	2639	_test_evidence_for_discovery_key <- tldw_chatbook.Chat.provider_test_evidence
tldw_chatbook/UI/Wizards/FirstRunSetupWizard.py	2695	_on_detected_endpoint_selected <- tldw_chatbook.Chat.local_server_discovery
tldw_chatbook/UI/Wizards/FirstRunSetupWizard.py	2696	_on_detected_endpoint_selected <- tldw_chatbook.Chat.provider_endpoint_contract
tldw_chatbook/UI/Wizards/FirstRunSetupWizard.py	2736	_on_use_detected <- tldw_chatbook.Chat.provider_endpoint_contract
tldw_chatbook/UI/Wizards/FirstRunSetupWizard.py	2814	select_provider <- tldw_chatbook.UI.Wizards.first_run_setup_state
tldw_chatbook/UI/Wizards/FirstRunSetupWizard.py	3102	_run_probe <- tldw_chatbook.UI.Screens.settings_endpoint_probe
tldw_chatbook/UI/Wizards/FirstRunSetupWizard.py	3149	_provider_probe_result_from_outcome <- tldw_chatbook.Chat.provider_test_evidence
tldw_chatbook/UI/Wizards/FirstRunSetupWizard.py	3150	_provider_probe_result_from_outcome <- tldw_chatbook.UI.Screens.settings_endpoint_probe
tldw_chatbook/UI/Wizards/FirstRunSetupWizard.py	3168	_render_provider_evidence <- tldw_chatbook.Chat.provider_test_evidence
tldw_chatbook/UI/Wizards/FirstRunSetupWizard.py	3602	_load_models <- asyncio
tldw_chatbook/UI/Wizards/FirstRunSetupWizard.py	3737	_load_models <- tldw_chatbook.config
tldw_chatbook/UI/Wizards/FirstRunSetupWizard.py	4803	_receive_save_result <- tldw_chatbook.Event_Handlers.STTS_Events.stts_events
tldw_chatbook/UI/Wizards/FirstRunSetupWizard.py	4881	__init__ <- tldw_chatbook.Utils.optional_deps
tldw_chatbook/UI/Wizards/FirstRunSetupWizard.py	4946	commit <- tldw_chatbook.UI.Wizards.first_run_setup_state
tldw_chatbook/UI/Wizards/FirstRunSetupWizard.py	5013	__init__ <- tldw_chatbook.Utils.optional_deps
tldw_chatbook/UI/Wizards/FirstRunSetupWizard.py	6135	_preflight_install <- asyncio
tldw_chatbook/UI/Wizards/FirstRunSetupWizard.py	6184	_provision_install <- asyncio
tldw_chatbook/UI/Wizards/FirstRunSetupWizard.py	6594	compose_step <- tldw_chatbook.Agents.tool_catalog
tldw_chatbook/UI/Wizards/FirstRunSetupWizard.py	6640	commit <- tldw_chatbook.UI.Wizards.first_run_setup_state
tldw_chatbook/UI/Wizards/FirstRunSetupWizard.py	6904	commit <- tldw_chatbook.UI.Wizards.first_run_setup_state
tldw_chatbook/UI/Wizards/FirstRunSetupWizard.py	7076	_on_set_password <- tldw_chatbook.Widgets.password_dialog
tldw_chatbook/UI/Wizards/FirstRunSetupWizard.py	7127	apply_password <- asyncio
tldw_chatbook/UI/Wizards/FirstRunSetupWizard.py	7131	apply_password <- tldw_chatbook.config
tldw_chatbook/UI/Wizards/FirstRunSetupWizard.py	7266	_render_rows <- asyncio
tldw_chatbook/UI/Wizards/FirstRunSetupWizard.py	7270	_render_rows <- tldw_chatbook.config
tldw_chatbook/UI/Wizards/FirstRunSetupWizard.py	7279	_render_rows <- tldw_chatbook.Utils.optional_deps
tldw_chatbook/UI/Wizards/FirstRunSetupWizard.py	7320	_render_rows <- tldw_chatbook.Utils.optional_deps
tldw_chatbook/UI/Wizards/FirstRunSetupWizard.py	7330	_render_rows <- tldw_chatbook.UI.Wizards.first_run_setup_state
tldw_chatbook/UI/Wizards/FirstRunSetupWizard.py	7361	_render_rows <- tldw_chatbook.UI.Wizards.first_run_setup_state
tldw_chatbook/UI/Wizards/FirstRunSetupWizard.py	7418	_render_rows <- tldw_chatbook.config
tldw_chatbook/UI/Wizards/FirstRunSetupWizard.py	7450	_exit_chat <- tldw_chatbook.Constants
tldw_chatbook/UI/Wizards/FirstRunSetupWizard.py	7457	_exit_library <- tldw_chatbook.Constants
tldw_chatbook/UI/Wizards/FirstRunSetupWizard.py	7468	_exit_home <- tldw_chatbook.Constants
tldw_chatbook/UI/Wizards/FirstRunSetupWizard.py	7644	__init__ <- tldw_chatbook.Chat.provider_setup_persistence
tldw_chatbook/UI/Wizards/FirstRunSetupWizard.py	7885	can_validate_committed_provider_setup <- tldw_chatbook.Chat.provider_setup_persistence
tldw_chatbook/UI/Wizards/FirstRunSetupWizard.py	7937	_provider_drafts_match <- hmac
tldw_chatbook/UI/Wizards/FirstRunSetupWizard.py	7978	commit_staged_provider_setup <- tldw_chatbook.Chat.provider_setup_persistence
tldw_chatbook/UI/Wizards/FirstRunSetupWizard.py	8093	_validate_committed_provider_setup <- tldw_chatbook.Chat.provider_setup_persistence
tldw_chatbook/UI/Wizards/FirstRunSetupWizard.py	8097	_validate_committed_provider_setup <- tldw_chatbook.config
tldw_chatbook/UI/Wizards/FirstRunSetupWizard.py	8285	_bind_provider_write_expectation <- tldw_chatbook.Chat.provider_setup_persistence
tldw_chatbook/UI/Wizards/FirstRunSetupWizard.py	9725	commit_config <- asyncio
tldw_chatbook/UI/Wizards/FirstRunSetupWizard.py	9728	commit_config <- tldw_chatbook.Chat.provider_setup_persistence
tldw_chatbook/UI/Wizards/FirstRunSetupWizard.py	9768	commit_config <- tldw_chatbook.config
tldw_chatbook/UI/Wizards/FirstRunSetupWizard.py	9876	_finalize <- tldw_chatbook.Constants
tldw_chatbook/UI/Wizards/FirstRunSetupWizard.py	9889	_stage_console_first_chat_handoff <- uuid
tldw_chatbook/UI/Wizards/FirstRunSetupWizard.py	9891	_stage_console_first_chat_handoff <- tldw_chatbook.Chat.console_session_settings
tldw_chatbook/UI/Wizards/FirstRunSetupWizard.py	9894	_stage_console_first_chat_handoff <- tldw_chatbook.UI.Navigation.pending_handoff_store
tldw_chatbook/UI/Wizards/FirstRunSetupWizard.py	10266	_persist_started_flag <- tldw_chatbook.config
tldw_chatbook/UI/Wizards/first_run_setup_state.py	77	is_untouched_default_session <- tldw_chatbook.Chat.console_chat_models
tldw_chatbook/UI/Wizards/first_run_setup_state.py	78	is_untouched_default_session <- tldw_chatbook.Chat.console_chat_store
tldw_chatbook/UI/Wizards/first_run_setup_state.py	79	is_untouched_default_session <- tldw_chatbook.Chat.console_chat_store
tldw_chatbook/UI/Wizards/first_run_setup_state.py	213	__post_init__ <- tldw_chatbook.Chat.provider_test_evidence
tldw_chatbook/UI/Wizards/first_run_setup_state.py	248	build_first_run_model_discovery_key <- tldw_chatbook.Chat.provider_endpoint_contract
tldw_chatbook/UI/Wizards/first_run_setup_state.py	258	build_first_run_model_discovery_key <- tldw_chatbook.Chat.console_provider_endpoints
tldw_chatbook/UI/Wizards/first_run_setup_state.py	278	_first_run_provider_owner_key <- tldw_chatbook.Chat.provider_setup_persistence
tldw_chatbook/UI/Wizards/first_run_setup_state.py	362	_resolve_first_run_provider_endpoints <- tldw_chatbook.Chat.console_provider_endpoints
tldw_chatbook/UI/Wizards/first_run_setup_state.py	366	_resolve_first_run_provider_endpoints <- tldw_chatbook.Chat.provider_endpoint_contract
tldw_chatbook/UI/Wizards/first_run_setup_state.py	406	build_current_first_run_model_discovery_key <- tldw_chatbook.Chat.provider_endpoint_contract
tldw_chatbook/UI/Wizards/first_run_setup_state.py	462	build_first_run_provider_commit <- tldw_chatbook.Chat.provider_endpoint_contract
tldw_chatbook/UI/Wizards/first_run_setup_state.py	463	build_first_run_provider_commit <- tldw_chatbook.Chat.provider_setup_persistence
tldw_chatbook/UI/Wizards/first_run_setup_state.py	504	build_first_run_provider_commit <- tldw_chatbook.Chat.provider_readiness
tldw_chatbook/UI/Wizards/first_run_setup_state.py	690	_is_real_provider_api_key <- tldw_chatbook.config
tldw_chatbook/UI/Wizards/first_run_setup_state.py	1444	curated_models_for_provider <- tldw_chatbook.Chat.provider_readiness
tldw_chatbook/UI/Wizards/first_run_setup_state.py	1719	read_provider_secret_presence <- tldw_chatbook.Chat.provider_readiness
tldw_chatbook/UI/Wizards/first_run_setup_state.py	1877	build_summary_rows <- tldw_chatbook.UI.Wizards.first_run_speech_step_state
tldw_chatbook/UI/Wizards/first_run_setup_state.py	1925	build_summary_rows <- tldw_chatbook.Agents.builtin_tool_gate
tldw_chatbook/UI/Wizards/first_run_setup_state.py	1988	rerun_model_prefill <- tldw_chatbook.Chat.provider_readiness
tldw_chatbook/UI/image_gen_command_provider.py	21	search <- .Screens.image_gen_demo_screen
tldw_chatbook/UI/stts_profile_library.py	358	voice_bundle_import_choice <- tldw_chatbook.TTS
tldw_chatbook/UI/stts_profile_library.py	1536	admit <- tldw_chatbook.Backup_Recovery.storage_admission
tldw_chatbook/UI/stts_profile_library.py	1596	open <- tldw_chatbook.Backup_Recovery.storage_admission
tldw_chatbook/UI/stts_profile_library.py	3201	_choose_profile_export_path <- tldw_chatbook.Third_Party.textual_fspicker
tldw_chatbook/UI/stts_profile_library.py	3202	_choose_profile_export_path <- tldw_chatbook.Widgets.enhanced_file_picker
tldw_chatbook/UI/stts_profile_library.py	3276	_choose_voice_bundle_export_path <- tldw_chatbook.Third_Party.textual_fspicker
tldw_chatbook/UI/stts_profile_library.py	3277	_choose_voice_bundle_export_path <- tldw_chatbook.Widgets.enhanced_file_picker
tldw_chatbook/UI/stts_profile_library.py	3295	_choose_voice_bundle_import_path <- tldw_chatbook.Third_Party.textual_fspicker
tldw_chatbook/UI/stts_profile_library.py	3296	_choose_voice_bundle_import_path <- tldw_chatbook.Widgets.enhanced_file_picker
tldw_chatbook/UI/stts_profile_library.py	3314	_write_profile_export <- tldw_chatbook.Utils.path_validation
tldw_chatbook/Video_Generation/config.py	151	_read_video_generation_toml <- tldw_chatbook.config
tldw_chatbook/Video_Generation/config.py	480	reset_video_generation_runtime <- tldw_chatbook.Video_Generation.adapter_registry
tldw_chatbook/Video_Generation/video_store.py	261	_video_path <- .video_metadata
tldw_chatbook/Video_Generation/video_store.py	467	resolve_state <- tldw_chatbook.Backup_Recovery.recovered_media
tldw_chatbook/Video_Generation/video_templates.py	103	_user_style_tables <- tldw_chatbook.config
tldw_chatbook/Voice_Assistant_Interop/server_voice_assistant_service.py	109	_command_request <- ..tldw_api
tldw_chatbook/Voice_Assistant_Interop/server_voice_assistant_service.py	118	_command_definition <- ..tldw_api
tldw_chatbook/Voice_Assistant_Interop/server_voice_assistant_service.py	127	_toggle_request <- ..tldw_api
tldw_chatbook/Voice_Assistant_Interop/server_voice_assistant_service.py	136	_dry_run_request <- ..tldw_api
tldw_chatbook/Web_Clipper_Interop/server_web_clipper_service.py	111	save_clip <- ..tldw_api
tldw_chatbook/Web_Clipper_Interop/server_web_clipper_service.py	146	persist_enrichment <- ..tldw_api
tldw_chatbook/Web_Scraping/Article_Scraper/utils.py	133	convert_html_to_markdown <- bs4
tldw_chatbook/Web_Scraping/Confluence/confluence_auth.py	133	configure_cookies <- urllib.parse
tldw_chatbook/Web_Scraping/WebSearch_APIs.py	254	initialize_config <- tldw_chatbook.config
tldw_chatbook/Web_Scraping/WebSearch_APIs.py	1806	aggregate_results <- tldw_chatbook.LLM_Calls.Summarization_General_Lib
tldw_chatbook/Web_Scraping/cookie_scraping/cookie_cloner.py	161	get_chrome_cookies <- win32crypt
tldw_chatbook/Web_Scraping/cookie_scraping/cookie_cloner.py	171	get_chrome_cookies <- keyring
tldw_chatbook/Web_Scraping/cookie_scraping/cookie_cloner.py	190	get_chrome_cookies <- win32crypt
tldw_chatbook/Web_Scraping/cookie_scraping/cookie_cloner.py	195	get_chrome_cookies <- Cryptodome.Protocol.KDF
tldw_chatbook/Web_Scraping/cookie_scraping/cookie_cloner.py	196	get_chrome_cookies <- keyring
tldw_chatbook/Web_Scraping/cookie_scraping/cookie_cloner.py	206	get_chrome_cookies <- Cryptodome.Protocol.KDF
tldw_chatbook/Web_Scraping/search_backend_settings.py	240	setup_issues <- tldw_chatbook.Utils.optional_deps
tldw_chatbook/Web_Scraping/search_backend_settings.py	268	probe_saved_backend <- tldw_chatbook.config
tldw_chatbook/Web_Scraping/search_backend_settings.py	273	probe_saved_backend <- tldw_chatbook.Web_Scraping.WebSearch_APIs
tldw_chatbook/Web_Server/artifact_share_server.py	97	_require_aiohttp <- ..Utils.optional_deps
tldw_chatbook/Web_Server/artifact_share_server.py	136	build_app <- aiohttp
tldw_chatbook/Web_Server/artifact_share_server.py	153	_headers_middleware <- aiohttp
tldw_chatbook/Web_Server/artifact_share_server.py	175	_auth_middleware <- aiohttp
tldw_chatbook/Web_Server/artifact_share_server.py	216	handle_index <- aiohttp
tldw_chatbook/Web_Server/artifact_share_server.py	222	handle_index_json <- json
tldw_chatbook/Web_Server/artifact_share_server.py	224	handle_index_json <- aiohttp
tldw_chatbook/Web_Server/artifact_share_server.py	254	handle_artifact <- aiohttp
tldw_chatbook/Web_Server/artifact_share_server.py	272	handle_bundle <- aiohttp
tldw_chatbook/Web_Server/artifact_share_server.py	281	_file_response <- aiohttp
tldw_chatbook/Web_Server/artifact_share_server.py	383	run <- aiohttp
tldw_chatbook/Web_Server/serve.py	152	__init__ <- tldw_chatbook.Canvas.compilation
tldw_chatbook/Web_Server/serve.py	584	serve <- aiohttp
tldw_chatbook/Web_Server/serve.py	610	_make_app <- aiohttp_jinja2
tldw_chatbook/Web_Server/serve.py	611	_make_app <- jinja2
tldw_chatbook/Web_Server/serve.py	612	_make_app <- aiohttp
tldw_chatbook/Web_Server/serve.py	719	_web_auth_middleware <- aiohttp
tldw_chatbook/Web_Server/serve.py	790	_served_canvas_middleware <- aiohttp
tldw_chatbook/Web_Server/serve.py	802	handle_login <- aiohttp
tldw_chatbook/Web_Server/serve.py	839	handle_login_bootstrap <- aiohttp
tldw_chatbook/Web_Server/serve.py	948	_process_authenticated_messages <- aiohttp
tldw_chatbook/Web_Server/serve.py	1116	handle_served_canvas_session <- aiohttp
tldw_chatbook/Web_Server/serve.py	1139	handle_websocket <- aiohttp
tldw_chatbook/Web_Server/serve.py	1221	handle_index <- aiohttp
tldw_chatbook/Web_Server/serve.py	1244	handle_served_shell_asset <- aiohttp
tldw_chatbook/Web_Server/serve.py	1258	handle_chatbook_auth_js <- aiohttp
tldw_chatbook/Web_Server/serve.py	1284	handle_textual_js <- aiohttp
tldw_chatbook/Web_Server/serve.py	1295	_load_textual_serve_server_class <- textual_serve.server
tldw_chatbook/Web_Server/serve.py	1304	_load_textual_serve_app_service_class <- textual_serve.app_service
tldw_chatbook/Web_Server/serve.py	1569	main <- argparse
tldw_chatbook/Widgets/Media/media_search_panel.py	185	compose <- ...Utils.Emoji_Handling
tldw_chatbook/Widgets/Media/media_search_panel.py	383	handle_sidebar_toggle <- ...Event_Handlers.media_events
tldw_chatbook/Widgets/Media/media_viewer_panel.py	1187	handle_delete_button <- ...Event_Handlers.media_events
tldw_chatbook/Widgets/Media/media_viewer_panel.py	1205	handle_read_it_later_button <- ...Event_Handlers.media_events
tldw_chatbook/Widgets/Media/media_viewer_panel.py	1278	handle_collapse_media_list <- ...Event_Handlers.media_events
tldw_chatbook/Widgets/Media/media_viewer_panel.py	1905	handle_save_analysis <- ...Event_Handlers.media_events
tldw_chatbook/Widgets/Media/media_viewer_panel.py	1922	handle_save_analysis_as_note <- ...Event_Handlers.media_events
tldw_chatbook/Widgets/Media/media_viewer_panel.py	1993	handle_overwrite_analysis <- ...Event_Handlers.media_events
tldw_chatbook/Widgets/Media/media_viewer_panel.py	2032	_run_delete_confirmation <- textual.widgets
tldw_chatbook/Widgets/Media/media_viewer_panel.py	2033	_run_delete_confirmation <- textual.containers
tldw_chatbook/Widgets/Media/media_viewer_panel.py	2034	_run_delete_confirmation <- textual.screen
tldw_chatbook/Widgets/Media/media_viewer_panel.py	2108	_run_delete_confirmation <- ...Event_Handlers.media_events
tldw_chatbook/Widgets/NewIngest/UnifiedProcessor.py	387	_process <- .BackendIntegration
tldw_chatbook/Widgets/Tamagotchi/recovery.py	52	discover <- tldw_chatbook.Backup_Recovery.file_inventory
tldw_chatbook/Widgets/Tamagotchi/tamagotchi_storage.py	597	__init__ <- os
tldw_chatbook/Widgets/audio_troubleshooting_dialog.py	489	_apply_and_close <- ..config
tldw_chatbook/Widgets/document_generation_modal.py	265	handle_note <- tldw_chatbook.Widgets.Note_Widgets.note_creation_modal
tldw_chatbook/Widgets/emoji_picker.py	70	_recent_emojis_path <- ..config
tldw_chatbook/Widgets/emoji_picker.py	77	load_recent_emojis <- ..Backup_Recovery.raw_participants
tldw_chatbook/Widgets/emoji_picker.py	78	load_recent_emojis <- sys
tldw_chatbook/Widgets/emoji_picker.py	88	_load_recent_emojis_in_operation <- ..Backup_Recovery.raw_participants
tldw_chatbook/Widgets/emoji_picker.py	89	_load_recent_emojis_in_operation <- json
tldw_chatbook/Widgets/emoji_picker.py	100	save_recent_emoji <- ..Backup_Recovery.raw_participants
tldw_chatbook/Widgets/emoji_picker.py	101	save_recent_emoji <- json
tldw_chatbook/Widgets/emoji_picker.py	102	save_recent_emoji <- sys
tldw_chatbook/Widgets/enhanced_file_picker.py	1388	compose <- ..Third_Party.textual_fspicker.base_dialog
tldw_chatbook/Widgets/enhanced_file_picker.py	1389	compose <- ..Third_Party.textual_fspicker.parts
tldw_chatbook/Widgets/enhanced_file_picker.py	2435	_input_bar <- textual.widgets
tldw_chatbook/Widgets/enhanced_file_picker.py	2481	_input_bar <- textual.widgets
tldw_chatbook/Widgets/enhanced_file_picker.py	2576	_input_bar <- textual.widgets
tldw_chatbook/Widgets/settings_image_gen_panel.py	73	get_image_generation_config <- tldw_chatbook.Image_Generation.config
tldw_chatbook/Widgets/settings_theme_editor.py	104	__init__ <- ..config
tldw_chatbook/Widgets/settings_theme_editor.py	678	_save_launch_default <- ..config
tldw_chatbook/Widgets/template_selector.py	79	_builtin_eval_template_records <- tldw_chatbook.Evals.eval_templates
tldw_chatbook/Widgets/workspace_create_modal.py	451	_add_folder <- tldw_chatbook.config
tldw_chatbook/Workspaces/assistant_defaults.py	114	compose_posture_preview <- tldw_chatbook.Agents.persona_policy
tldw_chatbook/Workspaces/assistant_defaults.py	118	compose_posture_preview <- tldw_chatbook.MCP.permission_store
tldw_chatbook/Workspaces/change_bounds.py	42	_change_review_enabled_setting <- tldw_chatbook.config
tldw_chatbook/Workspaces/change_retention.py	91	prune_change_history <- tldw_chatbook.Backup_Recovery.storage_admission
tldw_chatbook/Workspaces/change_review_consent.py	126	_default_capability_reader <- tldw_chatbook.Workspaces.change_bounds
tldw_chatbook/Workspaces/change_review_consent.py	132	_default_root_initializer <- tldw_chatbook.Workspaces.change_turn_tracker
tldw_chatbook/Workspaces/change_tracking.py	175	__init__ <- tldw_chatbook.Utils.paths
tldw_chatbook/Workspaces/change_tracking.py	271	_run <- tldw_chatbook.Backup_Recovery.storage_admission
tldw_chatbook/Workspaces/change_tracking.py	365	ensure_initialized <- tldw_chatbook.Backup_Recovery.storage_admission
tldw_chatbook/Workspaces/change_tracking.py	480	_validate_new_index_paths <- tldw_chatbook.Workspaces.change_bounds
tldw_chatbook/Workspaces/change_tracking.py	625	snapshot <- tldw_chatbook.Backup_Recovery.storage_admission
tldw_chatbook/Workspaces/change_tracking.py	627	snapshot <- sys
tldw_chatbook/Workspaces/change_tracking.py	629	snapshot <- tldw_chatbook.Workspaces.change_bounds
tldw_chatbook/Workspaces/change_tracking.py	834	force_add <- tldw_chatbook.Backup_Recovery.storage_admission
tldw_chatbook/Workspaces/change_tracking.py	884	restore_paths <- tldw_chatbook.Backup_Recovery.storage_admission
tldw_chatbook/Workspaces/change_turn_tracker.py	215	discover_baseline <- tldw_chatbook.Workspaces.change_bounds
tldw_chatbook/Workspaces/conversation_browser_state.py	748	_most_urgent_run_marker <- ..Widgets.glyph_fallback
tldw_chatbook/Workspaces/git_workspace.py	746	untracked_preview <- tldw_chatbook.Utils.path_validation
tldw_chatbook/Writing_Interop/recovery.py	55	discover <- tldw_chatbook.DB.recovery_operations
tldw_chatbook/Writing_Interop/recovery.py	77	validate <- tldw_chatbook.DB.private_sqlite
tldw_chatbook/Writing_Interop/recovery.py	90	capture <- tldw_chatbook.DB.private_sqlite
tldw_chatbook/Writing_Interop/server_writing_service.py	111	create_project <- ..tldw_api
tldw_chatbook/Writing_Interop/server_writing_service.py	149	update_project <- ..tldw_api
tldw_chatbook/Writing_Interop/server_writing_service.py	172	create_manuscript <- ..tldw_api
tldw_chatbook/Writing_Interop/server_writing_service.py	206	update_manuscript <- ..tldw_api
tldw_chatbook/Writing_Interop/server_writing_service.py	236	create_chapter <- ..tldw_api
tldw_chatbook/Writing_Interop/server_writing_service.py	275	update_chapter <- ..tldw_api
tldw_chatbook/Writing_Interop/server_writing_service.py	306	create_scene <- ..tldw_api
tldw_chatbook/Writing_Interop/server_writing_service.py	355	update_scene <- ..tldw_api
tldw_chatbook/Writing_Interop/server_writing_service.py	386	reorder_entities <- ..tldw_api
tldw_chatbook/Writing_Interop/server_writing_service.py	400	create_character <- ..tldw_api
tldw_chatbook/Writing_Interop/server_writing_service.py	444	update_character <- ..tldw_api
tldw_chatbook/Writing_Interop/server_writing_service.py	469	create_relationship <- ..tldw_api
tldw_chatbook/Writing_Interop/server_writing_service.py	505	create_world_info <- ..tldw_api
tldw_chatbook/Writing_Interop/server_writing_service.py	543	update_world_info <- ..tldw_api
tldw_chatbook/Writing_Interop/server_writing_service.py	566	create_plot_line <- ..tldw_api
tldw_chatbook/Writing_Interop/server_writing_service.py	593	update_plot_line <- ..tldw_api
tldw_chatbook/Writing_Interop/server_writing_service.py	618	create_plot_event <- ..tldw_api
tldw_chatbook/Writing_Interop/server_writing_service.py	647	update_plot_event <- ..tldw_api
tldw_chatbook/Writing_Interop/server_writing_service.py	672	create_plot_hole <- ..tldw_api
tldw_chatbook/Writing_Interop/server_writing_service.py	703	update_plot_hole <- ..tldw_api
tldw_chatbook/Writing_Interop/server_writing_service.py	732	link_scene_character <- ..tldw_api
tldw_chatbook/Writing_Interop/server_writing_service.py	768	link_scene_world_info <- ..tldw_api
tldw_chatbook/Writing_Interop/server_writing_service.py	804	create_citation <- ..tldw_api
tldw_chatbook/Writing_Interop/server_writing_service.py	834	research_scene <- ..tldw_api
tldw_chatbook/Writing_Interop/server_writing_service.py	859	analyze_scene <- ..tldw_api
tldw_chatbook/Writing_Interop/server_writing_service.py	882	analyze_chapter <- ..tldw_api
tldw_chatbook/Writing_Interop/server_writing_service.py	905	analyze_project_plot_holes <- ..tldw_api
tldw_chatbook/Writing_Interop/server_writing_service.py	930	analyze_project_consistency <- ..tldw_api
tldw_chatbook/Writing_Interop/server_writing_service.py	972	create_version <- ..tldw_api
tldw_chatbook/Writing_Interop/writing_scope_service.py	178	_maintenance_drain <- .local_writing_service
tldw_chatbook/Writing_Interop/writing_scope_service.py	182	_maintenance_drain <- tldw_chatbook.Backup_Recovery.participants
tldw_chatbook/css/Themes/themes.py	146	load_user_themes <- toml
tldw_chatbook/css/Themes/themes.py	147	load_user_themes <- loguru
tldw_chatbook/css/build_css.py	1200	main <- shutil
tldw_chatbook/tldw_api/__init__.py	2347	__getattr__ <- importlib
