Building wheel...
running bdist_wheel
running build
running build_py
creating build/lib/tldw_chatbook
copying tldw_chatbook/config.py -> build/lib/tldw_chatbook
copying tldw_chatbook/Logging_Config.py -> build/lib/tldw_chatbook
copying tldw_chatbook/model_capabilities.py -> build/lib/tldw_chatbook
copying tldw_chatbook/Constants.py -> build/lib/tldw_chatbook
copying tldw_chatbook/emergency_stop.py -> build/lib/tldw_chatbook
copying tldw_chatbook/__init__.py -> build/lib/tldw_chatbook
copying tldw_chatbook/cli.py -> build/lib/tldw_chatbook
copying tldw_chatbook/app.py -> build/lib/tldw_chatbook
copying tldw_chatbook/chunking_engine_version.py -> build/lib/tldw_chatbook
copying tldw_chatbook/__main__.py -> build/lib/tldw_chatbook
creating build/lib/tldw_chatbook/Evaluations_Interop
copying tldw_chatbook/Evaluations_Interop/__init__.py -> build/lib/tldw_chatbook/Evaluations_Interop
copying tldw_chatbook/Evaluations_Interop/local_evaluations_service.py -> build/lib/tldw_chatbook/Evaluations_Interop
copying tldw_chatbook/Evaluations_Interop/server_evaluations_service.py -> build/lib/tldw_chatbook/Evaluations_Interop
copying tldw_chatbook/Evaluations_Interop/evaluation_normalizers.py -> build/lib/tldw_chatbook/Evaluations_Interop
copying tldw_chatbook/Evaluations_Interop/evaluation_scope_service.py -> build/lib/tldw_chatbook/Evaluations_Interop
creating build/lib/tldw_chatbook/Metrics
copying tldw_chatbook/Metrics/metrics.py -> build/lib/tldw_chatbook/Metrics
copying tldw_chatbook/Metrics/Otel_Metrics.py -> build/lib/tldw_chatbook/Metrics
copying tldw_chatbook/Metrics/logger_config.py -> build/lib/tldw_chatbook/Metrics
copying tldw_chatbook/Metrics/__init__.py -> build/lib/tldw_chatbook/Metrics
copying tldw_chatbook/Metrics/metrics_logger.py -> build/lib/tldw_chatbook/Metrics
creating build/lib/tldw_chatbook/Feedback_Interop
copying tldw_chatbook/Feedback_Interop/feedback_scope_service.py -> build/lib/tldw_chatbook/Feedback_Interop
copying tldw_chatbook/Feedback_Interop/__init__.py -> build/lib/tldw_chatbook/Feedback_Interop
copying tldw_chatbook/Feedback_Interop/server_feedback_service.py -> build/lib/tldw_chatbook/Feedback_Interop
copying tldw_chatbook/Feedback_Interop/local_feedback_service.py -> build/lib/tldw_chatbook/Feedback_Interop
creating build/lib/tldw_chatbook/UI
copying tldw_chatbook/UI/stable_command_palette.py -> build/lib/tldw_chatbook/UI
copying tldw_chatbook/UI/ChatbookCreationWindow.py -> build/lib/tldw_chatbook/UI
copying tldw_chatbook/UI/tools_settings_messages.py -> build/lib/tldw_chatbook/UI
copying tldw_chatbook/UI/server_chatbook_service_lease.py -> build/lib/tldw_chatbook/UI
copying tldw_chatbook/UI/image_gen_command_provider.py -> build/lib/tldw_chatbook/UI
copying tldw_chatbook/UI/stts_profile_library.py -> build/lib/tldw_chatbook/UI
copying tldw_chatbook/UI/ChatbookExportManagementWindow.py -> build/lib/tldw_chatbook/UI
copying tldw_chatbook/UI/ChatbookTemplatesWindow.py -> build/lib/tldw_chatbook/UI
copying tldw_chatbook/UI/Research_Window.py -> build/lib/tldw_chatbook/UI
copying tldw_chatbook/UI/Dictation_Window_Improved.py -> build/lib/tldw_chatbook/UI
copying tldw_chatbook/UI/Study_Window.py -> build/lib/tldw_chatbook/UI
copying tldw_chatbook/UI/STTS_Window.py -> build/lib/tldw_chatbook/UI
copying tldw_chatbook/UI/Voice_Cloning_Window.py -> build/lib/tldw_chatbook/UI
copying tldw_chatbook/UI/console_command_provider.py -> build/lib/tldw_chatbook/UI
copying tldw_chatbook/UI/CodeRepoCopyPasteWindow.py -> build/lib/tldw_chatbook/UI
copying tldw_chatbook/UI/MediaWindow_v2.py -> build/lib/tldw_chatbook/UI
copying tldw_chatbook/UI/Outputs_Panel.py -> build/lib/tldw_chatbook/UI
copying tldw_chatbook/UI/Chatbooks_Window_Improved.py -> build/lib/tldw_chatbook/UI
copying tldw_chatbook/UI/__init__.py -> build/lib/tldw_chatbook/UI
copying tldw_chatbook/UI/SiteConfigSettings.py -> build/lib/tldw_chatbook/UI
copying tldw_chatbook/UI/Stats_Window.py -> build/lib/tldw_chatbook/UI
copying tldw_chatbook/UI/Sharing_Panel.py -> build/lib/tldw_chatbook/UI
copying tldw_chatbook/UI/character_display_text.py -> build/lib/tldw_chatbook/UI
copying tldw_chatbook/UI/focus_ownership.py -> build/lib/tldw_chatbook/UI
copying tldw_chatbook/UI/Tools_Settings_Window.py -> build/lib/tldw_chatbook/UI
copying tldw_chatbook/UI/stts_playground_catalog.py -> build/lib/tldw_chatbook/UI
copying tldw_chatbook/UI/MediaWindowV88.py -> build/lib/tldw_chatbook/UI
copying tldw_chatbook/UI/destination_recovery.py -> build/lib/tldw_chatbook/UI
copying tldw_chatbook/UI/Writing_Window.py -> build/lib/tldw_chatbook/UI
copying tldw_chatbook/UI/LLM_Management_Window.py -> build/lib/tldw_chatbook/UI
copying tldw_chatbook/UI/Chatbooks_Window.py -> build/lib/tldw_chatbook/UI
copying tldw_chatbook/UI/Logs_Window.py -> build/lib/tldw_chatbook/UI
copying tldw_chatbook/UI/tts_profile_recovery.py -> build/lib/tldw_chatbook/UI
creating build/lib/tldw_chatbook/Collections_Interop
copying tldw_chatbook/Collections_Interop/__init__.py -> build/lib/tldw_chatbook/Collections_Interop
copying tldw_chatbook/Collections_Interop/server_collections_feeds_service.py -> build/lib/tldw_chatbook/Collections_Interop
copying tldw_chatbook/Collections_Interop/collections_feeds_scope_service.py -> build/lib/tldw_chatbook/Collections_Interop
creating build/lib/tldw_chatbook/Home
copying tldw_chatbook/Home/home_rail_state.py -> build/lib/tldw_chatbook/Home
copying tldw_chatbook/Home/active_work_adapter.py -> build/lib/tldw_chatbook/Home
copying tldw_chatbook/Home/__init__.py -> build/lib/tldw_chatbook/Home
copying tldw_chatbook/Home/dashboard_state.py -> build/lib/tldw_chatbook/Home
creating build/lib/tldw_chatbook/Personalization_Interop
copying tldw_chatbook/Personalization_Interop/personalization_scope_service.py -> build/lib/tldw_chatbook/Personalization_Interop
copying tldw_chatbook/Personalization_Interop/__init__.py -> build/lib/tldw_chatbook/Personalization_Interop
copying tldw_chatbook/Personalization_Interop/server_personalization_service.py -> build/lib/tldw_chatbook/Personalization_Interop
creating build/lib/tldw_chatbook/Writing_Interop
copying tldw_chatbook/Writing_Interop/writing_markdown_adapter.py -> build/lib/tldw_chatbook/Writing_Interop
copying tldw_chatbook/Writing_Interop/writing_scope_service.py -> build/lib/tldw_chatbook/Writing_Interop
copying tldw_chatbook/Writing_Interop/server_writing_service.py -> build/lib/tldw_chatbook/Writing_Interop
copying tldw_chatbook/Writing_Interop/__init__.py -> build/lib/tldw_chatbook/Writing_Interop
copying tldw_chatbook/Writing_Interop/writing_normalizers.py -> build/lib/tldw_chatbook/Writing_Interop
copying tldw_chatbook/Writing_Interop/writing_models.py -> build/lib/tldw_chatbook/Writing_Interop
copying tldw_chatbook/Writing_Interop/local_writing_service.py -> build/lib/tldw_chatbook/Writing_Interop
creating build/lib/tldw_chatbook/Model_Artifacts
copying tldw_chatbook/Model_Artifacts/fetch.py -> build/lib/tldw_chatbook/Model_Artifacts
copying tldw_chatbook/Model_Artifacts/store.py -> build/lib/tldw_chatbook/Model_Artifacts
copying tldw_chatbook/Model_Artifacts/leases.py -> build/lib/tldw_chatbook/Model_Artifacts
copying tldw_chatbook/Model_Artifacts/service.py -> build/lib/tldw_chatbook/Model_Artifacts
copying tldw_chatbook/Model_Artifacts/remote_huggingface.py -> build/lib/tldw_chatbook/Model_Artifacts
copying tldw_chatbook/Model_Artifacts/machine_memory.py -> build/lib/tldw_chatbook/Model_Artifacts
copying tldw_chatbook/Model_Artifacts/__init__.py -> build/lib/tldw_chatbook/Model_Artifacts
copying tldw_chatbook/Model_Artifacts/curated_registry.py -> build/lib/tldw_chatbook/Model_Artifacts
copying tldw_chatbook/Model_Artifacts/_deferred_gguf_managed_import.py -> build/lib/tldw_chatbook/Model_Artifacts
copying tldw_chatbook/Model_Artifacts/machine_memory_probe.py -> build/lib/tldw_chatbook/Model_Artifacts
copying tldw_chatbook/Model_Artifacts/acquisition.py -> build/lib/tldw_chatbook/Model_Artifacts
copying tldw_chatbook/Model_Artifacts/gguf_admission.py -> build/lib/tldw_chatbook/Model_Artifacts
creating build/lib/tldw_chatbook/Evals
copying tldw_chatbook/Evals/ab_testing.py -> build/lib/tldw_chatbook/Evals
copying tldw_chatbook/Evals/config_loader.py -> build/lib/tldw_chatbook/Evals
copying tldw_chatbook/Evals/base_runner.py -> build/lib/tldw_chatbook/Evals
copying tldw_chatbook/Evals/dataset_validator.py -> build/lib/tldw_chatbook/Evals
copying tldw_chatbook/Evals/steering.py -> build/lib/tldw_chatbook/Evals
copying tldw_chatbook/Evals/__init__.py -> build/lib/tldw_chatbook/Evals
copying tldw_chatbook/Evals/eval_errors.py -> build/lib/tldw_chatbook/Evals
copying tldw_chatbook/Evals/eval_templates.py -> build/lib/tldw_chatbook/Evals
copying tldw_chatbook/Evals/research_report_scorer.py -> build/lib/tldw_chatbook/Evals
copying tldw_chatbook/Evals/ui_integration.py -> build/lib/tldw_chatbook/Evals
copying tldw_chatbook/Evals/dataset_loader.py -> build/lib/tldw_chatbook/Evals
copying tldw_chatbook/Evals/concurrency_manager.py -> build/lib/tldw_chatbook/Evals
copying tldw_chatbook/Evals/eval_runner.py -> build/lib/tldw_chatbook/Evals
copying tldw_chatbook/Evals/eval_orchestrator.py -> build/lib/tldw_chatbook/Evals
copying tldw_chatbook/Evals/exporters.py -> build/lib/tldw_chatbook/Evals
copying tldw_chatbook/Evals/specialized_runners.py -> build/lib/tldw_chatbook/Evals
copying tldw_chatbook/Evals/configuration_validator.py -> build/lib/tldw_chatbook/Evals
copying tldw_chatbook/Evals/task_loader.py -> build/lib/tldw_chatbook/Evals
creating build/lib/tldw_chatbook/Study_Interop
copying tldw_chatbook/Study_Interop/server_quiz_service.py -> build/lib/tldw_chatbook/Study_Interop
copying tldw_chatbook/Study_Interop/study_scope_service.py -> build/lib/tldw_chatbook/Study_Interop
copying tldw_chatbook/Study_Interop/local_study_service.py -> build/lib/tldw_chatbook/Study_Interop
copying tldw_chatbook/Study_Interop/local_quiz_service.py -> build/lib/tldw_chatbook/Study_Interop
copying tldw_chatbook/Study_Interop/quiz_normalizers.py -> build/lib/tldw_chatbook/Study_Interop
copying tldw_chatbook/Study_Interop/__init__.py -> build/lib/tldw_chatbook/Study_Interop
copying tldw_chatbook/Study_Interop/server_study_service.py -> build/lib/tldw_chatbook/Study_Interop
copying tldw_chatbook/Study_Interop/study_normalizers.py -> build/lib/tldw_chatbook/Study_Interop
copying tldw_chatbook/Study_Interop/quiz_scope_service.py -> build/lib/tldw_chatbook/Study_Interop
creating build/lib/tldw_chatbook/RAG_Admin
copying tldw_chatbook/RAG_Admin/template_validation.py -> build/lib/tldw_chatbook/RAG_Admin
copying tldw_chatbook/RAG_Admin/chunking_lab_service.py -> build/lib/tldw_chatbook/RAG_Admin
copying tldw_chatbook/RAG_Admin/__init__.py -> build/lib/tldw_chatbook/RAG_Admin
copying tldw_chatbook/RAG_Admin/local_rag_admin_service.py -> build/lib/tldw_chatbook/RAG_Admin
copying tldw_chatbook/RAG_Admin/rag_admin_normalizers.py -> build/lib/tldw_chatbook/RAG_Admin
copying tldw_chatbook/RAG_Admin/rag_admin_scope_service.py -> build/lib/tldw_chatbook/RAG_Admin
copying tldw_chatbook/RAG_Admin/server_rag_admin_service.py -> build/lib/tldw_chatbook/RAG_Admin
creating build/lib/tldw_chatbook/Tools
copying tldw_chatbook/Tools/workspace_tool_worker.py -> build/lib/tldw_chatbook/Tools
copying tldw_chatbook/Tools/rag_search_tool.py -> build/lib/tldw_chatbook/Tools
copying tldw_chatbook/Tools/watchlists_command_service.py -> build/lib/tldw_chatbook/Tools
copying tldw_chatbook/Tools/watchlists_tool_service.py -> build/lib/tldw_chatbook/Tools
copying tldw_chatbook/Tools/virtual_cli_impls.py -> build/lib/tldw_chatbook/Tools
copying tldw_chatbook/Tools/workspace_file_roots.py -> build/lib/tldw_chatbook/Tools
copying tldw_chatbook/Tools/web_tool_impls.py -> build/lib/tldw_chatbook/Tools
copying tldw_chatbook/Tools/workspace_root_pin.py -> build/lib/tldw_chatbook/Tools
copying tldw_chatbook/Tools/document_expansion_tool.py -> build/lib/tldw_chatbook/Tools
copying tldw_chatbook/Tools/__init__.py -> build/lib/tldw_chatbook/Tools
copying tldw_chatbook/Tools/patch_tool_impls.py -> build/lib/tldw_chatbook/Tools
copying tldw_chatbook/Tools/workspace_tool_executor.py -> build/lib/tldw_chatbook/Tools
copying tldw_chatbook/Tools/raw_cli_executor.py -> build/lib/tldw_chatbook/Tools
copying tldw_chatbook/Tools/file_operation_hooks.py -> build/lib/tldw_chatbook/Tools
copying tldw_chatbook/Tools/web_search_tool.py -> build/lib/tldw_chatbook/Tools
copying tldw_chatbook/Tools/workspace_tool_protocol.py -> build/lib/tldw_chatbook/Tools
copying tldw_chatbook/Tools/code_audit_tool.py -> build/lib/tldw_chatbook/Tools
copying tldw_chatbook/Tools/git_tool_impls.py -> build/lib/tldw_chatbook/Tools
copying tldw_chatbook/Tools/workspace_tool_dispatch.py -> build/lib/tldw_chatbook/Tools
copying tldw_chatbook/Tools/tool_executor.py -> build/lib/tldw_chatbook/Tools
copying tldw_chatbook/Tools/file_operation_tools.py -> build/lib/tldw_chatbook/Tools
copying tldw_chatbook/Tools/note_management_tools.py -> build/lib/tldw_chatbook/Tools
copying tldw_chatbook/Tools/_grep_worker.py -> build/lib/tldw_chatbook/Tools
copying tldw_chatbook/Tools/local_tool_impls.py -> build/lib/tldw_chatbook/Tools
creating build/lib/tldw_chatbook/UX_Interop
copying tldw_chatbook/UX_Interop/__init__.py -> build/lib/tldw_chatbook/UX_Interop
copying tldw_chatbook/UX_Interop/server_parity_contracts.py -> build/lib/tldw_chatbook/UX_Interop
copying tldw_chatbook/UX_Interop/server_connection_contracts.py -> build/lib/tldw_chatbook/UX_Interop
creating build/lib/tldw_chatbook/Embeddings
copying tldw_chatbook/Embeddings/__init__.py -> build/lib/tldw_chatbook/Embeddings
copying tldw_chatbook/Embeddings/Embeddings_Lib.py -> build/lib/tldw_chatbook/Embeddings
creating build/lib/tldw_chatbook/Sharing
copying tldw_chatbook/Sharing/__init__.py -> build/lib/tldw_chatbook/Sharing
copying tldw_chatbook/Sharing/server_sharing_service.py -> build/lib/tldw_chatbook/Sharing
copying tldw_chatbook/Sharing/server_sharing_scope_service.py -> build/lib/tldw_chatbook/Sharing
creating build/lib/tldw_chatbook/Local_Inference
copying tldw_chatbook/Local_Inference/ollama_model_mgmt.py -> build/lib/tldw_chatbook/Local_Inference
copying tldw_chatbook/Local_Inference/__init__.py -> build/lib/tldw_chatbook/Local_Inference
copying tldw_chatbook/Local_Inference/mlx_lm_inference_local.py -> build/lib/tldw_chatbook/Local_Inference
creating build/lib/tldw_chatbook/Skills_Interop
copying tldw_chatbook/Skills_Interop/skill_trust_scanner.py -> build/lib/tldw_chatbook/Skills_Interop
copying tldw_chatbook/Skills_Interop/skill_trust_crypto.py -> build/lib/tldw_chatbook/Skills_Interop
copying tldw_chatbook/Skills_Interop/skill_trust_service.py -> build/lib/tldw_chatbook/Skills_Interop
copying tldw_chatbook/Skills_Interop/skill_trust_store.py -> build/lib/tldw_chatbook/Skills_Interop
copying tldw_chatbook/Skills_Interop/__init__.py -> build/lib/tldw_chatbook/Skills_Interop
copying tldw_chatbook/Skills_Interop/server_skills_service.py -> build/lib/tldw_chatbook/Skills_Interop
copying tldw_chatbook/Skills_Interop/skills_scope_service.py -> build/lib/tldw_chatbook/Skills_Interop
copying tldw_chatbook/Skills_Interop/local_skills_service.py -> build/lib/tldw_chatbook/Skills_Interop
copying tldw_chatbook/Skills_Interop/project_skills_prompt.py -> build/lib/tldw_chatbook/Skills_Interop
copying tldw_chatbook/Skills_Interop/skill_package_inspection.py -> build/lib/tldw_chatbook/Skills_Interop
copying tldw_chatbook/Skills_Interop/project_skills_discovery.py -> build/lib/tldw_chatbook/Skills_Interop
copying tldw_chatbook/Skills_Interop/atomic_write.py -> build/lib/tldw_chatbook/Skills_Interop
copying tldw_chatbook/Skills_Interop/skill_trust_models.py -> build/lib/tldw_chatbook/Skills_Interop
copying tldw_chatbook/Skills_Interop/skill_remote_fetch.py -> build/lib/tldw_chatbook/Skills_Interop
copying tldw_chatbook/Skills_Interop/skill_script_runner.py -> build/lib/tldw_chatbook/Skills_Interop
creating build/lib/tldw_chatbook/Chat
copying tldw_chatbook/Chat/console_command_grammar.py -> build/lib/tldw_chatbook/Chat
copying tldw_chatbook/Chat/provider_test_evidence.py -> build/lib/tldw_chatbook/Chat
copying tldw_chatbook/Chat/console_settings_defaults.py -> build/lib/tldw_chatbook/Chat
copying tldw_chatbook/Chat/conversation_local_marks_service.py -> build/lib/tldw_chatbook/Chat
copying tldw_chatbook/Chat/console_trace_provenance.py -> build/lib/tldw_chatbook/Chat
copying tldw_chatbook/Chat/console_turn_grouping.py -> build/lib/tldw_chatbook/Chat
copying tldw_chatbook/Chat/console_trace_runtime.py -> build/lib/tldw_chatbook/Chat
copying tldw_chatbook/Chat/console_realtime_loop.py -> build/lib/tldw_chatbook/Chat
copying tldw_chatbook/Chat/console_trace_projection.py -> build/lib/tldw_chatbook/Chat
copying tldw_chatbook/Chat/citation_trace_models.py -> build/lib/tldw_chatbook/Chat
copying tldw_chatbook/Chat/chat_conversation_service.py -> build/lib/tldw_chatbook/Chat
copying tldw_chatbook/Chat/console_send_diagnostics.py -> build/lib/tldw_chatbook/Chat
copying tldw_chatbook/Chat/console_onboarding_state.py -> build/lib/tldw_chatbook/Chat
copying tldw_chatbook/Chat/trajectory_export.py -> build/lib/tldw_chatbook/Chat
copying tldw_chatbook/Chat/console_trace_repository.py -> build/lib/tldw_chatbook/Chat
copying tldw_chatbook/Chat/console_settings_apply.py -> build/lib/tldw_chatbook/Chat
copying tldw_chatbook/Chat/chat_models.py -> build/lib/tldw_chatbook/Chat
copying tldw_chatbook/Chat/console_provider_support.py -> build/lib/tldw_chatbook/Chat
copying tldw_chatbook/Chat/chat_handoff_models.py -> build/lib/tldw_chatbook/Chat
copying tldw_chatbook/Chat/console_provider_gateway.py -> build/lib/tldw_chatbook/Chat
copying tldw_chatbook/Chat/console_visual_transcript.py -> build/lib/tldw_chatbook/Chat
copying tldw_chatbook/Chat/console_auto_speak.py -> build/lib/tldw_chatbook/Chat
copying tldw_chatbook/Chat/provider_failures.py -> build/lib/tldw_chatbook/Chat
copying tldw_chatbook/Chat/console_message_actions.py -> build/lib/tldw_chatbook/Chat
copying tldw_chatbook/Chat/console_generate_video.py -> build/lib/tldw_chatbook/Chat
copying tldw_chatbook/Chat/console_activity_receipts.py -> build/lib/tldw_chatbook/Chat
copying tldw_chatbook/Chat/console_generate_image.py -> build/lib/tldw_chatbook/Chat
copying tldw_chatbook/Chat/console_trace_native_reader.py -> build/lib/tldw_chatbook/Chat
copying tldw_chatbook/Chat/citation_artifact_ownership.py -> build/lib/tldw_chatbook/Chat
copying tldw_chatbook/Chat/answer_citations.py -> build/lib/tldw_chatbook/Chat
copying tldw_chatbook/Chat/reply_sentence_sequencer.py -> build/lib/tldw_chatbook/Chat
copying tldw_chatbook/Chat/stream_stall_watchdog.py -> build/lib/tldw_chatbook/Chat
copying tldw_chatbook/Chat/Chat_Functions.py -> build/lib/tldw_chatbook/Chat
copying tldw_chatbook/Chat/chat_handoff_messages.py -> build/lib/tldw_chatbook/Chat
copying tldw_chatbook/Chat/console_endpoint_provenance.py -> build/lib/tldw_chatbook/Chat
copying tldw_chatbook/Chat/console_switcher_state.py -> build/lib/tldw_chatbook/Chat
copying tldw_chatbook/Chat/console_dispatch_repository.py -> build/lib/tldw_chatbook/Chat
copying tldw_chatbook/Chat/console_roleplay_identity.py -> build/lib/tldw_chatbook/Chat
copying tldw_chatbook/Chat/console_visual_evaluation.py -> build/lib/tldw_chatbook/Chat
copying tldw_chatbook/Chat/console_conversation_markdown.py -> build/lib/tldw_chatbook/Chat
copying tldw_chatbook/Chat/llamacpp_think_filter.py -> build/lib/tldw_chatbook/Chat
copying tldw_chatbook/Chat/console_conversation_actions.py -> build/lib/tldw_chatbook/Chat
copying tldw_chatbook/Chat/console_turn_context.py -> build/lib/tldw_chatbook/Chat
copying tldw_chatbook/Chat/citation_trace_builder.py -> build/lib/tldw_chatbook/Chat
copying tldw_chatbook/Chat/prompt_history.py -> build/lib/tldw_chatbook/Chat
copying tldw_chatbook/Chat/console_speech.py -> build/lib/tldw_chatbook/Chat
copying tldw_chatbook/Chat/console_chat_controller.py -> build/lib/tldw_chatbook/Chat
copying tldw_chatbook/Chat/console_scratch_space.py -> build/lib/tldw_chatbook/Chat
copying tldw_chatbook/Chat/citation_trace_repository.py -> build/lib/tldw_chatbook/Chat
copying tldw_chatbook/Chat/console_glyphs.py -> build/lib/tldw_chatbook/Chat
copying tldw_chatbook/Chat/console_capture_policy_repository.py -> build/lib/tldw_chatbook/Chat
copying tldw_chatbook/Chat/console_appearance.py -> build/lib/tldw_chatbook/Chat
copying tldw_chatbook/Chat/chat_persistence_service.py -> build/lib/tldw_chatbook/Chat
copying tldw_chatbook/Chat/console_workspace_actions.py -> build/lib/tldw_chatbook/Chat
copying tldw_chatbook/Chat/trace_export_profiles.py -> build/lib/tldw_chatbook/Chat
copying tldw_chatbook/Chat/library_activity.py -> build/lib/tldw_chatbook/Chat
copying tldw_chatbook/Chat/citation_evidence_models.py -> build/lib/tldw_chatbook/Chat
copying tldw_chatbook/Chat/console_trace_metrics.py -> build/lib/tldw_chatbook/Chat
copying tldw_chatbook/Chat/console_session_endpoint_policy.py -> build/lib/tldw_chatbook/Chat
copying tldw_chatbook/Chat/console_trace_service.py -> build/lib/tldw_chatbook/Chat
copying tldw_chatbook/Chat/console_trace_redaction.py -> build/lib/tldw_chatbook/Chat
copying tldw_chatbook/Chat/trajectory_import.py -> build/lib/tldw_chatbook/Chat
copying tldw_chatbook/Chat/console_speech_preferences.py -> build/lib/tldw_chatbook/Chat
copying tldw_chatbook/Chat/provider_readiness.py -> build/lib/tldw_chatbook/Chat
copying tldw_chatbook/Chat/__init__.py -> build/lib/tldw_chatbook/Chat
copying tldw_chatbook/Chat/console_paste_attach.py -> build/lib/tldw_chatbook/Chat
copying tldw_chatbook/Chat/console_image_edit_operations.py -> build/lib/tldw_chatbook/Chat
copying tldw_chatbook/Chat/console_trace_models.py -> build/lib/tldw_chatbook/Chat
copying tldw_chatbook/Chat/trajectory.py -> build/lib/tldw_chatbook/Chat
copying tldw_chatbook/Chat/assistant_generation_state.py -> build/lib/tldw_chatbook/Chat
copying tldw_chatbook/Chat/console_live_work.py -> build/lib/tldw_chatbook/Chat
copying tldw_chatbook/Chat/message_metadata.py -> build/lib/tldw_chatbook/Chat
copying tldw_chatbook/Chat/console_fleet_attention.py -> build/lib/tldw_chatbook/Chat
copying tldw_chatbook/Chat/console_auxiliary_routing.py -> build/lib/tldw_chatbook/Chat
copying tldw_chatbook/Chat/console_trace_legacy.py -> build/lib/tldw_chatbook/Chat
copying tldw_chatbook/Chat/console_prompt_queue.py -> build/lib/tldw_chatbook/Chat
copying tldw_chatbook/Chat/console_canvas_controller.py -> build/lib/tldw_chatbook/Chat
copying tldw_chatbook/Chat/console_runtime.py -> build/lib/tldw_chatbook/Chat
copying tldw_chatbook/Chat/console_provider_endpoints.py -> build/lib/tldw_chatbook/Chat
copying tldw_chatbook/Chat/console_agent_bridge.py -> build/lib/tldw_chatbook/Chat
copying tldw_chatbook/Chat/console_cost_tracker.py -> build/lib/tldw_chatbook/Chat
copying tldw_chatbook/Chat/console_ephemeral.py -> build/lib/tldw_chatbook/Chat
copying tldw_chatbook/Chat/console_raw_cli.py -> build/lib/tldw_chatbook/Chat
copying tldw_chatbook/Chat/console_expression_state.py -> build/lib/tldw_chatbook/Chat
copying tldw_chatbook/Chat/console_prompt_queue_coordinator.py -> build/lib/tldw_chatbook/Chat
copying tldw_chatbook/Chat/console_fleet_wake.py -> build/lib/tldw_chatbook/Chat
copying tldw_chatbook/Chat/console_roleplay_metadata.py -> build/lib/tldw_chatbook/Chat
copying tldw_chatbook/Chat/library_preparation.py -> build/lib/tldw_chatbook/Chat
copying tldw_chatbook/Chat/provider_continuation.py -> build/lib/tldw_chatbook/Chat
copying tldw_chatbook/Chat/console_transaction_contribution.py -> build/lib/tldw_chatbook/Chat
copying tldw_chatbook/Chat/attachment_core.py -> build/lib/tldw_chatbook/Chat
copying tldw_chatbook/Chat/console_skill_resolver.py -> build/lib/tldw_chatbook/Chat
copying tldw_chatbook/Chat/citation_trace_adapters.py -> build/lib/tldw_chatbook/Chat
copying tldw_chatbook/Chat/console_visual_benchmark.py -> build/lib/tldw_chatbook/Chat
copying tldw_chatbook/Chat/console_chat_models.py -> build/lib/tldw_chatbook/Chat
copying tldw_chatbook/Chat/citation_trace_identity.py -> build/lib/tldw_chatbook/Chat
copying tldw_chatbook/Chat/console_side_chat.py -> build/lib/tldw_chatbook/Chat
copying tldw_chatbook/Chat/console_persona_assignment.py -> build/lib/tldw_chatbook/Chat
copying tldw_chatbook/Chat/console_trace_maintenance.py -> build/lib/tldw_chatbook/Chat
copying tldw_chatbook/Chat/thinking_blocks.py -> build/lib/tldw_chatbook/Chat
copying tldw_chatbook/Chat/console_references.py -> build/lib/tldw_chatbook/Chat
copying tldw_chatbook/Chat/console_trace_errors.py -> build/lib/tldw_chatbook/Chat
copying tldw_chatbook/Chat/console_trace_settlement.py -> build/lib/tldw_chatbook/Chat
copying tldw_chatbook/Chat/citation_repair.py -> build/lib/tldw_chatbook/Chat
copying tldw_chatbook/Chat/console_trace_final_values.py -> build/lib/tldw_chatbook/Chat
copying tldw_chatbook/Chat/console_library_activity_buffer.py -> build/lib/tldw_chatbook/Chat
copying tldw_chatbook/Chat/console_prefill.py -> build/lib/tldw_chatbook/Chat
copying tldw_chatbook/Chat/document_generator.py -> build/lib/tldw_chatbook/Chat
copying tldw_chatbook/Chat/provider_endpoint_contract.py -> build/lib/tldw_chatbook/Chat
copying tldw_chatbook/Chat/console_context_repository.py -> build/lib/tldw_chatbook/Chat
copying tldw_chatbook/Chat/citation_service_factory.py -> build/lib/tldw_chatbook/Chat
copying tldw_chatbook/Chat/console_command_suggestions.py -> build/lib/tldw_chatbook/Chat
copying tldw_chatbook/Chat/console_library_policy.py -> build/lib/tldw_chatbook/Chat
copying tldw_chatbook/Chat/console_generation_settings_metadata.py -> build/lib/tldw_chatbook/Chat
copying tldw_chatbook/Chat/console_prepared_request.py -> build/lib/tldw_chatbook/Chat
copying tldw_chatbook/Chat/console_thinking_capture.py -> build/lib/tldw_chatbook/Chat
copying tldw_chatbook/Chat/console_dispatch_checkpoint.py -> build/lib/tldw_chatbook/Chat
copying tldw_chatbook/Chat/console_assistant_defaults.py -> build/lib/tldw_chatbook/Chat
copying tldw_chatbook/Chat/console_hands_free.py -> build/lib/tldw_chatbook/Chat
copying tldw_chatbook/Chat/console_library_policy_repository.py -> build/lib/tldw_chatbook/Chat
copying tldw_chatbook/Chat/console_semantic_revision.py -> build/lib/tldw_chatbook/Chat
copying tldw_chatbook/Chat/console_save_targets.py -> build/lib/tldw_chatbook/Chat
copying tldw_chatbook/Chat/console_context_compaction.py -> build/lib/tldw_chatbook/Chat
copying tldw_chatbook/Chat/console_trace_chunk_rows.py -> build/lib/tldw_chatbook/Chat
copying tldw_chatbook/Chat/console_rail_state.py -> build/lib/tldw_chatbook/Chat
copying tldw_chatbook/Chat/citation_payload_lifecycle.py -> build/lib/tldw_chatbook/Chat
copying tldw_chatbook/Chat/console_session_settings.py -> build/lib/tldw_chatbook/Chat
copying tldw_chatbook/Chat/permission_summary_service.py -> build/lib/tldw_chatbook/Chat
copying tldw_chatbook/Chat/console_library_policy_coordinator.py -> build/lib/tldw_chatbook/Chat
copying tldw_chatbook/Chat/console_conversation_hydration.py -> build/lib/tldw_chatbook/Chat
copying tldw_chatbook/Chat/console_environment_state.py -> build/lib/tldw_chatbook/Chat
copying tldw_chatbook/Chat/scope_picker_listers.py -> build/lib/tldw_chatbook/Chat
copying tldw_chatbook/Chat/chat_loop_scope_service.py -> build/lib/tldw_chatbook/Chat
copying tldw_chatbook/Chat/usage_recorder.py -> build/lib/tldw_chatbook/Chat
copying tldw_chatbook/Chat/console_display_state.py -> build/lib/tldw_chatbook/Chat
copying tldw_chatbook/Chat/console_history_budget.py -> build/lib/tldw_chatbook/Chat
copying tldw_chatbook/Chat/server_chat_loop_service.py -> build/lib/tldw_chatbook/Chat
copying tldw_chatbook/Chat/local_server_discovery.py -> build/lib/tldw_chatbook/Chat
copying tldw_chatbook/Chat/console_image_view.py -> build/lib/tldw_chatbook/Chat
copying tldw_chatbook/Chat/provider_setup_persistence.py -> build/lib/tldw_chatbook/Chat
copying tldw_chatbook/Chat/console_thinking_history.py -> build/lib/tldw_chatbook/Chat
copying tldw_chatbook/Chat/provider_usage.py -> build/lib/tldw_chatbook/Chat
copying tldw_chatbook/Chat/citation_legacy_migration.py -> build/lib/tldw_chatbook/Chat
copying tldw_chatbook/Chat/prompt_template_manager.py -> build/lib/tldw_chatbook/Chat
copying tldw_chatbook/Chat/rag_scope.py -> build/lib/tldw_chatbook/Chat
copying tldw_chatbook/Chat/chat_conversation_scope_service.py -> build/lib/tldw_chatbook/Chat
copying tldw_chatbook/Chat/console_interrupt_rounds.py -> build/lib/tldw_chatbook/Chat
copying tldw_chatbook/Chat/console_trace_regex_worker.py -> build/lib/tldw_chatbook/Chat
copying tldw_chatbook/Chat/console_exchange_capture.py -> build/lib/tldw_chatbook/Chat
copying tldw_chatbook/Chat/cost_display.py -> build/lib/tldw_chatbook/Chat
copying tldw_chatbook/Chat/console_launch_wake.py -> build/lib/tldw_chatbook/Chat
copying tldw_chatbook/Chat/console_trace_custom_pii.py -> build/lib/tldw_chatbook/Chat
copying tldw_chatbook/Chat/console_library_destination.py -> build/lib/tldw_chatbook/Chat
copying tldw_chatbook/Chat/console_help.py -> build/lib/tldw_chatbook/Chat
copying tldw_chatbook/Chat/console_context_policy.py -> build/lib/tldw_chatbook/Chat
copying tldw_chatbook/Chat/console_conversation_activation.py -> build/lib/tldw_chatbook/Chat
copying tldw_chatbook/Chat/console_exchange_export.py -> build/lib/tldw_chatbook/Chat
copying tldw_chatbook/Chat/console_chat_store.py -> build/lib/tldw_chatbook/Chat
copying tldw_chatbook/Chat/provider_catalog.py -> build/lib/tldw_chatbook/Chat
copying tldw_chatbook/Chat/console_project_instructions.py -> build/lib/tldw_chatbook/Chat
copying tldw_chatbook/Chat/console_turn_preparation.py -> build/lib/tldw_chatbook/Chat
copying tldw_chatbook/Chat/Chat_Deps.py -> build/lib/tldw_chatbook/Chat
copying tldw_chatbook/Chat/console_chat_fork.py -> build/lib/tldw_chatbook/Chat
copying tldw_chatbook/Chat/console_voice_input.py -> build/lib/tldw_chatbook/Chat
copying tldw_chatbook/Chat/citation_source_locators.py -> build/lib/tldw_chatbook/Chat
copying tldw_chatbook/Chat/server_chat_conversation_service.py -> build/lib/tldw_chatbook/Chat
copying tldw_chatbook/Chat/console_settings_durability.py -> build/lib/tldw_chatbook/Chat
copying tldw_chatbook/Chat/citation_provenance_runtime.py -> build/lib/tldw_chatbook/Chat
creating build/lib/tldw_chatbook/Text2SQL_Interop
copying tldw_chatbook/Text2SQL_Interop/__init__.py -> build/lib/tldw_chatbook/Text2SQL_Interop
copying tldw_chatbook/Text2SQL_Interop/text2sql_scope_service.py -> build/lib/tldw_chatbook/Text2SQL_Interop
copying tldw_chatbook/Text2SQL_Interop/server_text2sql_service.py -> build/lib/tldw_chatbook/Text2SQL_Interop
creating build/lib/tldw_chatbook/Scheduling
copying tldw_chatbook/Scheduling/slot_keys.py -> build/lib/tldw_chatbook/Scheduling
copying tldw_chatbook/Scheduling/task_incidents.py -> build/lib/tldw_chatbook/Scheduling
copying tldw_chatbook/Scheduling/models.py -> build/lib/tldw_chatbook/Scheduling
copying tldw_chatbook/Scheduling/schedule_vocabulary.py -> build/lib/tldw_chatbook/Scheduling
copying tldw_chatbook/Scheduling/events.py -> build/lib/tldw_chatbook/Scheduling
copying tldw_chatbook/Scheduling/constants.py -> build/lib/tldw_chatbook/Scheduling
copying tldw_chatbook/Scheduling/__init__.py -> build/lib/tldw_chatbook/Scheduling
copying tldw_chatbook/Scheduling/automation_preview.py -> build/lib/tldw_chatbook/Scheduling
copying tldw_chatbook/Scheduling/automation_execution.py -> build/lib/tldw_chatbook/Scheduling
copying tldw_chatbook/Scheduling/schedule_input_parsing.py -> build/lib/tldw_chatbook/Scheduling
copying tldw_chatbook/Scheduling/recurring_question_scope.py -> build/lib/tldw_chatbook/Scheduling
copying tldw_chatbook/Scheduling/schedule_compute.py -> build/lib/tldw_chatbook/Scheduling
copying tldw_chatbook/Scheduling/automation_validation.py -> build/lib/tldw_chatbook/Scheduling
copying tldw_chatbook/Scheduling/automation_health.py -> build/lib/tldw_chatbook/Scheduling
copying tldw_chatbook/Scheduling/scheduler_heartbeat.py -> build/lib/tldw_chatbook/Scheduling
creating build/lib/tldw_chatbook/User_Governance_Interop
copying tldw_chatbook/User_Governance_Interop/__init__.py -> build/lib/tldw_chatbook/User_Governance_Interop
copying tldw_chatbook/User_Governance_Interop/server_user_governance_service.py -> build/lib/tldw_chatbook/User_Governance_Interop
copying tldw_chatbook/User_Governance_Interop/user_governance_scope_service.py -> build/lib/tldw_chatbook/User_Governance_Interop
creating build/lib/tldw_chatbook/css
copying tldw_chatbook/css/tie_aware_stylesheet.py -> build/lib/tldw_chatbook/css
copying tldw_chatbook/css/check_bundle_sync.py -> build/lib/tldw_chatbook/css
copying tldw_chatbook/css/build_css.py -> build/lib/tldw_chatbook/css
copying tldw_chatbook/css/__init__.py -> build/lib/tldw_chatbook/css
copying tldw_chatbook/css/widget_css.py -> build/lib/tldw_chatbook/css
creating build/lib/tldw_chatbook/Internal_Prompts
copying tldw_chatbook/Internal_Prompts/catalog.py -> build/lib/tldw_chatbook/Internal_Prompts
copying tldw_chatbook/Internal_Prompts/__init__.py -> build/lib/tldw_chatbook/Internal_Prompts
copying tldw_chatbook/Internal_Prompts/console_prompts.py -> build/lib/tldw_chatbook/Internal_Prompts
copying tldw_chatbook/Internal_Prompts/rag_reranker_prompts.py -> build/lib/tldw_chatbook/Internal_Prompts
copying tldw_chatbook/Internal_Prompts/document_generation_prompts.py -> build/lib/tldw_chatbook/Internal_Prompts
copying tldw_chatbook/Internal_Prompts/authoring.py -> build/lib/tldw_chatbook/Internal_Prompts
copying tldw_chatbook/Internal_Prompts/resolver.py -> build/lib/tldw_chatbook/Internal_Prompts
copying tldw_chatbook/Internal_Prompts/summarization_prompts.py -> build/lib/tldw_chatbook/Internal_Prompts
copying tldw_chatbook/Internal_Prompts/character_prompts.py -> build/lib/tldw_chatbook/Internal_Prompts
copying tldw_chatbook/Internal_Prompts/agents_prompts.py -> build/lib/tldw_chatbook/Internal_Prompts
copying tldw_chatbook/Internal_Prompts/websearch_prompts.py -> build/lib/tldw_chatbook/Internal_Prompts
creating build/lib/tldw_chatbook/Voice_Assistant_Interop
copying tldw_chatbook/Voice_Assistant_Interop/server_voice_assistant_service.py -> build/lib/tldw_chatbook/Voice_Assistant_Interop
copying tldw_chatbook/Voice_Assistant_Interop/__init__.py -> build/lib/tldw_chatbook/Voice_Assistant_Interop
copying tldw_chatbook/Voice_Assistant_Interop/voice_assistant_scope_service.py -> build/lib/tldw_chatbook/Voice_Assistant_Interop
creating build/lib/tldw_chatbook/Web_Scraping
copying tldw_chatbook/Web_Scraping/Article_Extractor_Lib.py -> build/lib/tldw_chatbook/Web_Scraping
copying tldw_chatbook/Web_Scraping/deep_search_citations.py -> build/lib/tldw_chatbook/Web_Scraping
copying tldw_chatbook/Web_Scraping/__init__.py -> build/lib/tldw_chatbook/Web_Scraping
copying tldw_chatbook/Web_Scraping/WebSearch_APIs.py -> build/lib/tldw_chatbook/Web_Scraping
copying tldw_chatbook/Web_Scraping/exceptions.py -> build/lib/tldw_chatbook/Web_Scraping
creating build/lib/tldw_chatbook/External_Connectors_Interop
copying tldw_chatbook/External_Connectors_Interop/__init__.py -> build/lib/tldw_chatbook/External_Connectors_Interop
copying tldw_chatbook/External_Connectors_Interop/connectors_scope_service.py -> build/lib/tldw_chatbook/External_Connectors_Interop
copying tldw_chatbook/External_Connectors_Interop/server_connectors_service.py -> build/lib/tldw_chatbook/External_Connectors_Interop
creating build/lib/tldw_chatbook/Actor_Packs
copying tldw_chatbook/Actor_Packs/controller.py -> build/lib/tldw_chatbook/Actor_Packs
copying tldw_chatbook/Actor_Packs/importer.py -> build/lib/tldw_chatbook/Actor_Packs
copying tldw_chatbook/Actor_Packs/creation.py -> build/lib/tldw_chatbook/Actor_Packs
copying tldw_chatbook/Actor_Packs/import_controller.py -> build/lib/tldw_chatbook/Actor_Packs
copying tldw_chatbook/Actor_Packs/__init__.py -> build/lib/tldw_chatbook/Actor_Packs
copying tldw_chatbook/Actor_Packs/export.py -> build/lib/tldw_chatbook/Actor_Packs
copying tldw_chatbook/Actor_Packs/activation.py -> build/lib/tldw_chatbook/Actor_Packs
copying tldw_chatbook/Actor_Packs/publication.py -> build/lib/tldw_chatbook/Actor_Packs
copying tldw_chatbook/Actor_Packs/contracts.py -> build/lib/tldw_chatbook/Actor_Packs
copying tldw_chatbook/Actor_Packs/persona_coordinator.py -> build/lib/tldw_chatbook/Actor_Packs
copying tldw_chatbook/Actor_Packs/repository.py -> build/lib/tldw_chatbook/Actor_Packs
creating build/lib/tldw_chatbook/Meetings_Interop
copying tldw_chatbook/Meetings_Interop/meetings_scope_service.py -> build/lib/tldw_chatbook/Meetings_Interop
copying tldw_chatbook/Meetings_Interop/__init__.py -> build/lib/tldw_chatbook/Meetings_Interop
copying tldw_chatbook/Meetings_Interop/server_meetings_service.py -> build/lib/tldw_chatbook/Meetings_Interop
creating build/lib/tldw_chatbook/Media_Creation
copying tldw_chatbook/Media_Creation/__init__.py -> build/lib/tldw_chatbook/Media_Creation
copying tldw_chatbook/Media_Creation/image_generation_service.py -> build/lib/tldw_chatbook/Media_Creation
copying tldw_chatbook/Media_Creation/swarmui_client.py -> build/lib/tldw_chatbook/Media_Creation
copying tldw_chatbook/Media_Creation/generation_templates.py -> build/lib/tldw_chatbook/Media_Creation
creating build/lib/tldw_chatbook/Media_Playback
copying tldw_chatbook/Media_Playback/render_mode.py -> build/lib/tldw_chatbook/Media_Playback
copying tldw_chatbook/Media_Playback/frame_source.py -> build/lib/tldw_chatbook/Media_Playback
copying tldw_chatbook/Media_Playback/__init__.py -> build/lib/tldw_chatbook/Media_Playback
copying tldw_chatbook/Media_Playback/player_pipeline.py -> build/lib/tldw_chatbook/Media_Playback
copying tldw_chatbook/Media_Playback/stream_resolve.py -> build/lib/tldw_chatbook/Media_Playback
copying tldw_chatbook/Media_Playback/preview_policy.py -> build/lib/tldw_chatbook/Media_Playback
copying tldw_chatbook/Media_Playback/availability.py -> build/lib/tldw_chatbook/Media_Playback
creating build/lib/tldw_chatbook/Image_Generation
copying tldw_chatbook/Image_Generation/worker.py -> build/lib/tldw_chatbook/Image_Generation
copying tldw_chatbook/Image_Generation/request_validation.py -> build/lib/tldw_chatbook/Image_Generation
copying tldw_chatbook/Image_Generation/config.py -> build/lib/tldw_chatbook/Image_Generation
copying tldw_chatbook/Image_Generation/http_client.py -> build/lib/tldw_chatbook/Image_Generation
copying tldw_chatbook/Image_Generation/__init__.py -> build/lib/tldw_chatbook/Image_Generation
copying tldw_chatbook/Image_Generation/listing.py -> build/lib/tldw_chatbook/Image_Generation
copying tldw_chatbook/Image_Generation/adapter_registry.py -> build/lib/tldw_chatbook/Image_Generation
copying tldw_chatbook/Image_Generation/capabilities.py -> build/lib/tldw_chatbook/Image_Generation
copying tldw_chatbook/Image_Generation/exceptions.py -> build/lib/tldw_chatbook/Image_Generation
copying tldw_chatbook/Image_Generation/prompt_refinement.py -> build/lib/tldw_chatbook/Image_Generation
creating build/lib/tldw_chatbook/Sync_Interop
copying tldw_chatbook/Sync_Interop/envelope_builder.py -> build/lib/tldw_chatbook/Sync_Interop
copying tldw_chatbook/Sync_Interop/personal_context_dispatcher.py -> build/lib/tldw_chatbook/Sync_Interop
copying tldw_chatbook/Sync_Interop/server_sync_service.py -> build/lib/tldw_chatbook/Sync_Interop
copying tldw_chatbook/Sync_Interop/key_recovery_service.py -> build/lib/tldw_chatbook/Sync_Interop
copying tldw_chatbook/Sync_Interop/chat_outbox_producer.py -> build/lib/tldw_chatbook/Sync_Interop
copying tldw_chatbook/Sync_Interop/notes_mirror.py -> build/lib/tldw_chatbook/Sync_Interop
copying tldw_chatbook/Sync_Interop/notes_organization_sync_service.py -> build/lib/tldw_chatbook/Sync_Interop
copying tldw_chatbook/Sync_Interop/notes_local_store.py -> build/lib/tldw_chatbook/Sync_Interop
copying tldw_chatbook/Sync_Interop/local_first_sync_service.py -> build/lib/tldw_chatbook/Sync_Interop
copying tldw_chatbook/Sync_Interop/conflict_review.py -> build/lib/tldw_chatbook/Sync_Interop
copying tldw_chatbook/Sync_Interop/sync_state_repository.py -> build/lib/tldw_chatbook/Sync_Interop
copying tldw_chatbook/Sync_Interop/__init__.py -> build/lib/tldw_chatbook/Sync_Interop
copying tldw_chatbook/Sync_Interop/personal_context_first_link_sync.py -> build/lib/tldw_chatbook/Sync_Interop
copying tldw_chatbook/Sync_Interop/notes_m1_flow.py -> build/lib/tldw_chatbook/Sync_Interop
copying tldw_chatbook/Sync_Interop/sync_promotion_state.py -> build/lib/tldw_chatbook/Sync_Interop
copying tldw_chatbook/Sync_Interop/sync_readiness.py -> build/lib/tldw_chatbook/Sync_Interop
copying tldw_chatbook/Sync_Interop/crypto.py -> build/lib/tldw_chatbook/Sync_Interop
copying tldw_chatbook/Sync_Interop/sync_state.py -> build/lib/tldw_chatbook/Sync_Interop
copying tldw_chatbook/Sync_Interop/sync_mirror_report.py -> build/lib/tldw_chatbook/Sync_Interop
copying tldw_chatbook/Sync_Interop/notes_organization.py -> build/lib/tldw_chatbook/Sync_Interop
copying tldw_chatbook/Sync_Interop/restore_service.py -> build/lib/tldw_chatbook/Sync_Interop
copying tldw_chatbook/Sync_Interop/notes_organization_inventory.py -> build/lib/tldw_chatbook/Sync_Interop
copying tldw_chatbook/Sync_Interop/sync_profile_status_state.py -> build/lib/tldw_chatbook/Sync_Interop
copying tldw_chatbook/Sync_Interop/sync_scope_service.py -> build/lib/tldw_chatbook/Sync_Interop
copying tldw_chatbook/Sync_Interop/personal_context_adapter.py -> build/lib/tldw_chatbook/Sync_Interop
copying tldw_chatbook/Sync_Interop/hashing.py -> build/lib/tldw_chatbook/Sync_Interop
copying tldw_chatbook/Sync_Interop/envelope_applier.py -> build/lib/tldw_chatbook/Sync_Interop
copying tldw_chatbook/Sync_Interop/notes_outbox_producer.py -> build/lib/tldw_chatbook/Sync_Interop
copying tldw_chatbook/Sync_Interop/manual_sync_control.py -> build/lib/tldw_chatbook/Sync_Interop
copying tldw_chatbook/Sync_Interop/validation.py -> build/lib/tldw_chatbook/Sync_Interop
creating build/lib/tldw_chatbook/LLM_Calls
copying tldw_chatbook/LLM_Calls/moonshot.py -> build/lib/tldw_chatbook/LLM_Calls
copying tldw_chatbook/LLM_Calls/LLM_API_Calls.py -> build/lib/tldw_chatbook/LLM_Calls
copying tldw_chatbook/LLM_Calls/__init__.py -> build/lib/tldw_chatbook/LLM_Calls
copying tldw_chatbook/LLM_Calls/anthropic_subscription.py -> build/lib/tldw_chatbook/LLM_Calls
copying tldw_chatbook/LLM_Calls/Local_Summarization_Lib.py -> build/lib/tldw_chatbook/LLM_Calls
copying tldw_chatbook/LLM_Calls/Summarization_General_Lib.py -> build/lib/tldw_chatbook/LLM_Calls
copying tldw_chatbook/LLM_Calls/zai.py -> build/lib/tldw_chatbook/LLM_Calls
copying tldw_chatbook/LLM_Calls/pricing_catalog.py -> build/lib/tldw_chatbook/LLM_Calls
copying tldw_chatbook/LLM_Calls/qwencloud_url.py -> build/lib/tldw_chatbook/LLM_Calls
copying tldw_chatbook/LLM_Calls/qwencloud_streaming.py -> build/lib/tldw_chatbook/LLM_Calls
copying tldw_chatbook/LLM_Calls/qwencloud.py -> build/lib/tldw_chatbook/LLM_Calls
copying tldw_chatbook/LLM_Calls/hosted_chat_streaming.py -> build/lib/tldw_chatbook/LLM_Calls
copying tldw_chatbook/LLM_Calls/LLM_API_Calls_Local.py -> build/lib/tldw_chatbook/LLM_Calls
copying tldw_chatbook/LLM_Calls/hosted_chat.py -> build/lib/tldw_chatbook/LLM_Calls
creating build/lib/tldw_chatbook/Prompt_Studio_Interop
copying tldw_chatbook/Prompt_Studio_Interop/prompt_studio_scope_service.py -> build/lib/tldw_chatbook/Prompt_Studio_Interop
copying tldw_chatbook/Prompt_Studio_Interop/__init__.py -> build/lib/tldw_chatbook/Prompt_Studio_Interop
copying tldw_chatbook/Prompt_Studio_Interop/server_prompt_studio_service.py -> build/lib/tldw_chatbook/Prompt_Studio_Interop
creating build/lib/tldw_chatbook/Server_Runtime_Interop
copying tldw_chatbook/Server_Runtime_Interop/server_runtime_service.py -> build/lib/tldw_chatbook/Server_Runtime_Interop
copying tldw_chatbook/Server_Runtime_Interop/server_runtime_scope_service.py -> build/lib/tldw_chatbook/Server_Runtime_Interop
copying tldw_chatbook/Server_Runtime_Interop/__init__.py -> build/lib/tldw_chatbook/Server_Runtime_Interop
creating build/lib/tldw_chatbook/runtime_policy
copying tldw_chatbook/runtime_policy/bootstrap.py -> build/lib/tldw_chatbook/runtime_policy
copying tldw_chatbook/runtime_policy/server_capabilities.py -> build/lib/tldw_chatbook/runtime_policy
copying tldw_chatbook/runtime_policy/server_event_scope.py -> build/lib/tldw_chatbook/runtime_policy
copying tldw_chatbook/runtime_policy/enforcement.py -> build/lib/tldw_chatbook/runtime_policy
copying tldw_chatbook/runtime_policy/registry.py -> build/lib/tldw_chatbook/runtime_policy
copying tldw_chatbook/runtime_policy/server_credentials.py -> build/lib/tldw_chatbook/runtime_policy
copying tldw_chatbook/runtime_policy/source_state.py -> build/lib/tldw_chatbook/runtime_policy
copying tldw_chatbook/runtime_policy/__init__.py -> build/lib/tldw_chatbook/runtime_policy
copying tldw_chatbook/runtime_policy/types.py -> build/lib/tldw_chatbook/runtime_policy
copying tldw_chatbook/runtime_policy/server_parity_models.py -> build/lib/tldw_chatbook/runtime_policy
copying tldw_chatbook/runtime_policy/server_parity_state.py -> build/lib/tldw_chatbook/runtime_policy
copying tldw_chatbook/runtime_policy/engine.py -> build/lib/tldw_chatbook/runtime_policy
copying tldw_chatbook/runtime_policy/domain_edge_contracts.py -> build/lib/tldw_chatbook/runtime_policy
copying tldw_chatbook/runtime_policy/server_context.py -> build/lib/tldw_chatbook/runtime_policy
copying tldw_chatbook/runtime_policy/unsupported_capabilities.py -> build/lib/tldw_chatbook/runtime_policy
creating build/lib/tldw_chatbook/ACP_Interop
copying tldw_chatbook/ACP_Interop/__init__.py -> build/lib/tldw_chatbook/ACP_Interop
copying tldw_chatbook/ACP_Interop/runtime_process.py -> build/lib/tldw_chatbook/ACP_Interop
copying tldw_chatbook/ACP_Interop/runtime_session.py -> build/lib/tldw_chatbook/ACP_Interop
creating build/lib/tldw_chatbook/Research_Workspace
copying tldw_chatbook/Research_Workspace/source_operation_store.py -> build/lib/tldw_chatbook/Research_Workspace
copying tldw_chatbook/Research_Workspace/source_operations.py -> build/lib/tldw_chatbook/Research_Workspace
copying tldw_chatbook/Research_Workspace/controller.py -> build/lib/tldw_chatbook/Research_Workspace
copying tldw_chatbook/Research_Workspace/paste_staging.py -> build/lib/tldw_chatbook/Research_Workspace
copying tldw_chatbook/Research_Workspace/server_adapter.py -> build/lib/tldw_chatbook/Research_Workspace
copying tldw_chatbook/Research_Workspace/source_readiness.py -> build/lib/tldw_chatbook/Research_Workspace
copying tldw_chatbook/Research_Workspace/quick_notes.py -> build/lib/tldw_chatbook/Research_Workspace
copying tldw_chatbook/Research_Workspace/local_adapter.py -> build/lib/tldw_chatbook/Research_Workspace
copying tldw_chatbook/Research_Workspace/__init__.py -> build/lib/tldw_chatbook/Research_Workspace
copying tldw_chatbook/Research_Workspace/layout_state.py -> build/lib/tldw_chatbook/Research_Workspace
copying tldw_chatbook/Research_Workspace/overlay_store.py -> build/lib/tldw_chatbook/Research_Workspace
copying tldw_chatbook/Research_Workspace/contracts.py -> build/lib/tldw_chatbook/Research_Workspace
copying tldw_chatbook/Research_Workspace/source_urls.py -> build/lib/tldw_chatbook/Research_Workspace
copying tldw_chatbook/Research_Workspace/source_association.py -> build/lib/tldw_chatbook/Research_Workspace
creating build/lib/tldw_chatbook/Terminal
copying tldw_chatbook/Terminal/backend.py -> build/lib/tldw_chatbook/Terminal
copying tldw_chatbook/Terminal/screen_model.py -> build/lib/tldw_chatbook/Terminal
copying tldw_chatbook/Terminal/io_actors.py -> build/lib/tldw_chatbook/Terminal
copying tldw_chatbook/Terminal/session_manager.py -> build/lib/tldw_chatbook/Terminal
copying tldw_chatbook/Terminal/__init__.py -> build/lib/tldw_chatbook/Terminal
copying tldw_chatbook/Terminal/posix_launcher.py -> build/lib/tldw_chatbook/Terminal
copying tldw_chatbook/Terminal/launch.py -> build/lib/tldw_chatbook/Terminal
copying tldw_chatbook/Terminal/contracts.py -> build/lib/tldw_chatbook/Terminal
copying tldw_chatbook/Terminal/posix_backend.py -> build/lib/tldw_chatbook/Terminal
copying tldw_chatbook/Terminal/protocol_gate.py -> build/lib/tldw_chatbook/Terminal
creating build/lib/tldw_chatbook/Agents
copying tldw_chatbook/Agents/agent_presets.py -> build/lib/tldw_chatbook/Agents
copying tldw_chatbook/Agents/virtual_cli_provider.py -> build/lib/tldw_chatbook/Agents
copying tldw_chatbook/Agents/fs_read_ledger.py -> build/lib/tldw_chatbook/Agents
copying tldw_chatbook/Agents/mcp_tool_provider.py -> build/lib/tldw_chatbook/Agents
copying tldw_chatbook/Agents/model_retry.py -> build/lib/tldw_chatbook/Agents
copying tldw_chatbook/Agents/history_projection.py -> build/lib/tldw_chatbook/Agents
copying tldw_chatbook/Agents/profile_tool_provider.py -> build/lib/tldw_chatbook/Agents
copying tldw_chatbook/Agents/raw_shell_tool_provider.py -> build/lib/tldw_chatbook/Agents
copying tldw_chatbook/Agents/canvas_tool_provider.py -> build/lib/tldw_chatbook/Agents
copying tldw_chatbook/Agents/tool_arg_coercion.py -> build/lib/tldw_chatbook/Agents
copying tldw_chatbook/Agents/agent_runtime.py -> build/lib/tldw_chatbook/Agents
copying tldw_chatbook/Agents/agent_stream.py -> build/lib/tldw_chatbook/Agents
copying tldw_chatbook/Agents/library_rag_tool_provider.py -> build/lib/tldw_chatbook/Agents
copying tldw_chatbook/Agents/session_todo_store.py -> build/lib/tldw_chatbook/Agents
copying tldw_chatbook/Agents/run_log_format.py -> build/lib/tldw_chatbook/Agents
copying tldw_chatbook/Agents/agent_service.py -> build/lib/tldw_chatbook/Agents
copying tldw_chatbook/Agents/run_log_eviction.py -> build/lib/tldw_chatbook/Agents
copying tldw_chatbook/Agents/__init__.py -> build/lib/tldw_chatbook/Agents
copying tldw_chatbook/Agents/persona_policy.py -> build/lib/tldw_chatbook/Agents
copying tldw_chatbook/Agents/fallback_chain.py -> build/lib/tldw_chatbook/Agents
copying tldw_chatbook/Agents/native_tools.py -> build/lib/tldw_chatbook/Agents
copying tldw_chatbook/Agents/agent_models.py -> build/lib/tldw_chatbook/Agents
copying tldw_chatbook/Agents/fleet_coordinator.py -> build/lib/tldw_chatbook/Agents
copying tldw_chatbook/Agents/builtin_tool_gate.py -> build/lib/tldw_chatbook/Agents
copying tldw_chatbook/Agents/run_log.py -> build/lib/tldw_chatbook/Agents
copying tldw_chatbook/Agents/run_log_search.py -> build/lib/tldw_chatbook/Agents
copying tldw_chatbook/Agents/human_input_wait.py -> build/lib/tldw_chatbook/Agents
copying tldw_chatbook/Agents/run_tool_policy.py -> build/lib/tldw_chatbook/Agents
copying tldw_chatbook/Agents/run_context.py -> build/lib/tldw_chatbook/Agents
copying tldw_chatbook/Agents/ask_user_questions.py -> build/lib/tldw_chatbook/Agents
copying tldw_chatbook/Agents/local_tool_provider.py -> build/lib/tldw_chatbook/Agents
copying tldw_chatbook/Agents/project_instruction_runtime.py -> build/lib/tldw_chatbook/Agents
copying tldw_chatbook/Agents/agent_worktree.py -> build/lib/tldw_chatbook/Agents
copying tldw_chatbook/Agents/bulk_reader_corpus.py -> build/lib/tldw_chatbook/Agents
copying tldw_chatbook/Agents/agent_lesson_promotion.py -> build/lib/tldw_chatbook/Agents
copying tldw_chatbook/Agents/run_webhooks.py -> build/lib/tldw_chatbook/Agents
copying tldw_chatbook/Agents/project_instruction_resolver.py -> build/lib/tldw_chatbook/Agents
copying tldw_chatbook/Agents/tool_catalog.py -> build/lib/tldw_chatbook/Agents
copying tldw_chatbook/Agents/library_tool_provider.py -> build/lib/tldw_chatbook/Agents
creating build/lib/tldw_chatbook/WebClipper
copying tldw_chatbook/WebClipper/__init__.py -> build/lib/tldw_chatbook/WebClipper
copying tldw_chatbook/WebClipper/server_web_clipper_scope_service.py -> build/lib/tldw_chatbook/WebClipper
copying tldw_chatbook/WebClipper/server_web_clipper_service.py -> build/lib/tldw_chatbook/WebClipper
creating build/lib/tldw_chatbook/Event_Handlers
copying tldw_chatbook/Event_Handlers/ingest_status_helper.py -> build/lib/tldw_chatbook/Event_Handlers
copying tldw_chatbook/Event_Handlers/ingest_events.py -> build/lib/tldw_chatbook/Event_Handlers
copying tldw_chatbook/Event_Handlers/eval_db_operations.py -> build/lib/tldw_chatbook/Event_Handlers
copying tldw_chatbook/Event_Handlers/notes_events.py -> build/lib/tldw_chatbook/Event_Handlers
copying tldw_chatbook/Event_Handlers/__init__.py -> build/lib/tldw_chatbook/Event_Handlers
copying tldw_chatbook/Event_Handlers/media_events.py -> build/lib/tldw_chatbook/Event_Handlers
copying tldw_chatbook/Event_Handlers/ingest_utils.py -> build/lib/tldw_chatbook/Event_Handlers
copying tldw_chatbook/Event_Handlers/app_lifecycle.py -> build/lib/tldw_chatbook/Event_Handlers
copying tldw_chatbook/Event_Handlers/tab_events.py -> build/lib/tldw_chatbook/Event_Handlers
copying tldw_chatbook/Event_Handlers/note_ingest_events.py -> build/lib/tldw_chatbook/Event_Handlers
copying tldw_chatbook/Event_Handlers/worker_events.py -> build/lib/tldw_chatbook/Event_Handlers
creating build/lib/tldw_chatbook/Outputs_Interop
copying tldw_chatbook/Outputs_Interop/__init__.py -> build/lib/tldw_chatbook/Outputs_Interop
copying tldw_chatbook/Outputs_Interop/outputs_scope_service.py -> build/lib/tldw_chatbook/Outputs_Interop
copying tldw_chatbook/Outputs_Interop/server_outputs_service.py -> build/lib/tldw_chatbook/Outputs_Interop
creating build/lib/tldw_chatbook/Library
copying tldw_chatbook/Library/library_conversations_state.py -> build/lib/tldw_chatbook/Library
copying tldw_chatbook/Library/library_note_import_state.py -> build/lib/tldw_chatbook/Library
copying tldw_chatbook/Library/library_export_state.py -> build/lib/tldw_chatbook/Library
copying tldw_chatbook/Library/library_tool_contract.py -> build/lib/tldw_chatbook/Library
copying tldw_chatbook/Library/library_export_scope.py -> build/lib/tldw_chatbook/Library
copying tldw_chatbook/Library/library_notes_state.py -> build/lib/tldw_chatbook/Library
copying tldw_chatbook/Library/collections_capture_repository.py -> build/lib/tldw_chatbook/Library
copying tldw_chatbook/Library/meeting_speaker_rename.py -> build/lib/tldw_chatbook/Library
copying tldw_chatbook/Library/local_media_chunk_tool_service.py -> build/lib/tldw_chatbook/Library
copying tldw_chatbook/Library/web_clip_request.py -> build/lib/tldw_chatbook/Library
copying tldw_chatbook/Library/library_content_evidence.py -> build/lib/tldw_chatbook/Library
copying tldw_chatbook/Library/server_collections_capture_service.py -> build/lib/tldw_chatbook/Library
copying tldw_chatbook/Library/library_rag_service.py -> build/lib/tldw_chatbook/Library
copying tldw_chatbook/Library/library_prompts_state.py -> build/lib/tldw_chatbook/Library
copying tldw_chatbook/Library/collections_capture_service.py -> build/lib/tldw_chatbook/Library
copying tldw_chatbook/Library/library_conversation_reader_state.py -> build/lib/tldw_chatbook/Library
copying tldw_chatbook/Library/library_media_viewer_state.py -> build/lib/tldw_chatbook/Library
copying tldw_chatbook/Library/library_notes_session.py -> build/lib/tldw_chatbook/Library
copying tldw_chatbook/Library/library_media_state.py -> build/lib/tldw_chatbook/Library
copying tldw_chatbook/Library/row_selection.py -> build/lib/tldw_chatbook/Library
copying tldw_chatbook/Library/server_ingest_status.py -> build/lib/tldw_chatbook/Library
copying tldw_chatbook/Library/__init__.py -> build/lib/tldw_chatbook/Library
copying tldw_chatbook/Library/library_notes_tree_state.py -> build/lib/tldw_chatbook/Library
copying tldw_chatbook/Library/ingest_types.py -> build/lib/tldw_chatbook/Library
copying tldw_chatbook/Library/collections_capture_models.py -> build/lib/tldw_chatbook/Library
copying tldw_chatbook/Library/library_structural_wait.py -> build/lib/tldw_chatbook/Library
copying tldw_chatbook/Library/library_fts_query.py -> build/lib/tldw_chatbook/Library
copying tldw_chatbook/Library/library_media_reader_state.py -> build/lib/tldw_chatbook/Library
copying tldw_chatbook/Library/local_library_tool_service.py -> build/lib/tldw_chatbook/Library
copying tldw_chatbook/Library/library_ingest_state.py -> build/lib/tldw_chatbook/Library
copying tldw_chatbook/Library/library_notes_lasting_sync_state.py -> build/lib/tldw_chatbook/Library
copying tldw_chatbook/Library/library_rag_answer_service.py -> build/lib/tldw_chatbook/Library
copying tldw_chatbook/Library/library_collections_service.py -> build/lib/tldw_chatbook/Library
copying tldw_chatbook/Library/library_expand_policy.py -> build/lib/tldw_chatbook/Library
copying tldw_chatbook/Library/library_skills_state.py -> build/lib/tldw_chatbook/Library
copying tldw_chatbook/Library/server_ingest_reconcile.py -> build/lib/tldw_chatbook/Library
copying tldw_chatbook/Library/library_ingest_jobs.py -> build/lib/tldw_chatbook/Library
copying tldw_chatbook/Library/export_progress.py -> build/lib/tldw_chatbook/Library
copying tldw_chatbook/Library/ingest_preflight.py -> build/lib/tldw_chatbook/Library
copying tldw_chatbook/Library/library_rag_score_kinds.py -> build/lib/tldw_chatbook/Library
copying tldw_chatbook/Library/review_set_state.py -> build/lib/tldw_chatbook/Library
copying tldw_chatbook/Library/review_set_service.py -> build/lib/tldw_chatbook/Library
copying tldw_chatbook/Library/collections_legacy_recovery.py -> build/lib/tldw_chatbook/Library
copying tldw_chatbook/Library/library_rechunk_service.py -> build/lib/tldw_chatbook/Library
copying tldw_chatbook/Library/library_shell_state.py -> build/lib/tldw_chatbook/Library
copying tldw_chatbook/Library/library_pager_state.py -> build/lib/tldw_chatbook/Library
copying tldw_chatbook/Library/library_local_rag_search_service.py -> build/lib/tldw_chatbook/Library
copying tldw_chatbook/Library/library_rail_state.py -> build/lib/tldw_chatbook/Library
copying tldw_chatbook/Library/server_ingest_request.py -> build/lib/tldw_chatbook/Library
copying tldw_chatbook/Library/library_notes_tree_paging.py -> build/lib/tldw_chatbook/Library
copying tldw_chatbook/Library/ingest_capabilities.py -> build/lib/tldw_chatbook/Library
copying tldw_chatbook/Library/ingest_analysis.py -> build/lib/tldw_chatbook/Library
copying tldw_chatbook/Library/collections_offline_store.py -> build/lib/tldw_chatbook/Library
copying tldw_chatbook/Library/library_rag_state.py -> build/lib/tldw_chatbook/Library
creating build/lib/tldw_chatbook/Utils
copying tldw_chatbook/Utils/sensitive_llm_logging.py -> build/lib/tldw_chatbook/Utils
copying tldw_chatbook/Utils/boot_worker_policy.py -> build/lib/tldw_chatbook/Utils
copying tldw_chatbook/Utils/widget_helpers.py -> build/lib/tldw_chatbook/Utils
copying tldw_chatbook/Utils/mosaic_render.py -> build/lib/tldw_chatbook/Utils
copying tldw_chatbook/Utils/fts5_match_forms.py -> build/lib/tldw_chatbook/Utils
copying tldw_chatbook/Utils/persistent_diagnostics.py -> build/lib/tldw_chatbook/Utils
copying tldw_chatbook/Utils/filesystem_identity.py -> build/lib/tldw_chatbook/Utils
copying tldw_chatbook/Utils/local_stt_providers.py -> build/lib/tldw_chatbook/Utils
copying tldw_chatbook/Utils/egress.py -> build/lib/tldw_chatbook/Utils
copying tldw_chatbook/Utils/terminal_utils.py -> build/lib/tldw_chatbook/Utils
copying tldw_chatbook/Utils/ui_helpers.py -> build/lib/tldw_chatbook/Utils
copying tldw_chatbook/Utils/paths.py -> build/lib/tldw_chatbook/Utils
copying tldw_chatbook/Utils/note_importers.py -> build/lib/tldw_chatbook/Utils
copying tldw_chatbook/Utils/token_counter.py -> build/lib/tldw_chatbook/Utils
copying tldw_chatbook/Utils/db_status_manager.py -> build/lib/tldw_chatbook/Utils
copying tldw_chatbook/Utils/private_paths.py -> build/lib/tldw_chatbook/Utils
copying tldw_chatbook/Utils/NotificationHelper.py -> build/lib/tldw_chatbook/Utils
copying tldw_chatbook/Utils/tls_trust.py -> build/lib/tldw_chatbook/Utils
copying tldw_chatbook/Utils/textual_css_fastpath.py -> build/lib/tldw_chatbook/Utils
copying tldw_chatbook/Utils/input_validation.py -> build/lib/tldw_chatbook/Utils
copying tldw_chatbook/Utils/secure_temp_files.py -> build/lib/tldw_chatbook/Utils
copying tldw_chatbook/Utils/text_wrap_index.py -> build/lib/tldw_chatbook/Utils
copying tldw_chatbook/Utils/__init__.py -> build/lib/tldw_chatbook/Utils
copying tldw_chatbook/Utils/sensitive_config_keys.py -> build/lib/tldw_chatbook/Utils
copying tldw_chatbook/Utils/instance_lock.py -> build/lib/tldw_chatbook/Utils
copying tldw_chatbook/Utils/adaptive_reader_state.py -> build/lib/tldw_chatbook/Utils
copying tldw_chatbook/Utils/tiktoken_runtime.py -> build/lib/tldw_chatbook/Utils
copying tldw_chatbook/Utils/log_widget_manager.py -> build/lib/tldw_chatbook/Utils
copying tldw_chatbook/Utils/text_selection_crash_guard.py -> build/lib/tldw_chatbook/Utils
copying tldw_chatbook/Utils/markdown_parsing.py -> build/lib/tldw_chatbook/Utils
copying tldw_chatbook/Utils/fd_protection.py -> build/lib/tldw_chatbook/Utils
copying tldw_chatbook/Utils/cost_estimation.py -> build/lib/tldw_chatbook/Utils
copying tldw_chatbook/Utils/debug_helpers.py -> build/lib/tldw_chatbook/Utils
copying tldw_chatbook/Utils/library_rail_width.py -> build/lib/tldw_chatbook/Utils
copying tldw_chatbook/Utils/atomic_file_ops.py -> build/lib/tldw_chatbook/Utils
copying tldw_chatbook/Utils/Utils.py -> build/lib/tldw_chatbook/Utils
copying tldw_chatbook/Utils/file_handlers.py -> build/lib/tldw_chatbook/Utils
copying tldw_chatbook/Utils/ui_responsiveness_artifacts.py -> build/lib/tldw_chatbook/Utils
copying tldw_chatbook/Utils/text.py -> build/lib/tldw_chatbook/Utils
copying tldw_chatbook/Utils/splash_animations.py -> build/lib/tldw_chatbook/Utils
copying tldw_chatbook/Utils/log_sanitizer.py -> build/lib/tldw_chatbook/Utils
copying tldw_chatbook/Utils/app_shutdown.py -> build/lib/tldw_chatbook/Utils
copying tldw_chatbook/Utils/pagination.py -> build/lib/tldw_chatbook/Utils
copying tldw_chatbook/Utils/console_background_effects.py -> build/lib/tldw_chatbook/Utils
copying tldw_chatbook/Utils/path_validation.py -> build/lib/tldw_chatbook/Utils
copying tldw_chatbook/Utils/custom_tokenizers.py -> build/lib/tldw_chatbook/Utils
copying tldw_chatbook/Utils/sensitive_paths.py -> build/lib/tldw_chatbook/Utils
copying tldw_chatbook/Utils/config_encryption.py -> build/lib/tldw_chatbook/Utils
copying tldw_chatbook/Utils/Splash_Strings.py -> build/lib/tldw_chatbook/Utils
copying tldw_chatbook/Utils/embedding_templates.py -> build/lib/tldw_chatbook/Utils
copying tldw_chatbook/Utils/ingestion_preferences.py -> build/lib/tldw_chatbook/Utils
copying tldw_chatbook/Utils/doctor.py -> build/lib/tldw_chatbook/Utils
copying tldw_chatbook/Utils/startup_logging.py -> build/lib/tldw_chatbook/Utils
copying tldw_chatbook/Utils/about_text.py -> build/lib/tldw_chatbook/Utils
copying tldw_chatbook/Utils/Emoji_Handling.py -> build/lib/tldw_chatbook/Utils
copying tldw_chatbook/Utils/db_upgrade_notice.py -> build/lib/tldw_chatbook/Utils
copying tldw_chatbook/Utils/file_extraction.py -> build/lib/tldw_chatbook/Utils
copying tldw_chatbook/Utils/Splash.py -> build/lib/tldw_chatbook/Utils
copying tldw_chatbook/Utils/optional_deps.py -> build/lib/tldw_chatbook/Utils
copying tldw_chatbook/Utils/github_api_client.py -> build/lib/tldw_chatbook/Utils
copying tldw_chatbook/Utils/ui_responsiveness.py -> build/lib/tldw_chatbook/Utils
creating build/lib/tldw_chatbook/MCP
copying tldw_chatbook/MCP/gateway_runtime.py -> build/lib/tldw_chatbook/MCP
copying tldw_chatbook/MCP/redaction.py -> build/lib/tldw_chatbook/MCP
copying tldw_chatbook/MCP/unified_context_store.py -> build/lib/tldw_chatbook/MCP
copying tldw_chatbook/MCP/server.py -> build/lib/tldw_chatbook/MCP
copying tldw_chatbook/MCP/permission_prompt_reducer.py -> build/lib/tldw_chatbook/MCP
copying tldw_chatbook/MCP/unified_control_plane_service.py -> build/lib/tldw_chatbook/MCP
copying tldw_chatbook/MCP/server_request_handlers.py -> build/lib/tldw_chatbook/MCP
copying tldw_chatbook/MCP/client.py -> build/lib/tldw_chatbook/MCP
copying tldw_chatbook/MCP/tools.py -> build/lib/tldw_chatbook/MCP
copying tldw_chatbook/MCP/server_target_store.py -> build/lib/tldw_chatbook/MCP
copying tldw_chatbook/MCP/hub_tool_catalog.py -> build/lib/tldw_chatbook/MCP
copying tldw_chatbook/MCP/permission_store.py -> build/lib/tldw_chatbook/MCP
copying tldw_chatbook/MCP/live_server_request_wiring.py -> build/lib/tldw_chatbook/MCP
copying tldw_chatbook/MCP/local_store.py -> build/lib/tldw_chatbook/MCP
copying tldw_chatbook/MCP/__init__.py -> build/lib/tldw_chatbook/MCP
copying tldw_chatbook/MCP/local_control_service.py -> build/lib/tldw_chatbook/MCP
copying tldw_chatbook/MCP/execution_log.py -> build/lib/tldw_chatbook/MCP
copying tldw_chatbook/MCP/prompts.py -> build/lib/tldw_chatbook/MCP
copying tldw_chatbook/MCP/unified_control_models.py -> build/lib/tldw_chatbook/MCP
copying tldw_chatbook/MCP/local_runtime_delegate.py -> build/lib/tldw_chatbook/MCP
copying tldw_chatbook/MCP/server_unified_service.py -> build/lib/tldw_chatbook/MCP
copying tldw_chatbook/MCP/resources.py -> build/lib/tldw_chatbook/MCP
copying tldw_chatbook/MCP/readiness.py -> build/lib/tldw_chatbook/MCP
copying tldw_chatbook/MCP/hub_test_execution.py -> build/lib/tldw_chatbook/MCP
copying tldw_chatbook/MCP/mcp_import.py -> build/lib/tldw_chatbook/MCP
copying tldw_chatbook/MCP/__main__.py -> build/lib/tldw_chatbook/MCP
copying tldw_chatbook/MCP/local_server_tools.py -> build/lib/tldw_chatbook/MCP
copying tldw_chatbook/MCP/spawn_guard.py -> build/lib/tldw_chatbook/MCP
copying tldw_chatbook/MCP/tool_naming.py -> build/lib/tldw_chatbook/MCP
creating build/lib/tldw_chatbook/Personal_Context
copying tldw_chatbook/Personal_Context/bootstrap.py -> build/lib/tldw_chatbook/Personal_Context
copying tldw_chatbook/Personal_Context/service.py -> build/lib/tldw_chatbook/Personal_Context
copying tldw_chatbook/Personal_Context/interview_launch.py -> build/lib/tldw_chatbook/Personal_Context
copying tldw_chatbook/Personal_Context/proposal_service.py -> build/lib/tldw_chatbook/Personal_Context
copying tldw_chatbook/Personal_Context/key_protector.py -> build/lib/tldw_chatbook/Personal_Context
copying tldw_chatbook/Personal_Context/interview_diff.py -> build/lib/tldw_chatbook/Personal_Context
copying tldw_chatbook/Personal_Context/paths.py -> build/lib/tldw_chatbook/Personal_Context
copying tldw_chatbook/Personal_Context/reconciliation.py -> build/lib/tldw_chatbook/Personal_Context
copying tldw_chatbook/Personal_Context/link_key_custody.py -> build/lib/tldw_chatbook/Personal_Context
copying tldw_chatbook/Personal_Context/runtime_policy.py -> build/lib/tldw_chatbook/Personal_Context
copying tldw_chatbook/Personal_Context/link_service.py -> build/lib/tldw_chatbook/Personal_Context
copying tldw_chatbook/Personal_Context/__init__.py -> build/lib/tldw_chatbook/Personal_Context
copying tldw_chatbook/Personal_Context/sync_outbox.py -> build/lib/tldw_chatbook/Personal_Context
copying tldw_chatbook/Personal_Context/crypto.py -> build/lib/tldw_chatbook/Personal_Context
copying tldw_chatbook/Personal_Context/export_service.py -> build/lib/tldw_chatbook/Personal_Context
copying tldw_chatbook/Personal_Context/repository_models.py -> build/lib/tldw_chatbook/Personal_Context
copying tldw_chatbook/Personal_Context/interview_coordinator.py -> build/lib/tldw_chatbook/Personal_Context
copying tldw_chatbook/Personal_Context/interview_draft_repository.py -> build/lib/tldw_chatbook/Personal_Context
copying tldw_chatbook/Personal_Context/context_service.py -> build/lib/tldw_chatbook/Personal_Context
copying tldw_chatbook/Personal_Context/repository.py -> build/lib/tldw_chatbook/Personal_Context
copying tldw_chatbook/Personal_Context/interview_provider.py -> build/lib/tldw_chatbook/Personal_Context
creating build/lib/tldw_chatbook/Models
copying tldw_chatbook/Models/evaluation_state.py -> build/lib/tldw_chatbook/Models
creating build/lib/tldw_chatbook/state
copying tldw_chatbook/state/ui_state.py -> build/lib/tldw_chatbook/state
copying tldw_chatbook/state/__init__.py -> build/lib/tldw_chatbook/state
copying tldw_chatbook/state/notes_state.py -> build/lib/tldw_chatbook/state
copying tldw_chatbook/state/chat_state.py -> build/lib/tldw_chatbook/state
copying tldw_chatbook/state/navigation_state.py -> build/lib/tldw_chatbook/state
copying tldw_chatbook/state/app_state.py -> build/lib/tldw_chatbook/state
creating build/lib/tldw_chatbook/Workspaces
copying tldw_chatbook/Workspaces/change_tracking.py -> build/lib/tldw_chatbook/Workspaces
copying tldw_chatbook/Workspaces/change_turn_tracker.py -> build/lib/tldw_chatbook/Workspaces
copying tldw_chatbook/Workspaces/change_bounds.py -> build/lib/tldw_chatbook/Workspaces
copying tldw_chatbook/Workspaces/models.py -> build/lib/tldw_chatbook/Workspaces
copying tldw_chatbook/Workspaces/display_state.py -> build/lib/tldw_chatbook/Workspaces
copying tldw_chatbook/Workspaces/change_revert.py -> build/lib/tldw_chatbook/Workspaces
copying tldw_chatbook/Workspaces/workspace_tree_state.py -> build/lib/tldw_chatbook/Workspaces
copying tldw_chatbook/Workspaces/environment_status.py -> build/lib/tldw_chatbook/Workspaces
copying tldw_chatbook/Workspaces/__init__.py -> build/lib/tldw_chatbook/Workspaces
copying tldw_chatbook/Workspaces/change_review_consent.py -> build/lib/tldw_chatbook/Workspaces
copying tldw_chatbook/Workspaces/file_inspector.py -> build/lib/tldw_chatbook/Workspaces
copying tldw_chatbook/Workspaces/git_workspace.py -> build/lib/tldw_chatbook/Workspaces
copying tldw_chatbook/Workspaces/change_review_finalization.py -> build/lib/tldw_chatbook/Workspaces
copying tldw_chatbook/Workspaces/registry_service.py -> build/lib/tldw_chatbook/Workspaces
copying tldw_chatbook/Workspaces/change_retention.py -> build/lib/tldw_chatbook/Workspaces
copying tldw_chatbook/Workspaces/assistant_defaults.py -> build/lib/tldw_chatbook/Workspaces
copying tldw_chatbook/Workspaces/agent_provisioning.py -> build/lib/tldw_chatbook/Workspaces
copying tldw_chatbook/Workspaces/eligibility.py -> build/lib/tldw_chatbook/Workspaces
copying tldw_chatbook/Workspaces/conversation_browser_state.py -> build/lib/tldw_chatbook/Workspaces
creating build/lib/tldw_chatbook/Research_Interop
copying tldw_chatbook/Research_Interop/research_scope_service.py -> build/lib/tldw_chatbook/Research_Interop
copying tldw_chatbook/Research_Interop/server_research_service.py -> build/lib/tldw_chatbook/Research_Interop
copying tldw_chatbook/Research_Interop/research_models.py -> build/lib/tldw_chatbook/Research_Interop
copying tldw_chatbook/Research_Interop/research_budget.py -> build/lib/tldw_chatbook/Research_Interop
copying tldw_chatbook/Research_Interop/chat_handoff.py -> build/lib/tldw_chatbook/Research_Interop
copying tldw_chatbook/Research_Interop/server_research_search_service.py -> build/lib/tldw_chatbook/Research_Interop
copying tldw_chatbook/Research_Interop/__init__.py -> build/lib/tldw_chatbook/Research_Interop
copying tldw_chatbook/Research_Interop/local_research_service.py -> build/lib/tldw_chatbook/Research_Interop
copying tldw_chatbook/Research_Interop/research_source_catalog.py -> build/lib/tldw_chatbook/Research_Interop
copying tldw_chatbook/Research_Interop/local_research_engine.py -> build/lib/tldw_chatbook/Research_Interop
copying tldw_chatbook/Research_Interop/academic_providers.py -> build/lib/tldw_chatbook/Research_Interop
copying tldw_chatbook/Research_Interop/research_normalizers.py -> build/lib/tldw_chatbook/Research_Interop
copying tldw_chatbook/Research_Interop/research_search_scope_service.py -> build/lib/tldw_chatbook/Research_Interop
copying tldw_chatbook/Research_Interop/local_research_search_service.py -> build/lib/tldw_chatbook/Research_Interop
creating build/lib/tldw_chatbook/Canvas
copying tldw_chatbook/Canvas/service.py -> build/lib/tldw_chatbook/Canvas
copying tldw_chatbook/Canvas/gateway.py -> build/lib/tldw_chatbook/Canvas
copying tldw_chatbook/Canvas/compiler.py -> build/lib/tldw_chatbook/Canvas
copying tldw_chatbook/Canvas/models.py -> build/lib/tldw_chatbook/Canvas
copying tldw_chatbook/Canvas/web_auth.py -> build/lib/tldw_chatbook/Canvas
copying tldw_chatbook/Canvas/limits.py -> build/lib/tldw_chatbook/Canvas
copying tldw_chatbook/Canvas/__init__.py -> build/lib/tldw_chatbook/Canvas
copying tldw_chatbook/Canvas/compilation.py -> build/lib/tldw_chatbook/Canvas
copying tldw_chatbook/Canvas/control_protocol.py -> build/lib/tldw_chatbook/Canvas
copying tldw_chatbook/Canvas/authoring.py -> build/lib/tldw_chatbook/Canvas
copying tldw_chatbook/Canvas/runtime_assets.py -> build/lib/tldw_chatbook/Canvas
copying tldw_chatbook/Canvas/capabilities.py -> build/lib/tldw_chatbook/Canvas
copying tldw_chatbook/Canvas/archive.py -> build/lib/tldw_chatbook/Canvas
copying tldw_chatbook/Canvas/native_authority.py -> build/lib/tldw_chatbook/Canvas
copying tldw_chatbook/Canvas/repository.py -> build/lib/tldw_chatbook/Canvas
copying tldw_chatbook/Canvas/staging.py -> build/lib/tldw_chatbook/Canvas
copying tldw_chatbook/Canvas/profiles.py -> build/lib/tldw_chatbook/Canvas
creating build/lib/tldw_chatbook/Chunking
copying tldw_chatbook/Chunking/lab_comparison.py -> build/lib/tldw_chatbook/Chunking
copying tldw_chatbook/Chunking/lab_state.py -> build/lib/tldw_chatbook/Chunking
copying tldw_chatbook/Chunking/auto_selection.py -> build/lib/tldw_chatbook/Chunking
copying tldw_chatbook/Chunking/lab_coordinator.py -> build/lib/tldw_chatbook/Chunking
copying tldw_chatbook/Chunking/lab_models.py -> build/lib/tldw_chatbook/Chunking
copying tldw_chatbook/Chunking/lab_runner.py -> build/lib/tldw_chatbook/Chunking
copying tldw_chatbook/Chunking/__init__.py -> build/lib/tldw_chatbook/Chunking
copying tldw_chatbook/Chunking/chunking_interop_library.py -> build/lib/tldw_chatbook/Chunking
copying tldw_chatbook/Chunking/lab_autosave.py -> build/lib/tldw_chatbook/Chunking
copying tldw_chatbook/Chunking/_template_conversion.py -> build/lib/tldw_chatbook/Chunking
copying tldw_chatbook/Chunking/language_chunkers.py -> build/lib/tldw_chatbook/Chunking
copying tldw_chatbook/Chunking/template_runtime.py -> build/lib/tldw_chatbook/Chunking
copying tldw_chatbook/Chunking/token_chunker.py -> build/lib/tldw_chatbook/Chunking
copying tldw_chatbook/Chunking/lab_preflight.py -> build/lib/tldw_chatbook/Chunking
copying tldw_chatbook/Chunking/lab_recovery.py -> build/lib/tldw_chatbook/Chunking
copying tldw_chatbook/Chunking/Chunk_Lib.py -> build/lib/tldw_chatbook/Chunking
creating build/lib/tldw_chatbook/Subscriptions
copying tldw_chatbook/Subscriptions/briefing_audio.py -> build/lib/tldw_chatbook/Subscriptions
copying tldw_chatbook/Subscriptions/monitoring_engine.py -> build/lib/tldw_chatbook/Subscriptions
copying tldw_chatbook/Subscriptions/db_offload.py -> build/lib/tldw_chatbook/Subscriptions
copying tldw_chatbook/Subscriptions/item_persist.py -> build/lib/tldw_chatbook/Subscriptions
copying tldw_chatbook/Subscriptions/watchlist_normalizers.py -> build/lib/tldw_chatbook/Subscriptions
copying tldw_chatbook/Subscriptions/watchlist_item_page.py -> build/lib/tldw_chatbook/Subscriptions
copying tldw_chatbook/Subscriptions/daily_reports_view.py -> build/lib/tldw_chatbook/Subscriptions
copying tldw_chatbook/Subscriptions/feed_server.py -> build/lib/tldw_chatbook/Subscriptions
copying tldw_chatbook/Subscriptions/site_config_manager.py -> build/lib/tldw_chatbook/Subscriptions
copying tldw_chatbook/Subscriptions/token_manager.py -> build/lib/tldw_chatbook/Subscriptions
copying tldw_chatbook/Subscriptions/noise_defaults.py -> build/lib/tldw_chatbook/Subscriptions
copying tldw_chatbook/Subscriptions/watchlist_filter_service.py -> build/lib/tldw_chatbook/Subscriptions
copying tldw_chatbook/Subscriptions/watchlist_preview_service.py -> build/lib/tldw_chatbook/Subscriptions
copying tldw_chatbook/Subscriptions/briefing_service.py -> build/lib/tldw_chatbook/Subscriptions
copying tldw_chatbook/Subscriptions/item_dates.py -> build/lib/tldw_chatbook/Subscriptions
copying tldw_chatbook/Subscriptions/startup_reconcile.py -> build/lib/tldw_chatbook/Subscriptions
copying tldw_chatbook/Subscriptions/watchlists_operation_coordinator.py -> build/lib/tldw_chatbook/Subscriptions
copying tldw_chatbook/Subscriptions/security.py -> build/lib/tldw_chatbook/Subscriptions
copying tldw_chatbook/Subscriptions/briefing_export.py -> build/lib/tldw_chatbook/Subscriptions
copying tldw_chatbook/Subscriptions/__init__.py -> build/lib/tldw_chatbook/Subscriptions
copying tldw_chatbook/Subscriptions/briefing_selection.py -> build/lib/tldw_chatbook/Subscriptions
copying tldw_chatbook/Subscriptions/watchlist_rule_matching.py -> build/lib/tldw_chatbook/Subscriptions
copying tldw_chatbook/Subscriptions/baseline_manager.py -> build/lib/tldw_chatbook/Subscriptions
copying tldw_chatbook/Subscriptions/local_watchlists_service.py -> build/lib/tldw_chatbook/Subscriptions
copying tldw_chatbook/Subscriptions/briefing_keep.py -> build/lib/tldw_chatbook/Subscriptions
copying tldw_chatbook/Subscriptions/watchlist_scope_service.py -> build/lib/tldw_chatbook/Subscriptions
copying tldw_chatbook/Subscriptions/watchlist_content_alert_service.py -> build/lib/tldw_chatbook/Subscriptions
copying tldw_chatbook/Subscriptions/html_text.py -> build/lib/tldw_chatbook/Subscriptions
copying tldw_chatbook/Subscriptions/briefing_feed.py -> build/lib/tldw_chatbook/Subscriptions
copying tldw_chatbook/Subscriptions/watchlist_failure.py -> build/lib/tldw_chatbook/Subscriptions
copying tldw_chatbook/Subscriptions/briefing_voices.py -> build/lib/tldw_chatbook/Subscriptions
copying tldw_chatbook/Subscriptions/server_watchlists_service.py -> build/lib/tldw_chatbook/Subscriptions
copying tldw_chatbook/Subscriptions/fts_backfill.py -> build/lib/tldw_chatbook/Subscriptions
copying tldw_chatbook/Subscriptions/briefing_cast.py -> build/lib/tldw_chatbook/Subscriptions
copying tldw_chatbook/Subscriptions/web_scraping_pipelines.py -> build/lib/tldw_chatbook/Subscriptions
copying tldw_chatbook/Subscriptions/daily_report_demo.py -> build/lib/tldw_chatbook/Subscriptions
copying tldw_chatbook/Subscriptions/watchlist_opml_service.py -> build/lib/tldw_chatbook/Subscriptions
copying tldw_chatbook/Subscriptions/watchlist_bundle_service.py -> build/lib/tldw_chatbook/Subscriptions
creating build/lib/tldw_chatbook/Chatbooks
copying tldw_chatbook/Chatbooks/conflict_resolver.py -> build/lib/tldw_chatbook/Chatbooks
copying tldw_chatbook/Chatbooks/chatbook_models.py -> build/lib/tldw_chatbook/Chatbooks
copying tldw_chatbook/Chatbooks/chatbook_importer.py -> build/lib/tldw_chatbook/Chatbooks
copying tldw_chatbook/Chatbooks/chatbook_creator.py -> build/lib/tldw_chatbook/Chatbooks
copying tldw_chatbook/Chatbooks/__init__.py -> build/lib/tldw_chatbook/Chatbooks
copying tldw_chatbook/Chatbooks/server_chatbook_service.py -> build/lib/tldw_chatbook/Chatbooks
copying tldw_chatbook/Chatbooks/error_handler.py -> build/lib/tldw_chatbook/Chatbooks
copying tldw_chatbook/Chatbooks/database_paths.py -> build/lib/tldw_chatbook/Chatbooks
copying tldw_chatbook/Chatbooks/local_chatbook_service.py -> build/lib/tldw_chatbook/Chatbooks
creating build/lib/tldw_chatbook/Sharing_Interop
copying tldw_chatbook/Sharing_Interop/sharing_scope_service.py -> build/lib/tldw_chatbook/Sharing_Interop
copying tldw_chatbook/Sharing_Interop/__init__.py -> build/lib/tldw_chatbook/Sharing_Interop
copying tldw_chatbook/Sharing_Interop/server_sharing_service.py -> build/lib/tldw_chatbook/Sharing_Interop
creating build/lib/tldw_chatbook/Local_Ingestion
copying tldw_chatbook/Local_Ingestion/video_processing.py -> build/lib/tldw_chatbook/Local_Ingestion
copying tldw_chatbook/Local_Ingestion/diarization_service.py -> build/lib/tldw_chatbook/Local_Ingestion
copying tldw_chatbook/Local_Ingestion/API_Endpoint_Sample.py -> build/lib/tldw_chatbook/Local_Ingestion
copying tldw_chatbook/Local_Ingestion/ingest_parse_progress.py -> build/lib/tldw_chatbook/Local_Ingestion
copying tldw_chatbook/Local_Ingestion/parakeet_v2_artifact.py -> build/lib/tldw_chatbook/Local_Ingestion
copying tldw_chatbook/Local_Ingestion/stt_batch_routing.py -> build/lib/tldw_chatbook/Local_Ingestion
copying tldw_chatbook/Local_Ingestion/__init__.py -> build/lib/tldw_chatbook/Local_Ingestion
copying tldw_chatbook/Local_Ingestion/audio_processing.py -> build/lib/tldw_chatbook/Local_Ingestion
copying tldw_chatbook/Local_Ingestion/analysis_gate.py -> build/lib/tldw_chatbook/Local_Ingestion
copying tldw_chatbook/Local_Ingestion/Image_Processing_Lib.py -> build/lib/tldw_chatbook/Local_Ingestion
copying tldw_chatbook/Local_Ingestion/web_article_ingestion.py -> build/lib/tldw_chatbook/Local_Ingestion
copying tldw_chatbook/Local_Ingestion/parakeet_v2_installer.py -> build/lib/tldw_chatbook/Local_Ingestion
copying tldw_chatbook/Local_Ingestion/Book_Ingestion_Lib.py -> build/lib/tldw_chatbook/Local_Ingestion
copying tldw_chatbook/Local_Ingestion/OCR_Backends.py -> build/lib/tldw_chatbook/Local_Ingestion
copying tldw_chatbook/Local_Ingestion/Document_Processing_Lib.py -> build/lib/tldw_chatbook/Local_Ingestion
copying tldw_chatbook/Local_Ingestion/PDF_Processing_Lib.py -> build/lib/tldw_chatbook/Local_Ingestion
copying tldw_chatbook/Local_Ingestion/XML_Ingestion.py -> build/lib/tldw_chatbook/Local_Ingestion
copying tldw_chatbook/Local_Ingestion/ingest_parse_worker.py -> build/lib/tldw_chatbook/Local_Ingestion
copying tldw_chatbook/Local_Ingestion/local_file_ingestion.py -> build/lib/tldw_chatbook/Local_Ingestion
copying tldw_chatbook/Local_Ingestion/transcription_service.py -> build/lib/tldw_chatbook/Local_Ingestion
creating build/lib/tldw_chatbook/Claims_Interop
copying tldw_chatbook/Claims_Interop/claims_scope_service.py -> build/lib/tldw_chatbook/Claims_Interop
copying tldw_chatbook/Claims_Interop/__init__.py -> build/lib/tldw_chatbook/Claims_Interop
copying tldw_chatbook/Claims_Interop/server_claims_service.py -> build/lib/tldw_chatbook/Claims_Interop
creating build/lib/tldw_chatbook/Web_Scraping_Interop
copying tldw_chatbook/Web_Scraping_Interop/web_scraping_scope_service.py -> build/lib/tldw_chatbook/Web_Scraping_Interop
copying tldw_chatbook/Web_Scraping_Interop/server_web_scraping_service.py -> build/lib/tldw_chatbook/Web_Scraping_Interop
copying tldw_chatbook/Web_Scraping_Interop/__init__.py -> build/lib/tldw_chatbook/Web_Scraping_Interop
creating build/lib/tldw_chatbook/Audio
copying tldw_chatbook/Audio/wav_writer.py -> build/lib/tldw_chatbook/Audio
copying tldw_chatbook/Audio/meeting_session.py -> build/lib/tldw_chatbook/Audio
copying tldw_chatbook/Audio/dictation_service_lazy.py -> build/lib/tldw_chatbook/Audio
copying tldw_chatbook/Audio/diarizer_engine_onnx.py -> build/lib/tldw_chatbook/Audio
copying tldw_chatbook/Audio/diarizer_local.py -> build/lib/tldw_chatbook/Audio
copying tldw_chatbook/Audio/streaming_sink.py -> build/lib/tldw_chatbook/Audio
copying tldw_chatbook/Audio/diarizer_worker.py -> build/lib/tldw_chatbook/Audio
copying tldw_chatbook/Audio/diarizer_engine_speechbrain.py -> build/lib/tldw_chatbook/Audio
copying tldw_chatbook/Audio/__init__.py -> build/lib/tldw_chatbook/Audio
copying tldw_chatbook/Audio/console_dictation.py -> build/lib/tldw_chatbook/Audio
copying tldw_chatbook/Audio/meeting_owner.py -> build/lib/tldw_chatbook/Audio
copying tldw_chatbook/Audio/recording_service.py -> build/lib/tldw_chatbook/Audio
copying tldw_chatbook/Audio/realtime_mic_tap.py -> build/lib/tldw_chatbook/Audio
copying tldw_chatbook/Audio/system_audio_tap.py -> build/lib/tldw_chatbook/Audio
copying tldw_chatbook/Audio/meeting_capture.py -> build/lib/tldw_chatbook/Audio
copying tldw_chatbook/Audio/dictation_service.py -> build/lib/tldw_chatbook/Audio
copying tldw_chatbook/Audio/dictation_metrics.py -> build/lib/tldw_chatbook/Audio
copying tldw_chatbook/Audio/diarizer_cluster.py -> build/lib/tldw_chatbook/Audio
copying tldw_chatbook/Audio/voiceprint.py -> build/lib/tldw_chatbook/Audio
creating build/lib/tldw_chatbook/Third_Party
copying tldw_chatbook/Third_Party/__init__.py -> build/lib/tldw_chatbook/Third_Party
creating build/lib/tldw_chatbook/Notes
copying tldw_chatbook/Notes/file_notes_replica.py -> build/lib/tldw_chatbook/Notes
copying tldw_chatbook/Notes/note_import_planner.py -> build/lib/tldw_chatbook/Notes
copying tldw_chatbook/Notes/note_folder_repository.py -> build/lib/tldw_chatbook/Notes
copying tldw_chatbook/Notes/notes_scope_service.py -> build/lib/tldw_chatbook/Notes
copying tldw_chatbook/Notes/note_import_discovery.py -> build/lib/tldw_chatbook/Notes
copying tldw_chatbook/Notes/note_import_windows_fs.py -> build/lib/tldw_chatbook/Notes
copying tldw_chatbook/Notes/note_import_executor.py -> build/lib/tldw_chatbook/Notes
copying tldw_chatbook/Notes/file_notes_git_push.py -> build/lib/tldw_chatbook/Notes
copying tldw_chatbook/Notes/file_notes_session_owner.py -> build/lib/tldw_chatbook/Notes
copying tldw_chatbook/Notes/notes_organization_repository.py -> build/lib/tldw_chatbook/Notes
copying tldw_chatbook/Notes/__init__.py -> build/lib/tldw_chatbook/Notes
copying tldw_chatbook/Notes/sync_paths.py -> build/lib/tldw_chatbook/Notes
copying tldw_chatbook/Notes/agent_lessons.py -> build/lib/tldw_chatbook/Notes
copying tldw_chatbook/Notes/file_notes_git_service.py -> build/lib/tldw_chatbook/Notes
copying tldw_chatbook/Notes/file_notes_service.py -> build/lib/tldw_chatbook/Notes
copying tldw_chatbook/Notes/notes_sync_runtime.py -> build/lib/tldw_chatbook/Notes
copying tldw_chatbook/Notes/note_import_parsers.py -> build/lib/tldw_chatbook/Notes
copying tldw_chatbook/Notes/notes_sync_filesystem.py -> build/lib/tldw_chatbook/Notes
copying tldw_chatbook/Notes/notes_sync_models.py -> build/lib/tldw_chatbook/Notes
copying tldw_chatbook/Notes/notes_sync_authority.py -> build/lib/tldw_chatbook/Notes
copying tldw_chatbook/Notes/note_import_plan_models.py -> build/lib/tldw_chatbook/Notes
copying tldw_chatbook/Notes/notes_sync_legacy.py -> build/lib/tldw_chatbook/Notes
copying tldw_chatbook/Notes/notes_sync_conflicts.py -> build/lib/tldw_chatbook/Notes
copying tldw_chatbook/Notes/notes_sync_coordinator.py -> build/lib/tldw_chatbook/Notes
copying tldw_chatbook/Notes/file_notes_git_commit.py -> build/lib/tldw_chatbook/Notes
copying tldw_chatbook/Notes/notes_device_state_schema.py -> build/lib/tldw_chatbook/Notes
copying tldw_chatbook/Notes/git_process_containment.py -> build/lib/tldw_chatbook/Notes
copying tldw_chatbook/Notes/notes_sync_executor.py -> build/lib/tldw_chatbook/Notes
copying tldw_chatbook/Notes/note_folder_models.py -> build/lib/tldw_chatbook/Notes
copying tldw_chatbook/Notes/notes_sync_watcher.py -> build/lib/tldw_chatbook/Notes
copying tldw_chatbook/Notes/notes_device_state_store.py -> build/lib/tldw_chatbook/Notes
copying tldw_chatbook/Notes/file_notes_conflict_compare.py -> build/lib/tldw_chatbook/Notes
copying tldw_chatbook/Notes/file_notes_git_network.py -> build/lib/tldw_chatbook/Notes
copying tldw_chatbook/Notes/Notes_Library.py -> build/lib/tldw_chatbook/Notes
copying tldw_chatbook/Notes/note_import_receipts.py -> build/lib/tldw_chatbook/Notes
copying tldw_chatbook/Notes/note_import_execution_models.py -> build/lib/tldw_chatbook/Notes
copying tldw_chatbook/Notes/server_notes_workspace_service.py -> build/lib/tldw_chatbook/Notes
copying tldw_chatbook/Notes/notes_sync_reconciler.py -> build/lib/tldw_chatbook/Notes
creating build/lib/tldw_chatbook/Kanban_Interop
copying tldw_chatbook/Kanban_Interop/server_kanban_service.py -> build/lib/tldw_chatbook/Kanban_Interop
copying tldw_chatbook/Kanban_Interop/__init__.py -> build/lib/tldw_chatbook/Kanban_Interop
copying tldw_chatbook/Kanban_Interop/local_kanban_db.py -> build/lib/tldw_chatbook/Kanban_Interop
copying tldw_chatbook/Kanban_Interop/kanban_scope_service.py -> build/lib/tldw_chatbook/Kanban_Interop
copying tldw_chatbook/Kanban_Interop/local_kanban_service.py -> build/lib/tldw_chatbook/Kanban_Interop
creating build/lib/tldw_chatbook/Tools_Interop
copying tldw_chatbook/Tools_Interop/server_tools_service.py -> build/lib/tldw_chatbook/Tools_Interop
copying tldw_chatbook/Tools_Interop/__init__.py -> build/lib/tldw_chatbook/Tools_Interop
copying tldw_chatbook/Tools_Interop/tools_scope_service.py -> build/lib/tldw_chatbook/Tools_Interop
creating build/lib/tldw_chatbook/Character_Chat
copying tldw_chatbook/Character_Chat/character_generation.py -> build/lib/tldw_chatbook/Character_Chat
copying tldw_chatbook/Character_Chat/server_chat_dictionary_service.py -> build/lib/tldw_chatbook/Character_Chat
copying tldw_chatbook/Character_Chat/character_generation_controller.py -> build/lib/tldw_chatbook/Character_Chat
copying tldw_chatbook/Character_Chat/ccv3_parser.py -> build/lib/tldw_chatbook/Character_Chat
copying tldw_chatbook/Character_Chat/world_book_import.py -> build/lib/tldw_chatbook/Character_Chat
copying tldw_chatbook/Character_Chat/character_mood.py -> build/lib/tldw_chatbook/Character_Chat
copying tldw_chatbook/Character_Chat/expression_set_io.py -> build/lib/tldw_chatbook/Character_Chat
copying tldw_chatbook/Character_Chat/character_persona_scope_service.py -> build/lib/tldw_chatbook/Character_Chat
copying tldw_chatbook/Character_Chat/__init__.py -> build/lib/tldw_chatbook/Character_Chat
copying tldw_chatbook/Character_Chat/Chat_Dictionary_Lib.py -> build/lib/tldw_chatbook/Character_Chat
copying tldw_chatbook/Character_Chat/world_info_processor.py -> build/lib/tldw_chatbook/Character_Chat
copying tldw_chatbook/Character_Chat/visual_identity.py -> build/lib/tldw_chatbook/Character_Chat
copying tldw_chatbook/Character_Chat/world_info_diagnostics.py -> build/lib/tldw_chatbook/Character_Chat
copying tldw_chatbook/Character_Chat/world_info_resolver.py -> build/lib/tldw_chatbook/Character_Chat
copying tldw_chatbook/Character_Chat/Character_Chat_Lib.py -> build/lib/tldw_chatbook/Character_Chat
copying tldw_chatbook/Character_Chat/persona_visual_identity.py -> build/lib/tldw_chatbook/Character_Chat
copying tldw_chatbook/Character_Chat/local_character_persona_service.py -> build/lib/tldw_chatbook/Character_Chat
copying tldw_chatbook/Character_Chat/character_card_formats.py -> build/lib/tldw_chatbook/Character_Chat
copying tldw_chatbook/Character_Chat/world_book_manager.py -> build/lib/tldw_chatbook/Character_Chat
copying tldw_chatbook/Character_Chat/chat_dictionary_scope_service.py -> build/lib/tldw_chatbook/Character_Chat
copying tldw_chatbook/Character_Chat/local_chat_dictionary_service.py -> build/lib/tldw_chatbook/Character_Chat
copying tldw_chatbook/Character_Chat/server_character_persona_service.py -> build/lib/tldw_chatbook/Character_Chat
copying tldw_chatbook/Character_Chat/world_info_regex.py -> build/lib/tldw_chatbook/Character_Chat
copying tldw_chatbook/Character_Chat/emote_directives.py -> build/lib/tldw_chatbook/Character_Chat
copying tldw_chatbook/Character_Chat/character_conversation_navigation.py -> build/lib/tldw_chatbook/Character_Chat
copying tldw_chatbook/Character_Chat/builtin_pixel_migu.py -> build/lib/tldw_chatbook/Character_Chat
copying tldw_chatbook/Character_Chat/persona_list_paging.py -> build/lib/tldw_chatbook/Character_Chat
copying tldw_chatbook/Character_Chat/expression_generation.py -> build/lib/tldw_chatbook/Character_Chat
creating build/lib/tldw_chatbook/TTS
copying tldw_chatbook/TTS/audio_limits.py -> build/lib/tldw_chatbook/TTS
copying tldw_chatbook/TTS/sample_audio_validation.py -> build/lib/tldw_chatbook/TTS
copying tldw_chatbook/TTS/profile_errors.py -> build/lib/tldw_chatbook/TTS
copying tldw_chatbook/TTS/audio_cpp_artifact_dependencies.py -> build/lib/tldw_chatbook/TTS
copying tldw_chatbook/TTS/character_request_resolver.py -> build/lib/tldw_chatbook/TTS
copying tldw_chatbook/TTS/voice_bundle_codec.py -> build/lib/tldw_chatbook/TTS
copying tldw_chatbook/TTS/default_profile_request_resolver.py -> build/lib/tldw_chatbook/TTS
copying tldw_chatbook/TTS/audio_schemas.py -> build/lib/tldw_chatbook/TTS
copying tldw_chatbook/TTS/profile_reference_materialization.py -> build/lib/tldw_chatbook/TTS
copying tldw_chatbook/TTS/profile_sqlite_policy.py -> build/lib/tldw_chatbook/TTS
copying tldw_chatbook/TTS/audio_cpp_package_scanner.py -> build/lib/tldw_chatbook/TTS
copying tldw_chatbook/TTS/profile_migration_recovery.py -> build/lib/tldw_chatbook/TTS
copying tldw_chatbook/TTS/pcm_playback.py -> build/lib/tldw_chatbook/TTS
copying tldw_chatbook/TTS/audio_cpp_supervisor.py -> build/lib/tldw_chatbook/TTS
copying tldw_chatbook/TTS/playground_types.py -> build/lib/tldw_chatbook/TTS
copying tldw_chatbook/TTS/openai_compatible_config.py -> build/lib/tldw_chatbook/TTS
copying tldw_chatbook/TTS/profile_schema.py -> build/lib/tldw_chatbook/TTS
copying tldw_chatbook/TTS/profile_reference_audio.py -> build/lib/tldw_chatbook/TTS
copying tldw_chatbook/TTS/profile_types.py -> build/lib/tldw_chatbook/TTS
copying tldw_chatbook/TTS/_async_lifecycle.py -> build/lib/tldw_chatbook/TTS
copying tldw_chatbook/TTS/kokoro_languages.py -> build/lib/tldw_chatbook/TTS
copying tldw_chatbook/TTS/text_processing.py -> build/lib/tldw_chatbook/TTS
copying tldw_chatbook/TTS/profile_migration_journal.py -> build/lib/tldw_chatbook/TTS
copying tldw_chatbook/TTS/audio_cpp_contract.py -> build/lib/tldw_chatbook/TTS
copying tldw_chatbook/TTS/profile_migration_candidate.py -> build/lib/tldw_chatbook/TTS
copying tldw_chatbook/TTS/preferences.py -> build/lib/tldw_chatbook/TTS
copying tldw_chatbook/TTS/__init__.py -> build/lib/tldw_chatbook/TTS
copying tldw_chatbook/TTS/profile_migration_namespace.py -> build/lib/tldw_chatbook/TTS
copying tldw_chatbook/TTS/legacy_catalogs.py -> build/lib/tldw_chatbook/TTS
copying tldw_chatbook/TTS/audio_cpp_guided_config.py -> build/lib/tldw_chatbook/TTS
copying tldw_chatbook/TTS/adapter_bootstrap.py -> build/lib/tldw_chatbook/TTS
copying tldw_chatbook/TTS/kokoro_pytorch.py -> build/lib/tldw_chatbook/TTS
copying tldw_chatbook/TTS/TTS_Backends.py -> build/lib/tldw_chatbook/TTS
copying tldw_chatbook/TTS/audiobook_generator.py -> build/lib/tldw_chatbook/TTS
copying tldw_chatbook/TTS/adapter_registry.py -> build/lib/tldw_chatbook/TTS
copying tldw_chatbook/TTS/audio_cpp_recipes.py -> build/lib/tldw_chatbook/TTS
copying tldw_chatbook/TTS/audio_service.py -> build/lib/tldw_chatbook/TTS
copying tldw_chatbook/TTS/request_admission.py -> build/lib/tldw_chatbook/TTS
copying tldw_chatbook/TTS/effective_settings.py -> build/lib/tldw_chatbook/TTS
copying tldw_chatbook/TTS/text_processor_advanced.py -> build/lib/tldw_chatbook/TTS
copying tldw_chatbook/TTS/adapter_types.py -> build/lib/tldw_chatbook/TTS
copying tldw_chatbook/TTS/audio_cpp_config.py -> build/lib/tldw_chatbook/TTS
copying tldw_chatbook/TTS/pcm_stream.py -> build/lib/tldw_chatbook/TTS
copying tldw_chatbook/TTS/audio_player.py -> build/lib/tldw_chatbook/TTS
copying tldw_chatbook/TTS/base_backends.py -> build/lib/tldw_chatbook/TTS
copying tldw_chatbook/TTS/TTS_Generation.py -> build/lib/tldw_chatbook/TTS
copying tldw_chatbook/TTS/legacy_bridge.py -> build/lib/tldw_chatbook/TTS
copying tldw_chatbook/TTS/audio_cpp_artifact_catalog.py -> build/lib/tldw_chatbook/TTS
copying tldw_chatbook/TTS/profile_sqlite_proof.py -> build/lib/tldw_chatbook/TTS
copying tldw_chatbook/TTS/voice_bundle_service.py -> build/lib/tldw_chatbook/TTS
copying tldw_chatbook/TTS/profile_repository.py -> build/lib/tldw_chatbook/TTS
copying tldw_chatbook/TTS/profile_migration_publication.py -> build/lib/tldw_chatbook/TTS
copying tldw_chatbook/TTS/audio_cpp_guided_launch.py -> build/lib/tldw_chatbook/TTS
copying tldw_chatbook/TTS/audio_cpp_managed_config.py -> build/lib/tldw_chatbook/TTS
copying tldw_chatbook/TTS/voice_blend_paths.py -> build/lib/tldw_chatbook/TTS
copying tldw_chatbook/TTS/profile_portability.py -> build/lib/tldw_chatbook/TTS
copying tldw_chatbook/TTS/profile_service.py -> build/lib/tldw_chatbook/TTS
copying tldw_chatbook/TTS/audio_stitch.py -> build/lib/tldw_chatbook/TTS
copying tldw_chatbook/TTS/studio_preferences.py -> build/lib/tldw_chatbook/TTS
copying tldw_chatbook/TTS/legacy_request_builder.py -> build/lib/tldw_chatbook/TTS
copying tldw_chatbook/TTS/profile_validation.py -> build/lib/tldw_chatbook/TTS
copying tldw_chatbook/TTS/profile_reference_storage.py -> build/lib/tldw_chatbook/TTS
copying tldw_chatbook/TTS/profile_store_lock.py -> build/lib/tldw_chatbook/TTS
copying tldw_chatbook/TTS/profile_reference_types.py -> build/lib/tldw_chatbook/TTS
copying tldw_chatbook/TTS/provider_ids.py -> build/lib/tldw_chatbook/TTS
creating build/lib/tldw_chatbook/Web_Clipper_Interop
copying tldw_chatbook/Web_Clipper_Interop/__init__.py -> build/lib/tldw_chatbook/Web_Clipper_Interop
copying tldw_chatbook/Web_Clipper_Interop/web_clipper_scope_service.py -> build/lib/tldw_chatbook/Web_Clipper_Interop
copying tldw_chatbook/Web_Clipper_Interop/server_web_clipper_service.py -> build/lib/tldw_chatbook/Web_Clipper_Interop
creating build/lib/tldw_chatbook/DB
copying tldw_chatbook/DB/transaction_observer.py -> build/lib/tldw_chatbook/DB
copying tldw_chatbook/DB/Chunking_Lab_DB.py -> build/lib/tldw_chatbook/DB
copying tldw_chatbook/DB/Library_Collections_DB.py -> build/lib/tldw_chatbook/DB
copying tldw_chatbook/DB/chachanotes_fts_backfill.py -> build/lib/tldw_chatbook/DB
copying tldw_chatbook/DB/Library_Ingest_Jobs_DB.py -> build/lib/tldw_chatbook/DB
copying tldw_chatbook/DB/Prompts_DB.py -> build/lib/tldw_chatbook/DB
copying tldw_chatbook/DB/private_sqlite_helper.py -> build/lib/tldw_chatbook/DB
copying tldw_chatbook/DB/character_conversation_search.py -> build/lib/tldw_chatbook/DB
copying tldw_chatbook/DB/Client_Media_DB_v2.py -> build/lib/tldw_chatbook/DB
copying tldw_chatbook/DB/private_sqlite_helper_entry.py -> build/lib/tldw_chatbook/DB
copying tldw_chatbook/DB/sqlite_datetime_fix.py -> build/lib/tldw_chatbook/DB
copying tldw_chatbook/DB/sql_validation.py -> build/lib/tldw_chatbook/DB
copying tldw_chatbook/DB/VisualIdentity_DB.py -> build/lib/tldw_chatbook/DB
copying tldw_chatbook/DB/private_sqlite_protocol.py -> build/lib/tldw_chatbook/DB
copying tldw_chatbook/DB/private_sqlite_process.py -> build/lib/tldw_chatbook/DB
copying tldw_chatbook/DB/__init__.py -> build/lib/tldw_chatbook/DB
copying tldw_chatbook/DB/Workspace_DB.py -> build/lib/tldw_chatbook/DB
copying tldw_chatbook/DB/AgentRuns_DB.py -> build/lib/tldw_chatbook/DB
copying tldw_chatbook/DB/private_sqlite.py -> build/lib/tldw_chatbook/DB
copying tldw_chatbook/DB/Evals_DB.py -> build/lib/tldw_chatbook/DB
copying tldw_chatbook/DB/fts_backfill_pacing.py -> build/lib/tldw_chatbook/DB
copying tldw_chatbook/DB/base_db.py -> build/lib/tldw_chatbook/DB
copying tldw_chatbook/DB/sql_identifier_core.py -> build/lib/tldw_chatbook/DB
copying tldw_chatbook/DB/sql_logging.py -> build/lib/tldw_chatbook/DB
copying tldw_chatbook/DB/ChaChaNotes_DB.py -> build/lib/tldw_chatbook/DB
copying tldw_chatbook/DB/private_sqlite_files.py -> build/lib/tldw_chatbook/DB
copying tldw_chatbook/DB/Subscriptions_DB.py -> build/lib/tldw_chatbook/DB
copying tldw_chatbook/DB/RAG_Indexing_DB.py -> build/lib/tldw_chatbook/DB
creating build/lib/tldw_chatbook/Video_Generation
copying tldw_chatbook/Video_Generation/worker.py -> build/lib/tldw_chatbook/Video_Generation
copying tldw_chatbook/Video_Generation/request_validation.py -> build/lib/tldw_chatbook/Video_Generation
copying tldw_chatbook/Video_Generation/config.py -> build/lib/tldw_chatbook/Video_Generation
copying tldw_chatbook/Video_Generation/__init__.py -> build/lib/tldw_chatbook/Video_Generation
copying tldw_chatbook/Video_Generation/adapter_registry.py -> build/lib/tldw_chatbook/Video_Generation
copying tldw_chatbook/Video_Generation/video_metadata.py -> build/lib/tldw_chatbook/Video_Generation
copying tldw_chatbook/Video_Generation/video_templates.py -> build/lib/tldw_chatbook/Video_Generation
copying tldw_chatbook/Video_Generation/video_store.py -> build/lib/tldw_chatbook/Video_Generation
copying tldw_chatbook/Video_Generation/exceptions.py -> build/lib/tldw_chatbook/Video_Generation
copying tldw_chatbook/Video_Generation/video_formats.py -> build/lib/tldw_chatbook/Video_Generation
creating build/lib/tldw_chatbook/Chat_Grammars_Interop
copying tldw_chatbook/Chat_Grammars_Interop/chat_grammars_scope_service.py -> build/lib/tldw_chatbook/Chat_Grammars_Interop
copying tldw_chatbook/Chat_Grammars_Interop/__init__.py -> build/lib/tldw_chatbook/Chat_Grammars_Interop
copying tldw_chatbook/Chat_Grammars_Interop/local_chat_grammars_service.py -> build/lib/tldw_chatbook/Chat_Grammars_Interop
copying tldw_chatbook/Chat_Grammars_Interop/server_chat_grammars_service.py -> build/lib/tldw_chatbook/Chat_Grammars_Interop
creating build/lib/tldw_chatbook/Companion_Interop
copying tldw_chatbook/Companion_Interop/companion_scope_service.py -> build/lib/tldw_chatbook/Companion_Interop
copying tldw_chatbook/Companion_Interop/__init__.py -> build/lib/tldw_chatbook/Companion_Interop
copying tldw_chatbook/Companion_Interop/server_companion_service.py -> build/lib/tldw_chatbook/Companion_Interop
creating build/lib/tldw_chatbook/Coding
copying tldw_chatbook/Coding/code_mapper.py -> build/lib/tldw_chatbook/Coding
creating build/lib/tldw_chatbook/Tool_Packs
copying tldw_chatbook/Tool_Packs/service.py -> build/lib/tldw_chatbook/Tool_Packs
copying tldw_chatbook/Tool_Packs/importer.py -> build/lib/tldw_chatbook/Tool_Packs
copying tldw_chatbook/Tool_Packs/removal.py -> build/lib/tldw_chatbook/Tool_Packs
copying tldw_chatbook/Tool_Packs/__init__.py -> build/lib/tldw_chatbook/Tool_Packs
copying tldw_chatbook/Tool_Packs/export.py -> build/lib/tldw_chatbook/Tool_Packs
copying tldw_chatbook/Tool_Packs/activation.py -> build/lib/tldw_chatbook/Tool_Packs
copying tldw_chatbook/Tool_Packs/publication.py -> build/lib/tldw_chatbook/Tool_Packs
copying tldw_chatbook/Tool_Packs/contracts.py -> build/lib/tldw_chatbook/Tool_Packs
copying tldw_chatbook/Tool_Packs/catalog_snapshot.py -> build/lib/tldw_chatbook/Tool_Packs
copying tldw_chatbook/Tool_Packs/binding.py -> build/lib/tldw_chatbook/Tool_Packs
copying tldw_chatbook/Tool_Packs/receipt_store.py -> build/lib/tldw_chatbook/Tool_Packs
creating build/lib/tldw_chatbook/Auth_Account_Interop
copying tldw_chatbook/Auth_Account_Interop/auth_account_scope_service.py -> build/lib/tldw_chatbook/Auth_Account_Interop
copying tldw_chatbook/Auth_Account_Interop/__init__.py -> build/lib/tldw_chatbook/Auth_Account_Interop
copying tldw_chatbook/Auth_Account_Interop/server_auth_account_service.py -> build/lib/tldw_chatbook/Auth_Account_Interop
creating build/lib/tldw_chatbook/Persona_Visual
copying tldw_chatbook/Persona_Visual/authoring_workspace.py -> build/lib/tldw_chatbook/Persona_Visual
copying tldw_chatbook/Persona_Visual/artwork.py -> build/lib/tldw_chatbook/Persona_Visual
copying tldw_chatbook/Persona_Visual/importer.py -> build/lib/tldw_chatbook/Persona_Visual
copying tldw_chatbook/Persona_Visual/__init__.py -> build/lib/tldw_chatbook/Persona_Visual
copying tldw_chatbook/Persona_Visual/runtime.py -> build/lib/tldw_chatbook/Persona_Visual
copying tldw_chatbook/Persona_Visual/authoring.py -> build/lib/tldw_chatbook/Persona_Visual
copying tldw_chatbook/Persona_Visual/assets.py -> build/lib/tldw_chatbook/Persona_Visual
copying tldw_chatbook/Persona_Visual/publication.py -> build/lib/tldw_chatbook/Persona_Visual
copying tldw_chatbook/Persona_Visual/contracts.py -> build/lib/tldw_chatbook/Persona_Visual
copying tldw_chatbook/Persona_Visual/repository.py -> build/lib/tldw_chatbook/Persona_Visual
copying tldw_chatbook/Persona_Visual/builtin_pixel_migu.py -> build/lib/tldw_chatbook/Persona_Visual
copying tldw_chatbook/Persona_Visual/snapshot.py -> build/lib/tldw_chatbook/Persona_Visual
copying tldw_chatbook/Persona_Visual/validation.py -> build/lib/tldw_chatbook/Persona_Visual
creating build/lib/tldw_chatbook/Audio_Services_Interop
copying tldw_chatbook/Audio_Services_Interop/__init__.py -> build/lib/tldw_chatbook/Audio_Services_Interop
copying tldw_chatbook/Audio_Services_Interop/local_audio_services_service.py -> build/lib/tldw_chatbook/Audio_Services_Interop
copying tldw_chatbook/Audio_Services_Interop/audio_services_scope_service.py -> build/lib/tldw_chatbook/Audio_Services_Interop
copying tldw_chatbook/Audio_Services_Interop/server_audio_services_service.py -> build/lib/tldw_chatbook/Audio_Services_Interop
creating build/lib/tldw_chatbook/Config_Files
copying tldw_chatbook/Config_Files/__init__.py -> build/lib/tldw_chatbook/Config_Files
copying tldw_chatbook/Config_Files/create_custom_template.py -> build/lib/tldw_chatbook/Config_Files
creating build/lib/tldw_chatbook/Prompt_Management
copying tldw_chatbook/Prompt_Management/prompt_improvement_prompts.py -> build/lib/tldw_chatbook/Prompt_Management
copying tldw_chatbook/Prompt_Management/Prompts_Interop.py -> build/lib/tldw_chatbook/Prompt_Management
copying tldw_chatbook/Prompt_Management/prompt_scope_service.py -> build/lib/tldw_chatbook/Prompt_Management
copying tldw_chatbook/Prompt_Management/prompt_artifact_models.py -> build/lib/tldw_chatbook/Prompt_Management
copying tldw_chatbook/Prompt_Management/prompt_artifact_codec.py -> build/lib/tldw_chatbook/Prompt_Management
copying tldw_chatbook/Prompt_Management/prompt_chatbook_scope_service.py -> build/lib/tldw_chatbook/Prompt_Management
copying tldw_chatbook/Prompt_Management/local_prompt_service.py -> build/lib/tldw_chatbook/Prompt_Management
copying tldw_chatbook/Prompt_Management/prompt_restore_errors.py -> build/lib/tldw_chatbook/Prompt_Management
copying tldw_chatbook/Prompt_Management/prompt_improvement_models.py -> build/lib/tldw_chatbook/Prompt_Management
copying tldw_chatbook/Prompt_Management/prompt_normalizers.py -> build/lib/tldw_chatbook/Prompt_Management
copying tldw_chatbook/Prompt_Management/__init__.py -> build/lib/tldw_chatbook/Prompt_Management
copying tldw_chatbook/Prompt_Management/prompt_improvement_service.py -> build/lib/tldw_chatbook/Prompt_Management
copying tldw_chatbook/Prompt_Management/prompt_variables.py -> build/lib/tldw_chatbook/Prompt_Management
copying tldw_chatbook/Prompt_Management/prompt_chatbook_normalizers.py -> build/lib/tldw_chatbook/Prompt_Management
copying tldw_chatbook/Prompt_Management/prompt_chatbook_record.py -> build/lib/tldw_chatbook/Prompt_Management
copying tldw_chatbook/Prompt_Management/server_prompt_service.py -> build/lib/tldw_chatbook/Prompt_Management
copying tldw_chatbook/Prompt_Management/prompt_preservation.py -> build/lib/tldw_chatbook/Prompt_Management
copying tldw_chatbook/Prompt_Management/prompt_legacy_decomposer.py -> build/lib/tldw_chatbook/Prompt_Management
copying tldw_chatbook/Prompt_Management/Prompt_Engineering.py -> build/lib/tldw_chatbook/Prompt_Management
copying tldw_chatbook/Prompt_Management/prompt_source_capabilities.py -> build/lib/tldw_chatbook/Prompt_Management
copying tldw_chatbook/Prompt_Management/prompt_markdown_export.py -> build/lib/tldw_chatbook/Prompt_Management
copying tldw_chatbook/Prompt_Management/prompt_batch_models.py -> build/lib/tldw_chatbook/Prompt_Management
copying tldw_chatbook/Prompt_Management/server_prompt_adapter.py -> build/lib/tldw_chatbook/Prompt_Management
copying tldw_chatbook/Prompt_Management/prompt_block_compiler.py -> build/lib/tldw_chatbook/Prompt_Management
creating build/lib/tldw_chatbook/LLM_Provider_Catalog
copying tldw_chatbook/LLM_Provider_Catalog/model_auto_refresh.py -> build/lib/tldw_chatbook/LLM_Provider_Catalog
copying tldw_chatbook/LLM_Provider_Catalog/model_discovery_cache.py -> build/lib/tldw_chatbook/LLM_Provider_Catalog
copying tldw_chatbook/LLM_Provider_Catalog/openai_compatible_model_discovery.py -> build/lib/tldw_chatbook/LLM_Provider_Catalog
copying tldw_chatbook/LLM_Provider_Catalog/model_discovery_provider_identity.py -> build/lib/tldw_chatbook/LLM_Provider_Catalog
copying tldw_chatbook/LLM_Provider_Catalog/__init__.py -> build/lib/tldw_chatbook/LLM_Provider_Catalog
copying tldw_chatbook/LLM_Provider_Catalog/model_discovery_merge.py -> build/lib/tldw_chatbook/LLM_Provider_Catalog
copying tldw_chatbook/LLM_Provider_Catalog/model_discovery_contracts.py -> build/lib/tldw_chatbook/LLM_Provider_Catalog
copying tldw_chatbook/LLM_Provider_Catalog/local_llm_provider_catalog_service.py -> build/lib/tldw_chatbook/LLM_Provider_Catalog
copying tldw_chatbook/LLM_Provider_Catalog/model_discovery_persistence.py -> build/lib/tldw_chatbook/LLM_Provider_Catalog
copying tldw_chatbook/LLM_Provider_Catalog/server_llm_provider_catalog_service.py -> build/lib/tldw_chatbook/LLM_Provider_Catalog
copying tldw_chatbook/LLM_Provider_Catalog/llm_provider_catalog_scope_service.py -> build/lib/tldw_chatbook/LLM_Provider_Catalog
copying tldw_chatbook/LLM_Provider_Catalog/model_discovery_disk_cache.py -> build/lib/tldw_chatbook/LLM_Provider_Catalog
copying tldw_chatbook/LLM_Provider_Catalog/models_dev_catalog.py -> build/lib/tldw_chatbook/LLM_Provider_Catalog
copying tldw_chatbook/LLM_Provider_Catalog/model_catalog_settings.py -> build/lib/tldw_chatbook/LLM_Provider_Catalog
creating build/lib/tldw_chatbook/Translation_Interop
copying tldw_chatbook/Translation_Interop/server_translation_service.py -> build/lib/tldw_chatbook/Translation_Interop
copying tldw_chatbook/Translation_Interop/__init__.py -> build/lib/tldw_chatbook/Translation_Interop
copying tldw_chatbook/Translation_Interop/translation_scope_service.py -> build/lib/tldw_chatbook/Translation_Interop
creating build/lib/tldw_chatbook/assets
copying tldw_chatbook/assets/__init__.py -> build/lib/tldw_chatbook/assets
creating build/lib/tldw_chatbook/Outputs
copying tldw_chatbook/Outputs/server_outputs_scope_service.py -> build/lib/tldw_chatbook/Outputs
copying tldw_chatbook/Outputs/__init__.py -> build/lib/tldw_chatbook/Outputs
copying tldw_chatbook/Outputs/server_outputs_service.py -> build/lib/tldw_chatbook/Outputs
creating build/lib/tldw_chatbook/MCP_Governance_Interop
copying tldw_chatbook/MCP_Governance_Interop/mcp_governance_scope_service.py -> build/lib/tldw_chatbook/MCP_Governance_Interop
copying tldw_chatbook/MCP_Governance_Interop/__init__.py -> build/lib/tldw_chatbook/MCP_Governance_Interop
copying tldw_chatbook/MCP_Governance_Interop/server_mcp_governance_service.py -> build/lib/tldw_chatbook/MCP_Governance_Interop
creating build/lib/tldw_chatbook/Notifications
copying tldw_chatbook/Notifications/notification_presentation.py -> build/lib/tldw_chatbook/Notifications
copying tldw_chatbook/Notifications/server_notifications_service.py -> build/lib/tldw_chatbook/Notifications
copying tldw_chatbook/Notifications/server_notifications_scope_service.py -> build/lib/tldw_chatbook/Notifications
copying tldw_chatbook/Notifications/notifications_scope_service.py -> build/lib/tldw_chatbook/Notifications
copying tldw_chatbook/Notifications/event_observer.py -> build/lib/tldw_chatbook/Notifications
copying tldw_chatbook/Notifications/event_cursor_store.py -> build/lib/tldw_chatbook/Notifications
copying tldw_chatbook/Notifications/notification_dispatch_service.py -> build/lib/tldw_chatbook/Notifications
copying tldw_chatbook/Notifications/__init__.py -> build/lib/tldw_chatbook/Notifications
copying tldw_chatbook/Notifications/client_notifications_service.py -> build/lib/tldw_chatbook/Notifications
copying tldw_chatbook/Notifications/event_state_repository.py -> build/lib/tldw_chatbook/Notifications
copying tldw_chatbook/Notifications/server_notification_events.py -> build/lib/tldw_chatbook/Notifications
copying tldw_chatbook/Notifications/local_event_producer.py -> build/lib/tldw_chatbook/Notifications
copying tldw_chatbook/Notifications/client_notifications_db.py -> build/lib/tldw_chatbook/Notifications
creating build/lib/tldw_chatbook/Stats
copying tldw_chatbook/Stats/__init__.py -> build/lib/tldw_chatbook/Stats
copying tldw_chatbook/Stats/user_statistics.py -> build/lib/tldw_chatbook/Stats
creating build/lib/tldw_chatbook/LLM_Management
copying tldw_chatbook/LLM_Management/snapshot_settings.py -> build/lib/tldw_chatbook/LLM_Management
copying tldw_chatbook/LLM_Management/snapshot_client.py -> build/lib/tldw_chatbook/LLM_Management
copying tldw_chatbook/LLM_Management/snapshot_admission.py -> build/lib/tldw_chatbook/LLM_Management
copying tldw_chatbook/LLM_Management/snapshot_models.py -> build/lib/tldw_chatbook/LLM_Management
copying tldw_chatbook/LLM_Management/__init__.py -> build/lib/tldw_chatbook/LLM_Management
copying tldw_chatbook/LLM_Management/snapshot_service.py -> build/lib/tldw_chatbook/LLM_Management
copying tldw_chatbook/LLM_Management/snapshot_store.py -> build/lib/tldw_chatbook/LLM_Management
creating build/lib/tldw_chatbook/Widgets
copying tldw_chatbook/Widgets/prune_safe_select.py -> build/lib/tldw_chatbook/Widgets
copying tldw_chatbook/Widgets/custom_list_items.py -> build/lib/tldw_chatbook/Widgets
copying tldw_chatbook/Widgets/base_components.py -> build/lib/tldw_chatbook/Widgets
copying tldw_chatbook/Widgets/cancel_confirmation_dialog.py -> build/lib/tldw_chatbook/Widgets
copying tldw_chatbook/Widgets/settings_video_gen_panel.py -> build/lib/tldw_chatbook/Widgets
copying tldw_chatbook/Widgets/llamacpp_snapshot_manager.py -> build/lib/tldw_chatbook/Widgets
copying tldw_chatbook/Widgets/enhanced_sidebar.py -> build/lib/tldw_chatbook/Widgets
copying tldw_chatbook/Widgets/conversation_selection_dialog.py -> build/lib/tldw_chatbook/Widgets
copying tldw_chatbook/Widgets/emoji_picker.py -> build/lib/tldw_chatbook/Widgets
copying tldw_chatbook/Widgets/confirmation_dialog.py -> build/lib/tldw_chatbook/Widgets
copying tldw_chatbook/Widgets/dictation_performance_widget.py -> build/lib/tldw_chatbook/Widgets
copying tldw_chatbook/Widgets/workspace_persona_default.py -> build/lib/tldw_chatbook/Widgets
copying tldw_chatbook/Widgets/destination_workbench.py -> build/lib/tldw_chatbook/Widgets
copying tldw_chatbook/Widgets/lazy_widgets.py -> build/lib/tldw_chatbook/Widgets
copying tldw_chatbook/Widgets/settings_agents_panel.py -> build/lib/tldw_chatbook/Widgets
copying tldw_chatbook/Widgets/document_generation_modal.py -> build/lib/tldw_chatbook/Widgets
copying tldw_chatbook/Widgets/recompose_capture_guard.py -> build/lib/tldw_chatbook/Widgets
copying tldw_chatbook/Widgets/voice_blend_dialog.py -> build/lib/tldw_chatbook/Widgets
copying tldw_chatbook/Widgets/project_skills_import_modal.py -> build/lib/tldw_chatbook/Widgets
copying tldw_chatbook/Widgets/settings_internal_prompts_panel.py -> build/lib/tldw_chatbook/Widgets
copying tldw_chatbook/Widgets/settings_image_gen_panel.py -> build/lib/tldw_chatbook/Widgets
copying tldw_chatbook/Widgets/status_widget.py -> build/lib/tldw_chatbook/Widgets
copying tldw_chatbook/Widgets/media_details_widget.py -> build/lib/tldw_chatbook/Widgets
copying tldw_chatbook/Widgets/chunk_preview_modal.py -> build/lib/tldw_chatbook/Widgets
copying tldw_chatbook/Widgets/__init__.py -> build/lib/tldw_chatbook/Widgets
copying tldw_chatbook/Widgets/modal_dismissal.py -> build/lib/tldw_chatbook/Widgets
copying tldw_chatbook/Widgets/splash_screen.py -> build/lib/tldw_chatbook/Widgets
copying tldw_chatbook/Widgets/enhanced_file_picker.py -> build/lib/tldw_chatbook/Widgets
copying tldw_chatbook/Widgets/feedback_dialog.py -> build/lib/tldw_chatbook/Widgets
copying tldw_chatbook/Widgets/file_picker_dialog.py -> build/lib/tldw_chatbook/Widgets
copying tldw_chatbook/Widgets/tooltip.py -> build/lib/tldw_chatbook/Widgets
copying tldw_chatbook/Widgets/destination_rail.py -> build/lib/tldw_chatbook/Widgets
copying tldw_chatbook/Widgets/password_dialog.py -> build/lib/tldw_chatbook/Widgets
copying tldw_chatbook/Widgets/delete_confirmation_dialog.py -> build/lib/tldw_chatbook/Widgets
copying tldw_chatbook/Widgets/chunk_preview.py -> build/lib/tldw_chatbook/Widgets
copying tldw_chatbook/Widgets/compact_model_bar.py -> build/lib/tldw_chatbook/Widgets
copying tldw_chatbook/Widgets/activity_log.py -> build/lib/tldw_chatbook/Widgets
copying tldw_chatbook/Widgets/voice_input_widget.py -> build/lib/tldw_chatbook/Widgets
copying tldw_chatbook/Widgets/detail_value_row.py -> build/lib/tldw_chatbook/Widgets
copying tldw_chatbook/Widgets/file_extraction_dialog.py -> build/lib/tldw_chatbook/Widgets
copying tldw_chatbook/Widgets/toast_notification.py -> build/lib/tldw_chatbook/Widgets
copying tldw_chatbook/Widgets/status_dashboard.py -> build/lib/tldw_chatbook/Widgets
copying tldw_chatbook/Widgets/embedding_template_selector.py -> build/lib/tldw_chatbook/Widgets
copying tldw_chatbook/Widgets/file_list_item_enhanced.py -> build/lib/tldw_chatbook/Widgets
copying tldw_chatbook/Widgets/model_search_picker.py -> build/lib/tldw_chatbook/Widgets
copying tldw_chatbook/Widgets/settings_theme_editor.py -> build/lib/tldw_chatbook/Widgets
copying tldw_chatbook/Widgets/tool_message_widgets.py -> build/lib/tldw_chatbook/Widgets
copying tldw_chatbook/Widgets/glyph_fallback.py -> build/lib/tldw_chatbook/Widgets
copying tldw_chatbook/Widgets/AppFooterStatus.py -> build/lib/tldw_chatbook/Widgets
copying tldw_chatbook/Widgets/loading_states.py -> build/lib/tldw_chatbook/Widgets
copying tldw_chatbook/Widgets/settings_splash_screen_viewer.py -> build/lib/tldw_chatbook/Widgets
copying tldw_chatbook/Widgets/voice_profile_dialog.py -> build/lib/tldw_chatbook/Widgets
copying tldw_chatbook/Widgets/diff_widgets.py -> build/lib/tldw_chatbook/Widgets
copying tldw_chatbook/Widgets/empty_state.py -> build/lib/tldw_chatbook/Widgets
copying tldw_chatbook/Widgets/form_components.py -> build/lib/tldw_chatbook/Widgets
copying tldw_chatbook/Widgets/chat_message_enhanced.py -> build/lib/tldw_chatbook/Widgets
copying tldw_chatbook/Widgets/audio_troubleshooting_dialog.py -> build/lib/tldw_chatbook/Widgets
copying tldw_chatbook/Widgets/workbench_focus.py -> build/lib/tldw_chatbook/Widgets
copying tldw_chatbook/Widgets/settings_internal_prompts_editor_modal.py -> build/lib/tldw_chatbook/Widgets
copying tldw_chatbook/Widgets/detailed_progress.py -> build/lib/tldw_chatbook/Widgets
copying tldw_chatbook/Widgets/pausable_progress.py -> build/lib/tldw_chatbook/Widgets
copying tldw_chatbook/Widgets/reader_scroll.py -> build/lib/tldw_chatbook/Widgets
copying tldw_chatbook/Widgets/template_selector.py -> build/lib/tldw_chatbook/Widgets
copying tldw_chatbook/Widgets/workspace_create_modal.py -> build/lib/tldw_chatbook/Widgets
creating build/lib/tldw_chatbook/Persona_Buddy
copying tldw_chatbook/Persona_Buddy/controller.py -> build/lib/tldw_chatbook/Persona_Buddy
copying tldw_chatbook/Persona_Buddy/library.py -> build/lib/tldw_chatbook/Persona_Buddy
copying tldw_chatbook/Persona_Buddy/interaction.py -> build/lib/tldw_chatbook/Persona_Buddy
copying tldw_chatbook/Persona_Buddy/rendering.py -> build/lib/tldw_chatbook/Persona_Buddy
copying tldw_chatbook/Persona_Buddy/console_adapter.py -> build/lib/tldw_chatbook/Persona_Buddy
copying tldw_chatbook/Persona_Buddy/preferences.py -> build/lib/tldw_chatbook/Persona_Buddy
copying tldw_chatbook/Persona_Buddy/__init__.py -> build/lib/tldw_chatbook/Persona_Buddy
copying tldw_chatbook/Persona_Buddy/inbox.py -> build/lib/tldw_chatbook/Persona_Buddy
copying tldw_chatbook/Persona_Buddy/speech.py -> build/lib/tldw_chatbook/Persona_Buddy
creating build/lib/tldw_chatbook/tldw_api
copying tldw_chatbook/tldw_api/feedback_schemas.py -> build/lib/tldw_chatbook/tldw_api
copying tldw_chatbook/tldw_api/translation_schemas.py -> build/lib/tldw_chatbook/tldw_api
copying tldw_chatbook/tldw_api/sync_schemas.py -> build/lib/tldw_chatbook/tldw_api
copying tldw_chatbook/tldw_api/audio_schemas.py -> build/lib/tldw_chatbook/tldw_api
copying tldw_chatbook/tldw_api/quizzes_schemas.py -> build/lib/tldw_chatbook/tldw_api
copying tldw_chatbook/tldw_api/evaluations_schemas.py -> build/lib/tldw_chatbook/tldw_api
copying tldw_chatbook/tldw_api/research_runs_schemas.py -> build/lib/tldw_chatbook/tldw_api
copying tldw_chatbook/tldw_api/notes_workspace_schemas.py -> build/lib/tldw_chatbook/tldw_api
copying tldw_chatbook/tldw_api/llm_provider_schemas.py -> build/lib/tldw_chatbook/tldw_api
copying tldw_chatbook/tldw_api/auth_user_schemas.py -> build/lib/tldw_chatbook/tldw_api
copying tldw_chatbook/tldw_api/text2sql_schemas.py -> build/lib/tldw_chatbook/tldw_api
copying tldw_chatbook/tldw_api/client.py -> build/lib/tldw_chatbook/tldw_api
copying tldw_chatbook/tldw_api/meetings_schemas.py -> build/lib/tldw_chatbook/tldw_api
copying tldw_chatbook/tldw_api/mcp_governance_schemas.py -> build/lib/tldw_chatbook/tldw_api
copying tldw_chatbook/tldw_api/ocr_vlm_schemas.py -> build/lib/tldw_chatbook/tldw_api
copying tldw_chatbook/tldw_api/storage_schemas.py -> build/lib/tldw_chatbook/tldw_api
copying tldw_chatbook/tldw_api/__init__.py -> build/lib/tldw_chatbook/tldw_api
copying tldw_chatbook/tldw_api/tools_schemas.py -> build/lib/tldw_chatbook/tldw_api
copying tldw_chatbook/tldw_api/slides_schemas.py -> build/lib/tldw_chatbook/tldw_api
copying tldw_chatbook/tldw_api/personalization_schemas.py -> build/lib/tldw_chatbook/tldw_api
copying tldw_chatbook/tldw_api/data_tables_schemas.py -> build/lib/tldw_chatbook/tldw_api
copying tldw_chatbook/tldw_api/server_runtime_schemas.py -> build/lib/tldw_chatbook/tldw_api
copying tldw_chatbook/tldw_api/prompt_studio_schemas.py -> build/lib/tldw_chatbook/tldw_api
copying tldw_chatbook/tldw_api/research_search_schemas.py -> build/lib/tldw_chatbook/tldw_api
copying tldw_chatbook/tldw_api/voice_assistant_schemas.py -> build/lib/tldw_chatbook/tldw_api
copying tldw_chatbook/tldw_api/media_reading_schemas.py -> build/lib/tldw_chatbook/tldw_api
copying tldw_chatbook/tldw_api/study_suggestions_schemas.py -> build/lib/tldw_chatbook/tldw_api
copying tldw_chatbook/tldw_api/schemas.py -> build/lib/tldw_chatbook/tldw_api
copying tldw_chatbook/tldw_api/chat_grammar_schemas.py -> build/lib/tldw_chatbook/tldw_api
copying tldw_chatbook/tldw_api/server_notifications_schemas.py -> build/lib/tldw_chatbook/tldw_api
copying tldw_chatbook/tldw_api/utils.py -> build/lib/tldw_chatbook/tldw_api
copying tldw_chatbook/tldw_api/chat_conversation_schemas.py -> build/lib/tldw_chatbook/tldw_api
copying tldw_chatbook/tldw_api/audiobook_schemas.py -> build/lib/tldw_chatbook/tldw_api
copying tldw_chatbook/tldw_api/web_clipper_schemas.py -> build/lib/tldw_chatbook/tldw_api
copying tldw_chatbook/tldw_api/chat_documents_schemas.py -> build/lib/tldw_chatbook/tldw_api
copying tldw_chatbook/tldw_api/notes_workspace_limits.py -> build/lib/tldw_chatbook/tldw_api
copying tldw_chatbook/tldw_api/watchlists_schemas.py -> build/lib/tldw_chatbook/tldw_api
copying tldw_chatbook/tldw_api/account_security_schemas.py -> build/lib/tldw_chatbook/tldw_api
copying tldw_chatbook/tldw_api/prompt_chatbook_schemas.py -> build/lib/tldw_chatbook/tldw_api
copying tldw_chatbook/tldw_api/outputs_schemas.py -> build/lib/tldw_chatbook/tldw_api
copying tldw_chatbook/tldw_api/kanban_schemas.py -> build/lib/tldw_chatbook/tldw_api
copying tldw_chatbook/tldw_api/exceptions.py -> build/lib/tldw_chatbook/tldw_api
copying tldw_chatbook/tldw_api/user_governance_schemas.py -> build/lib/tldw_chatbook/tldw_api
copying tldw_chatbook/tldw_api/chat_loop_schemas.py -> build/lib/tldw_chatbook/tldw_api
copying tldw_chatbook/tldw_api/notifications_reminders_schemas.py -> build/lib/tldw_chatbook/tldw_api
copying tldw_chatbook/tldw_api/sharing_schemas.py -> build/lib/tldw_chatbook/tldw_api
copying tldw_chatbook/tldw_api/scheduled_tasks_automation_schemas.py -> build/lib/tldw_chatbook/tldw_api
copying tldw_chatbook/tldw_api/connectors_schemas.py -> build/lib/tldw_chatbook/tldw_api
copying tldw_chatbook/tldw_api/collections_feeds_schemas.py -> build/lib/tldw_chatbook/tldw_api
copying tldw_chatbook/tldw_api/companion_schemas.py -> build/lib/tldw_chatbook/tldw_api
copying tldw_chatbook/tldw_api/study_extensions_schemas.py -> build/lib/tldw_chatbook/tldw_api
copying tldw_chatbook/tldw_api/character_persona_schemas.py -> build/lib/tldw_chatbook/tldw_api
copying tldw_chatbook/tldw_api/chat_dictionary_schemas.py -> build/lib/tldw_chatbook/tldw_api
copying tldw_chatbook/tldw_api/writing_manuscript_schemas.py -> build/lib/tldw_chatbook/tldw_api
copying tldw_chatbook/tldw_api/mcp_unified_schemas.py -> build/lib/tldw_chatbook/tldw_api
copying tldw_chatbook/tldw_api/user_keys_schemas.py -> build/lib/tldw_chatbook/tldw_api
copying tldw_chatbook/tldw_api/mcp_unified_client.py -> build/lib/tldw_chatbook/tldw_api
copying tldw_chatbook/tldw_api/flashcards_schemas.py -> build/lib/tldw_chatbook/tldw_api
copying tldw_chatbook/tldw_api/skills_schemas.py -> build/lib/tldw_chatbook/tldw_api
copying tldw_chatbook/tldw_api/claims_schemas.py -> build/lib/tldw_chatbook/tldw_api
copying tldw_chatbook/tldw_api/rag_admin_schemas.py -> build/lib/tldw_chatbook/tldw_api
creating build/lib/tldw_chatbook/Web_Server
copying tldw_chatbook/Web_Server/__init__.py -> build/lib/tldw_chatbook/Web_Server
copying tldw_chatbook/Web_Server/serve.py -> build/lib/tldw_chatbook/Web_Server
creating build/lib/tldw_chatbook/RAG_Search
copying tldw_chatbook/RAG_Search/pipeline_types.py -> build/lib/tldw_chatbook/RAG_Search
copying tldw_chatbook/RAG_Search/search_modes.py -> build/lib/tldw_chatbook/RAG_Search
copying tldw_chatbook/RAG_Search/pipeline_builder_simple.py -> build/lib/tldw_chatbook/RAG_Search
copying tldw_chatbook/RAG_Search/parent_child_adapter.py -> build/lib/tldw_chatbook/RAG_Search
copying tldw_chatbook/RAG_Search/parallel_processor.py -> build/lib/tldw_chatbook/RAG_Search
copying tldw_chatbook/RAG_Search/reranker.py -> build/lib/tldw_chatbook/RAG_Search
copying tldw_chatbook/RAG_Search/pipeline_loader.py -> build/lib/tldw_chatbook/RAG_Search
copying tldw_chatbook/RAG_Search/chunking_service.py -> build/lib/tldw_chatbook/RAG_Search
copying tldw_chatbook/RAG_Search/__init__.py -> build/lib/tldw_chatbook/RAG_Search
copying tldw_chatbook/RAG_Search/enhanced_chunking_service.py -> build/lib/tldw_chatbook/RAG_Search
copying tldw_chatbook/RAG_Search/pipeline_integration.py -> build/lib/tldw_chatbook/RAG_Search
copying tldw_chatbook/RAG_Search/backfill.py -> build/lib/tldw_chatbook/RAG_Search
copying tldw_chatbook/RAG_Search/semantic_availability.py -> build/lib/tldw_chatbook/RAG_Search
copying tldw_chatbook/RAG_Search/fusion.py -> build/lib/tldw_chatbook/RAG_Search
copying tldw_chatbook/RAG_Search/pipeline_functions_simple.py -> build/lib/tldw_chatbook/RAG_Search
copying tldw_chatbook/RAG_Search/local_citation_capture.py -> build/lib/tldw_chatbook/RAG_Search
copying tldw_chatbook/RAG_Search/config_profiles.py -> build/lib/tldw_chatbook/RAG_Search
copying tldw_chatbook/RAG_Search/ingestion_indexing.py -> build/lib/tldw_chatbook/RAG_Search
creating build/lib/tldw_chatbook/STT
copying tldw_chatbook/STT/coordinator.py -> build/lib/tldw_chatbook/STT
copying tldw_chatbook/STT/persistence.py -> build/lib/tldw_chatbook/STT
copying tldw_chatbook/STT/transcribe_cpp.py -> build/lib/tldw_chatbook/STT
copying tldw_chatbook/STT/parakeet_onnx.py -> build/lib/tldw_chatbook/STT
copying tldw_chatbook/STT/parakeet_external.py -> build/lib/tldw_chatbook/STT
copying tldw_chatbook/STT/parakeet_sources.py -> build/lib/tldw_chatbook/STT
copying tldw_chatbook/STT/registry.py -> build/lib/tldw_chatbook/STT
copying tldw_chatbook/STT/__init__.py -> build/lib/tldw_chatbook/STT
copying tldw_chatbook/STT/executor_worker.py -> build/lib/tldw_chatbook/STT
copying tldw_chatbook/STT/transcribe_cpp_config.py -> build/lib/tldw_chatbook/STT
copying tldw_chatbook/STT/routing.py -> build/lib/tldw_chatbook/STT
copying tldw_chatbook/STT/parakeet_dispatch.py -> build/lib/tldw_chatbook/STT
copying tldw_chatbook/STT/legacy_bridge.py -> build/lib/tldw_chatbook/STT
copying tldw_chatbook/STT/contracts.py -> build/lib/tldw_chatbook/STT
copying tldw_chatbook/STT/dispatch_coordinator.py -> build/lib/tldw_chatbook/STT
copying tldw_chatbook/STT/executor_process_tree.py -> build/lib/tldw_chatbook/STT
copying tldw_chatbook/STT/executor.py -> build/lib/tldw_chatbook/STT
creating build/lib/tldw_chatbook/Media
copying tldw_chatbook/Media/__init__.py -> build/lib/tldw_chatbook/Media
copying tldw_chatbook/Media/local_media_reading_service.py -> build/lib/tldw_chatbook/Media
copying tldw_chatbook/Media/media_reading_scope_service.py -> build/lib/tldw_chatbook/Media
copying tldw_chatbook/Media/media_reading_normalizers.py -> build/lib/tldw_chatbook/Media
copying tldw_chatbook/Media/server_media_reading_service.py -> build/lib/tldw_chatbook/Media
creating build/lib/tldw_chatbook/UI/Evals
copying tldw_chatbook/UI/Evals/evals_state.py -> build/lib/tldw_chatbook/UI/Evals
copying tldw_chatbook/UI/Evals/bench_editor.py -> build/lib/tldw_chatbook/UI/Evals
copying tldw_chatbook/UI/Evals/character_bench_editor.py -> build/lib/tldw_chatbook/UI/Evals
copying tldw_chatbook/UI/Evals/snippet_editor.py -> build/lib/tldw_chatbook/UI/Evals
copying tldw_chatbook/UI/Evals/inspector.py -> build/lib/tldw_chatbook/UI/Evals
copying tldw_chatbook/UI/Evals/results_grid.py -> build/lib/tldw_chatbook/UI/Evals
copying tldw_chatbook/UI/Evals/sample_bench.py -> build/lib/tldw_chatbook/UI/Evals
copying tldw_chatbook/UI/Evals/notify_mixin.py -> build/lib/tldw_chatbook/UI/Evals
copying tldw_chatbook/UI/Evals/library_rail.py -> build/lib/tldw_chatbook/UI/Evals
copying tldw_chatbook/UI/Evals/card_picker.py -> build/lib/tldw_chatbook/UI/Evals
creating build/lib/tldw_chatbook/UI/Library_Modules
copying tldw_chatbook/UI/Library_Modules/canvas_sync.py -> build/lib/tldw_chatbook/UI/Library_Modules
copying tldw_chatbook/UI/Library_Modules/library_conversations_state.py -> build/lib/tldw_chatbook/UI/Library_Modules
copying tldw_chatbook/UI/Library_Modules/library_media_browse_controller.py -> build/lib/tldw_chatbook/UI/Library_Modules
copying tldw_chatbook/UI/Library_Modules/library_export_state.py -> build/lib/tldw_chatbook/UI/Library_Modules
copying tldw_chatbook/UI/Library_Modules/library_notes_state.py -> build/lib/tldw_chatbook/UI/Library_Modules
copying tldw_chatbook/UI/Library_Modules/prompt_history_region.py -> build/lib/tldw_chatbook/UI/Library_Modules
copying tldw_chatbook/UI/Library_Modules/library_media_trash_browse_controller.py -> build/lib/tldw_chatbook/UI/Library_Modules
copying tldw_chatbook/UI/Library_Modules/library_media_controller.py -> build/lib/tldw_chatbook/UI/Library_Modules
copying tldw_chatbook/UI/Library_Modules/library_prompts_state.py -> build/lib/tldw_chatbook/UI/Library_Modules
copying tldw_chatbook/UI/Library_Modules/library_note_import_controller.py -> build/lib/tldw_chatbook/UI/Library_Modules
copying tldw_chatbook/UI/Library_Modules/library_unavailable_navigation.py -> build/lib/tldw_chatbook/UI/Library_Modules
copying tldw_chatbook/UI/Library_Modules/library_browse_route_swap.py -> build/lib/tldw_chatbook/UI/Library_Modules
copying tldw_chatbook/UI/Library_Modules/prompt_history.py -> build/lib/tldw_chatbook/UI/Library_Modules
copying tldw_chatbook/UI/Library_Modules/library_rag_search_controller.py -> build/lib/tldw_chatbook/UI/Library_Modules
copying tldw_chatbook/UI/Library_Modules/screen_constants.py -> build/lib/tldw_chatbook/UI/Library_Modules
copying tldw_chatbook/UI/Library_Modules/library_conversations_controller.py -> build/lib/tldw_chatbook/UI/Library_Modules
copying tldw_chatbook/UI/Library_Modules/library_media_state.py -> build/lib/tldw_chatbook/UI/Library_Modules
copying tldw_chatbook/UI/Library_Modules/library_inspection_admission.py -> build/lib/tldw_chatbook/UI/Library_Modules
copying tldw_chatbook/UI/Library_Modules/library_character_repair_controller.py -> build/lib/tldw_chatbook/UI/Library_Modules
copying tldw_chatbook/UI/Library_Modules/library_skills_controller.py -> build/lib/tldw_chatbook/UI/Library_Modules
copying tldw_chatbook/UI/Library_Modules/__init__.py -> build/lib/tldw_chatbook/UI/Library_Modules
copying tldw_chatbook/UI/Library_Modules/library_prompts_controller.py -> build/lib/tldw_chatbook/UI/Library_Modules
copying tldw_chatbook/UI/Library_Modules/screen_support_types.py -> build/lib/tldw_chatbook/UI/Library_Modules
copying tldw_chatbook/UI/Library_Modules/library_skill_import_controller.py -> build/lib/tldw_chatbook/UI/Library_Modules
copying tldw_chatbook/UI/Library_Modules/library_ingest_state.py -> build/lib/tldw_chatbook/UI/Library_Modules
copying tldw_chatbook/UI/Library_Modules/skill_import_choice_modal.py -> build/lib/tldw_chatbook/UI/Library_Modules
copying tldw_chatbook/UI/Library_Modules/prompt_collection_manager_modal.py -> build/lib/tldw_chatbook/UI/Library_Modules
copying tldw_chatbook/UI/Library_Modules/library_snapshot_cache.py -> build/lib/tldw_chatbook/UI/Library_Modules
copying tldw_chatbook/UI/Library_Modules/prompt_collections.py -> build/lib/tldw_chatbook/UI/Library_Modules
copying tldw_chatbook/UI/Library_Modules/library_collections_capture_controller.py -> build/lib/tldw_chatbook/UI/Library_Modules
copying tldw_chatbook/UI/Library_Modules/library_notes_controller.py -> build/lib/tldw_chatbook/UI/Library_Modules
copying tldw_chatbook/UI/Library_Modules/library_skills_state.py -> build/lib/tldw_chatbook/UI/Library_Modules
copying tldw_chatbook/UI/Library_Modules/library_collections_controller.py -> build/lib/tldw_chatbook/UI/Library_Modules
copying tldw_chatbook/UI/Library_Modules/screen_helpers.py -> build/lib/tldw_chatbook/UI/Library_Modules
copying tldw_chatbook/UI/Library_Modules/note_session_port.py -> build/lib/tldw_chatbook/UI/Library_Modules
copying tldw_chatbook/UI/Library_Modules/library_navigation_controller.py -> build/lib/tldw_chatbook/UI/Library_Modules
copying tldw_chatbook/UI/Library_Modules/library_notes_sync_controller.py -> build/lib/tldw_chatbook/UI/Library_Modules
copying tldw_chatbook/UI/Library_Modules/library_ingest_controller.py -> build/lib/tldw_chatbook/UI/Library_Modules
copying tldw_chatbook/UI/Library_Modules/library_conversation_reader_controller.py -> build/lib/tldw_chatbook/UI/Library_Modules
copying tldw_chatbook/UI/Library_Modules/library_collections_state.py -> build/lib/tldw_chatbook/UI/Library_Modules
copying tldw_chatbook/UI/Library_Modules/library_export_controller.py -> build/lib/tldw_chatbook/UI/Library_Modules
copying tldw_chatbook/UI/Library_Modules/library_rag_search_state.py -> build/lib/tldw_chatbook/UI/Library_Modules
copying tldw_chatbook/UI/Library_Modules/library_skills_browse_controller.py -> build/lib/tldw_chatbook/UI/Library_Modules
copying tldw_chatbook/UI/Library_Modules/library_prompt_browse_controller.py -> build/lib/tldw_chatbook/UI/Library_Modules
copying tldw_chatbook/UI/Library_Modules/library_notes_work_session.py -> build/lib/tldw_chatbook/UI/Library_Modules
creating build/lib/tldw_chatbook/UI/Persona_Modules
copying tldw_chatbook/UI/Persona_Modules/personas_conversations_controller.py -> build/lib/tldw_chatbook/UI/Persona_Modules
copying tldw_chatbook/UI/Persona_Modules/personas_preview_coordinator.py -> build/lib/tldw_chatbook/UI/Persona_Modules
copying tldw_chatbook/UI/Persona_Modules/__init__.py -> build/lib/tldw_chatbook/UI/Persona_Modules
copying tldw_chatbook/UI/Persona_Modules/personas_preview_controller.py -> build/lib/tldw_chatbook/UI/Persona_Modules
creating build/lib/tldw_chatbook/UI/Research_Workspace_Modules
copying tldw_chatbook/UI/Research_Workspace_Modules/sources_region.py -> build/lib/tldw_chatbook/UI/Research_Workspace_Modules
copying tldw_chatbook/UI/Research_Workspace_Modules/header_region.py -> build/lib/tldw_chatbook/UI/Research_Workspace_Modules
copying tldw_chatbook/UI/Research_Workspace_Modules/mode_bar.py -> build/lib/tldw_chatbook/UI/Research_Workspace_Modules
copying tldw_chatbook/UI/Research_Workspace_Modules/source_list.py -> build/lib/tldw_chatbook/UI/Research_Workspace_Modules
copying tldw_chatbook/UI/Research_Workspace_Modules/quick_note_modals.py -> build/lib/tldw_chatbook/UI/Research_Workspace_Modules
copying tldw_chatbook/UI/Research_Workspace_Modules/chat_region.py -> build/lib/tldw_chatbook/UI/Research_Workspace_Modules
copying tldw_chatbook/UI/Research_Workspace_Modules/add_source_modal.py -> build/lib/tldw_chatbook/UI/Research_Workspace_Modules
copying tldw_chatbook/UI/Research_Workspace_Modules/__init__.py -> build/lib/tldw_chatbook/UI/Research_Workspace_Modules
copying tldw_chatbook/UI/Research_Workspace_Modules/source_receipt.py -> build/lib/tldw_chatbook/UI/Research_Workspace_Modules
copying tldw_chatbook/UI/Research_Workspace_Modules/source_inspector.py -> build/lib/tldw_chatbook/UI/Research_Workspace_Modules
copying tldw_chatbook/UI/Research_Workspace_Modules/workspace_menu.py -> build/lib/tldw_chatbook/UI/Research_Workspace_Modules
copying tldw_chatbook/UI/Research_Workspace_Modules/quick_notes_section.py -> build/lib/tldw_chatbook/UI/Research_Workspace_Modules
copying tldw_chatbook/UI/Research_Workspace_Modules/pane_handle.py -> build/lib/tldw_chatbook/UI/Research_Workspace_Modules
copying tldw_chatbook/UI/Research_Workspace_Modules/overlay_conflict_modal.py -> build/lib/tldw_chatbook/UI/Research_Workspace_Modules
copying tldw_chatbook/UI/Research_Workspace_Modules/studio_region.py -> build/lib/tldw_chatbook/UI/Research_Workspace_Modules
creating build/lib/tldw_chatbook/UI/CCP_Modules
copying tldw_chatbook/UI/CCP_Modules/ccp_enhanced_handlers.py -> build/lib/tldw_chatbook/UI/CCP_Modules
copying tldw_chatbook/UI/CCP_Modules/ccp_loading_indicators.py -> build/lib/tldw_chatbook/UI/CCP_Modules
copying tldw_chatbook/UI/CCP_Modules/__init__.py -> build/lib/tldw_chatbook/UI/CCP_Modules
copying tldw_chatbook/UI/CCP_Modules/ccp_messages.py -> build/lib/tldw_chatbook/UI/CCP_Modules
copying tldw_chatbook/UI/CCP_Modules/ccp_validators.py -> build/lib/tldw_chatbook/UI/CCP_Modules
copying tldw_chatbook/UI/CCP_Modules/ccp_message_manager.py -> build/lib/tldw_chatbook/UI/CCP_Modules
copying tldw_chatbook/UI/CCP_Modules/ccp_validation_decorators.py -> build/lib/tldw_chatbook/UI/CCP_Modules
copying tldw_chatbook/UI/CCP_Modules/ccp_persona_handler.py -> build/lib/tldw_chatbook/UI/CCP_Modules
copying tldw_chatbook/UI/CCP_Modules/ccp_character_handler.py -> build/lib/tldw_chatbook/UI/CCP_Modules
creating build/lib/tldw_chatbook/UI/Navigation
copying tldw_chatbook/UI/Navigation/buddy_speech.py -> build/lib/tldw_chatbook/UI/Navigation
copying tldw_chatbook/UI/Navigation/screen_state_store.py -> build/lib/tldw_chatbook/UI/Navigation
copying tldw_chatbook/UI/Navigation/shortcut_context.py -> build/lib/tldw_chatbook/UI/Navigation
copying tldw_chatbook/UI/Navigation/base_app_screen.py -> build/lib/tldw_chatbook/UI/Navigation
copying tldw_chatbook/UI/Navigation/buddy_management.py -> build/lib/tldw_chatbook/UI/Navigation
copying tldw_chatbook/UI/Navigation/nav_overflow_menu.py -> build/lib/tldw_chatbook/UI/Navigation
copying tldw_chatbook/UI/Navigation/pending_handoff_store.py -> build/lib/tldw_chatbook/UI/Navigation
copying tldw_chatbook/UI/Navigation/audio_cpp_model_handoff.py -> build/lib/tldw_chatbook/UI/Navigation
copying tldw_chatbook/UI/Navigation/__init__.py -> build/lib/tldw_chatbook/UI/Navigation
copying tldw_chatbook/UI/Navigation/_character_conversation_wire.py -> build/lib/tldw_chatbook/UI/Navigation
copying tldw_chatbook/UI/Navigation/main_navigation.py -> build/lib/tldw_chatbook/UI/Navigation
copying tldw_chatbook/UI/Navigation/screen_registry.py -> build/lib/tldw_chatbook/UI/Navigation
copying tldw_chatbook/UI/Navigation/vllm_handoff.py -> build/lib/tldw_chatbook/UI/Navigation
copying tldw_chatbook/UI/Navigation/shell_destinations.py -> build/lib/tldw_chatbook/UI/Navigation
copying tldw_chatbook/UI/Navigation/conversation_settings_navigation.py -> build/lib/tldw_chatbook/UI/Navigation
copying tldw_chatbook/UI/Navigation/buddy_conversation.py -> build/lib/tldw_chatbook/UI/Navigation
copying tldw_chatbook/UI/Navigation/character_conversation_navigation.py -> build/lib/tldw_chatbook/UI/Navigation
copying tldw_chatbook/UI/Navigation/persona_buddy_overlay.py -> build/lib/tldw_chatbook/UI/Navigation
copying tldw_chatbook/UI/Navigation/buddy_workspace.py -> build/lib/tldw_chatbook/UI/Navigation
creating build/lib/tldw_chatbook/UI/Chunking_Lab_Modules
copying tldw_chatbook/UI/Chunking_Lab_Modules/editor_region.py -> build/lib/tldw_chatbook/UI/Chunking_Lab_Modules
copying tldw_chatbook/UI/Chunking_Lab_Modules/sample_region.py -> build/lib/tldw_chatbook/UI/Chunking_Lab_Modules
copying tldw_chatbook/UI/Chunking_Lab_Modules/__init__.py -> build/lib/tldw_chatbook/UI/Chunking_Lab_Modules
copying tldw_chatbook/UI/Chunking_Lab_Modules/dialogs.py -> build/lib/tldw_chatbook/UI/Chunking_Lab_Modules
copying tldw_chatbook/UI/Chunking_Lab_Modules/results_region.py -> build/lib/tldw_chatbook/UI/Chunking_Lab_Modules
creating build/lib/tldw_chatbook/UI/Speech
copying tldw_chatbook/UI/Speech/speech_playground_pane.py -> build/lib/tldw_chatbook/UI/Speech
copying tldw_chatbook/UI/Speech/speech_settings_model.py -> build/lib/tldw_chatbook/UI/Speech
copying tldw_chatbook/UI/Speech/speech_action_strip.py -> build/lib/tldw_chatbook/UI/Speech
copying tldw_chatbook/UI/Speech/speech_runtime_status.py -> build/lib/tldw_chatbook/UI/Speech
copying tldw_chatbook/UI/Speech/speech_settings_group.py -> build/lib/tldw_chatbook/UI/Speech
copying tldw_chatbook/UI/Speech/speech_playback_mixin.py -> build/lib/tldw_chatbook/UI/Speech
copying tldw_chatbook/UI/Speech/audio_cpp_runtime_card.py -> build/lib/tldw_chatbook/UI/Speech
copying tldw_chatbook/UI/Speech/speech_profile_mixin.py -> build/lib/tldw_chatbook/UI/Speech
copying tldw_chatbook/UI/Speech/__init__.py -> build/lib/tldw_chatbook/UI/Speech
copying tldw_chatbook/UI/Speech/speech_catalog_mixin.py -> build/lib/tldw_chatbook/UI/Speech
copying tldw_chatbook/UI/Speech/speech_param_group.py -> build/lib/tldw_chatbook/UI/Speech
copying tldw_chatbook/UI/Speech/speech_clone_setup.py -> build/lib/tldw_chatbook/UI/Speech
copying tldw_chatbook/UI/Speech/speech_settings_pane.py -> build/lib/tldw_chatbook/UI/Speech
copying tldw_chatbook/UI/Speech/speech_settings_mixin.py -> build/lib/tldw_chatbook/UI/Speech
copying tldw_chatbook/UI/Speech/speech_synthesis_mixin.py -> build/lib/tldw_chatbook/UI/Speech
copying tldw_chatbook/UI/Speech/speech_settings_contracts.py -> build/lib/tldw_chatbook/UI/Speech
copying tldw_chatbook/UI/Speech/speech_axis_row.py -> build/lib/tldw_chatbook/UI/Speech
copying tldw_chatbook/UI/Speech/speech_effects_pane.py -> build/lib/tldw_chatbook/UI/Speech
copying tldw_chatbook/UI/Speech/speech_playground_model.py -> build/lib/tldw_chatbook/UI/Speech
creating build/lib/tldw_chatbook/UI/MCP_Modules
copying tldw_chatbook/UI/MCP_Modules/mcp_workbench.py -> build/lib/tldw_chatbook/UI/MCP_Modules
copying tldw_chatbook/UI/MCP_Modules/mcp_audit_mode.py -> build/lib/tldw_chatbook/UI/MCP_Modules
copying tldw_chatbook/UI/MCP_Modules/mcp_rail.py -> build/lib/tldw_chatbook/UI/MCP_Modules
copying tldw_chatbook/UI/MCP_Modules/mcp_servers_mode.py -> build/lib/tldw_chatbook/UI/MCP_Modules
copying tldw_chatbook/UI/MCP_Modules/__init__.py -> build/lib/tldw_chatbook/UI/MCP_Modules
copying tldw_chatbook/UI/MCP_Modules/mcp_server_mutations.py -> build/lib/tldw_chatbook/UI/MCP_Modules
copying tldw_chatbook/UI/MCP_Modules/mcp_permissions_mode.py -> build/lib/tldw_chatbook/UI/MCP_Modules
copying tldw_chatbook/UI/MCP_Modules/mcp_schema_form.py -> build/lib/tldw_chatbook/UI/MCP_Modules
copying tldw_chatbook/UI/MCP_Modules/mcp_tools_mode.py -> build/lib/tldw_chatbook/UI/MCP_Modules
copying tldw_chatbook/UI/MCP_Modules/mcp_profile_form.py -> build/lib/tldw_chatbook/UI/MCP_Modules
copying tldw_chatbook/UI/MCP_Modules/mcp_inspector.py -> build/lib/tldw_chatbook/UI/MCP_Modules
creating build/lib/tldw_chatbook/UI/Screens
copying tldw_chatbook/UI/Screens/skills_screen.py -> build/lib/tldw_chatbook/UI/Screens
copying tldw_chatbook/UI/Screens/media_runtime_state.py -> build/lib/tldw_chatbook/UI/Screens
copying tldw_chatbook/UI/Screens/profile_interview_screen.py -> build/lib/tldw_chatbook/UI/Screens
copying tldw_chatbook/UI/Screens/chunking_lab_screen.py -> build/lib/tldw_chatbook/UI/Screens
copying tldw_chatbook/UI/Screens/model_external_view.py -> build/lib/tldw_chatbook/UI/Screens
copying tldw_chatbook/UI/Screens/watchlists_collections_screen.py -> build/lib/tldw_chatbook/UI/Screens
copying tldw_chatbook/UI/Screens/study_screen.py -> build/lib/tldw_chatbook/UI/Screens
copying tldw_chatbook/UI/Screens/research_screen.py -> build/lib/tldw_chatbook/UI/Screens
copying tldw_chatbook/UI/Screens/model_curated_view.py -> build/lib/tldw_chatbook/UI/Screens
copying tldw_chatbook/UI/Screens/model_memory_presenter.py -> build/lib/tldw_chatbook/UI/Screens
copying tldw_chatbook/UI/Screens/meetings_screen.py -> build/lib/tldw_chatbook/UI/Screens
copying tldw_chatbook/UI/Screens/chat_screen.py -> build/lib/tldw_chatbook/UI/Screens
copying tldw_chatbook/UI/Screens/model_browser_state.py -> build/lib/tldw_chatbook/UI/Screens
copying tldw_chatbook/UI/Screens/artifacts_screen.py -> build/lib/tldw_chatbook/UI/Screens
copying tldw_chatbook/UI/Screens/settings_config_adapter.py -> build/lib/tldw_chatbook/UI/Screens
copying tldw_chatbook/UI/Screens/model_catalog_consent.py -> build/lib/tldw_chatbook/UI/Screens
copying tldw_chatbook/UI/Screens/settings_library_rag_defaults.py -> build/lib/tldw_chatbook/UI/Screens
copying tldw_chatbook/UI/Screens/settings_speech_tts.py -> build/lib/tldw_chatbook/UI/Screens
copying tldw_chatbook/UI/Screens/settings_image_gen_defaults.py -> build/lib/tldw_chatbook/UI/Screens
copying tldw_chatbook/UI/Screens/image_gen_demo_screen.py -> build/lib/tldw_chatbook/UI/Screens
copying tldw_chatbook/UI/Screens/schedules_screen.py -> build/lib/tldw_chatbook/UI/Screens
copying tldw_chatbook/UI/Screens/evals_screen.py -> build/lib/tldw_chatbook/UI/Screens
copying tldw_chatbook/UI/Screens/settings_storage_defaults.py -> build/lib/tldw_chatbook/UI/Screens
copying tldw_chatbook/UI/Screens/stats_screen.py -> build/lib/tldw_chatbook/UI/Screens
copying tldw_chatbook/UI/Screens/__init__.py -> build/lib/tldw_chatbook/UI/Screens
copying tldw_chatbook/UI/Screens/trajectory_screen.py -> build/lib/tldw_chatbook/UI/Screens
copying tldw_chatbook/UI/Screens/library_conversations_screen.py -> build/lib/tldw_chatbook/UI/Screens
copying tldw_chatbook/UI/Screens/stts_screen.py -> build/lib/tldw_chatbook/UI/Screens
copying tldw_chatbook/UI/Screens/lab_frame.py -> build/lib/tldw_chatbook/UI/Screens
copying tldw_chatbook/UI/Screens/settings_appearance_defaults.py -> build/lib/tldw_chatbook/UI/Screens
copying tldw_chatbook/UI/Screens/library_screen.py -> build/lib/tldw_chatbook/UI/Screens
copying tldw_chatbook/UI/Screens/settings_endpoint_probe.py -> build/lib/tldw_chatbook/UI/Screens
copying tldw_chatbook/UI/Screens/writing_screen.py -> build/lib/tldw_chatbook/UI/Screens
copying tldw_chatbook/UI/Screens/home_screen.py -> build/lib/tldw_chatbook/UI/Screens
copying tldw_chatbook/UI/Screens/model_installed_view.py -> build/lib/tldw_chatbook/UI/Screens
copying tldw_chatbook/UI/Screens/research_workspace_screen.py -> build/lib/tldw_chatbook/UI/Screens
copying tldw_chatbook/UI/Screens/settings_rag_profile_adapter.py -> build/lib/tldw_chatbook/UI/Screens
copying tldw_chatbook/UI/Screens/settings_provider_view_model.py -> build/lib/tldw_chatbook/UI/Screens
copying tldw_chatbook/UI/Screens/lab_mode_strip.py -> build/lib/tldw_chatbook/UI/Screens
copying tldw_chatbook/UI/Screens/settings_video_gen_defaults.py -> build/lib/tldw_chatbook/UI/Screens
copying tldw_chatbook/UI/Screens/settings_network_defaults.py -> build/lib/tldw_chatbook/UI/Screens
copying tldw_chatbook/UI/Screens/destination_recovery.py -> build/lib/tldw_chatbook/UI/Screens
copying tldw_chatbook/UI/Screens/settings_context_memory.py -> build/lib/tldw_chatbook/UI/Screens
copying tldw_chatbook/UI/Screens/settings_search_index.py -> build/lib/tldw_chatbook/UI/Screens
copying tldw_chatbook/UI/Screens/tools_settings_screen.py -> build/lib/tldw_chatbook/UI/Screens
copying tldw_chatbook/UI/Screens/study_scope_models.py -> build/lib/tldw_chatbook/UI/Screens
copying tldw_chatbook/UI/Screens/provider_model_resolution.py -> build/lib/tldw_chatbook/UI/Screens
copying tldw_chatbook/UI/Screens/media_screen.py -> build/lib/tldw_chatbook/UI/Screens
copying tldw_chatbook/UI/Screens/acp_screen.py -> build/lib/tldw_chatbook/UI/Screens
copying tldw_chatbook/UI/Screens/settings_privacy_security.py -> build/lib/tldw_chatbook/UI/Screens
copying tldw_chatbook/UI/Screens/notes_scope_models.py -> build/lib/tldw_chatbook/UI/Screens
copying tldw_chatbook/UI/Screens/settings_config_models.py -> build/lib/tldw_chatbook/UI/Screens
copying tldw_chatbook/UI/Screens/personas_screen.py -> build/lib/tldw_chatbook/UI/Screens
copying tldw_chatbook/UI/Screens/workflows_screen.py -> build/lib/tldw_chatbook/UI/Screens
copying tldw_chatbook/UI/Screens/model_remote_view.py -> build/lib/tldw_chatbook/UI/Screens
copying tldw_chatbook/UI/Screens/mcp_screen.py -> build/lib/tldw_chatbook/UI/Screens
copying tldw_chatbook/UI/Screens/settings_screen.py -> build/lib/tldw_chatbook/UI/Screens
copying tldw_chatbook/UI/Screens/logs_screen.py -> build/lib/tldw_chatbook/UI/Screens
copying tldw_chatbook/UI/Screens/llm_screen.py -> build/lib/tldw_chatbook/UI/Screens
copying tldw_chatbook/UI/Screens/chatbooks_screen.py -> build/lib/tldw_chatbook/UI/Screens
copying tldw_chatbook/UI/Screens/chat_screen_state.py -> build/lib/tldw_chatbook/UI/Screens
copying tldw_chatbook/UI/Screens/video_player_screen.py -> build/lib/tldw_chatbook/UI/Screens
copying tldw_chatbook/UI/Screens/change_review_screen.py -> build/lib/tldw_chatbook/UI/Screens
creating build/lib/tldw_chatbook/UI/Writing_Modules
copying tldw_chatbook/UI/Writing_Modules/__init__.py -> build/lib/tldw_chatbook/UI/Writing_Modules
copying tldw_chatbook/UI/Writing_Modules/writing_controller.py -> build/lib/tldw_chatbook/UI/Writing_Modules
creating build/lib/tldw_chatbook/UI/Watchlists_Modules
copying tldw_chatbook/UI/Watchlists_Modules/watchlists_backend_controller.py -> build/lib/tldw_chatbook/UI/Watchlists_Modules
copying tldw_chatbook/UI/Watchlists_Modules/inspector_pane.py -> build/lib/tldw_chatbook/UI/Watchlists_Modules
copying tldw_chatbook/UI/Watchlists_Modules/kept_briefings_modal.py -> build/lib/tldw_chatbook/UI/Watchlists_Modules
copying tldw_chatbook/UI/Watchlists_Modules/briefing_preset_modal.py -> build/lib/tldw_chatbook/UI/Watchlists_Modules
copying tldw_chatbook/UI/Watchlists_Modules/table_selection.py -> build/lib/tldw_chatbook/UI/Watchlists_Modules
copying tldw_chatbook/UI/Watchlists_Modules/watchlist_tree.py -> build/lib/tldw_chatbook/UI/Watchlists_Modules
copying tldw_chatbook/UI/Watchlists_Modules/snapshot_view_modal.py -> build/lib/tldw_chatbook/UI/Watchlists_Modules
copying tldw_chatbook/UI/Watchlists_Modules/__init__.py -> build/lib/tldw_chatbook/UI/Watchlists_Modules
copying tldw_chatbook/UI/Watchlists_Modules/watchlists_console_handoff.py -> build/lib/tldw_chatbook/UI/Watchlists_Modules
copying tldw_chatbook/UI/Watchlists_Modules/humane_time.py -> build/lib/tldw_chatbook/UI/Watchlists_Modules
copying tldw_chatbook/UI/Watchlists_Modules/reader_item_snapshot.py -> build/lib/tldw_chatbook/UI/Watchlists_Modules
copying tldw_chatbook/UI/Watchlists_Modules/opml_dialogs.py -> build/lib/tldw_chatbook/UI/Watchlists_Modules
copying tldw_chatbook/UI/Watchlists_Modules/region_layout.py -> build/lib/tldw_chatbook/UI/Watchlists_Modules
copying tldw_chatbook/UI/Watchlists_Modules/watchlists_tab_strip.py -> build/lib/tldw_chatbook/UI/Watchlists_Modules
copying tldw_chatbook/UI/Watchlists_Modules/artifacts_pane.py -> build/lib/tldw_chatbook/UI/Watchlists_Modules
copying tldw_chatbook/UI/Watchlists_Modules/region_layout_store.py -> build/lib/tldw_chatbook/UI/Watchlists_Modules
copying tldw_chatbook/UI/Watchlists_Modules/runs_pane.py -> build/lib/tldw_chatbook/UI/Watchlists_Modules
copying tldw_chatbook/UI/Watchlists_Modules/bulk_sources_modal.py -> build/lib/tldw_chatbook/UI/Watchlists_Modules
copying tldw_chatbook/UI/Watchlists_Modules/items_pane.py -> build/lib/tldw_chatbook/UI/Watchlists_Modules
copying tldw_chatbook/UI/Watchlists_Modules/notifications_pane.py -> build/lib/tldw_chatbook/UI/Watchlists_Modules
copying tldw_chatbook/UI/Watchlists_Modules/watchlists_workbench.py -> build/lib/tldw_chatbook/UI/Watchlists_Modules
copying tldw_chatbook/UI/Watchlists_Modules/pane_grip.py -> build/lib/tldw_chatbook/UI/Watchlists_Modules
copying tldw_chatbook/UI/Watchlists_Modules/article_list.py -> build/lib/tldw_chatbook/UI/Watchlists_Modules
copying tldw_chatbook/UI/Watchlists_Modules/rules_pane.py -> build/lib/tldw_chatbook/UI/Watchlists_Modules
copying tldw_chatbook/UI/Watchlists_Modules/overview_pane.py -> build/lib/tldw_chatbook/UI/Watchlists_Modules
copying tldw_chatbook/UI/Watchlists_Modules/sources_pane.py -> build/lib/tldw_chatbook/UI/Watchlists_Modules
copying tldw_chatbook/UI/Watchlists_Modules/content_pane.py -> build/lib/tldw_chatbook/UI/Watchlists_Modules
creating build/lib/tldw_chatbook/UI/Study_Modules
copying tldw_chatbook/UI/Study_Modules/flashcards_handler.py -> build/lib/tldw_chatbook/UI/Study_Modules
copying tldw_chatbook/UI/Study_Modules/__init__.py -> build/lib/tldw_chatbook/UI/Study_Modules
copying tldw_chatbook/UI/Study_Modules/quizzes_handler.py -> build/lib/tldw_chatbook/UI/Study_Modules
creating build/lib/tldw_chatbook/UI/Workbench
copying tldw_chatbook/UI/Workbench/route_inventory.py -> build/lib/tldw_chatbook/UI/Workbench
copying tldw_chatbook/UI/Workbench/__init__.py -> build/lib/tldw_chatbook/UI/Workbench
copying tldw_chatbook/UI/Workbench/workbench_widgets.py -> build/lib/tldw_chatbook/UI/Workbench
copying tldw_chatbook/UI/Workbench/workbench_state.py -> build/lib/tldw_chatbook/UI/Workbench
copying tldw_chatbook/UI/Workbench/help.py -> build/lib/tldw_chatbook/UI/Workbench
copying tldw_chatbook/UI/Workbench/focus.py -> build/lib/tldw_chatbook/UI/Workbench
creating build/lib/tldw_chatbook/UI/Wizards
copying tldw_chatbook/UI/Wizards/BaseWizard.py -> build/lib/tldw_chatbook/UI/Wizards
copying tldw_chatbook/UI/Wizards/first_run_setup_state.py -> build/lib/tldw_chatbook/UI/Wizards
copying tldw_chatbook/UI/Wizards/first_run_voice_step_state.py -> build/lib/tldw_chatbook/UI/Wizards
copying tldw_chatbook/UI/Wizards/first_run_recovery_dialog.py -> build/lib/tldw_chatbook/UI/Wizards
copying tldw_chatbook/UI/Wizards/__init__.py -> build/lib/tldw_chatbook/UI/Wizards
copying tldw_chatbook/UI/Wizards/FirstRunSetupWizard.py -> build/lib/tldw_chatbook/UI/Wizards
copying tldw_chatbook/UI/Wizards/ChatbookCreationWizard.py -> build/lib/tldw_chatbook/UI/Wizards
copying tldw_chatbook/UI/Wizards/first_run_speech_step_state.py -> build/lib/tldw_chatbook/UI/Wizards
copying tldw_chatbook/UI/Wizards/ChatbookImportWizard.py -> build/lib/tldw_chatbook/UI/Wizards
creating build/lib/tldw_chatbook/UI/Subscription_Modules
copying tldw_chatbook/UI/Subscription_Modules/__init__.py -> build/lib/tldw_chatbook/UI/Subscription_Modules
copying tldw_chatbook/UI/Subscription_Modules/notifications_inbox_controller.py -> build/lib/tldw_chatbook/UI/Subscription_Modules
creating build/lib/tldw_chatbook/UI/Lab_Modules
copying tldw_chatbook/UI/Lab_Modules/lab_rail_store.py -> build/lib/tldw_chatbook/UI/Lab_Modules
copying tldw_chatbook/UI/Lab_Modules/lab_speech_status.py -> build/lib/tldw_chatbook/UI/Lab_Modules
copying tldw_chatbook/UI/Lab_Modules/__init__.py -> build/lib/tldw_chatbook/UI/Lab_Modules
copying tldw_chatbook/UI/Lab_Modules/lab_workbench.py -> build/lib/tldw_chatbook/UI/Lab_Modules
copying tldw_chatbook/UI/Lab_Modules/lab_server_status.py -> build/lib/tldw_chatbook/UI/Lab_Modules
copying tldw_chatbook/UI/Lab_Modules/lab_rail_layout.py -> build/lib/tldw_chatbook/UI/Lab_Modules
creating build/lib/tldw_chatbook/UI/LLM_Management
copying tldw_chatbook/UI/LLM_Management/vllm_setup_view.py -> build/lib/tldw_chatbook/UI/LLM_Management
copying tldw_chatbook/UI/LLM_Management/__init__.py -> build/lib/tldw_chatbook/UI/LLM_Management
copying tldw_chatbook/UI/LLM_Management/vllm_setup.py -> build/lib/tldw_chatbook/UI/LLM_Management
copying tldw_chatbook/UI/LLM_Management/vllm_connection.py -> build/lib/tldw_chatbook/UI/LLM_Management
copying tldw_chatbook/UI/LLM_Management/vllm_profiles.py -> build/lib/tldw_chatbook/UI/LLM_Management
creating build/lib/tldw_chatbook/UI/Widgets
copying tldw_chatbook/UI/Widgets/table_click_select.py -> build/lib/tldw_chatbook/UI/Widgets
copying tldw_chatbook/UI/Widgets/trajectory_timeline.py -> build/lib/tldw_chatbook/UI/Widgets
copying tldw_chatbook/UI/Widgets/__init__.py -> build/lib/tldw_chatbook/UI/Widgets
copying tldw_chatbook/UI/Widgets/SmartContentTree.py -> build/lib/tldw_chatbook/UI/Widgets
copying tldw_chatbook/UI/Widgets/trace_filter_bar.py -> build/lib/tldw_chatbook/UI/Widgets
copying tldw_chatbook/UI/Widgets/config_search_widget.py -> build/lib/tldw_chatbook/UI/Widgets
creating build/lib/tldw_chatbook/UI/Console_Modules
copying tldw_chatbook/UI/Console_Modules/skill.py -> build/lib/tldw_chatbook/UI/Console_Modules
copying tldw_chatbook/UI/Console_Modules/trace_call_recovery.py -> build/lib/tldw_chatbook/UI/Console_Modules
copying tldw_chatbook/UI/Console_Modules/library_policy.py -> build/lib/tldw_chatbook/UI/Console_Modules
copying tldw_chatbook/UI/Console_Modules/hands_free.py -> build/lib/tldw_chatbook/UI/Console_Modules
copying tldw_chatbook/UI/Console_Modules/dictation.py -> build/lib/tldw_chatbook/UI/Console_Modules
copying tldw_chatbook/UI/Console_Modules/character_context.py -> build/lib/tldw_chatbook/UI/Console_Modules
copying tldw_chatbook/UI/Console_Modules/prompt_queue.py -> build/lib/tldw_chatbook/UI/Console_Modules
copying tldw_chatbook/UI/Console_Modules/research_command.py -> build/lib/tldw_chatbook/UI/Console_Modules
copying tldw_chatbook/UI/Console_Modules/transcript.py -> build/lib/tldw_chatbook/UI/Console_Modules
copying tldw_chatbook/UI/Console_Modules/conversation_token_preparation.py -> build/lib/tldw_chatbook/UI/Console_Modules
copying tldw_chatbook/UI/Console_Modules/realtime.py -> build/lib/tldw_chatbook/UI/Console_Modules
copying tldw_chatbook/UI/Console_Modules/reaction_preview.py -> build/lib/tldw_chatbook/UI/Console_Modules
copying tldw_chatbook/UI/Console_Modules/terminal.py -> build/lib/tldw_chatbook/UI/Console_Modules
copying tldw_chatbook/UI/Console_Modules/fleet.py -> build/lib/tldw_chatbook/UI/Console_Modules
copying tldw_chatbook/UI/Console_Modules/library_activity.py -> build/lib/tldw_chatbook/UI/Console_Modules
copying tldw_chatbook/UI/Console_Modules/session.py -> build/lib/tldw_chatbook/UI/Console_Modules
copying tldw_chatbook/UI/Console_Modules/__init__.py -> build/lib/tldw_chatbook/UI/Console_Modules
copying tldw_chatbook/UI/Console_Modules/message.py -> build/lib/tldw_chatbook/UI/Console_Modules
copying tldw_chatbook/UI/Console_Modules/status_row.py -> build/lib/tldw_chatbook/UI/Console_Modules
copying tldw_chatbook/UI/Console_Modules/prompts.py -> build/lib/tldw_chatbook/UI/Console_Modules
copying tldw_chatbook/UI/Console_Modules/raw_cli.py -> build/lib/tldw_chatbook/UI/Console_Modules
copying tldw_chatbook/UI/Console_Modules/send_price.py -> build/lib/tldw_chatbook/UI/Console_Modules
copying tldw_chatbook/UI/Console_Modules/frame.py -> build/lib/tldw_chatbook/UI/Console_Modules
copying tldw_chatbook/UI/Console_Modules/retrieval.py -> build/lib/tldw_chatbook/UI/Console_Modules
copying tldw_chatbook/UI/Console_Modules/agent.py -> build/lib/tldw_chatbook/UI/Console_Modules
copying tldw_chatbook/UI/Console_Modules/review_selection.py -> build/lib/tldw_chatbook/UI/Console_Modules
copying tldw_chatbook/UI/Console_Modules/character.py -> build/lib/tldw_chatbook/UI/Console_Modules
copying tldw_chatbook/UI/Console_Modules/environment.py -> build/lib/tldw_chatbook/UI/Console_Modules
copying tldw_chatbook/UI/Console_Modules/provider_continuation_recovery.py -> build/lib/tldw_chatbook/UI/Console_Modules
copying tldw_chatbook/UI/Console_Modules/dispatch_recovery.py -> build/lib/tldw_chatbook/UI/Console_Modules
copying tldw_chatbook/UI/Console_Modules/capture_policy_bindings.py -> build/lib/tldw_chatbook/UI/Console_Modules
copying tldw_chatbook/UI/Console_Modules/workspace.py -> build/lib/tldw_chatbook/UI/Console_Modules
copying tldw_chatbook/UI/Console_Modules/console_spend_projection.py -> build/lib/tldw_chatbook/UI/Console_Modules
copying tldw_chatbook/UI/Console_Modules/right_rail.py -> build/lib/tldw_chatbook/UI/Console_Modules
copying tldw_chatbook/UI/Console_Modules/video.py -> build/lib/tldw_chatbook/UI/Console_Modules
copying tldw_chatbook/UI/Console_Modules/character_avatar_layout.py -> build/lib/tldw_chatbook/UI/Console_Modules
copying tldw_chatbook/UI/Console_Modules/image.py -> build/lib/tldw_chatbook/UI/Console_Modules
copying tldw_chatbook/UI/Console_Modules/left_rail.py -> build/lib/tldw_chatbook/UI/Console_Modules
copying tldw_chatbook/UI/Console_Modules/wiring.py -> build/lib/tldw_chatbook/UI/Console_Modules
copying tldw_chatbook/UI/Console_Modules/rail_section_layout.py -> build/lib/tldw_chatbook/UI/Console_Modules
creating build/lib/tldw_chatbook/UI/Research_Modules
copying tldw_chatbook/UI/Research_Modules/research_controller.py -> build/lib/tldw_chatbook/UI/Research_Modules
copying tldw_chatbook/UI/Research_Modules/bundle_rendering.py -> build/lib/tldw_chatbook/UI/Research_Modules
copying tldw_chatbook/UI/Research_Modules/__init__.py -> build/lib/tldw_chatbook/UI/Research_Modules
creating build/lib/tldw_chatbook/UI/Screens/scheduling
copying tldw_chatbook/UI/Screens/scheduling/workbench_host_screen.py -> build/lib/tldw_chatbook/UI/Screens/scheduling
copying tldw_chatbook/UI/Screens/scheduling/definition_audit_view.py -> build/lib/tldw_chatbook/UI/Screens/scheduling
copying tldw_chatbook/UI/Screens/scheduling/__init__.py -> build/lib/tldw_chatbook/UI/Screens/scheduling
copying tldw_chatbook/UI/Screens/scheduling/unified_rows.py -> build/lib/tldw_chatbook/UI/Screens/scheduling
copying tldw_chatbook/UI/Screens/scheduling/schedules_workbench.py -> build/lib/tldw_chatbook/UI/Screens/scheduling
copying tldw_chatbook/UI/Screens/scheduling/results_tab.py -> build/lib/tldw_chatbook/UI/Screens/scheduling
copying tldw_chatbook/UI/Screens/scheduling/sync_status_widget.py -> build/lib/tldw_chatbook/UI/Screens/scheduling
copying tldw_chatbook/UI/Screens/scheduling/task_detail.py -> build/lib/tldw_chatbook/UI/Screens/scheduling
copying tldw_chatbook/UI/Screens/scheduling/conflicts_tab.py -> build/lib/tldw_chatbook/UI/Screens/scheduling
copying tldw_chatbook/UI/Screens/scheduling/definition_detail.py -> build/lib/tldw_chatbook/UI/Screens/scheduling
creating build/lib/tldw_chatbook/UI/Screens/scheduling/forms
copying tldw_chatbook/UI/Screens/scheduling/forms/automation_definition_form.py -> build/lib/tldw_chatbook/UI/Screens/scheduling/forms
copying tldw_chatbook/UI/Screens/scheduling/forms/new_task_choice_modal.py -> build/lib/tldw_chatbook/UI/Screens/scheduling/forms
copying tldw_chatbook/UI/Screens/scheduling/forms/__init__.py -> build/lib/tldw_chatbook/UI/Screens/scheduling/forms
copying tldw_chatbook/UI/Screens/scheduling/forms/reminder_form.py -> build/lib/tldw_chatbook/UI/Screens/scheduling/forms
creating build/lib/tldw_chatbook/UI/Views/RAGSearch
copying tldw_chatbook/UI/Views/RAGSearch/__init__.py -> build/lib/tldw_chatbook/UI/Views/RAGSearch
copying tldw_chatbook/UI/Views/RAGSearch/search_handoff.py -> build/lib/tldw_chatbook/UI/Views/RAGSearch
creating build/lib/tldw_chatbook/Evals/eval_templates
copying tldw_chatbook/Evals/eval_templates/research.py -> build/lib/tldw_chatbook/Evals/eval_templates
copying tldw_chatbook/Evals/eval_templates/coding.py -> build/lib/tldw_chatbook/Evals/eval_templates
copying tldw_chatbook/Evals/eval_templates/multimodal.py -> build/lib/tldw_chatbook/Evals/eval_templates
copying tldw_chatbook/Evals/eval_templates/__init__.py -> build/lib/tldw_chatbook/Evals/eval_templates
copying tldw_chatbook/Evals/eval_templates/creative.py -> build/lib/tldw_chatbook/Evals/eval_templates
copying tldw_chatbook/Evals/eval_templates/language.py -> build/lib/tldw_chatbook/Evals/eval_templates
copying tldw_chatbook/Evals/eval_templates/reasoning.py -> build/lib/tldw_chatbook/Evals/eval_templates
copying tldw_chatbook/Evals/eval_templates/safety.py -> build/lib/tldw_chatbook/Evals/eval_templates
copying tldw_chatbook/Evals/eval_templates/base.py -> build/lib/tldw_chatbook/Evals/eval_templates
creating build/lib/tldw_chatbook/Evals/character_probe
copying tldw_chatbook/Evals/character_probe/tags.py -> build/lib/tldw_chatbook/Evals/character_probe
copying tldw_chatbook/Evals/character_probe/runner.py -> build/lib/tldw_chatbook/Evals/character_probe
copying tldw_chatbook/Evals/character_probe/probe_format.py -> build/lib/tldw_chatbook/Evals/character_probe
copying tldw_chatbook/Evals/character_probe/targets.py -> build/lib/tldw_chatbook/Evals/character_probe
copying tldw_chatbook/Evals/character_probe/models.py -> build/lib/tldw_chatbook/Evals/character_probe
copying tldw_chatbook/Evals/character_probe/cards.py -> build/lib/tldw_chatbook/Evals/character_probe
copying tldw_chatbook/Evals/character_probe/__init__.py -> build/lib/tldw_chatbook/Evals/character_probe
copying tldw_chatbook/Evals/character_probe/storage.py -> build/lib/tldw_chatbook/Evals/character_probe
copying tldw_chatbook/Evals/character_probe/prompt.py -> build/lib/tldw_chatbook/Evals/character_probe
creating build/lib/tldw_chatbook/Evals/word_bench
copying tldw_chatbook/Evals/word_bench/runner.py -> build/lib/tldw_chatbook/Evals/word_bench
copying tldw_chatbook/Evals/word_bench/analysis.py -> build/lib/tldw_chatbook/Evals/word_bench
copying tldw_chatbook/Evals/word_bench/models.py -> build/lib/tldw_chatbook/Evals/word_bench
copying tldw_chatbook/Evals/word_bench/capture_client.py -> build/lib/tldw_chatbook/Evals/word_bench
copying tldw_chatbook/Evals/word_bench/__init__.py -> build/lib/tldw_chatbook/Evals/word_bench
copying tldw_chatbook/Evals/word_bench/storage.py -> build/lib/tldw_chatbook/Evals/word_bench
copying tldw_chatbook/Evals/word_bench/normalizer.py -> build/lib/tldw_chatbook/Evals/word_bench
creating build/lib/tldw_chatbook/Tools/repo2txt
copying tldw_chatbook/Tools/repo2txt/__init__.py -> build/lib/tldw_chatbook/Tools/repo2txt
creating build/lib/tldw_chatbook/Scheduling/scheduler
copying tldw_chatbook/Scheduling/scheduler/queue.py -> build/lib/tldw_chatbook/Scheduling/scheduler
copying tldw_chatbook/Scheduling/scheduler/__init__.py -> build/lib/tldw_chatbook/Scheduling/scheduler
copying tldw_chatbook/Scheduling/scheduler/loop.py -> build/lib/tldw_chatbook/Scheduling/scheduler
creating build/lib/tldw_chatbook/Scheduling/db
copying tldw_chatbook/Scheduling/db/scheduled_tasks_db.py -> build/lib/tldw_chatbook/Scheduling/db
copying tldw_chatbook/Scheduling/db/__init__.py -> build/lib/tldw_chatbook/Scheduling/db
copying tldw_chatbook/Scheduling/db/schema.py -> build/lib/tldw_chatbook/Scheduling/db
creating build/lib/tldw_chatbook/Scheduling/services
copying tldw_chatbook/Scheduling/services/server_client.py -> build/lib/tldw_chatbook/Scheduling/services
copying tldw_chatbook/Scheduling/services/sync_engine.py -> build/lib/tldw_chatbook/Scheduling/services
copying tldw_chatbook/Scheduling/services/watchlist_projection.py -> build/lib/tldw_chatbook/Scheduling/services
copying tldw_chatbook/Scheduling/services/scheduling_service.py -> build/lib/tldw_chatbook/Scheduling/services
copying tldw_chatbook/Scheduling/services/__init__.py -> build/lib/tldw_chatbook/Scheduling/services
copying tldw_chatbook/Scheduling/services/briefing_projection.py -> build/lib/tldw_chatbook/Scheduling/services
creating build/lib/tldw_chatbook/Scheduling/scheduler/handlers
copying tldw_chatbook/Scheduling/scheduler/handlers/reminder_handler.py -> build/lib/tldw_chatbook/Scheduling/scheduler/handlers
copying tldw_chatbook/Scheduling/scheduler/handlers/watchlist_check_handler.py -> build/lib/tldw_chatbook/Scheduling/scheduler/handlers
copying tldw_chatbook/Scheduling/scheduler/handlers/automation_handler.py -> build/lib/tldw_chatbook/Scheduling/scheduler/handlers
copying tldw_chatbook/Scheduling/scheduler/handlers/__init__.py -> build/lib/tldw_chatbook/Scheduling/scheduler/handlers
copying tldw_chatbook/Scheduling/scheduler/handlers/briefing_handler.py -> build/lib/tldw_chatbook/Scheduling/scheduler/handlers
creating build/lib/tldw_chatbook/Scheduling/db/migrations
copying tldw_chatbook/Scheduling/db/migrations/v0_to_v1.py -> build/lib/tldw_chatbook/Scheduling/db/migrations
copying tldw_chatbook/Scheduling/db/migrations/v5_to_v6.py -> build/lib/tldw_chatbook/Scheduling/db/migrations
copying tldw_chatbook/Scheduling/db/migrations/__init__.py -> build/lib/tldw_chatbook/Scheduling/db/migrations
copying tldw_chatbook/Scheduling/db/migrations/v2_to_v3.py -> build/lib/tldw_chatbook/Scheduling/db/migrations
copying tldw_chatbook/Scheduling/db/migrations/v3_to_v4.py -> build/lib/tldw_chatbook/Scheduling/db/migrations
copying tldw_chatbook/Scheduling/db/migrations/v6_to_v7.py -> build/lib/tldw_chatbook/Scheduling/db/migrations
copying tldw_chatbook/Scheduling/db/migrations/v4_to_v5.py -> build/lib/tldw_chatbook/Scheduling/db/migrations
copying tldw_chatbook/Scheduling/db/migrations/v1_to_v2.py -> build/lib/tldw_chatbook/Scheduling/db/migrations
creating build/lib/tldw_chatbook/css/Themes
copying tldw_chatbook/css/Themes/themes.py -> build/lib/tldw_chatbook/css/Themes
copying tldw_chatbook/css/Themes/__init__.py -> build/lib/tldw_chatbook/css/Themes
copying tldw_chatbook/css/Themes/theme_tester.py -> build/lib/tldw_chatbook/css/Themes
creating build/lib/tldw_chatbook/Web_Scraping/cookie_scraping
copying tldw_chatbook/Web_Scraping/cookie_scraping/cookie_cloner.py -> build/lib/tldw_chatbook/Web_Scraping/cookie_scraping
creating build/lib/tldw_chatbook/Web_Scraping/Confluence
copying tldw_chatbook/Web_Scraping/Confluence/confluence_auth.py -> build/lib/tldw_chatbook/Web_Scraping/Confluence
copying tldw_chatbook/Web_Scraping/Confluence/confluence_crawler.py -> build/lib/tldw_chatbook/Web_Scraping/Confluence
copying tldw_chatbook/Web_Scraping/Confluence/__init__.py -> build/lib/tldw_chatbook/Web_Scraping/Confluence
copying tldw_chatbook/Web_Scraping/Confluence/confluence_scraper.py -> build/lib/tldw_chatbook/Web_Scraping/Confluence
copying tldw_chatbook/Web_Scraping/Confluence/confluence_utils.py -> build/lib/tldw_chatbook/Web_Scraping/Confluence
copying tldw_chatbook/Web_Scraping/Confluence/confluence_main.py -> build/lib/tldw_chatbook/Web_Scraping/Confluence
creating build/lib/tldw_chatbook/Web_Scraping/Article_Scraper
copying tldw_chatbook/Web_Scraping/Article_Scraper/scraper.py -> build/lib/tldw_chatbook/Web_Scraping/Article_Scraper
copying tldw_chatbook/Web_Scraping/Article_Scraper/config.py -> build/lib/tldw_chatbook/Web_Scraping/Article_Scraper
copying tldw_chatbook/Web_Scraping/Article_Scraper/__init__.py -> build/lib/tldw_chatbook/Web_Scraping/Article_Scraper
copying tldw_chatbook/Web_Scraping/Article_Scraper/importers.py -> build/lib/tldw_chatbook/Web_Scraping/Article_Scraper
copying tldw_chatbook/Web_Scraping/Article_Scraper/utils.py -> build/lib/tldw_chatbook/Web_Scraping/Article_Scraper
copying tldw_chatbook/Web_Scraping/Article_Scraper/processors.py -> build/lib/tldw_chatbook/Web_Scraping/Article_Scraper
copying tldw_chatbook/Web_Scraping/Article_Scraper/main.py -> build/lib/tldw_chatbook/Web_Scraping/Article_Scraper
copying tldw_chatbook/Web_Scraping/Article_Scraper/crawler.py -> build/lib/tldw_chatbook/Web_Scraping/Article_Scraper
creating build/lib/tldw_chatbook/Image_Generation/adapters
copying tldw_chatbook/Image_Generation/adapters/modelstudio_image_adapter.py -> build/lib/tldw_chatbook/Image_Generation/adapters
copying tldw_chatbook/Image_Generation/adapters/fal_image_adapter.py -> build/lib/tldw_chatbook/Image_Generation/adapters
copying tldw_chatbook/Image_Generation/adapters/gemini_image_adapter.py -> build/lib/tldw_chatbook/Image_Generation/adapters
copying tldw_chatbook/Image_Generation/adapters/swarmui_adapter.py -> build/lib/tldw_chatbook/Image_Generation/adapters
copying tldw_chatbook/Image_Generation/adapters/__init__.py -> build/lib/tldw_chatbook/Image_Generation/adapters
copying tldw_chatbook/Image_Generation/adapters/novita_image_adapter.py -> build/lib/tldw_chatbook/Image_Generation/adapters
copying tldw_chatbook/Image_Generation/adapters/stable_diffusion_cpp_adapter.py -> build/lib/tldw_chatbook/Image_Generation/adapters
copying tldw_chatbook/Image_Generation/adapters/comfyui_image_adapter.py -> build/lib/tldw_chatbook/Image_Generation/adapters
copying tldw_chatbook/Image_Generation/adapters/openrouter_image_adapter.py -> build/lib/tldw_chatbook/Image_Generation/adapters
copying tldw_chatbook/Image_Generation/adapters/base.py -> build/lib/tldw_chatbook/Image_Generation/adapters
copying tldw_chatbook/Image_Generation/adapters/image_format_utils.py -> build/lib/tldw_chatbook/Image_Generation/adapters
copying tldw_chatbook/Image_Generation/adapters/together_image_adapter.py -> build/lib/tldw_chatbook/Image_Generation/adapters
creating build/lib/tldw_chatbook/Sync_Interop/domain_adapters
copying tldw_chatbook/Sync_Interop/domain_adapters/media.py -> build/lib/tldw_chatbook/Sync_Interop/domain_adapters
copying tldw_chatbook/Sync_Interop/domain_adapters/__init__.py -> build/lib/tldw_chatbook/Sync_Interop/domain_adapters
copying tldw_chatbook/Sync_Interop/domain_adapters/notes.py -> build/lib/tldw_chatbook/Sync_Interop/domain_adapters
copying tldw_chatbook/Sync_Interop/domain_adapters/chat.py -> build/lib/tldw_chatbook/Sync_Interop/domain_adapters
copying tldw_chatbook/Sync_Interop/domain_adapters/notes_organization.py -> build/lib/tldw_chatbook/Sync_Interop/domain_adapters
copying tldw_chatbook/Sync_Interop/domain_adapters/source_cache.py -> build/lib/tldw_chatbook/Sync_Interop/domain_adapters
copying tldw_chatbook/Sync_Interop/domain_adapters/notes_m1.py -> build/lib/tldw_chatbook/Sync_Interop/domain_adapters
copying tldw_chatbook/Sync_Interop/domain_adapters/_helpers.py -> build/lib/tldw_chatbook/Sync_Interop/domain_adapters
copying tldw_chatbook/Sync_Interop/domain_adapters/workspaces.py -> build/lib/tldw_chatbook/Sync_Interop/domain_adapters
creating build/lib/tldw_chatbook/LLM_Calls/realtime
copying tldw_chatbook/LLM_Calls/realtime/transport.py -> build/lib/tldw_chatbook/LLM_Calls/realtime
copying tldw_chatbook/LLM_Calls/realtime/protocol.py -> build/lib/tldw_chatbook/LLM_Calls/realtime
copying tldw_chatbook/LLM_Calls/realtime/__init__.py -> build/lib/tldw_chatbook/LLM_Calls/realtime
copying tldw_chatbook/LLM_Calls/realtime/openai_session.py -> build/lib/tldw_chatbook/LLM_Calls/realtime
creating build/lib/tldw_chatbook/Event_Handlers/Media_Creation_Events
copying tldw_chatbook/Event_Handlers/Media_Creation_Events/__init__.py -> build/lib/tldw_chatbook/Event_Handlers/Media_Creation_Events
copying tldw_chatbook/Event_Handlers/Media_Creation_Events/swarmui_events.py -> build/lib/tldw_chatbook/Event_Handlers/Media_Creation_Events
creating build/lib/tldw_chatbook/Event_Handlers/LLM_Management_Events
copying tldw_chatbook/Event_Handlers/LLM_Management_Events/llm_management_events_llamacpp.py -> build/lib/tldw_chatbook/Event_Handlers/LLM_Management_Events
copying tldw_chatbook/Event_Handlers/LLM_Management_Events/llm_management_events_mlx_lm.py -> build/lib/tldw_chatbook/Event_Handlers/LLM_Management_Events
copying tldw_chatbook/Event_Handlers/LLM_Management_Events/server_lifecycle.py -> build/lib/tldw_chatbook/Event_Handlers/LLM_Management_Events
copying tldw_chatbook/Event_Handlers/LLM_Management_Events/llm_management_events_llamafile.py -> build/lib/tldw_chatbook/Event_Handlers/LLM_Management_Events
copying tldw_chatbook/Event_Handlers/LLM_Management_Events/llm_management_events_transformers.py -> build/lib/tldw_chatbook/Event_Handlers/LLM_Management_Events
copying tldw_chatbook/Event_Handlers/LLM_Management_Events/__init__.py -> build/lib/tldw_chatbook/Event_Handlers/LLM_Management_Events
copying tldw_chatbook/Event_Handlers/LLM_Management_Events/gguf_source_modes.py -> build/lib/tldw_chatbook/Event_Handlers/LLM_Management_Events
copying tldw_chatbook/Event_Handlers/LLM_Management_Events/llm_management_events_vllm.py -> build/lib/tldw_chatbook/Event_Handlers/LLM_Management_Events
copying tldw_chatbook/Event_Handlers/LLM_Management_Events/llm_management_events.py -> build/lib/tldw_chatbook/Event_Handlers/LLM_Management_Events
copying tldw_chatbook/Event_Handlers/LLM_Management_Events/llm_management_events_ollama.py -> build/lib/tldw_chatbook/Event_Handlers/LLM_Management_Events
copying tldw_chatbook/Event_Handlers/LLM_Management_Events/llm_management_events_onnx.py -> build/lib/tldw_chatbook/Event_Handlers/LLM_Management_Events
creating build/lib/tldw_chatbook/Event_Handlers/STTS_Events
copying tldw_chatbook/Event_Handlers/STTS_Events/stts_events.py -> build/lib/tldw_chatbook/Event_Handlers/STTS_Events
copying tldw_chatbook/Event_Handlers/STTS_Events/__init__.py -> build/lib/tldw_chatbook/Event_Handlers/STTS_Events
creating build/lib/tldw_chatbook/Event_Handlers/worker_handlers
copying tldw_chatbook/Event_Handlers/worker_handlers/__init__.py -> build/lib/tldw_chatbook/Event_Handlers/worker_handlers
copying tldw_chatbook/Event_Handlers/worker_handlers/misc_worker_handler.py -> build/lib/tldw_chatbook/Event_Handlers/worker_handlers
copying tldw_chatbook/Event_Handlers/worker_handlers/base_handler.py -> build/lib/tldw_chatbook/Event_Handlers/worker_handlers
creating build/lib/tldw_chatbook/Event_Handlers/Audio_Events
copying tldw_chatbook/Event_Handlers/Audio_Events/recording_events.py -> build/lib/tldw_chatbook/Event_Handlers/Audio_Events
copying tldw_chatbook/Event_Handlers/Audio_Events/dictation_integration_events.py -> build/lib/tldw_chatbook/Event_Handlers/Audio_Events
copying tldw_chatbook/Event_Handlers/Audio_Events/__init__.py -> build/lib/tldw_chatbook/Event_Handlers/Audio_Events
copying tldw_chatbook/Event_Handlers/Audio_Events/dictation_events.py -> build/lib/tldw_chatbook/Event_Handlers/Audio_Events
creating build/lib/tldw_chatbook/Event_Handlers/TTS_Events
copying tldw_chatbook/Event_Handlers/TTS_Events/__init__.py -> build/lib/tldw_chatbook/Event_Handlers/TTS_Events
copying tldw_chatbook/Event_Handlers/TTS_Events/tts_events.py -> build/lib/tldw_chatbook/Event_Handlers/TTS_Events
creating build/lib/tldw_chatbook/Event_Handlers/Chat_Events
copying tldw_chatbook/Event_Handlers/Chat_Events/__init__.py -> build/lib/tldw_chatbook/Event_Handlers/Chat_Events
copying tldw_chatbook/Event_Handlers/Chat_Events/chat_rag_events.py -> build/lib/tldw_chatbook/Event_Handlers/Chat_Events
copying tldw_chatbook/Event_Handlers/Chat_Events/chat_messages.py -> build/lib/tldw_chatbook/Event_Handlers/Chat_Events
copying tldw_chatbook/Event_Handlers/Chat_Events/chat_events_console_dictionaries.py -> build/lib/tldw_chatbook/Event_Handlers/Chat_Events
copying tldw_chatbook/Event_Handlers/Chat_Events/chat_image_events.py -> build/lib/tldw_chatbook/Event_Handlers/Chat_Events
creating build/lib/tldw_chatbook/Utils/Splash_Screens
copying tldw_chatbook/Utils/Splash_Screens/card_definitions.py -> build/lib/tldw_chatbook/Utils/Splash_Screens
copying tldw_chatbook/Utils/Splash_Screens/__init__.py -> build/lib/tldw_chatbook/Utils/Splash_Screens
copying tldw_chatbook/Utils/Splash_Screens/base_effect.py -> build/lib/tldw_chatbook/Utils/Splash_Screens
creating build/lib/tldw_chatbook/Utils/Splash_Screens/gaming
copying tldw_chatbook/Utils/Splash_Screens/gaming/pacman.py -> build/lib/tldw_chatbook/Utils/Splash_Screens/gaming
copying tldw_chatbook/Utils/Splash_Screens/gaming/maze_generator.py -> build/lib/tldw_chatbook/Utils/Splash_Screens/gaming
copying tldw_chatbook/Utils/Splash_Screens/gaming/achievement_unlocked.py -> build/lib/tldw_chatbook/Utils/Splash_Screens/gaming
copying tldw_chatbook/Utils/Splash_Screens/gaming/space_invaders.py -> build/lib/tldw_chatbook/Utils/Splash_Screens/gaming
copying tldw_chatbook/Utils/Splash_Screens/gaming/character_select.py -> build/lib/tldw_chatbook/Utils/Splash_Screens/gaming
copying tldw_chatbook/Utils/Splash_Screens/gaming/__init__.py -> build/lib/tldw_chatbook/Utils/Splash_Screens/gaming
copying tldw_chatbook/Utils/Splash_Screens/gaming/tetris_block.py -> build/lib/tldw_chatbook/Utils/Splash_Screens/gaming
copying tldw_chatbook/Utils/Splash_Screens/gaming/retro_gaming_intro.py -> build/lib/tldw_chatbook/Utils/Splash_Screens/gaming
copying tldw_chatbook/Utils/Splash_Screens/gaming/game_of_life.py -> build/lib/tldw_chatbook/Utils/Splash_Screens/gaming
copying tldw_chatbook/Utils/Splash_Screens/gaming/level_up.py -> build/lib/tldw_chatbook/Utils/Splash_Screens/gaming
copying tldw_chatbook/Utils/Splash_Screens/gaming/versus_screen.py -> build/lib/tldw_chatbook/Utils/Splash_Screens/gaming
copying tldw_chatbook/Utils/Splash_Screens/gaming/world_map.py -> build/lib/tldw_chatbook/Utils/Splash_Screens/gaming
copying tldw_chatbook/Utils/Splash_Screens/gaming/tetris.py -> build/lib/tldw_chatbook/Utils/Splash_Screens/gaming
copying tldw_chatbook/Utils/Splash_Screens/gaming/sound_bars.py -> build/lib/tldw_chatbook/Utils/Splash_Screens/gaming
creating build/lib/tldw_chatbook/Utils/Splash_Screens/psychedelic
copying tldw_chatbook/Utils/Splash_Screens/psychedelic/psychedelic_mandala.py -> build/lib/tldw_chatbook/Utils/Splash_Screens/psychedelic
copying tldw_chatbook/Utils/Splash_Screens/psychedelic/kaleidoscope.py -> build/lib/tldw_chatbook/Utils/Splash_Screens/psychedelic
copying tldw_chatbook/Utils/Splash_Screens/psychedelic/hypno_swirl.py -> build/lib/tldw_chatbook/Utils/Splash_Screens/psychedelic
copying tldw_chatbook/Utils/Splash_Screens/psychedelic/electric_sheep.py -> build/lib/tldw_chatbook/Utils/Splash_Screens/psychedelic
copying tldw_chatbook/Utils/Splash_Screens/psychedelic/__init__.py -> build/lib/tldw_chatbook/Utils/Splash_Screens/psychedelic
copying tldw_chatbook/Utils/Splash_Screens/psychedelic/shroom_vision.py -> build/lib/tldw_chatbook/Utils/Splash_Screens/psychedelic
copying tldw_chatbook/Utils/Splash_Screens/psychedelic/trippy_tunnel.py -> build/lib/tldw_chatbook/Utils/Splash_Screens/psychedelic
copying tldw_chatbook/Utils/Splash_Screens/psychedelic/deep_dream.py -> build/lib/tldw_chatbook/Utils/Splash_Screens/psychedelic
copying tldw_chatbook/Utils/Splash_Screens/psychedelic/melting_screen.py -> build/lib/tldw_chatbook/Utils/Splash_Screens/psychedelic
copying tldw_chatbook/Utils/Splash_Screens/psychedelic/lava_lamp.py -> build/lib/tldw_chatbook/Utils/Splash_Screens/psychedelic
copying tldw_chatbook/Utils/Splash_Screens/psychedelic/ascii_mandala.py -> build/lib/tldw_chatbook/Utils/Splash_Screens/psychedelic
creating build/lib/tldw_chatbook/Utils/Splash_Screens/classic
copying tldw_chatbook/Utils/Splash_Screens/classic/glitch_reveal.py -> build/lib/tldw_chatbook/Utils/Splash_Screens/classic
copying tldw_chatbook/Utils/Splash_Screens/classic/pulse.py -> build/lib/tldw_chatbook/Utils/Splash_Screens/classic
copying tldw_chatbook/Utils/Splash_Screens/classic/retro_terminal.py -> build/lib/tldw_chatbook/Utils/Splash_Screens/classic
copying tldw_chatbook/Utils/Splash_Screens/classic/spotlight.py -> build/lib/tldw_chatbook/Utils/Splash_Screens/classic
copying tldw_chatbook/Utils/Splash_Screens/classic/old_film.py -> build/lib/tldw_chatbook/Utils/Splash_Screens/classic
copying tldw_chatbook/Utils/Splash_Screens/classic/typewriter.py -> build/lib/tldw_chatbook/Utils/Splash_Screens/classic
copying tldw_chatbook/Utils/Splash_Screens/classic/ascii_morph.py -> build/lib/tldw_chatbook/Utils/Splash_Screens/classic
copying tldw_chatbook/Utils/Splash_Screens/classic/blink.py -> build/lib/tldw_chatbook/Utils/Splash_Screens/classic
copying tldw_chatbook/Utils/Splash_Screens/classic/__init__.py -> build/lib/tldw_chatbook/Utils/Splash_Screens/classic
copying tldw_chatbook/Utils/Splash_Screens/classic/pixel_dissolve.py -> build/lib/tldw_chatbook/Utils/Splash_Screens/classic
copying tldw_chatbook/Utils/Splash_Screens/classic/scrolling_credits.py -> build/lib/tldw_chatbook/Utils/Splash_Screens/classic
copying tldw_chatbook/Utils/Splash_Screens/classic/matrix_rain.py -> build/lib/tldw_chatbook/Utils/Splash_Screens/classic
copying tldw_chatbook/Utils/Splash_Screens/classic/loading_bar.py -> build/lib/tldw_chatbook/Utils/Splash_Screens/classic
copying tldw_chatbook/Utils/Splash_Screens/classic/fade.py -> build/lib/tldw_chatbook/Utils/Splash_Screens/classic
copying tldw_chatbook/Utils/Splash_Screens/classic/text_explosion.py -> build/lib/tldw_chatbook/Utils/Splash_Screens/classic
copying tldw_chatbook/Utils/Splash_Screens/classic/glitch.py -> build/lib/tldw_chatbook/Utils/Splash_Screens/classic
copying tldw_chatbook/Utils/Splash_Screens/classic/pixel_zoom.py -> build/lib/tldw_chatbook/Utils/Splash_Screens/classic
creating build/lib/tldw_chatbook/Utils/Splash_Screens/environmental
copying tldw_chatbook/Utils/Splash_Screens/environmental/origami_folding.py -> build/lib/tldw_chatbook/Utils/Splash_Screens/environmental
copying tldw_chatbook/Utils/Splash_Screens/environmental/ant_colony.py -> build/lib/tldw_chatbook/Utils/Splash_Screens/environmental
copying tldw_chatbook/Utils/Splash_Screens/environmental/constellation_map.py -> build/lib/tldw_chatbook/Utils/Splash_Screens/environmental
copying tldw_chatbook/Utils/Splash_Screens/environmental/plasma_field.py -> build/lib/tldw_chatbook/Utils/Splash_Screens/environmental
copying tldw_chatbook/Utils/Splash_Screens/environmental/raindrops.py -> build/lib/tldw_chatbook/Utils/Splash_Screens/environmental
copying tldw_chatbook/Utils/Splash_Screens/environmental/morphing_shape.py -> build/lib/tldw_chatbook/Utils/Splash_Screens/environmental
copying tldw_chatbook/Utils/Splash_Screens/environmental/clock_mechanism.py -> build/lib/tldw_chatbook/Utils/Splash_Screens/environmental
copying tldw_chatbook/Utils/Splash_Screens/environmental/__init__.py -> build/lib/tldw_chatbook/Utils/Splash_Screens/environmental
copying tldw_chatbook/Utils/Splash_Screens/environmental/ascii_aquarium.py -> build/lib/tldw_chatbook/Utils/Splash_Screens/environmental
copying tldw_chatbook/Utils/Splash_Screens/environmental/quantum_particles.py -> build/lib/tldw_chatbook/Utils/Splash_Screens/environmental
copying tldw_chatbook/Utils/Splash_Screens/environmental/dna_helix.py -> build/lib/tldw_chatbook/Utils/Splash_Screens/environmental
copying tldw_chatbook/Utils/Splash_Screens/environmental/doom_fire.py -> build/lib/tldw_chatbook/Utils/Splash_Screens/environmental
copying tldw_chatbook/Utils/Splash_Screens/environmental/wave_ripple.py -> build/lib/tldw_chatbook/Utils/Splash_Screens/environmental
copying tldw_chatbook/Utils/Splash_Screens/environmental/train_journey.py -> build/lib/tldw_chatbook/Utils/Splash_Screens/environmental
copying tldw_chatbook/Utils/Splash_Screens/environmental/zen_garden.py -> build/lib/tldw_chatbook/Utils/Splash_Screens/environmental
copying tldw_chatbook/Utils/Splash_Screens/environmental/ascii_kaleidoscope.py -> build/lib/tldw_chatbook/Utils/Splash_Screens/environmental
copying tldw_chatbook/Utils/Splash_Screens/environmental/fireworks.py -> build/lib/tldw_chatbook/Utils/Splash_Screens/environmental
copying tldw_chatbook/Utils/Splash_Screens/environmental/ascii_fire.py -> build/lib/tldw_chatbook/Utils/Splash_Screens/environmental
copying tldw_chatbook/Utils/Splash_Screens/environmental/bookshelf_browser.py -> build/lib/tldw_chatbook/Utils/Splash_Screens/environmental
copying tldw_chatbook/Utils/Splash_Screens/environmental/ascii_wave.py -> build/lib/tldw_chatbook/Utils/Splash_Screens/environmental
copying tldw_chatbook/Utils/Splash_Screens/environmental/particle_swarm.py -> build/lib/tldw_chatbook/Utils/Splash_Screens/environmental
copying tldw_chatbook/Utils/Splash_Screens/environmental/starfield.py -> build/lib/tldw_chatbook/Utils/Splash_Screens/environmental
copying tldw_chatbook/Utils/Splash_Screens/environmental/spiral_galaxy.py -> build/lib/tldw_chatbook/Utils/Splash_Screens/environmental
copying tldw_chatbook/Utils/Splash_Screens/environmental/weather_system.py -> build/lib/tldw_chatbook/Utils/Splash_Screens/environmental
creating build/lib/tldw_chatbook/Utils/Splash_Screens/custom
copying tldw_chatbook/Utils/Splash_Screens/custom/custom_image.py -> build/lib/tldw_chatbook/Utils/Splash_Screens/custom
copying tldw_chatbook/Utils/Splash_Screens/custom/__init__.py -> build/lib/tldw_chatbook/Utils/Splash_Screens/custom
copying tldw_chatbook/Utils/Splash_Screens/custom/emoji_face.py -> build/lib/tldw_chatbook/Utils/Splash_Screens/custom
creating build/lib/tldw_chatbook/Utils/Splash_Screens/tech
copying tldw_chatbook/Utils/Splash_Screens/tech/rubiks_cube.py -> build/lib/tldw_chatbook/Utils/Splash_Screens/tech
copying tldw_chatbook/Utils/Splash_Screens/tech/fractal_zoom.py -> build/lib/tldw_chatbook/Utils/Splash_Screens/tech
copying tldw_chatbook/Utils/Splash_Screens/tech/code_scroll.py -> build/lib/tldw_chatbook/Utils/Splash_Screens/tech
copying tldw_chatbook/Utils/Splash_Screens/tech/terminal_boot.py -> build/lib/tldw_chatbook/Utils/Splash_Screens/tech
copying tldw_chatbook/Utils/Splash_Screens/tech/mining.py -> build/lib/tldw_chatbook/Utils/Splash_Screens/tech
copying tldw_chatbook/Utils/Splash_Screens/tech/circuit_trace.py -> build/lib/tldw_chatbook/Utils/Splash_Screens/tech
copying tldw_chatbook/Utils/Splash_Screens/tech/typewriter_news.py -> build/lib/tldw_chatbook/Utils/Splash_Screens/tech
copying tldw_chatbook/Utils/Splash_Screens/tech/phonebooths_dialing.py -> build/lib/tldw_chatbook/Utils/Splash_Screens/tech
copying tldw_chatbook/Utils/Splash_Screens/tech/circuit_board.py -> build/lib/tldw_chatbook/Utils/Splash_Screens/tech
copying tldw_chatbook/Utils/Splash_Screens/tech/ascii_spinner.py -> build/lib/tldw_chatbook/Utils/Splash_Screens/tech
copying tldw_chatbook/Utils/Splash_Screens/tech/spy_vs_spy.py -> build/lib/tldw_chatbook/Utils/Splash_Screens/tech
copying tldw_chatbook/Utils/Splash_Screens/tech/__init__.py -> build/lib/tldw_chatbook/Utils/Splash_Screens/tech
copying tldw_chatbook/Utils/Splash_Screens/tech/quantum_tunnel.py -> build/lib/tldw_chatbook/Utils/Splash_Screens/tech
copying tldw_chatbook/Utils/Splash_Screens/tech/hacker_terminal.py -> build/lib/tldw_chatbook/Utils/Splash_Screens/tech
copying tldw_chatbook/Utils/Splash_Screens/tech/data_stream.py -> build/lib/tldw_chatbook/Utils/Splash_Screens/tech
copying tldw_chatbook/Utils/Splash_Screens/tech/chaotic_typewriter.py -> build/lib/tldw_chatbook/Utils/Splash_Screens/tech
copying tldw_chatbook/Utils/Splash_Screens/tech/neural_network.py -> build/lib/tldw_chatbook/Utils/Splash_Screens/tech
copying tldw_chatbook/Utils/Splash_Screens/tech/binary_matrix.py -> build/lib/tldw_chatbook/Utils/Splash_Screens/tech
copying tldw_chatbook/Utils/Splash_Screens/tech/cyberpunk_glitch.py -> build/lib/tldw_chatbook/Utils/Splash_Screens/tech
copying tldw_chatbook/Utils/Splash_Screens/tech/dna_sequence.py -> build/lib/tldw_chatbook/Utils/Splash_Screens/tech
copying tldw_chatbook/Utils/Splash_Screens/tech/music_visualizer.py -> build/lib/tldw_chatbook/Utils/Splash_Screens/tech
copying tldw_chatbook/Utils/Splash_Screens/tech/holographic_interface.py -> build/lib/tldw_chatbook/Utils/Splash_Screens/tech
copying tldw_chatbook/Utils/Splash_Screens/tech/neon_sign_flicker.py -> build/lib/tldw_chatbook/Utils/Splash_Screens/tech
copying tldw_chatbook/Utils/Splash_Screens/tech/digital_rain.py -> build/lib/tldw_chatbook/Utils/Splash_Screens/tech
creating build/lib/tldw_chatbook/Research_Interop/migrations
copying tldw_chatbook/Research_Interop/migrations/__init__.py -> build/lib/tldw_chatbook/Research_Interop/migrations
copying tldw_chatbook/Research_Interop/migrations/v0_to_v1_run_lease_columns.py -> build/lib/tldw_chatbook/Research_Interop/migrations
creating build/lib/tldw_chatbook/Chunking/_shims
copying tldw_chatbook/Chunking/_shims/config.py -> build/lib/tldw_chatbook/Chunking/_shims
copying tldw_chatbook/Chunking/_shims/__init__.py -> build/lib/tldw_chatbook/Chunking/_shims
copying tldw_chatbook/Chunking/_shims/testing.py -> build/lib/tldw_chatbook/Chunking/_shims
copying tldw_chatbook/Chunking/_shims/prompt_loader.py -> build/lib/tldw_chatbook/Chunking/_shims
creating build/lib/tldw_chatbook/Chunking/engine
copying tldw_chatbook/Chunking/engine/llm_context.py -> build/lib/tldw_chatbook/Chunking/engine
copying tldw_chatbook/Chunking/engine/chunker.py -> build/lib/tldw_chatbook/Chunking/engine
copying tldw_chatbook/Chunking/engine/constants.py -> build/lib/tldw_chatbook/Chunking/engine
copying tldw_chatbook/Chunking/engine/__init__.py -> build/lib/tldw_chatbook/Chunking/engine
copying tldw_chatbook/Chunking/engine/error_policy.py -> build/lib/tldw_chatbook/Chunking/engine
copying tldw_chatbook/Chunking/engine/auto_planner.py -> build/lib/tldw_chatbook/Chunking/engine
copying tldw_chatbook/Chunking/engine/multilingual.py -> build/lib/tldw_chatbook/Chunking/engine
copying tldw_chatbook/Chunking/engine/security_logger.py -> build/lib/tldw_chatbook/Chunking/engine
copying tldw_chatbook/Chunking/engine/templates.py -> build/lib/tldw_chatbook/Chunking/engine
copying tldw_chatbook/Chunking/engine/exceptions.py -> build/lib/tldw_chatbook/Chunking/engine
copying tldw_chatbook/Chunking/engine/option_utils.py -> build/lib/tldw_chatbook/Chunking/engine
copying tldw_chatbook/Chunking/engine/base.py -> build/lib/tldw_chatbook/Chunking/engine
copying tldw_chatbook/Chunking/engine/regex_safety.py -> build/lib/tldw_chatbook/Chunking/engine
creating build/lib/tldw_chatbook/Chunking/_shims/Utils
copying tldw_chatbook/Chunking/_shims/Utils/__init__.py -> build/lib/tldw_chatbook/Chunking/_shims/Utils
copying tldw_chatbook/Chunking/_shims/Utils/prompt_loader.py -> build/lib/tldw_chatbook/Chunking/_shims/Utils
creating build/lib/tldw_chatbook/Chunking/engine/strategies
copying tldw_chatbook/Chunking/engine/strategies/sentences.py -> build/lib/tldw_chatbook/Chunking/engine/strategies
copying tldw_chatbook/Chunking/engine/strategies/structure_aware.py -> build/lib/tldw_chatbook/Chunking/engine/strategies
copying tldw_chatbook/Chunking/engine/strategies/propositions.py -> build/lib/tldw_chatbook/Chunking/engine/strategies
copying tldw_chatbook/Chunking/engine/strategies/rolling_summarize.py -> build/lib/tldw_chatbook/Chunking/engine/strategies
copying tldw_chatbook/Chunking/engine/strategies/semantic.py -> build/lib/tldw_chatbook/Chunking/engine/strategies
copying tldw_chatbook/Chunking/engine/strategies/paragraphs.py -> build/lib/tldw_chatbook/Chunking/engine/strategies
copying tldw_chatbook/Chunking/engine/strategies/code.py -> build/lib/tldw_chatbook/Chunking/engine/strategies
copying tldw_chatbook/Chunking/engine/strategies/__init__.py -> build/lib/tldw_chatbook/Chunking/engine/strategies
copying tldw_chatbook/Chunking/engine/strategies/tokens.py -> build/lib/tldw_chatbook/Chunking/engine/strategies
copying tldw_chatbook/Chunking/engine/strategies/fixed_size.py -> build/lib/tldw_chatbook/Chunking/engine/strategies
copying tldw_chatbook/Chunking/engine/strategies/json_xml.py -> build/lib/tldw_chatbook/Chunking/engine/strategies
copying tldw_chatbook/Chunking/engine/strategies/words.py -> build/lib/tldw_chatbook/Chunking/engine/strategies
copying tldw_chatbook/Chunking/engine/strategies/ebook_chapters_patch.py -> build/lib/tldw_chatbook/Chunking/engine/strategies
copying tldw_chatbook/Chunking/engine/strategies/ebook_chapters.py -> build/lib/tldw_chatbook/Chunking/engine/strategies
copying tldw_chatbook/Chunking/engine/strategies/code_ast.py -> build/lib/tldw_chatbook/Chunking/engine/strategies
creating build/lib/tldw_chatbook/Chunking/engine/utils
copying tldw_chatbook/Chunking/engine/utils/metrics.py -> build/lib/tldw_chatbook/Chunking/engine/utils
creating build/lib/tldw_chatbook/Chunking/engine/splitters
copying tldw_chatbook/Chunking/engine/splitters/__init__.py -> build/lib/tldw_chatbook/Chunking/engine/splitters
copying tldw_chatbook/Chunking/engine/splitters/blingfire.py -> build/lib/tldw_chatbook/Chunking/engine/splitters
copying tldw_chatbook/Chunking/engine/splitters/regex.py -> build/lib/tldw_chatbook/Chunking/engine/splitters
creating build/lib/tldw_chatbook/Chunking/engine/process_text
copying tldw_chatbook/Chunking/engine/process_text/options.py -> build/lib/tldw_chatbook/Chunking/engine/process_text
copying tldw_chatbook/Chunking/engine/process_text/metadata.py -> build/lib/tldw_chatbook/Chunking/engine/process_text
copying tldw_chatbook/Chunking/engine/process_text/models.py -> build/lib/tldw_chatbook/Chunking/engine/process_text
copying tldw_chatbook/Chunking/engine/process_text/dispatch.py -> build/lib/tldw_chatbook/Chunking/engine/process_text
copying tldw_chatbook/Chunking/engine/process_text/__init__.py -> build/lib/tldw_chatbook/Chunking/engine/process_text
copying tldw_chatbook/Chunking/engine/process_text/pipeline.py -> build/lib/tldw_chatbook/Chunking/engine/process_text
copying tldw_chatbook/Chunking/engine/process_text/preparation.py -> build/lib/tldw_chatbook/Chunking/engine/process_text
creating build/lib/tldw_chatbook/Subscriptions/scrapers
copying tldw_chatbook/Subscriptions/scrapers/github_scraper.py -> build/lib/tldw_chatbook/Subscriptions/scrapers
copying tldw_chatbook/Subscriptions/scrapers/__init__.py -> build/lib/tldw_chatbook/Subscriptions/scrapers
copying tldw_chatbook/Subscriptions/scrapers/reddit_scraper.py -> build/lib/tldw_chatbook/Subscriptions/scrapers
copying tldw_chatbook/Subscriptions/scrapers/youtube_scraper.py -> build/lib/tldw_chatbook/Subscriptions/scrapers
copying tldw_chatbook/Subscriptions/scrapers/hackernews_scraper.py -> build/lib/tldw_chatbook/Subscriptions/scrapers
copying tldw_chatbook/Subscriptions/scrapers/generic_scraper.py -> build/lib/tldw_chatbook/Subscriptions/scrapers
copying tldw_chatbook/Subscriptions/scrapers/custom_scraper.py -> build/lib/tldw_chatbook/Subscriptions/scrapers
creating build/lib/tldw_chatbook/Audio/audiotap
copying tldw_chatbook/Audio/audiotap/__init__.py -> build/lib/tldw_chatbook/Audio/audiotap
creating build/lib/tldw_chatbook/Third_Party/aider
copying tldw_chatbook/Third_Party/aider/repomap.py -> build/lib/tldw_chatbook/Third_Party/aider
copying tldw_chatbook/Third_Party/aider/__init__.py -> build/lib/tldw_chatbook/Third_Party/aider
copying tldw_chatbook/Third_Party/aider/dump.py -> build/lib/tldw_chatbook/Third_Party/aider
copying tldw_chatbook/Third_Party/aider/waiting.py -> build/lib/tldw_chatbook/Third_Party/aider
copying tldw_chatbook/Third_Party/aider/special.py -> build/lib/tldw_chatbook/Third_Party/aider
creating build/lib/tldw_chatbook/Third_Party/textual_fspicker
copying tldw_chatbook/Third_Party/textual_fspicker/file_save.py -> build/lib/tldw_chatbook/Third_Party/textual_fspicker
copying tldw_chatbook/Third_Party/textual_fspicker/example_enhanced.py -> build/lib/tldw_chatbook/Third_Party/textual_fspicker
copying tldw_chatbook/Third_Party/textual_fspicker/base_dialog.py -> build/lib/tldw_chatbook/Third_Party/textual_fspicker
copying tldw_chatbook/Third_Party/textual_fspicker/path_maker.py -> build/lib/tldw_chatbook/Third_Party/textual_fspicker
copying tldw_chatbook/Third_Party/textual_fspicker/__init__.py -> build/lib/tldw_chatbook/Third_Party/textual_fspicker
copying tldw_chatbook/Third_Party/textual_fspicker/file_open.py -> build/lib/tldw_chatbook/Third_Party/textual_fspicker
copying tldw_chatbook/Third_Party/textual_fspicker/path_filters.py -> build/lib/tldw_chatbook/Third_Party/textual_fspicker
copying tldw_chatbook/Third_Party/textual_fspicker/select_directory.py -> build/lib/tldw_chatbook/Third_Party/textual_fspicker
copying tldw_chatbook/Third_Party/textual_fspicker/safe_tests.py -> build/lib/tldw_chatbook/Third_Party/textual_fspicker
copying tldw_chatbook/Third_Party/textual_fspicker/__main__.py -> build/lib/tldw_chatbook/Third_Party/textual_fspicker
copying tldw_chatbook/Third_Party/textual_fspicker/file_dialog.py -> build/lib/tldw_chatbook/Third_Party/textual_fspicker
creating build/lib/tldw_chatbook/Third_Party/textual_fspicker/parts
copying tldw_chatbook/Third_Party/textual_fspicker/parts/__init__.py -> build/lib/tldw_chatbook/Third_Party/textual_fspicker/parts
copying tldw_chatbook/Third_Party/textual_fspicker/parts/directory_navigation.py -> build/lib/tldw_chatbook/Third_Party/textual_fspicker/parts
copying tldw_chatbook/Third_Party/textual_fspicker/parts/drive_navigation.py -> build/lib/tldw_chatbook/Third_Party/textual_fspicker/parts
creating build/lib/tldw_chatbook/TTS/migrations
copying tldw_chatbook/TTS/migrations/v0_to_v1.py -> build/lib/tldw_chatbook/TTS/migrations
copying tldw_chatbook/TTS/migrations/__init__.py -> build/lib/tldw_chatbook/TTS/migrations
copying tldw_chatbook/TTS/migrations/v2_to_v3.py -> build/lib/tldw_chatbook/TTS/migrations
copying tldw_chatbook/TTS/migrations/v3_to_v4.py -> build/lib/tldw_chatbook/TTS/migrations
copying tldw_chatbook/TTS/migrations/v1_to_v2.py -> build/lib/tldw_chatbook/TTS/migrations
creating build/lib/tldw_chatbook/TTS/backends
copying tldw_chatbook/TTS/backends/chatterbox.py -> build/lib/tldw_chatbook/TTS/backends
copying tldw_chatbook/TTS/backends/higgs_voice_manager.py -> build/lib/tldw_chatbook/TTS/backends
copying tldw_chatbook/TTS/backends/chatterbox_voice_manager.py -> build/lib/tldw_chatbook/TTS/backends
copying tldw_chatbook/TTS/backends/alltalk.py -> build/lib/tldw_chatbook/TTS/backends
copying tldw_chatbook/TTS/backends/voice_manager_base.py -> build/lib/tldw_chatbook/TTS/backends
copying tldw_chatbook/TTS/backends/higgs.py -> build/lib/tldw_chatbook/TTS/backends
copying tldw_chatbook/TTS/backends/__init__.py -> build/lib/tldw_chatbook/TTS/backends
copying tldw_chatbook/TTS/backends/openai.py -> build/lib/tldw_chatbook/TTS/backends
copying tldw_chatbook/TTS/backends/chatterbox_process.py -> build/lib/tldw_chatbook/TTS/backends
copying tldw_chatbook/TTS/backends/kokoro.py -> build/lib/tldw_chatbook/TTS/backends
copying tldw_chatbook/TTS/backends/chatterbox_isolated.py -> build/lib/tldw_chatbook/TTS/backends
copying tldw_chatbook/TTS/backends/elevenlabs.py -> build/lib/tldw_chatbook/TTS/backends
creating build/lib/tldw_chatbook/TTS/utils
copying tldw_chatbook/TTS/utils/download_models.py -> build/lib/tldw_chatbook/TTS/utils
copying tldw_chatbook/TTS/utils/__init__.py -> build/lib/tldw_chatbook/TTS/utils
copying tldw_chatbook/TTS/utils/performance.py -> build/lib/tldw_chatbook/TTS/utils
creating build/lib/tldw_chatbook/TTS/adapters
copying tldw_chatbook/TTS/adapters/audio_cpp.py -> build/lib/tldw_chatbook/TTS/adapters
copying tldw_chatbook/TTS/adapters/__init__.py -> build/lib/tldw_chatbook/TTS/adapters
creating build/lib/tldw_chatbook/Video_Generation/adapters
copying tldw_chatbook/Video_Generation/adapters/__init__.py -> build/lib/tldw_chatbook/Video_Generation/adapters
copying tldw_chatbook/Video_Generation/adapters/minimax_video_adapter.py -> build/lib/tldw_chatbook/Video_Generation/adapters
copying tldw_chatbook/Video_Generation/adapters/comfyui_video_adapter.py -> build/lib/tldw_chatbook/Video_Generation/adapters
copying tldw_chatbook/Video_Generation/adapters/base.py -> build/lib/tldw_chatbook/Video_Generation/adapters
creating build/lib/tldw_chatbook/Widgets/Home
copying tldw_chatbook/Widgets/Home/home_canvas.py -> build/lib/tldw_chatbook/Widgets/Home
copying tldw_chatbook/Widgets/Home/__init__.py -> build/lib/tldw_chatbook/Widgets/Home
copying tldw_chatbook/Widgets/Home/home_rail.py -> build/lib/tldw_chatbook/Widgets/Home
creating build/lib/tldw_chatbook/Widgets/Chat_Widgets
copying tldw_chatbook/Widgets/Chat_Widgets/skill_script_confirm_card.py -> build/lib/tldw_chatbook/Widgets/Chat_Widgets
copying tldw_chatbook/Widgets/Chat_Widgets/watchlists_operation_card.py -> build/lib/tldw_chatbook/Widgets/Chat_Widgets
copying tldw_chatbook/Widgets/Chat_Widgets/skill_install_confirm_card.py -> build/lib/tldw_chatbook/Widgets/Chat_Widgets
copying tldw_chatbook/Widgets/Chat_Widgets/chat_message.py -> build/lib/tldw_chatbook/Widgets/Chat_Widgets
copying tldw_chatbook/Widgets/Chat_Widgets/__init__.py -> build/lib/tldw_chatbook/Widgets/Chat_Widgets
copying tldw_chatbook/Widgets/Chat_Widgets/chat_task_cards.py -> build/lib/tldw_chatbook/Widgets/Chat_Widgets
copying tldw_chatbook/Widgets/Chat_Widgets/chat_question_card.py -> build/lib/tldw_chatbook/Widgets/Chat_Widgets
copying tldw_chatbook/Widgets/Chat_Widgets/chat_resume_panel.py -> build/lib/tldw_chatbook/Widgets/Chat_Widgets
copying tldw_chatbook/Widgets/Chat_Widgets/chat_message_enhanced.py -> build/lib/tldw_chatbook/Widgets/Chat_Widgets
copying tldw_chatbook/Widgets/Chat_Widgets/chat_shell_bar.py -> build/lib/tldw_chatbook/Widgets/Chat_Widgets
copying tldw_chatbook/Widgets/Chat_Widgets/chat_approval_card.py -> build/lib/tldw_chatbook/Widgets/Chat_Widgets
copying tldw_chatbook/Widgets/Chat_Widgets/chat_handoff_card.py -> build/lib/tldw_chatbook/Widgets/Chat_Widgets
creating build/lib/tldw_chatbook/Widgets/Evals
copying tldw_chatbook/Widgets/Evals/__init__.py -> build/lib/tldw_chatbook/Widgets/Evals
creating build/lib/tldw_chatbook/Widgets/Study
copying tldw_chatbook/Widgets/Study/study_dashboard.py -> build/lib/tldw_chatbook/Widgets/Study
copying tldw_chatbook/Widgets/Study/__init__.py -> build/lib/tldw_chatbook/Widgets/Study
copying tldw_chatbook/Widgets/Study/quiz_session_widget.py -> build/lib/tldw_chatbook/Widgets/Study
creating build/lib/tldw_chatbook/Widgets/Persona_Widgets
copying tldw_chatbook/Widgets/Persona_Widgets/personas_inspector_pane.py -> build/lib/tldw_chatbook/Widgets/Persona_Widgets
copying tldw_chatbook/Widgets/Persona_Widgets/personas_pane_messages.py -> build/lib/tldw_chatbook/Widgets/Persona_Widgets
copying tldw_chatbook/Widgets/Persona_Widgets/dictionary_picker.py -> build/lib/tldw_chatbook/Widgets/Persona_Widgets
copying tldw_chatbook/Widgets/Persona_Widgets/buddy_conversation_modal.py -> build/lib/tldw_chatbook/Widgets/Persona_Widgets
copying tldw_chatbook/Widgets/Persona_Widgets/personas_visual_identity_pack_widget.py -> build/lib/tldw_chatbook/Widgets/Persona_Widgets
copying tldw_chatbook/Widgets/Persona_Widgets/character_tts_portability_dialogs.py -> build/lib/tldw_chatbook/Widgets/Persona_Widgets
copying tldw_chatbook/Widgets/Persona_Widgets/personas_character_dictionaries.py -> build/lib/tldw_chatbook/Widgets/Persona_Widgets
copying tldw_chatbook/Widgets/Persona_Widgets/personas_dictionary_tryit.py -> build/lib/tldw_chatbook/Widgets/Persona_Widgets
copying tldw_chatbook/Widgets/Persona_Widgets/buddy_speech_controls.py -> build/lib/tldw_chatbook/Widgets/Persona_Widgets
copying tldw_chatbook/Widgets/Persona_Widgets/world_book_picker.py -> build/lib/tldw_chatbook/Widgets/Persona_Widgets
copying tldw_chatbook/Widgets/Persona_Widgets/personas_persona_visual_pack_widget.py -> build/lib/tldw_chatbook/Widgets/Persona_Widgets
copying tldw_chatbook/Widgets/Persona_Widgets/personas_dictionary_validation.py -> build/lib/tldw_chatbook/Widgets/Persona_Widgets
copying tldw_chatbook/Widgets/Persona_Widgets/buddy_management_modal.py -> build/lib/tldw_chatbook/Widgets/Persona_Widgets
copying tldw_chatbook/Widgets/Persona_Widgets/personas_policy_rules_editor.py -> build/lib/tldw_chatbook/Widgets/Persona_Widgets
copying tldw_chatbook/Widgets/Persona_Widgets/tag_filter_picker.py -> build/lib/tldw_chatbook/Widgets/Persona_Widgets
copying tldw_chatbook/Widgets/Persona_Widgets/personas_conversation_transcript_widget.py -> build/lib/tldw_chatbook/Widgets/Persona_Widgets
copying tldw_chatbook/Widgets/Persona_Widgets/personas_lore_detail.py -> build/lib/tldw_chatbook/Widgets/Persona_Widgets
copying tldw_chatbook/Widgets/Persona_Widgets/personas_character_card_widget.py -> build/lib/tldw_chatbook/Widgets/Persona_Widgets
copying tldw_chatbook/Widgets/Persona_Widgets/__init__.py -> build/lib/tldw_chatbook/Widgets/Persona_Widgets
copying tldw_chatbook/Widgets/Persona_Widgets/personas_lore_tryit.py -> build/lib/tldw_chatbook/Widgets/Persona_Widgets
copying tldw_chatbook/Widgets/Persona_Widgets/persona_profile_editor_widget.py -> build/lib/tldw_chatbook/Widgets/Persona_Widgets
copying tldw_chatbook/Widgets/Persona_Widgets/personas_preview_pane.py -> build/lib/tldw_chatbook/Widgets/Persona_Widgets
copying tldw_chatbook/Widgets/Persona_Widgets/personas_dictionary_detail.py -> build/lib/tldw_chatbook/Widgets/Persona_Widgets
copying tldw_chatbook/Widgets/Persona_Widgets/personas_library_pane.py -> build/lib/tldw_chatbook/Widgets/Persona_Widgets
copying tldw_chatbook/Widgets/Persona_Widgets/personas_messages.py -> build/lib/tldw_chatbook/Widgets/Persona_Widgets
copying tldw_chatbook/Widgets/Persona_Widgets/personas_character_editor_widget.py -> build/lib/tldw_chatbook/Widgets/Persona_Widgets
copying tldw_chatbook/Widgets/Persona_Widgets/personas_character_world_books.py -> build/lib/tldw_chatbook/Widgets/Persona_Widgets
copying tldw_chatbook/Widgets/Persona_Widgets/personas_state.py -> build/lib/tldw_chatbook/Widgets/Persona_Widgets
copying tldw_chatbook/Widgets/Persona_Widgets/actor_pack_import_review.py -> build/lib/tldw_chatbook/Widgets/Persona_Widgets
copying tldw_chatbook/Widgets/Persona_Widgets/persona_profile_card_widget.py -> build/lib/tldw_chatbook/Widgets/Persona_Widgets
copying tldw_chatbook/Widgets/Persona_Widgets/persona_buddy_widget.py -> build/lib/tldw_chatbook/Widgets/Persona_Widgets
copying tldw_chatbook/Widgets/Persona_Widgets/dictionary_attach_picker.py -> build/lib/tldw_chatbook/Widgets/Persona_Widgets
copying tldw_chatbook/Widgets/Persona_Widgets/personas_character_tts_widget.py -> build/lib/tldw_chatbook/Widgets/Persona_Widgets
copying tldw_chatbook/Widgets/Persona_Widgets/conversation_attach_picker.py -> build/lib/tldw_chatbook/Widgets/Persona_Widgets
copying tldw_chatbook/Widgets/Persona_Widgets/buddy_workspace_modal.py -> build/lib/tldw_chatbook/Widgets/Persona_Widgets
creating build/lib/tldw_chatbook/Widgets/Tamagotchi
copying tldw_chatbook/Widgets/Tamagotchi/validators.py -> build/lib/tldw_chatbook/Widgets/Tamagotchi
copying tldw_chatbook/Widgets/Tamagotchi/__init__.py -> build/lib/tldw_chatbook/Widgets/Tamagotchi
copying tldw_chatbook/Widgets/Tamagotchi/tamagotchi_behaviors.py -> build/lib/tldw_chatbook/Widgets/Tamagotchi
copying tldw_chatbook/Widgets/Tamagotchi/tamagotchi_messages.py -> build/lib/tldw_chatbook/Widgets/Tamagotchi
copying tldw_chatbook/Widgets/Tamagotchi/tamagotchi_sprites.py -> build/lib/tldw_chatbook/Widgets/Tamagotchi
copying tldw_chatbook/Widgets/Tamagotchi/tamagotchi_storage.py -> build/lib/tldw_chatbook/Widgets/Tamagotchi
copying tldw_chatbook/Widgets/Tamagotchi/base_tamagotchi.py -> build/lib/tldw_chatbook/Widgets/Tamagotchi
creating build/lib/tldw_chatbook/Widgets/Library
copying tldw_chatbook/Widgets/Library/library_media_trash_canvas.py -> build/lib/tldw_chatbook/Widgets/Library
copying tldw_chatbook/Widgets/Library/library_browse_reader_shell.py -> build/lib/tldw_chatbook/Widgets/Library
copying tldw_chatbook/Widgets/Library/library_skills_canvas.py -> build/lib/tldw_chatbook/Widgets/Library
copying tldw_chatbook/Widgets/Library/library_conversation_reader.py -> build/lib/tldw_chatbook/Widgets/Library
copying tldw_chatbook/Widgets/Library/library_file_notes_events.py -> build/lib/tldw_chatbook/Widgets/Library
copying tldw_chatbook/Widgets/Library/library_export_canvas.py -> build/lib/tldw_chatbook/Widgets/Library
copying tldw_chatbook/Widgets/Library/library_media_canvas.py -> build/lib/tldw_chatbook/Widgets/Library
copying tldw_chatbook/Widgets/Library/library_note_work_pane.py -> build/lib/tldw_chatbook/Widgets/Library
copying tldw_chatbook/Widgets/Library/library_character_return.py -> build/lib/tldw_chatbook/Widgets/Library
copying tldw_chatbook/Widgets/Library/library_notes_add_from_files_canvas.py -> build/lib/tldw_chatbook/Widgets/Library
copying tldw_chatbook/Widgets/Library/library_prompts_canvas.py -> build/lib/tldw_chatbook/Widgets/Library
copying tldw_chatbook/Widgets/Library/__init__.py -> build/lib/tldw_chatbook/Widgets/Library
copying tldw_chatbook/Widgets/Library/library_search_rag_panel.py -> build/lib/tldw_chatbook/Widgets/Library
copying tldw_chatbook/Widgets/Library/library_note_import_canvas.py -> build/lib/tldw_chatbook/Widgets/Library
copying tldw_chatbook/Widgets/Library/prompt_delete_confirmation_modal.py -> build/lib/tldw_chatbook/Widgets/Library
copying tldw_chatbook/Widgets/Library/library_canvas_sync.py -> build/lib/tldw_chatbook/Widgets/Library
copying tldw_chatbook/Widgets/Library/library_ingest_canvas.py -> build/lib/tldw_chatbook/Widgets/Library
copying tldw_chatbook/Widgets/Library/library_conversations_canvas.py -> build/lib/tldw_chatbook/Widgets/Library
copying tldw_chatbook/Widgets/Library/library_file_notes_git_panel.py -> build/lib/tldw_chatbook/Widgets/Library
copying tldw_chatbook/Widgets/Library/library_notes_canvas.py -> build/lib/tldw_chatbook/Widgets/Library
copying tldw_chatbook/Widgets/Library/library_notes_sync_roots_canvas.py -> build/lib/tldw_chatbook/Widgets/Library
copying tldw_chatbook/Widgets/Library/library_adaptive_reader_shell.py -> build/lib/tldw_chatbook/Widgets/Library
copying tldw_chatbook/Widgets/Library/library_media_viewer.py -> build/lib/tldw_chatbook/Widgets/Library
copying tldw_chatbook/Widgets/Library/library_media_content.py -> build/lib/tldw_chatbook/Widgets/Library
copying tldw_chatbook/Widgets/Library/library_prompt_work_pane.py -> build/lib/tldw_chatbook/Widgets/Library
copying tldw_chatbook/Widgets/Library/library_media_image_preview.py -> build/lib/tldw_chatbook/Widgets/Library
copying tldw_chatbook/Widgets/Library/library_entry_canvases.py -> build/lib/tldw_chatbook/Widgets/Library
copying tldw_chatbook/Widgets/Library/library_collections_capture_reader.py -> build/lib/tldw_chatbook/Widgets/Library
copying tldw_chatbook/Widgets/Library/library_skill_work_pane.py -> build/lib/tldw_chatbook/Widgets/Library
copying tldw_chatbook/Widgets/Library/library_media_raw_view.py -> build/lib/tldw_chatbook/Widgets/Library
copying tldw_chatbook/Widgets/Library/library_note_folder_dialog.py -> build/lib/tldw_chatbook/Widgets/Library
copying tldw_chatbook/Widgets/Library/library_rail.py -> build/lib/tldw_chatbook/Widgets/Library
copying tldw_chatbook/Widgets/Library/library_emergency_return.py -> build/lib/tldw_chatbook/Widgets/Library
copying tldw_chatbook/Widgets/Library/library_review_set_picker.py -> build/lib/tldw_chatbook/Widgets/Library
copying tldw_chatbook/Widgets/Library/library_choice_strip.py -> build/lib/tldw_chatbook/Widgets/Library
copying tldw_chatbook/Widgets/Library/library_file_notes_workspace.py -> build/lib/tldw_chatbook/Widgets/Library
creating build/lib/tldw_chatbook/Widgets/Note_Widgets
copying tldw_chatbook/Widgets/Note_Widgets/note_selection_dialog.py -> build/lib/tldw_chatbook/Widgets/Note_Widgets
copying tldw_chatbook/Widgets/Note_Widgets/__init__.py -> build/lib/tldw_chatbook/Widgets/Note_Widgets
copying tldw_chatbook/Widgets/Note_Widgets/note_creation_modal.py -> build/lib/tldw_chatbook/Widgets/Note_Widgets
creating build/lib/tldw_chatbook/Widgets/TTS
copying tldw_chatbook/Widgets/TTS/__init__.py -> build/lib/tldw_chatbook/Widgets/TTS
copying tldw_chatbook/Widgets/TTS/chapter_editor_widget.py -> build/lib/tldw_chatbook/Widgets/TTS
copying tldw_chatbook/Widgets/TTS/character_voice_widget.py -> build/lib/tldw_chatbook/Widgets/TTS
creating build/lib/tldw_chatbook/Widgets/Prompts
copying tldw_chatbook/Widgets/Prompts/prompt_block_editor_state.py -> build/lib/tldw_chatbook/Widgets/Prompts
copying tldw_chatbook/Widgets/Prompts/prompt_block_editor.py -> build/lib/tldw_chatbook/Widgets/Prompts
copying tldw_chatbook/Widgets/Prompts/__init__.py -> build/lib/tldw_chatbook/Widgets/Prompts
creating build/lib/tldw_chatbook/Widgets/NewIngest
copying tldw_chatbook/Widgets/NewIngest/ProcessingDashboard.py -> build/lib/tldw_chatbook/Widgets/NewIngest
copying tldw_chatbook/Widgets/NewIngest/BackendIntegration.py -> build/lib/tldw_chatbook/Widgets/NewIngest
copying tldw_chatbook/Widgets/NewIngest/SmartFileDropZone.py -> build/lib/tldw_chatbook/Widgets/NewIngest
copying tldw_chatbook/Widgets/NewIngest/UnifiedProcessor.py -> build/lib/tldw_chatbook/Widgets/NewIngest
copying tldw_chatbook/Widgets/NewIngest/__init__.py -> build/lib/tldw_chatbook/Widgets/NewIngest
creating build/lib/tldw_chatbook/Widgets/Settings_Widgets
copying tldw_chatbook/Widgets/Settings_Widgets/speech_tts_settings_panel.py -> build/lib/tldw_chatbook/Widgets/Settings_Widgets
copying tldw_chatbook/Widgets/Settings_Widgets/speech_tts_panel_types.py -> build/lib/tldw_chatbook/Widgets/Settings_Widgets
copying tldw_chatbook/Widgets/Settings_Widgets/server_switch_modal.py -> build/lib/tldw_chatbook/Widgets/Settings_Widgets
copying tldw_chatbook/Widgets/Settings_Widgets/tool_pack_import_review.py -> build/lib/tldw_chatbook/Widgets/Settings_Widgets
copying tldw_chatbook/Widgets/Settings_Widgets/__init__.py -> build/lib/tldw_chatbook/Widgets/Settings_Widgets
copying tldw_chatbook/Widgets/Settings_Widgets/personal_context_panel.py -> build/lib/tldw_chatbook/Widgets/Settings_Widgets
copying tldw_chatbook/Widgets/Settings_Widgets/personal_context_link_modal.py -> build/lib/tldw_chatbook/Widgets/Settings_Widgets
copying tldw_chatbook/Widgets/Settings_Widgets/tool_profiles_panel.py -> build/lib/tldw_chatbook/Widgets/Settings_Widgets
copying tldw_chatbook/Widgets/Settings_Widgets/personal_context_review_modal.py -> build/lib/tldw_chatbook/Widgets/Settings_Widgets
creating build/lib/tldw_chatbook/Widgets/ModelArtifacts
copying tldw_chatbook/Widgets/ModelArtifacts/activation_controls.py -> build/lib/tldw_chatbook/Widgets/ModelArtifacts
copying tldw_chatbook/Widgets/ModelArtifacts/__init__.py -> build/lib/tldw_chatbook/Widgets/ModelArtifacts
copying tldw_chatbook/Widgets/ModelArtifacts/runtime_choice_modal.py -> build/lib/tldw_chatbook/Widgets/ModelArtifacts
copying tldw_chatbook/Widgets/ModelArtifacts/install_modal.py -> build/lib/tldw_chatbook/Widgets/ModelArtifacts
copying tldw_chatbook/Widgets/ModelArtifacts/local_gguf_import.py -> build/lib/tldw_chatbook/Widgets/ModelArtifacts
copying tldw_chatbook/Widgets/ModelArtifacts/plan_panel.py -> build/lib/tldw_chatbook/Widgets/ModelArtifacts
copying tldw_chatbook/Widgets/ModelArtifacts/install_progress.py -> build/lib/tldw_chatbook/Widgets/ModelArtifacts
creating build/lib/tldw_chatbook/Widgets/Console
copying tldw_chatbook/Widgets/Console/console_turn_file_card.py -> build/lib/tldw_chatbook/Widgets/Console
copying tldw_chatbook/Widgets/Console/console_settings_summary.py -> build/lib/tldw_chatbook/Widgets/Console
copying tldw_chatbook/Widgets/Console/console_generate_image_modal.py -> build/lib/tldw_chatbook/Widgets/Console
copying tldw_chatbook/Widgets/Console/console_prompts_state.py -> build/lib/tldw_chatbook/Widgets/Console
copying tldw_chatbook/Widgets/Console/console_session_surface.py -> build/lib/tldw_chatbook/Widgets/Console
copying tldw_chatbook/Widgets/Console/console_scope_picker_modal.py -> build/lib/tldw_chatbook/Widgets/Console
copying tldw_chatbook/Widgets/Console/console_canvas_card.py -> build/lib/tldw_chatbook/Widgets/Console
copying tldw_chatbook/Widgets/Console/prompt_variables_dialog.py -> build/lib/tldw_chatbook/Widgets/Console
copying tldw_chatbook/Widgets/Console/console_style_picker_modal.py -> build/lib/tldw_chatbook/Widgets/Console
copying tldw_chatbook/Widgets/Console/console_conversation_inspector.py -> build/lib/tldw_chatbook/Widgets/Console
copying tldw_chatbook/Widgets/Console/console_prompt_queue_modal.py -> build/lib/tldw_chatbook/Widgets/Console
copying tldw_chatbook/Widgets/Console/console_review_notes_modal.py -> build/lib/tldw_chatbook/Widgets/Console
copying tldw_chatbook/Widgets/Console/console_summarize_preview_modal.py -> build/lib/tldw_chatbook/Widgets/Console
copying tldw_chatbook/Widgets/Console/console_character_context.py -> build/lib/tldw_chatbook/Widgets/Console
copying tldw_chatbook/Widgets/Console/console_activity_outcome_notice.py -> build/lib/tldw_chatbook/Widgets/Console
copying tldw_chatbook/Widgets/Console/console_rewind_modal.py -> build/lib/tldw_chatbook/Widgets/Console
copying tldw_chatbook/Widgets/Console/console_video_card.py -> build/lib/tldw_chatbook/Widgets/Console
copying tldw_chatbook/Widgets/Console/console_composer_bar.py -> build/lib/tldw_chatbook/Widgets/Console
copying tldw_chatbook/Widgets/Console/console_fork_chat_modal.py -> build/lib/tldw_chatbook/Widgets/Console
copying tldw_chatbook/Widgets/Console/trace_export_profile_ui.py -> build/lib/tldw_chatbook/Widgets/Console
copying tldw_chatbook/Widgets/Console/console_prompts_modal.py -> build/lib/tldw_chatbook/Widgets/Console
copying tldw_chatbook/Widgets/Console/console_video_capacity_modal.py -> build/lib/tldw_chatbook/Widgets/Console
copying tldw_chatbook/Widgets/Console/console_conversation_action_menu.py -> build/lib/tldw_chatbook/Widgets/Console
copying tldw_chatbook/Widgets/Console/console_settings_modal.py -> build/lib/tldw_chatbook/Widgets/Console
copying tldw_chatbook/Widgets/Console/console_save_as_modal.py -> build/lib/tldw_chatbook/Widgets/Console
copying tldw_chatbook/Widgets/Console/console_staged_evidence_strip.py -> build/lib/tldw_chatbook/Widgets/Console
copying tldw_chatbook/Widgets/Console/console_task_panel.py -> build/lib/tldw_chatbook/Widgets/Console
copying tldw_chatbook/Widgets/Console/console_feedback_comment_modal.py -> build/lib/tldw_chatbook/Widgets/Console
copying tldw_chatbook/Widgets/Console/console_rename_session_modal.py -> build/lib/tldw_chatbook/Widgets/Console
copying tldw_chatbook/Widgets/Console/console_session_switcher_modal.py -> build/lib/tldw_chatbook/Widgets/Console
copying tldw_chatbook/Widgets/Console/console_prompts_browse.py -> build/lib/tldw_chatbook/Widgets/Console
copying tldw_chatbook/Widgets/Console/__init__.py -> build/lib/tldw_chatbook/Widgets/Console
copying tldw_chatbook/Widgets/Console/console_command_popup.py -> build/lib/tldw_chatbook/Widgets/Console
copying tldw_chatbook/Widgets/Console/console_setup_modal.py -> build/lib/tldw_chatbook/Widgets/Console
copying tldw_chatbook/Widgets/Console/console_background_effect.py -> build/lib/tldw_chatbook/Widgets/Console
copying tldw_chatbook/Widgets/Console/console_workspace_switcher_modal.py -> build/lib/tldw_chatbook/Widgets/Console
copying tldw_chatbook/Widgets/Console/console_rail_handle.py -> build/lib/tldw_chatbook/Widgets/Console
copying tldw_chatbook/Widgets/Console/trace_export_dialog.py -> build/lib/tldw_chatbook/Widgets/Console
copying tldw_chatbook/Widgets/Console/console_prompt_comparison_modal.py -> build/lib/tldw_chatbook/Widgets/Console
copying tldw_chatbook/Widgets/Console/console_citation_sources_modal.py -> build/lib/tldw_chatbook/Widgets/Console
copying tldw_chatbook/Widgets/Console/console_terminal_workspace.py -> build/lib/tldw_chatbook/Widgets/Console
copying tldw_chatbook/Widgets/Console/console_control_bar.py -> build/lib/tldw_chatbook/Widgets/Console
copying tldw_chatbook/Widgets/Console/console_status_chips.py -> build/lib/tldw_chatbook/Widgets/Console
copying tldw_chatbook/Widgets/Console/console_inspector_section.py -> build/lib/tldw_chatbook/Widgets/Console
copying tldw_chatbook/Widgets/Console/console_workspace_files_modal.py -> build/lib/tldw_chatbook/Widgets/Console
copying tldw_chatbook/Widgets/Console/console_character_picker_modal.py -> build/lib/tldw_chatbook/Widgets/Console
copying tldw_chatbook/Widgets/Console/console_system_prompt_modal.py -> build/lib/tldw_chatbook/Widgets/Console
copying tldw_chatbook/Widgets/Console/console_auto_speak_consent.py -> build/lib/tldw_chatbook/Widgets/Console
copying tldw_chatbook/Widgets/Console/console_selection.py -> build/lib/tldw_chatbook/Widgets/Console
copying tldw_chatbook/Widgets/Console/console_agent_steering_bar.py -> build/lib/tldw_chatbook/Widgets/Console
copying tldw_chatbook/Widgets/Console/console_transcript.py -> build/lib/tldw_chatbook/Widgets/Console
copying tldw_chatbook/Widgets/Console/console_workspace_tree.py -> build/lib/tldw_chatbook/Widgets/Console
copying tldw_chatbook/Widgets/Console/console_staged_context.py -> build/lib/tldw_chatbook/Widgets/Console
copying tldw_chatbook/Widgets/Console/console_save_markdown_modal.py -> build/lib/tldw_chatbook/Widgets/Console
copying tldw_chatbook/Widgets/Console/console_run_inspector.py -> build/lib/tldw_chatbook/Widgets/Console
copying tldw_chatbook/Widgets/Console/console_retrieval_scope_row.py -> build/lib/tldw_chatbook/Widgets/Console
copying tldw_chatbook/Widgets/Console/console_side_chat_modal.py -> build/lib/tldw_chatbook/Widgets/Console
copying tldw_chatbook/Widgets/Console/console_workspace_context.py -> build/lib/tldw_chatbook/Widgets/Console
copying tldw_chatbook/Widgets/Console/console_video_preview.py -> build/lib/tldw_chatbook/Widgets/Console
copying tldw_chatbook/Widgets/Console/console_run_log_modal.py -> build/lib/tldw_chatbook/Widgets/Console
copying tldw_chatbook/Widgets/Console/console_prompt_improve_view.py -> build/lib/tldw_chatbook/Widgets/Console
copying tldw_chatbook/Widgets/Console/console_library_search_modal.py -> build/lib/tldw_chatbook/Widgets/Console
copying tldw_chatbook/Widgets/Console/console_terminal_messages.py -> build/lib/tldw_chatbook/Widgets/Console
copying tldw_chatbook/Widgets/Console/console_message_more_menu.py -> build/lib/tldw_chatbook/Widgets/Console
copying tldw_chatbook/Widgets/Console/console_prompt_picker_modal.py -> build/lib/tldw_chatbook/Widgets/Console
copying tldw_chatbook/Widgets/Console/console_workspace_details.py -> build/lib/tldw_chatbook/Widgets/Console
copying tldw_chatbook/Widgets/Console/console_model_popover.py -> build/lib/tldw_chatbook/Widgets/Console
copying tldw_chatbook/Widgets/Console/console_workbench_state.py -> build/lib/tldw_chatbook/Widgets/Console
copying tldw_chatbook/Widgets/Console/console_context_controls.py -> build/lib/tldw_chatbook/Widgets/Console
copying tldw_chatbook/Widgets/Console/console_speech_controls.py -> build/lib/tldw_chatbook/Widgets/Console
copying tldw_chatbook/Widgets/Console/console_appearance_picker_modal.py -> build/lib/tldw_chatbook/Widgets/Console
copying tldw_chatbook/Widgets/Console/console_generation_card.py -> build/lib/tldw_chatbook/Widgets/Console
copying tldw_chatbook/Widgets/Console/console_provider_picker.py -> build/lib/tldw_chatbook/Widgets/Console
copying tldw_chatbook/Widgets/Console/console_image_viewer_modal.py -> build/lib/tldw_chatbook/Widgets/Console
copying tldw_chatbook/Widgets/Console/console_exchange_export_dialog.py -> build/lib/tldw_chatbook/Widgets/Console
copying tldw_chatbook/Widgets/Console/console_reaction_picker_modal.py -> build/lib/tldw_chatbook/Widgets/Console
copying tldw_chatbook/Widgets/Console/console_composer_menu_modal.py -> build/lib/tldw_chatbook/Widgets/Console
copying tldw_chatbook/Widgets/Console/console_terminal_session_modal.py -> build/lib/tldw_chatbook/Widgets/Console
copying tldw_chatbook/Widgets/Console/console_inspector_ownership.py -> build/lib/tldw_chatbook/Widgets/Console
copying tldw_chatbook/Widgets/Console/console_rag_settings_modal.py -> build/lib/tldw_chatbook/Widgets/Console
copying tldw_chatbook/Widgets/Console/console_bounded_section.py -> build/lib/tldw_chatbook/Widgets/Console
copying tldw_chatbook/Widgets/Console/console_library_access_modal.py -> build/lib/tldw_chatbook/Widgets/Console
copying tldw_chatbook/Widgets/Console/console_capture_policy_dialog.py -> build/lib/tldw_chatbook/Widgets/Console
copying tldw_chatbook/Widgets/Console/console_selection_menu.py -> build/lib/tldw_chatbook/Widgets/Console
copying tldw_chatbook/Widgets/Console/console_assistant_turn.py -> build/lib/tldw_chatbook/Widgets/Console
copying tldw_chatbook/Widgets/Console/console_edit_message_modal.py -> build/lib/tldw_chatbook/Widgets/Console
copying tldw_chatbook/Widgets/Console/console_send_authority_summary.py -> build/lib/tldw_chatbook/Widgets/Console
copying tldw_chatbook/Widgets/Console/console_project_instructions.py -> build/lib/tldw_chatbook/Widgets/Console
copying tldw_chatbook/Widgets/Console/console_workspace_action_menu.py -> build/lib/tldw_chatbook/Widgets/Console
creating build/lib/tldw_chatbook/Widgets/Writing
copying tldw_chatbook/Widgets/Writing/writing_detail_panel.py -> build/lib/tldw_chatbook/Widgets/Writing
copying tldw_chatbook/Widgets/Writing/__init__.py -> build/lib/tldw_chatbook/Widgets/Writing
copying tldw_chatbook/Widgets/Writing/writing_source_panel.py -> build/lib/tldw_chatbook/Widgets/Writing
copying tldw_chatbook/Widgets/Writing/writing_outline_tree.py -> build/lib/tldw_chatbook/Widgets/Writing
creating build/lib/tldw_chatbook/Widgets/Coding_Widgets
copying tldw_chatbook/Widgets/Coding_Widgets/__init__.py -> build/lib/tldw_chatbook/Widgets/Coding_Widgets
copying tldw_chatbook/Widgets/Coding_Widgets/repo_tree_widgets.py -> build/lib/tldw_chatbook/Widgets/Coding_Widgets
creating build/lib/tldw_chatbook/Widgets/Media
copying tldw_chatbook/Widgets/Media/media_viewer_panel.py -> build/lib/tldw_chatbook/Widgets/Media
copying tldw_chatbook/Widgets/Media/media_list_panel.py -> build/lib/tldw_chatbook/Widgets/Media
copying tldw_chatbook/Widgets/Media/__init__.py -> build/lib/tldw_chatbook/Widgets/Media
copying tldw_chatbook/Widgets/Media/media_navigation_panel.py -> build/lib/tldw_chatbook/Widgets/Media
copying tldw_chatbook/Widgets/Media/media_search_panel.py -> build/lib/tldw_chatbook/Widgets/Media
creating build/lib/tldw_chatbook/Widgets/Tamagotchi/examples
copying tldw_chatbook/Widgets/Tamagotchi/examples/simple_tamagotchi.py -> build/lib/tldw_chatbook/Widgets/Tamagotchi/examples
creating build/lib/tldw_chatbook/RAG_Search/simplified
copying tldw_chatbook/RAG_Search/simplified/citations.py -> build/lib/tldw_chatbook/RAG_Search/simplified
copying tldw_chatbook/RAG_Search/simplified/collection_indexes.py -> build/lib/tldw_chatbook/RAG_Search/simplified
copying tldw_chatbook/RAG_Search/simplified/rag_factory.py -> build/lib/tldw_chatbook/RAG_Search/simplified
copying tldw_chatbook/RAG_Search/simplified/config.py -> build/lib/tldw_chatbook/RAG_Search/simplified
copying tldw_chatbook/RAG_Search/simplified/enhanced_rag_service_v2.py -> build/lib/tldw_chatbook/RAG_Search/simplified
copying tldw_chatbook/RAG_Search/simplified/vector_store.py -> build/lib/tldw_chatbook/RAG_Search/simplified
copying tldw_chatbook/RAG_Search/simplified/rag_service.py -> build/lib/tldw_chatbook/RAG_Search/simplified
copying tldw_chatbook/RAG_Search/simplified/__init__.py -> build/lib/tldw_chatbook/RAG_Search/simplified
copying tldw_chatbook/RAG_Search/simplified/db_connection_pool.py -> build/lib/tldw_chatbook/RAG_Search/simplified
copying tldw_chatbook/RAG_Search/simplified/indexing_helpers.py -> build/lib/tldw_chatbook/RAG_Search/simplified
copying tldw_chatbook/RAG_Search/simplified/circuit_breaker.py -> build/lib/tldw_chatbook/RAG_Search/simplified
copying tldw_chatbook/RAG_Search/simplified/enhanced_indexing_helpers.py -> build/lib/tldw_chatbook/RAG_Search/simplified
copying tldw_chatbook/RAG_Search/simplified/search_service.py -> build/lib/tldw_chatbook/RAG_Search/simplified
copying tldw_chatbook/RAG_Search/simplified/health_check.py -> build/lib/tldw_chatbook/RAG_Search/simplified
copying tldw_chatbook/RAG_Search/simplified/simple_cache.py -> build/lib/tldw_chatbook/RAG_Search/simplified
copying tldw_chatbook/RAG_Search/simplified/data_models.py -> build/lib/tldw_chatbook/RAG_Search/simplified
copying tldw_chatbook/RAG_Search/simplified/embeddings_wrapper.py -> build/lib/tldw_chatbook/RAG_Search/simplified
copying tldw_chatbook/RAG_Search/simplified/active_config.py -> build/lib/tldw_chatbook/RAG_Search/simplified
copying tldw_chatbook/RAG_Search/simplified/enhanced_rag_service.py -> build/lib/tldw_chatbook/RAG_Search/simplified
copying tldw_chatbook/RAG_Search/simplified/collection_fingerprint.py -> build/lib/tldw_chatbook/RAG_Search/simplified
creating build/lib/tldw_chatbook/RAG_Search/eval
copying tldw_chatbook/RAG_Search/eval/metrics.py -> build/lib/tldw_chatbook/RAG_Search/eval
copying tldw_chatbook/RAG_Search/eval/regression.py -> build/lib/tldw_chatbook/RAG_Search/eval
copying tldw_chatbook/RAG_Search/eval/gating.py -> build/lib/tldw_chatbook/RAG_Search/eval
copying tldw_chatbook/RAG_Search/eval/__init__.py -> build/lib/tldw_chatbook/RAG_Search/eval
creating build/lib/tldw_profile_core
copying packages/tldw_profile_core/src/tldw_profile_core/enums.py -> build/lib/tldw_profile_core
copying packages/tldw_profile_core/src/tldw_profile_core/semantic.py -> build/lib/tldw_profile_core
copying packages/tldw_profile_core/src/tldw_profile_core/schema_export.py -> build/lib/tldw_profile_core
copying packages/tldw_profile_core/src/tldw_profile_core/models.py -> build/lib/tldw_profile_core
copying packages/tldw_profile_core/src/tldw_profile_core/interview.py -> build/lib/tldw_profile_core
copying packages/tldw_profile_core/src/tldw_profile_core/tool_contracts.py -> build/lib/tldw_profile_core
copying packages/tldw_profile_core/src/tldw_profile_core/__init__.py -> build/lib/tldw_profile_core
copying packages/tldw_profile_core/src/tldw_profile_core/canonical.py -> build/lib/tldw_profile_core
copying packages/tldw_profile_core/src/tldw_profile_core/payloads.py -> build/lib/tldw_profile_core
creating build/lib/tldw_chatbook/assets/characters/samira
copying tldw_chatbook/assets/characters/samira/Samira.character.json -> build/lib/tldw_chatbook/assets/characters/samira
copying tldw_chatbook/assets/characters/samira/visual_identity_pack.json -> build/lib/tldw_chatbook/assets/characters/samira
copying tldw_chatbook/assets/characters/samira/Sammy.png -> build/lib/tldw_chatbook/assets/characters/samira
copying tldw_chatbook/assets/characters/samira/ASSET_LICENSE.md -> build/lib/tldw_chatbook/assets/characters/samira
creating build/lib/tldw_chatbook/assets/characters/samira/expressions
copying tldw_chatbook/assets/characters/samira/expressions/grief.webp -> build/lib/tldw_chatbook/assets/characters/samira/expressions
copying tldw_chatbook/assets/characters/samira/expressions/amusement.webp -> build/lib/tldw_chatbook/assets/characters/samira/expressions
copying tldw_chatbook/assets/characters/samira/expressions/admiration.webp -> build/lib/tldw_chatbook/assets/characters/samira/expressions
copying tldw_chatbook/assets/characters/samira/expressions/relief.webp -> build/lib/tldw_chatbook/assets/characters/samira/expressions
copying tldw_chatbook/assets/characters/samira/expressions/sadness.webp -> build/lib/tldw_chatbook/assets/characters/samira/expressions
copying tldw_chatbook/assets/characters/samira/expressions/realization.webp -> build/lib/tldw_chatbook/assets/characters/samira/expressions
copying tldw_chatbook/assets/characters/samira/expressions/confusion.webp -> build/lib/tldw_chatbook/assets/characters/samira/expressions
copying tldw_chatbook/assets/characters/samira/expressions/pride.webp -> build/lib/tldw_chatbook/assets/characters/samira/expressions
copying tldw_chatbook/assets/characters/samira/expressions/optimism.webp -> build/lib/tldw_chatbook/assets/characters/samira/expressions
copying tldw_chatbook/assets/characters/samira/expressions/thinking.webp -> build/lib/tldw_chatbook/assets/characters/samira/expressions
copying tldw_chatbook/assets/characters/samira/expressions/neutral.webp -> build/lib/tldw_chatbook/assets/characters/samira/expressions
copying tldw_chatbook/assets/characters/samira/expressions/anger.webp -> build/lib/tldw_chatbook/assets/characters/samira/expressions
copying tldw_chatbook/assets/characters/samira/expressions/annoyance.webp -> build/lib/tldw_chatbook/assets/characters/samira/expressions
copying tldw_chatbook/assets/characters/samira/expressions/excitement.webp -> build/lib/tldw_chatbook/assets/characters/samira/expressions
copying tldw_chatbook/assets/characters/samira/expressions/gratitude.webp -> build/lib/tldw_chatbook/assets/characters/samira/expressions
copying tldw_chatbook/assets/characters/samira/expressions/speaking.webp -> build/lib/tldw_chatbook/assets/characters/samira/expressions
copying tldw_chatbook/assets/characters/samira/expressions/disappointment.webp -> build/lib/tldw_chatbook/assets/characters/samira/expressions
copying tldw_chatbook/assets/characters/samira/expressions/desire.webp -> build/lib/tldw_chatbook/assets/characters/samira/expressions
copying tldw_chatbook/assets/characters/samira/expressions/approval.webp -> build/lib/tldw_chatbook/assets/characters/samira/expressions
copying tldw_chatbook/assets/characters/samira/expressions/joy.webp -> build/lib/tldw_chatbook/assets/characters/samira/expressions
copying tldw_chatbook/assets/characters/samira/expressions/caring.webp -> build/lib/tldw_chatbook/assets/characters/samira/expressions
copying tldw_chatbook/assets/characters/samira/expressions/surprise.webp -> build/lib/tldw_chatbook/assets/characters/samira/expressions
copying tldw_chatbook/assets/characters/samira/expressions/disapproval.webp -> build/lib/tldw_chatbook/assets/characters/samira/expressions
copying tldw_chatbook/assets/characters/samira/expressions/embarrassment.webp -> build/lib/tldw_chatbook/assets/characters/samira/expressions
copying tldw_chatbook/assets/characters/samira/expressions/fear.webp -> build/lib/tldw_chatbook/assets/characters/samira/expressions
copying tldw_chatbook/assets/characters/samira/expressions/disgust.webp -> build/lib/tldw_chatbook/assets/characters/samira/expressions
copying tldw_chatbook/assets/characters/samira/expressions/remorse.webp -> build/lib/tldw_chatbook/assets/characters/samira/expressions
copying tldw_chatbook/assets/characters/samira/expressions/love.webp -> build/lib/tldw_chatbook/assets/characters/samira/expressions
copying tldw_chatbook/assets/characters/samira/expressions/nervousness.webp -> build/lib/tldw_chatbook/assets/characters/samira/expressions
copying tldw_chatbook/assets/characters/samira/expressions/error.webp -> build/lib/tldw_chatbook/assets/characters/samira/expressions
copying tldw_chatbook/assets/characters/samira/expressions/curiosity.webp -> build/lib/tldw_chatbook/assets/characters/samira/expressions
creating build/lib/tldw_chatbook/assets/characters/pixel_migu
copying tldw_chatbook/assets/characters/pixel_migu/pixel-migu.character.json -> build/lib/tldw_chatbook/assets/characters/pixel_migu
copying tldw_chatbook/assets/characters/pixel_migu/visual_identity_pack.json -> build/lib/tldw_chatbook/assets/characters/pixel_migu
copying tldw_chatbook/assets/characters/pixel_migu/pixel-migu.character.png -> build/lib/tldw_chatbook/assets/characters/pixel_migu
copying tldw_chatbook/assets/characters/pixel_migu/ASSET_LICENSE.md -> build/lib/tldw_chatbook/assets/characters/pixel_migu
creating build/lib/tldw_chatbook/assets/characters/pixel_migu/expressions
copying tldw_chatbook/assets/characters/pixel_migu/expressions/happy.png -> build/lib/tldw_chatbook/assets/characters/pixel_migu/expressions
copying tldw_chatbook/assets/characters/pixel_migu/expressions/neutral.png -> build/lib/tldw_chatbook/assets/characters/pixel_migu/expressions
copying tldw_chatbook/assets/characters/pixel_migu/expressions/type.png -> build/lib/tldw_chatbook/assets/characters/pixel_migu/expressions
copying tldw_chatbook/assets/characters/pixel_migu/expressions/sad.png -> build/lib/tldw_chatbook/assets/characters/pixel_migu/expressions
copying tldw_chatbook/assets/characters/pixel_migu/expressions/surprised.png -> build/lib/tldw_chatbook/assets/characters/pixel_migu/expressions
copying tldw_chatbook/assets/characters/pixel_migu/expressions/speaking.png -> build/lib/tldw_chatbook/assets/characters/pixel_migu/expressions
copying tldw_chatbook/assets/characters/pixel_migu/expressions/thumbs_up.png -> build/lib/tldw_chatbook/assets/characters/pixel_migu/expressions
copying tldw_chatbook/assets/characters/pixel_migu/expressions/confused.png -> build/lib/tldw_chatbook/assets/characters/pixel_migu/expressions
copying tldw_chatbook/assets/characters/pixel_migu/expressions/excited.png -> build/lib/tldw_chatbook/assets/characters/pixel_migu/expressions
copying tldw_chatbook/assets/characters/pixel_migu/expressions/listening.png -> build/lib/tldw_chatbook/assets/characters/pixel_migu/expressions
copying tldw_chatbook/assets/characters/pixel_migu/expressions/sleepy.png -> build/lib/tldw_chatbook/assets/characters/pixel_migu/expressions
copying tldw_chatbook/assets/characters/pixel_migu/expressions/angry.png -> build/lib/tldw_chatbook/assets/characters/pixel_migu/expressions
copying tldw_chatbook/assets/characters/pixel_migu/expressions/thinking.png -> build/lib/tldw_chatbook/assets/characters/pixel_migu/expressions
copying tldw_chatbook/assets/characters/pixel_migu/expressions/wave.png -> build/lib/tldw_chatbook/assets/characters/pixel_migu/expressions
copying tldw_chatbook/assets/characters/pixel_migu/expressions/error.png -> build/lib/tldw_chatbook/assets/characters/pixel_migu/expressions
copying tldw_chatbook/assets/characters/pixel_migu/expressions/skeptical.png -> build/lib/tldw_chatbook/assets/characters/pixel_migu/expressions
copying tldw_chatbook/assets/characters/pixel_migu/expressions/love.png -> build/lib/tldw_chatbook/assets/characters/pixel_migu/expressions
copying tldw_chatbook/assets/characters/pixel_migu/expressions/celebrate.png -> build/lib/tldw_chatbook/assets/characters/pixel_migu/expressions
creating build/lib/tldw_chatbook/assets/persona_visual/pixel_migu
copying tldw_chatbook/assets/persona_visual/pixel_migu/manifest.json -> build/lib/tldw_chatbook/assets/persona_visual/pixel_migu
copying tldw_chatbook/assets/persona_visual/pixel_migu/assets.json -> build/lib/tldw_chatbook/assets/persona_visual/pixel_migu
copying tldw_chatbook/assets/persona_visual/pixel_migu/thumbs-up-2.png -> build/lib/tldw_chatbook/assets/persona_visual/pixel_migu
copying tldw_chatbook/assets/persona_visual/pixel_migu/thumbs-up-3.png -> build/lib/tldw_chatbook/assets/persona_visual/pixel_migu
copying tldw_chatbook/assets/persona_visual/pixel_migu/thumbs-up-1.png -> build/lib/tldw_chatbook/assets/persona_visual/pixel_migu
copying tldw_chatbook/assets/persona_visual/pixel_migu/pose-surprised.png -> build/lib/tldw_chatbook/assets/persona_visual/pixel_migu
copying tldw_chatbook/assets/persona_visual/pixel_migu/pose-excited.png -> build/lib/tldw_chatbook/assets/persona_visual/pixel_migu
copying tldw_chatbook/assets/persona_visual/pixel_migu/idle-4.png -> build/lib/tldw_chatbook/assets/persona_visual/pixel_migu
copying tldw_chatbook/assets/persona_visual/pixel_migu/thumbs-up-4.png -> build/lib/tldw_chatbook/assets/persona_visual/pixel_migu
copying tldw_chatbook/assets/persona_visual/pixel_migu/pose-angry.png -> build/lib/tldw_chatbook/assets/persona_visual/pixel_migu
copying tldw_chatbook/assets/persona_visual/pixel_migu/idle-1.png -> build/lib/tldw_chatbook/assets/persona_visual/pixel_migu
copying tldw_chatbook/assets/persona_visual/pixel_migu/pose-type.png -> build/lib/tldw_chatbook/assets/persona_visual/pixel_migu
copying tldw_chatbook/assets/persona_visual/pixel_migu/idle-3.png -> build/lib/tldw_chatbook/assets/persona_visual/pixel_migu
copying tldw_chatbook/assets/persona_visual/pixel_migu/idle-2.png -> build/lib/tldw_chatbook/assets/persona_visual/pixel_migu
copying tldw_chatbook/assets/persona_visual/pixel_migu/pose-sad.png -> build/lib/tldw_chatbook/assets/persona_visual/pixel_migu
copying tldw_chatbook/assets/persona_visual/pixel_migu/speaking-2.png -> build/lib/tldw_chatbook/assets/persona_visual/pixel_migu
copying tldw_chatbook/assets/persona_visual/pixel_migu/sleepy-1.png -> build/lib/tldw_chatbook/assets/persona_visual/pixel_migu
copying tldw_chatbook/assets/persona_visual/pixel_migu/confused-4.png -> build/lib/tldw_chatbook/assets/persona_visual/pixel_migu
copying tldw_chatbook/assets/persona_visual/pixel_migu/speaking-3.png -> build/lib/tldw_chatbook/assets/persona_visual/pixel_migu
copying tldw_chatbook/assets/persona_visual/pixel_migu/speaking-1.png -> build/lib/tldw_chatbook/assets/persona_visual/pixel_migu
copying tldw_chatbook/assets/persona_visual/pixel_migu/sleepy-2.png -> build/lib/tldw_chatbook/assets/persona_visual/pixel_migu
copying tldw_chatbook/assets/persona_visual/pixel_migu/pose-listening.png -> build/lib/tldw_chatbook/assets/persona_visual/pixel_migu
copying tldw_chatbook/assets/persona_visual/pixel_migu/sleepy-3.png -> build/lib/tldw_chatbook/assets/persona_visual/pixel_migu
copying tldw_chatbook/assets/persona_visual/pixel_migu/speaking-4.png -> build/lib/tldw_chatbook/assets/persona_visual/pixel_migu
copying tldw_chatbook/assets/persona_visual/pixel_migu/pose-confused.png -> build/lib/tldw_chatbook/assets/persona_visual/pixel_migu
copying tldw_chatbook/assets/persona_visual/pixel_migu/confused-3.png -> build/lib/tldw_chatbook/assets/persona_visual/pixel_migu
copying tldw_chatbook/assets/persona_visual/pixel_migu/confused-2.png -> build/lib/tldw_chatbook/assets/persona_visual/pixel_migu
copying tldw_chatbook/assets/persona_visual/pixel_migu/pose-neutral.png -> build/lib/tldw_chatbook/assets/persona_visual/pixel_migu
copying tldw_chatbook/assets/persona_visual/pixel_migu/sleepy-4.png -> build/lib/tldw_chatbook/assets/persona_visual/pixel_migu
copying tldw_chatbook/assets/persona_visual/pixel_migu/pose-thumbs_up.png -> build/lib/tldw_chatbook/assets/persona_visual/pixel_migu
copying tldw_chatbook/assets/persona_visual/pixel_migu/confused-1.png -> build/lib/tldw_chatbook/assets/persona_visual/pixel_migu
copying tldw_chatbook/assets/persona_visual/pixel_migu/thinking-1.png -> build/lib/tldw_chatbook/assets/persona_visual/pixel_migu
copying tldw_chatbook/assets/persona_visual/pixel_migu/error-3.png -> build/lib/tldw_chatbook/assets/persona_visual/pixel_migu
copying tldw_chatbook/assets/persona_visual/pixel_migu/alert-idle-1.png -> build/lib/tldw_chatbook/assets/persona_visual/pixel_migu
copying tldw_chatbook/assets/persona_visual/pixel_migu/pose-sleepy.png -> build/lib/tldw_chatbook/assets/persona_visual/pixel_migu
copying tldw_chatbook/assets/persona_visual/pixel_migu/error-2.png -> build/lib/tldw_chatbook/assets/persona_visual/pixel_migu
copying tldw_chatbook/assets/persona_visual/pixel_migu/thinking-2.png -> build/lib/tldw_chatbook/assets/persona_visual/pixel_migu
copying tldw_chatbook/assets/persona_visual/pixel_migu/alert-idle-2.png -> build/lib/tldw_chatbook/assets/persona_visual/pixel_migu
copying tldw_chatbook/assets/persona_visual/pixel_migu/alert-idle-3.png -> build/lib/tldw_chatbook/assets/persona_visual/pixel_migu
copying tldw_chatbook/assets/persona_visual/pixel_migu/error-1.png -> build/lib/tldw_chatbook/assets/persona_visual/pixel_migu
copying tldw_chatbook/assets/persona_visual/pixel_migu/thinking-3.png -> build/lib/tldw_chatbook/assets/persona_visual/pixel_migu
copying tldw_chatbook/assets/persona_visual/pixel_migu/pose-wave.png -> build/lib/tldw_chatbook/assets/persona_visual/pixel_migu
copying tldw_chatbook/assets/persona_visual/pixel_migu/pose-happy.png -> build/lib/tldw_chatbook/assets/persona_visual/pixel_migu
copying tldw_chatbook/assets/persona_visual/pixel_migu/pose-thinking.png -> build/lib/tldw_chatbook/assets/persona_visual/pixel_migu
copying tldw_chatbook/assets/persona_visual/pixel_migu/error-4.png -> build/lib/tldw_chatbook/assets/persona_visual/pixel_migu
copying tldw_chatbook/assets/persona_visual/pixel_migu/thinking-4.png -> build/lib/tldw_chatbook/assets/persona_visual/pixel_migu
copying tldw_chatbook/assets/persona_visual/pixel_migu/alert-idle-4.png -> build/lib/tldw_chatbook/assets/persona_visual/pixel_migu
copying tldw_chatbook/assets/persona_visual/pixel_migu/think-2.png -> build/lib/tldw_chatbook/assets/persona_visual/pixel_migu
copying tldw_chatbook/assets/persona_visual/pixel_migu/wave-2.png -> build/lib/tldw_chatbook/assets/persona_visual/pixel_migu
copying tldw_chatbook/assets/persona_visual/pixel_migu/wave-3.png -> build/lib/tldw_chatbook/assets/persona_visual/pixel_migu
copying tldw_chatbook/assets/persona_visual/pixel_migu/think-3.png -> build/lib/tldw_chatbook/assets/persona_visual/pixel_migu
copying tldw_chatbook/assets/persona_visual/pixel_migu/think-1.png -> build/lib/tldw_chatbook/assets/persona_visual/pixel_migu
copying tldw_chatbook/assets/persona_visual/pixel_migu/happy-4.png -> build/lib/tldw_chatbook/assets/persona_visual/pixel_migu
copying tldw_chatbook/assets/persona_visual/pixel_migu/wave-1.png -> build/lib/tldw_chatbook/assets/persona_visual/pixel_migu
copying tldw_chatbook/assets/persona_visual/pixel_migu/type-4.png -> build/lib/tldw_chatbook/assets/persona_visual/pixel_migu
copying tldw_chatbook/assets/persona_visual/pixel_migu/pose-love.png -> build/lib/tldw_chatbook/assets/persona_visual/pixel_migu
copying tldw_chatbook/assets/persona_visual/pixel_migu/think-4.png -> build/lib/tldw_chatbook/assets/persona_visual/pixel_migu
copying tldw_chatbook/assets/persona_visual/pixel_migu/happy-1.png -> build/lib/tldw_chatbook/assets/persona_visual/pixel_migu
copying tldw_chatbook/assets/persona_visual/pixel_migu/type-1.png -> build/lib/tldw_chatbook/assets/persona_visual/pixel_migu
copying tldw_chatbook/assets/persona_visual/pixel_migu/wave-4.png -> build/lib/tldw_chatbook/assets/persona_visual/pixel_migu
copying tldw_chatbook/assets/persona_visual/pixel_migu/pose-skeptical.png -> build/lib/tldw_chatbook/assets/persona_visual/pixel_migu
copying tldw_chatbook/assets/persona_visual/pixel_migu/happy-2.png -> build/lib/tldw_chatbook/assets/persona_visual/pixel_migu
copying tldw_chatbook/assets/persona_visual/pixel_migu/type-2.png -> build/lib/tldw_chatbook/assets/persona_visual/pixel_migu
copying tldw_chatbook/assets/persona_visual/pixel_migu/type-3.png -> build/lib/tldw_chatbook/assets/persona_visual/pixel_migu
copying tldw_chatbook/assets/persona_visual/pixel_migu/pose-celebrate.png -> build/lib/tldw_chatbook/assets/persona_visual/pixel_migu
copying tldw_chatbook/assets/persona_visual/pixel_migu/happy-3.png -> build/lib/tldw_chatbook/assets/persona_visual/pixel_migu
copying tldw_chatbook/assets/persona_visual/pixel_migu/PROVENANCE.md -> build/lib/tldw_chatbook/assets/persona_visual/pixel_migu
creating build/lib/tldw_chatbook/assets/tiktoken_cache
copying tldw_chatbook/assets/tiktoken_cache/0ea1e91bbb3a60f729a8dc8f777fd2fc07cd8df4 -> build/lib/tldw_chatbook/assets/tiktoken_cache
copying tldw_chatbook/assets/tiktoken_cache/6c7ea1a7e38e3a7f062df639a5b80947f075ffe6 -> build/lib/tldw_chatbook/assets/tiktoken_cache
copying tldw_chatbook/assets/tiktoken_cache/6d1cbeee0f20b3d9449abfede4726ed8212e3aee -> build/lib/tldw_chatbook/assets/tiktoken_cache
copying tldw_chatbook/assets/tiktoken_cache/9b5ad71b2ce5302211f9c61530b329a4922fc6a4 -> build/lib/tldw_chatbook/assets/tiktoken_cache
copying tldw_chatbook/assets/tiktoken_cache/ec7223a39ce59f226a68acc30dc1af2788490e15 -> build/lib/tldw_chatbook/assets/tiktoken_cache
copying tldw_chatbook/assets/tiktoken_cache/fb374d419588a4632f3f557e76b4b70aebbca790 -> build/lib/tldw_chatbook/assets/tiktoken_cache
copying tldw_chatbook/assets/tiktoken_cache/LICENSE.txt -> build/lib/tldw_chatbook/assets/tiktoken_cache
copying tldw_chatbook/assets/tiktoken_cache/NOTICE.txt -> build/lib/tldw_chatbook/assets/tiktoken_cache
copying tldw_chatbook/assets/tiktoken_cache/manifest.json -> build/lib/tldw_chatbook/assets/tiktoken_cache
creating build/lib/tldw_chatbook/Evals/config
copying tldw_chatbook/Evals/config/eval_config.yaml -> build/lib/tldw_chatbook/Evals/config
creating build/lib/tldw_chatbook/Evals/eval_datasets
copying tldw_chatbook/Evals/eval_datasets/research_report_verification.json -> build/lib/tldw_chatbook/Evals/eval_datasets
copying tldw_chatbook/css/screen_css_scoped.tcss -> build/lib/tldw_chatbook/css
copying tldw_chatbook/css/tldw_cli_modular.tcss -> build/lib/tldw_chatbook/css
copying tldw_chatbook/css/widget_defaults_self.tcss -> build/lib/tldw_chatbook/css
copying tldw_chatbook/css/screen_agentic_settings.tcss -> build/lib/tldw_chatbook/css
copying tldw_chatbook/css/screen_agentic_console.tcss -> build/lib/tldw_chatbook/css
copying tldw_chatbook/css/screen_css_self.tcss -> build/lib/tldw_chatbook/css
copying tldw_chatbook/css/main.tcss -> build/lib/tldw_chatbook/css
copying tldw_chatbook/css/screen_agentic_library.tcss -> build/lib/tldw_chatbook/css
copying tldw_chatbook/css/widget_defaults_scoped.tcss -> build/lib/tldw_chatbook/css
copying tldw_chatbook/css/screen_feature_evals.tcss -> build/lib/tldw_chatbook/css
copying tldw_chatbook/css/screen_feature_scheduling.tcss -> build/lib/tldw_chatbook/css
creating build/lib/tldw_chatbook/css/core
copying tldw_chatbook/css/core/_base.tcss -> build/lib/tldw_chatbook/css/core
copying tldw_chatbook/css/core/_reset.tcss -> build/lib/tldw_chatbook/css/core
copying tldw_chatbook/css/core/_typography.tcss -> build/lib/tldw_chatbook/css/core
copying tldw_chatbook/css/core/_variables.tcss -> build/lib/tldw_chatbook/css/core
creating build/lib/tldw_chatbook/css/layout
copying tldw_chatbook/css/layout/_panes.tcss -> build/lib/tldw_chatbook/css/layout
copying tldw_chatbook/css/layout/_tabs.tcss -> build/lib/tldw_chatbook/css/layout
copying tldw_chatbook/css/layout/_sidebars.tcss -> build/lib/tldw_chatbook/css/layout
copying tldw_chatbook/css/layout/_containers.tcss -> build/lib/tldw_chatbook/css/layout
copying tldw_chatbook/css/layout/_windows.tcss -> build/lib/tldw_chatbook/css/layout
creating build/lib/tldw_chatbook/css/features
copying tldw_chatbook/css/features/_scheduling.tcss -> build/lib/tldw_chatbook/css/features
copying tldw_chatbook/css/features/_tab_dropdown.tcss -> build/lib/tldw_chatbook/css/features
copying tldw_chatbook/css/features/_wizards.tcss -> build/lib/tldw_chatbook/css/features
copying tldw_chatbook/css/features/_conversations.tcss -> build/lib/tldw_chatbook/css/features
copying tldw_chatbook/css/features/config_search.tcss -> build/lib/tldw_chatbook/css/features
copying tldw_chatbook/css/features/_code_repo.tcss -> build/lib/tldw_chatbook/css/features
copying tldw_chatbook/css/features/_evals.tcss -> build/lib/tldw_chatbook/css/features
copying tldw_chatbook/css/features/_lab.tcss -> build/lib/tldw_chatbook/css/features
copying tldw_chatbook/css/features/_chatbooks.tcss -> build/lib/tldw_chatbook/css/features
copying tldw_chatbook/css/features/_metrics.tcss -> build/lib/tldw_chatbook/css/features
copying tldw_chatbook/css/features/feature_alerts.tcss -> build/lib/tldw_chatbook/css/features
copying tldw_chatbook/css/features/_splash.tcss -> build/lib/tldw_chatbook/css/features
copying tldw_chatbook/css/features/_ingest.tcss -> build/lib/tldw_chatbook/css/features
copying tldw_chatbook/css/features/_embeddings.tcss -> build/lib/tldw_chatbook/css/features
copying tldw_chatbook/css/features/_evaluation_unified.tcss -> build/lib/tldw_chatbook/css/features
copying tldw_chatbook/css/features/_llm-management.tcss -> build/lib/tldw_chatbook/css/features
copying tldw_chatbook/css/features/_new_ingest.tcss -> build/lib/tldw_chatbook/css/features
copying tldw_chatbook/css/features/_chatbooks_improved.tcss -> build/lib/tldw_chatbook/css/features
copying tldw_chatbook/css/features/_tools-settings.tcss -> build/lib/tldw_chatbook/css/features
copying tldw_chatbook/css/features/_notes.tcss -> build/lib/tldw_chatbook/css/features
copying tldw_chatbook/css/features/_media.tcss -> build/lib/tldw_chatbook/css/features
copying tldw_chatbook/css/features/_research_workspace.tcss -> build/lib/tldw_chatbook/css/features
copying tldw_chatbook/css/features/_writing.tcss -> build/lib/tldw_chatbook/css/features
copying tldw_chatbook/css/features/_chat.tcss -> build/lib/tldw_chatbook/css/features
copying tldw_chatbook/css/features/_coding.tcss -> build/lib/tldw_chatbook/css/features
copying tldw_chatbook/css/features/_watchlists.tcss -> build/lib/tldw_chatbook/css/features
copying tldw_chatbook/css/features/_logs.tcss -> build/lib/tldw_chatbook/css/features
creating build/lib/tldw_chatbook/css/utilities
copying tldw_chatbook/css/utilities/_states.tcss -> build/lib/tldw_chatbook/css/utilities
copying tldw_chatbook/css/utilities/_overrides.tcss -> build/lib/tldw_chatbook/css/utilities
copying tldw_chatbook/css/utilities/_helpers.tcss -> build/lib/tldw_chatbook/css/utilities
creating build/lib/tldw_chatbook/css/components
copying tldw_chatbook/css/components/_messages.tcss -> build/lib/tldw_chatbook/css/components
copying tldw_chatbook/css/components/_unified_sidebar.tcss -> build/lib/tldw_chatbook/css/components
copying tldw_chatbook/css/components/_agentic_terminal.tcss -> build/lib/tldw_chatbook/css/components
copying tldw_chatbook/css/components/_change_review.tcss -> build/lib/tldw_chatbook/css/components
copying tldw_chatbook/css/components/_workbench.tcss -> build/lib/tldw_chatbook/css/components
copying tldw_chatbook/css/components/_shared_components.tcss -> build/lib/tldw_chatbook/css/components
copying tldw_chatbook/css/components/_navigation.tcss -> build/lib/tldw_chatbook/css/components
copying tldw_chatbook/css/components/_dialogs.tcss -> build/lib/tldw_chatbook/css/components
copying tldw_chatbook/css/components/_forms.tcss -> build/lib/tldw_chatbook/css/components
copying tldw_chatbook/css/components/_buttons.tcss -> build/lib/tldw_chatbook/css/components
copying tldw_chatbook/css/components/_settings_splash_theme.tcss -> build/lib/tldw_chatbook/css/components
copying tldw_chatbook/css/components/_profile_interview.tcss -> build/lib/tldw_chatbook/css/components
copying tldw_chatbook/css/components/_widgets.tcss -> build/lib/tldw_chatbook/css/components
copying tldw_chatbook/css/components/_lists.tcss -> build/lib/tldw_chatbook/css/components
copying tldw_chatbook/css/components/_settings_personal_context.tcss -> build/lib/tldw_chatbook/css/components
copying tldw_chatbook/css/components/_status.tcss -> build/lib/tldw_chatbook/css/components
copying tldw_chatbook/css/Themes/theme_tester.tcss -> build/lib/tldw_chatbook/css/Themes
creating build/lib/tldw_chatbook/Image_Generation/workflows
copying tldw_chatbook/Image_Generation/workflows/minimax_h3_image_edit.json -> build/lib/tldw_chatbook/Image_Generation/workflows
copying tldw_chatbook/LLM_Calls/LICENSE -> build/lib/tldw_chatbook/LLM_Calls
creating build/lib/tldw_chatbook/Canvas/static
copying tldw_chatbook/Canvas/static/canvas_shell.html -> build/lib/tldw_chatbook/Canvas/static
copying tldw_chatbook/Canvas/static/canvas_shell.css -> build/lib/tldw_chatbook/Canvas/static
copying tldw_chatbook/Canvas/static/canvas_shell.js -> build/lib/tldw_chatbook/Canvas/static
copying tldw_chatbook/Canvas/static/quickjs-runtime.js -> build/lib/tldw_chatbook/Canvas/static
copying tldw_chatbook/Canvas/static/canvas_renderer.js -> build/lib/tldw_chatbook/Canvas/static
copying tldw_chatbook/Canvas/static/canvas_runtime_worker.js -> build/lib/tldw_chatbook/Canvas/static
copying tldw_chatbook/Canvas/static/canvas_runtime_worker_v2.js -> build/lib/tldw_chatbook/Canvas/static
copying tldw_chatbook/Canvas/static/canvas_renderer_v2.js -> build/lib/tldw_chatbook/Canvas/static
copying tldw_chatbook/Canvas/static/runtime-manifest.json -> build/lib/tldw_chatbook/Canvas/static
copying tldw_chatbook/Canvas/static/THIRD_PARTY_LICENSES.txt -> build/lib/tldw_chatbook/Canvas/static
copying tldw_chatbook/Canvas/static/profile-catalog.json -> build/lib/tldw_chatbook/Canvas/static
copying tldw_chatbook/Canvas/static/mermaid-subset.json -> build/lib/tldw_chatbook/Canvas/static
copying tldw_chatbook/Canvas/static/mermaid-runtime-manifest.json -> build/lib/tldw_chatbook/Canvas/static
copying tldw_chatbook/Canvas/static/MERMAID_THIRD_PARTY_LICENSES.txt -> build/lib/tldw_chatbook/Canvas/static
copying tldw_chatbook/Canvas/static/mermaid-authoring.txt -> build/lib/tldw_chatbook/Canvas/static
creating build/lib/tldw_chatbook/Canvas/mermaid
copying tldw_chatbook/Canvas/mermaid/inputs.json -> build/lib/tldw_chatbook/Canvas/mermaid
copying tldw_chatbook/Canvas/mermaid/budget.js -> build/lib/tldw_chatbook/Canvas/mermaid
copying tldw_chatbook/Canvas/mermaid/text.js -> build/lib/tldw_chatbook/Canvas/mermaid
copying tldw_chatbook/Canvas/mermaid/semantic.js -> build/lib/tldw_chatbook/Canvas/mermaid
copying tldw_chatbook/Canvas/mermaid/entry.js -> build/lib/tldw_chatbook/Canvas/mermaid
copying tldw_chatbook/Canvas/mermaid/scene.js -> build/lib/tldw_chatbook/Canvas/mermaid
copying tldw_chatbook/Canvas/mermaid/flow_layout.js -> build/lib/tldw_chatbook/Canvas/mermaid
copying tldw_chatbook/Canvas/mermaid/sequence_layout.js -> build/lib/tldw_chatbook/Canvas/mermaid
copying tldw_chatbook/TTS/audio_cpp_artifact_manifest.json -> build/lib/tldw_chatbook/TTS
creating build/lib/tldw_chatbook/DB/migrations
copying tldw_chatbook/DB/migrations/chachanotes_v55_to_v56_console_semantic_trace.sql -> build/lib/tldw_chatbook/DB/migrations
copying tldw_chatbook/DB/migrations/chachanotes_v56_to_v57_semantic_mutation_guard.sql -> build/lib/tldw_chatbook/DB/migrations
copying tldw_chatbook/DB/migrations/chachanotes_v44_to_v45_actor_packs.sql -> build/lib/tldw_chatbook/DB/migrations
copying tldw_chatbook/DB/migrations/chachanotes_v16_to_v17_conversation_local_marks.sql -> build/lib/tldw_chatbook/DB/migrations
copying tldw_chatbook/DB/migrations/chachanotes_v40_to_v41_persona_visual.sql -> build/lib/tldw_chatbook/DB/migrations
copying tldw_chatbook/DB/migrations/chachanotes_v17_to_v18_conversation_system_prompt.sql -> build/lib/tldw_chatbook/DB/migrations
copying tldw_chatbook/DB/migrations/chachanotes_v37_to_v38_message_trajectory_metadata.sql -> build/lib/tldw_chatbook/DB/migrations
copying tldw_chatbook/DB/migrations/chachanotes_v28_to_v29_kept_briefings.sql -> build/lib/tldw_chatbook/DB/migrations
copying tldw_chatbook/DB/migrations/chachanotes_v29_to_v30_message_usage.sql -> build/lib/tldw_chatbook/DB/migrations
copying tldw_chatbook/DB/migrations/chachanotes_v48_to_v49_messages_fts_update_scope.sql -> build/lib/tldw_chatbook/DB/migrations
copying tldw_chatbook/DB/migrations/chachanotes_v31_to_v32_default_assistant_enrichment.sql -> build/lib/tldw_chatbook/DB/migrations
copying tldw_chatbook/DB/migrations/chachanotes_v57_to_v58_notes_organization_sync.sql -> build/lib/tldw_chatbook/DB/migrations
copying tldw_chatbook/DB/migrations/chachanotes_v64_to_v65_console_trace_compaction.sql -> build/lib/tldw_chatbook/DB/migrations
copying tldw_chatbook/DB/migrations/chachanotes_v47_to_v48_console_library_policy.sql -> build/lib/tldw_chatbook/DB/migrations
copying tldw_chatbook/DB/migrations/chachanotes_v65_to_v66_character_conversation_search.sql -> build/lib/tldw_chatbook/DB/migrations
copying tldw_chatbook/DB/migrations/workspaces_v4_to_v5_quick_note_receipts.sql -> build/lib/tldw_chatbook/DB/migrations
copying tldw_chatbook/DB/migrations/chachanotes_v18_to_v19_message_attachments.sql -> build/lib/tldw_chatbook/DB/migrations
copying tldw_chatbook/DB/migrations/chachanotes_v54_to_v55_console_memory_scope_selection.sql -> build/lib/tldw_chatbook/DB/migrations
copying tldw_chatbook/DB/migrations/chachanotes_v39_to_v40_transcript_annotations.sql -> build/lib/tldw_chatbook/DB/migrations
copying tldw_chatbook/DB/migrations/chachanotes_v27_to_v28_character_authority.sql -> build/lib/tldw_chatbook/DB/migrations
copying tldw_chatbook/DB/migrations/chachanotes_v25_to_v26_conversation_context_summary.sql -> build/lib/tldw_chatbook/DB/migrations
copying tldw_chatbook/DB/migrations/chachanotes_v62_to_v63_console_trace_gc_guard.sql -> build/lib/tldw_chatbook/DB/migrations
copying tldw_chatbook/DB/migrations/chachanotes_v61_to_v62_console_trace_privacy_policy.sql -> build/lib/tldw_chatbook/DB/migrations
copying tldw_chatbook/DB/migrations/chachanotes_v35_to_v36_note_folders.sql -> build/lib/tldw_chatbook/DB/migrations
copying tldw_chatbook/DB/migrations/workspaces_v2_to_v3_research_source_operations.sql -> build/lib/tldw_chatbook/DB/migrations
copying tldw_chatbook/DB/migrations/chachanotes_v42_to_v43_research_quick_note_proofs.sql -> build/lib/tldw_chatbook/DB/migrations
copying tldw_chatbook/DB/migrations/chachanotes_v26_to_v27_citation_provenance.sql -> build/lib/tldw_chatbook/DB/migrations
copying tldw_chatbook/DB/migrations/chachanotes_v33_to_v34_visual_compaction_policy.sql -> build/lib/tldw_chatbook/DB/migrations
copying tldw_chatbook/DB/migrations/chachanotes_v63_to_v64_auxiliary_timed_out_status.sql -> build/lib/tldw_chatbook/DB/migrations
copying tldw_chatbook/DB/migrations/chachanotes_v36_to_v37_provider_continuation.sql -> build/lib/tldw_chatbook/DB/migrations
copying tldw_chatbook/DB/migrations/chachanotes_v66_to_v67_canvas_revisions.sql -> build/lib/tldw_chatbook/DB/migrations
copying tldw_chatbook/DB/migrations/chachanotes_v51_to_v52_console_thinking.sql -> build/lib/tldw_chatbook/DB/migrations
copying tldw_chatbook/DB/migrations/chachanotes_v59_to_v60_note_sync_publication_intents.sql -> build/lib/tldw_chatbook/DB/migrations
copying tldw_chatbook/DB/migrations/chachanotes_v34_to_v35_conversation_dictionary_attachments.sql -> build/lib/tldw_chatbook/DB/migrations
copying tldw_chatbook/DB/migrations/chachanotes_v41_to_v42_console_project_context.sql -> build/lib/tldw_chatbook/DB/migrations
copying tldw_chatbook/DB/migrations/chachanotes_v23_to_v24_conversation_active_leaf.sql -> build/lib/tldw_chatbook/DB/migrations
copying tldw_chatbook/DB/migrations/workspaces_v7_to_v8_explicit_none.sql -> build/lib/tldw_chatbook/DB/migrations
copying tldw_chatbook/DB/migrations/chachanotes_v21_to_v22_world_book_entry_regex.sql -> build/lib/tldw_chatbook/DB/migrations
copying tldw_chatbook/DB/migrations/chachanotes_v24_to_v25_message_generation_metadata.sql -> build/lib/tldw_chatbook/DB/migrations
copying tldw_chatbook/DB/migrations/chachanotes_v49_to_v50_console_policy_tombstone_cleanup.sql -> build/lib/tldw_chatbook/DB/migrations
copying tldw_chatbook/DB/migrations/chachanotes_v50_to_v51_console_full_capture.sql -> build/lib/tldw_chatbook/DB/migrations
copying tldw_chatbook/DB/migrations/chachanotes_v67_to_v68_canvas_runtime_profiles.sql -> build/lib/tldw_chatbook/DB/migrations
copying tldw_chatbook/DB/migrations/chachanotes_v38_to_v39_visual_identity.sql -> build/lib/tldw_chatbook/DB/migrations
copying tldw_chatbook/DB/migrations/workspaces_v3_to_v4_quick_note_receipts.sql -> build/lib/tldw_chatbook/DB/migrations
copying tldw_chatbook/DB/migrations/chachanotes_v53_to_v54_active_leaf_before_message.sql -> build/lib/tldw_chatbook/DB/migrations
copying tldw_chatbook/DB/migrations/chachanotes_v30_to_v31_message_metadata.sql -> build/lib/tldw_chatbook/DB/migrations
copying tldw_chatbook/DB/migrations/chachanotes_v22_to_v23_character_expression_images.sql -> build/lib/tldw_chatbook/DB/migrations
copying tldw_chatbook/DB/migrations/workspaces_v1_to_v2_name_unique_index.sql -> build/lib/tldw_chatbook/DB/migrations
copying tldw_chatbook/DB/migrations/chachanotes_v69_to_v70_independent_buddy.sql -> build/lib/tldw_chatbook/DB/migrations
copying tldw_chatbook/DB/migrations/library_collections_v2_to_v3_extraction_leases.sql -> build/lib/tldw_chatbook/DB/migrations
copying tldw_chatbook/DB/migrations/chachanotes_v58_to_v59_note_organization_tool_receipts.sql -> build/lib/tldw_chatbook/DB/migrations
copying tldw_chatbook/DB/migrations/subscriptions_v1_to_v2_briefing_provenance.sql -> build/lib/tldw_chatbook/DB/migrations
copying tldw_chatbook/DB/migrations/chachanotes_v42_to_v43_message_exchanges.sql -> build/lib/tldw_chatbook/DB/migrations
copying tldw_chatbook/DB/migrations/chachanotes_v46_to_v47_messages_fts_backfill_guards.sql -> build/lib/tldw_chatbook/DB/migrations
copying tldw_chatbook/DB/migrations/add_sync_fields_to_notes.sql -> build/lib/tldw_chatbook/DB/migrations
copying tldw_chatbook/DB/migrations/workspaces_v6_to_v7_assistant_defaults.sql -> build/lib/tldw_chatbook/DB/migrations
copying tldw_chatbook/DB/migrations/chachanotes_v20_to_v21_world_book_entry_priority.sql -> build/lib/tldw_chatbook/DB/migrations
copying tldw_chatbook/DB/migrations/chachanotes_v43_to_v44_sync_conflict_preservation.sql -> build/lib/tldw_chatbook/DB/migrations
copying tldw_chatbook/DB/migrations/chachanotes_v45_to_v46_sync_log_retention.sql -> build/lib/tldw_chatbook/DB/migrations
copying tldw_chatbook/DB/migrations/chachanotes_v60_to_v61_agent_lessons_seed.sql -> build/lib/tldw_chatbook/DB/migrations
copying tldw_chatbook/DB/migrations/chachanotes_v19_to_v20_conversation_metadata.sql -> build/lib/tldw_chatbook/DB/migrations
copying tldw_chatbook/DB/migrations/chachanotes_v32_to_v33_console_context_memory.sql -> build/lib/tldw_chatbook/DB/migrations
copying tldw_chatbook/DB/migrations/chachanotes_v68_to_v69_console_trace_source_pin.sql -> build/lib/tldw_chatbook/DB/migrations
copying tldw_chatbook/DB/migrations/workspaces_v5_to_v6_quick_note_recovery.sql -> build/lib/tldw_chatbook/DB/migrations
creating build/lib/tldw_chatbook/Video_Generation/workflows
copying tldw_chatbook/Video_Generation/workflows/minimax_h3_t2v.json -> build/lib/tldw_chatbook/Video_Generation/workflows
copying tldw_chatbook/Video_Generation/workflows/minimax_h3_t2v_spectrum.json -> build/lib/tldw_chatbook/Video_Generation/workflows
copying tldw_chatbook/Config_Files/openai_tts_mappings.json -> build/lib/tldw_chatbook/Config_Files
copying tldw_chatbook/Config_Files/note_templates_with_sync.json -> build/lib/tldw_chatbook/Config_Files
copying tldw_chatbook/Config_Files/note_templates.json -> build/lib/tldw_chatbook/Config_Files
copying tldw_chatbook/Config_Files/EMBEDDING_DEFAULTS_README.md -> build/lib/tldw_chatbook/Config_Files
copying tldw_chatbook/Config_Files/note_templates_guide.md -> build/lib/tldw_chatbook/Config_Files
copying tldw_chatbook/Config_Files/rag_pipelines.toml -> build/lib/tldw_chatbook/Config_Files
copying tldw_chatbook/tldw_api/LICENSE -> build/lib/tldw_chatbook/tldw_api
creating build/lib/tldw_chatbook/Web_Server/static
copying tldw_chatbook/Web_Server/static/served_shell.html -> build/lib/tldw_chatbook/Web_Server/static
copying tldw_chatbook/Web_Server/static/served_shell.css -> build/lib/tldw_chatbook/Web_Server/static
copying tldw_chatbook/Web_Server/static/served_shell.js -> build/lib/tldw_chatbook/Web_Server/static
copying tldw_chatbook/Chunking/engine/LICENSE -> build/lib/tldw_chatbook/Chunking/engine
creating build/lib/tldw_chatbook/Chunking/engine/LICENSES
copying tldw_chatbook/Chunking/engine/LICENSES/GPL-3.0-only.txt -> build/lib/tldw_chatbook/Chunking/engine/LICENSES
copying tldw_chatbook/Audio/audiotap/main.swift -> build/lib/tldw_chatbook/Audio/audiotap
copying tldw_chatbook/Third_Party/aider/LICENSE.txt -> build/lib/tldw_chatbook/Third_Party/aider
copying tldw_chatbook/Third_Party/textual_fspicker/LICENSE -> build/lib/tldw_chatbook/Third_Party/textual_fspicker
creating build/lib/tldw_profile_core/schemas
copying packages/tldw_profile_core/src/tldw_profile_core/schemas/personal-context-v1.json -> build/lib/tldw_profile_core/schemas
copying packages/tldw_profile_core/src/tldw_profile_core/schemas/personal-context-v1-meta.json -> build/lib/tldw_profile_core/schemas
creating build/lib/tldw_profile_core/fixtures/v1
copying packages/tldw_profile_core/src/tldw_profile_core/fixtures/v1/32-lowercase-datetime-syntax.json -> build/lib/tldw_profile_core/fixtures/v1
copying packages/tldw_profile_core/src/tldw_profile_core/fixtures/v1/19-jcs-conformance.json -> build/lib/tldw_profile_core/fixtures/v1
copying packages/tldw_profile_core/src/tldw_profile_core/fixtures/v1/26-resolved-proposal-timestamp-order.json -> build/lib/tldw_profile_core/fixtures/v1
copying packages/tldw_profile_core/src/tldw_profile_core/fixtures/v1/30-numeric-epoch-timestamp.json -> build/lib/tldw_profile_core/fixtures/v1
copying packages/tldw_profile_core/src/tldw_profile_core/fixtures/v1/41-integer-proposal-confidence.json -> build/lib/tldw_profile_core/fixtures/v1
copying packages/tldw_profile_core/src/tldw_profile_core/fixtures/v1/08-missing-proposal-base.json -> build/lib/tldw_profile_core/fixtures/v1
copying packages/tldw_profile_core/src/tldw_profile_core/fixtures/v1/22-manifest-timestamp-order.json -> build/lib/tldw_profile_core/fixtures/v1
copying packages/tldw_profile_core/src/tldw_profile_core/fixtures/v1/42-integral-float-schema-version.json -> build/lib/tldw_profile_core/fixtures/v1
copying packages/tldw_profile_core/src/tldw_profile_core/fixtures/v1/03-active-record.json -> build/lib/tldw_profile_core/fixtures/v1
copying packages/tldw_profile_core/src/tldw_profile_core/fixtures/v1/25-record-expiry-order.json -> build/lib/tldw_profile_core/fixtures/v1
copying packages/tldw_profile_core/src/tldw_profile_core/fixtures/v1/09-deleted-with-content.json -> build/lib/tldw_profile_core/fixtures/v1
copying packages/tldw_profile_core/src/tldw_profile_core/fixtures/v1/18-pending-deleted-proposed-record.json -> build/lib/tldw_profile_core/fixtures/v1
copying packages/tldw_profile_core/src/tldw_profile_core/fixtures/v1/14-pending-89-day-expiry.json -> build/lib/tldw_profile_core/fixtures/v1
copying packages/tldw_profile_core/src/tldw_profile_core/fixtures/v1/36-integral-float-manifest-counter.json -> build/lib/tldw_profile_core/fixtures/v1
copying packages/tldw_profile_core/src/tldw_profile_core/fixtures/v1/43-boolean-schema-version.json -> build/lib/tldw_profile_core/fixtures/v1
copying packages/tldw_profile_core/src/tldw_profile_core/fixtures/v1/07-working-context-expiry.json -> build/lib/tldw_profile_core/fixtures/v1
copying packages/tldw_profile_core/src/tldw_profile_core/fixtures/v1/20-invalid-manifest-timestamp.json -> build/lib/tldw_profile_core/fixtures/v1
copying packages/tldw_profile_core/src/tldw_profile_core/fixtures/v1/44-string-schema-version.json -> build/lib/tldw_profile_core/fixtures/v1
copying packages/tldw_profile_core/src/tldw_profile_core/fixtures/v1/39-string-proposal-confidence.json -> build/lib/tldw_profile_core/fixtures/v1
copying packages/tldw_profile_core/src/tldw_profile_core/fixtures/v1/29-proposed-record-timestamp-order.json -> build/lib/tldw_profile_core/fixtures/v1
copying packages/tldw_profile_core/src/tldw_profile_core/fixtures/v1/27-submillisecond-timestamp.json -> build/lib/tldw_profile_core/fixtures/v1
copying packages/tldw_profile_core/src/tldw_profile_core/fixtures/v1/34-string-manifest-counter.json -> build/lib/tldw_profile_core/fixtures/v1
copying packages/tldw_profile_core/src/tldw_profile_core/fixtures/v1/02-scope.json -> build/lib/tldw_profile_core/fixtures/v1
copying packages/tldw_profile_core/src/tldw_profile_core/fixtures/v1/06-unknown-field-version.json -> build/lib/tldw_profile_core/fixtures/v1
copying packages/tldw_profile_core/src/tldw_profile_core/fixtures/v1/10-working-context-missing-expiry.json -> build/lib/tldw_profile_core/fixtures/v1
copying packages/tldw_profile_core/src/tldw_profile_core/fixtures/v1/40-boolean-proposal-confidence.json -> build/lib/tldw_profile_core/fixtures/v1
copying packages/tldw_profile_core/src/tldw_profile_core/fixtures/v1/23-scope-timestamp-order.json -> build/lib/tldw_profile_core/fixtures/v1
copying packages/tldw_profile_core/src/tldw_profile_core/fixtures/v1/28-unsafe-manifest-integer.json -> build/lib/tldw_profile_core/fixtures/v1
copying packages/tldw_profile_core/src/tldw_profile_core/fixtures/v1/05-proposal.json -> build/lib/tldw_profile_core/fixtures/v1
copying packages/tldw_profile_core/src/tldw_profile_core/fixtures/v1/37-string-no-expiry.json -> build/lib/tldw_profile_core/fixtures/v1
copying packages/tldw_profile_core/src/tldw_profile_core/fixtures/v1/04-deleted-tombstone.json -> build/lib/tldw_profile_core/fixtures/v1
copying packages/tldw_profile_core/src/tldw_profile_core/fixtures/v1/33-four-digit-fraction-timestamp.json -> build/lib/tldw_profile_core/fixtures/v1
copying packages/tldw_profile_core/src/tldw_profile_core/fixtures/v1/31-space-datetime-syntax.json -> build/lib/tldw_profile_core/fixtures/v1
copying packages/tldw_profile_core/src/tldw_profile_core/fixtures/v1/35-boolean-manifest-counter.json -> build/lib/tldw_profile_core/fixtures/v1
copying packages/tldw_profile_core/src/tldw_profile_core/fixtures/v1/38-numeric-no-expiry.json -> build/lib/tldw_profile_core/fixtures/v1
copying packages/tldw_profile_core/src/tldw_profile_core/fixtures/v1/12-update-missing-content.json -> build/lib/tldw_profile_core/fixtures/v1
copying packages/tldw_profile_core/src/tldw_profile_core/fixtures/v1/21-naive-scope-timestamp.json -> build/lib/tldw_profile_core/fixtures/v1
copying packages/tldw_profile_core/src/tldw_profile_core/fixtures/v1/11-kind-payload-mismatch.json -> build/lib/tldw_profile_core/fixtures/v1
copying packages/tldw_profile_core/src/tldw_profile_core/fixtures/v1/15-proposal-identity-mismatch.json -> build/lib/tldw_profile_core/fixtures/v1
copying packages/tldw_profile_core/src/tldw_profile_core/fixtures/v1/24-record-timestamp-order.json -> build/lib/tldw_profile_core/fixtures/v1
copying packages/tldw_profile_core/src/tldw_profile_core/fixtures/v1/01-manifest.json -> build/lib/tldw_profile_core/fixtures/v1
copying packages/tldw_profile_core/src/tldw_profile_core/fixtures/v1/16-proposal-base-mismatch.json -> build/lib/tldw_profile_core/fixtures/v1
copying packages/tldw_profile_core/src/tldw_profile_core/fixtures/v1/17-multibyte-canonical-overflow.json -> build/lib/tldw_profile_core/fixtures/v1
copying packages/tldw_profile_core/src/tldw_profile_core/fixtures/v1/13-create-missing-content.json -> build/lib/tldw_profile_core/fixtures/v1
copying packages/tldw_profile_core/src/tldw_profile_core/fixtures/v1/45-out-of-range-proposal-confidence.json -> build/lib/tldw_profile_core/fixtures/v1
installing to build/bdist.macosx-11.0-arm64/wheel
running install
running install_lib
creating build/bdist.macosx-11.0-arm64/wheel
creating build/bdist.macosx-11.0-arm64/wheel/tldw_chatbook
creating build/bdist.macosx-11.0-arm64/wheel/tldw_chatbook/Evaluations_Interop
copying build/lib/tldw_chatbook/Evaluations_Interop/__init__.py -> build/bdist.macosx-11.0-arm64/wheel/./tldw_chatbook/Evaluations_Interop
copying build/lib/tldw_chatbook/Evaluations_Interop/local_evaluations_service.py -> build/bdist.macosx-11.0-arm64/wheel/./tldw_chatbook/Evaluations_Interop
copying build/lib/tldw_chatbook/Evaluations_Interop/server_evaluations_service.py -> build/bdist.macosx-11.0-arm64/wheel/./tldw_chatbook/Evaluations_Interop
copying build/lib/tldw_chatbook/Evaluations_Interop/evaluation_normalizers.py -> build/bdist.macosx-11.0-arm64/wheel/./tldw_chatbook/Evaluations_Interop
copying build/lib/tldw_chatbook/Evaluations_Interop/evaluation_scope_service.py -> build/bdist.macosx-11.0-arm64/wheel/./tldw_chatbook/Evaluations_Interop
creating build/bdist.macosx-11.0-arm64/wheel/tldw_chatbook/Metrics
copying build/lib/tldw_chatbook/Metrics/metrics.py -> build/bdist.macosx-11.0-arm64/wheel/./tldw_chatbook/Metrics
copying build/lib/tldw_chatbook/Metrics/Otel_Metrics.py -> build/bdist.macosx-11.0-arm64/wheel/./tldw_chatbook/Metrics
copying build/lib/tldw_chatbook/Metrics/logger_config.py -> build/bdist.macosx-11.0-arm64/wheel/./tldw_chatbook/Metrics
copying build/lib/tldw_chatbook/Metrics/__init__.py -> build/bdist.macosx-11.0-arm64/wheel/./tldw_chatbook/Metrics
copying build/lib/tldw_chatbook/Metrics/metrics_logger.py -> build/bdist.macosx-11.0-arm64/wheel/./tldw_chatbook/Metrics
creating build/bdist.macosx-11.0-arm64/wheel/tldw_chatbook/Feedback_Interop
copying build/lib/tldw_chatbook/Feedback_Interop/feedback_scope_service.py -> build/bdist.macosx-11.0-arm64/wheel/./tldw_chatbook/Feedback_Interop
copying build/lib/tldw_chatbook/Feedback_Interop/__init__.py -> build/bdist.macosx-11.0-arm64/wheel/./tldw_chatbook/Feedback_Interop
copying build/lib/tldw_chatbook/Feedback_Interop/server_feedback_service.py -> build/bdist.macosx-11.0-arm64/wheel/./tldw_chatbook/Feedback_Interop
copying build/lib/tldw_chatbook/Feedback_Interop/local_feedback_service.py -> build/bdist.macosx-11.0-arm64/wheel/./tldw_chatbook/Feedback_Interop
creating build/bdist.macosx-11.0-arm64/wheel/tldw_chatbook/UI
copying build/lib/tldw_chatbook/UI/stable_command_palette.py -> build/bdist.macosx-11.0-arm64/wheel/./tldw_chatbook/UI
copying build/lib/tldw_chatbook/UI/ChatbookCreationWindow.py -> build/bdist.macosx-11.0-arm64/wheel/./tldw_chatbook/UI
copying build/lib/tldw_chatbook/UI/tools_settings_messages.py -> build/bdist.macosx-11.0-arm64/wheel/./tldw_chatbook/UI
creating build/bdist.macosx-11.0-arm64/wheel/tldw_chatbook/UI/Evals
copying build/lib/tldw_chatbook/UI/Evals/evals_state.py -> build/bdist.macosx-11.0-arm64/wheel/./tldw_chatbook/UI/Evals
copying build/lib/tldw_chatbook/UI/Evals/bench_editor.py -> build/bdist.macosx-11.0-arm64/wheel/./tldw_chatbook/UI/Evals
copying build/lib/tldw_chatbook/UI/Evals/character_bench_editor.py -> build/bdist.macosx-11.0-arm64/wheel/./tldw_chatbook/UI/Evals
copying build/lib/tldw_chatbook/UI/Evals/snippet_editor.py -> build/bdist.macosx-11.0-arm64/wheel/./tldw_chatbook/UI/Evals
copying build/lib/tldw_chatbook/UI/Evals/inspector.py -> build/bdist.macosx-11.0-arm64/wheel/./tldw_chatbook/UI/Evals
copying build/lib/tldw_chatbook/UI/Evals/results_grid.py -> build/bdist.macosx-11.0-arm64/wheel/./tldw_chatbook/UI/Evals
copying build/lib/tldw_chatbook/UI/Evals/sample_bench.py -> build/bdist.macosx-11.0-arm64/wheel/./tldw_chatbook/UI/Evals
copying build/lib/tldw_chatbook/UI/Evals/notify_mixin.py -> build/bdist.macosx-11.0-arm64/wheel/./tldw_chatbook/UI/Evals
copying build/lib/tldw_chatbook/UI/Evals/library_rail.py -> build/bdist.macosx-11.0-arm64/wheel/./tldw_chatbook/UI/Evals
copying build/lib/tldw_chatbook/UI/Evals/card_picker.py -> build/bdist.macosx-11.0-arm64/wheel/./tldw_chatbook/UI/Evals
copying build/lib/tldw_chatbook/UI/server_chatbook_service_lease.py -> build/bdist.macosx-11.0-arm64/wheel/./tldw_chatbook/UI
copying build/lib/tldw_chatbook/UI/image_gen_command_provider.py -> build/bdist.macosx-11.0-arm64/wheel/./tldw_chatbook/UI
copying build/lib/tldw_chatbook/UI/stts_profile_library.py -> build/bdist.macosx-11.0-arm64/wheel/./tldw_chatbook/UI
copying build/lib/tldw_chatbook/UI/ChatbookExportManagementWindow.py -> build/bdist.macosx-11.0-arm64/wheel/./tldw_chatbook/UI
creating build/bdist.macosx-11.0-arm64/wheel/tldw_chatbook/UI/Library_Modules
copying build/lib/tldw_chatbook/UI/Library_Modules/canvas_sync.py -> build/bdist.macosx-11.0-arm64/wheel/./tldw_chatbook/UI/Library_Modules
copying build/lib/tldw_chatbook/UI/Library_Modules/library_conversations_state.py -> build/bdist.macosx-11.0-arm64/wheel/./tldw_chatbook/UI/Library_Modules
copying build/lib/tldw_chatbook/UI/Library_Modules/library_media_browse_controller.py -> build/bdist.macosx-11.0-arm64/wheel/./tldw_chatbook/UI/Library_Modules
copying build/lib/tldw_chatbook/UI/Library_Modules/library_export_state.py -> build/bdist.macosx-11.0-arm64/wheel/./tldw_chatbook/UI/Library_Modules
copying build/lib/tldw_chatbook/UI/Library_Modules/library_notes_state.py -> build/bdist.macosx-11.0-arm64/wheel/./tldw_chatbook/UI/Library_Modules
copying build/lib/tldw_chatbook/UI/Library_Modules/prompt_history_region.py -> build/bdist.macosx-11.0-arm64/wheel/./tldw_chatbook/UI/Library_Modules
copying build/lib/tldw_chatbook/UI/Library_Modules/library_media_trash_browse_controller.py -> build/bdist.macosx-11.0-arm64/wheel/./tldw_chatbook/UI/Library_Modules
copying build/lib/tldw_chatbook/UI/Library_Modules/library_media_controller.py -> build/bdist.macosx-11.0-arm64/wheel/./tldw_chatbook/UI/Library_Modules
copying build/lib/tldw_chatbook/UI/Library_Modules/library_prompts_state.py -> build/bdist.macosx-11.0-arm64/wheel/./tldw_chatbook/UI/Library_Modules
copying build/lib/tldw_chatbook/UI/Library_Modules/library_note_import_controller.py -> build/bdist.macosx-11.0-arm64/wheel/./tldw_chatbook/UI/Library_Modules
copying build/lib/tldw_chatbook/UI/Library_Modules/library_unavailable_navigation.py -> build/bdist.macosx-11.0-arm64/wheel/./tldw_chatbook/UI/Library_Modules
copying build/lib/tldw_chatbook/UI/Library_Modules/library_browse_route_swap.py -> build/bdist.macosx-11.0-arm64/wheel/./tldw_chatbook/UI/Library_Modules
copying build/lib/tldw_chatbook/UI/Library_Modules/prompt_history.py -> build/bdist.macosx-11.0-arm64/wheel/./tldw_chatbook/UI/Library_Modules
copying build/lib/tldw_chatbook/UI/Library_Modules/library_rag_search_controller.py -> build/bdist.macosx-11.0-arm64/wheel/./tldw_chatbook/UI/Library_Modules
copying build/lib/tldw_chatbook/UI/Library_Modules/screen_constants.py -> build/bdist.macosx-11.0-arm64/wheel/./tldw_chatbook/UI/Library_Modules
copying build/lib/tldw_chatbook/UI/Library_Modules/library_conversations_controller.py -> build/bdist.macosx-11.0-arm64/wheel/./tldw_chatbook/UI/Library_Modules
copying build/lib/tldw_chatbook/UI/Library_Modules/library_media_state.py -> build/bdist.macosx-11.0-arm64/wheel/./tldw_chatbook/UI/Library_Modules
copying build/lib/tldw_chatbook/UI/Library_Modules/library_inspection_admission.py -> build/bdist.macosx-11.0-arm64/wheel/./tldw_chatbook/UI/Library_Modules
copying build/lib/tldw_chatbook/UI/Library_Modules/library_character_repair_controller.py -> build/bdist.macosx-11.0-arm64/wheel/./tldw_chatbook/UI/Library_Modules
copying build/lib/tldw_chatbook/UI/Library_Modules/library_skills_controller.py -> build/bdist.macosx-11.0-arm64/wheel/./tldw_chatbook/UI/Library_Modules
copying build/lib/tldw_chatbook/UI/Library_Modules/__init__.py -> build/bdist.macosx-11.0-arm64/wheel/./tldw_chatbook/UI/Library_Modules
copying build/lib/tldw_chatbook/UI/Library_Modules/library_prompts_controller.py -> build/bdist.macosx-11.0-arm64/wheel/./tldw_chatbook/UI/Library_Modules
copying build/lib/tldw_chatbook/UI/Library_Modules/screen_support_types.py -> build/bdist.macosx-11.0-arm64/wheel/./tldw_chatbook/UI/Library_Modules
copying build/lib/tldw_chatbook/UI/Library_Modules/library_skill_import_controller.py -> build/bdist.macosx-11.0-arm64/wheel/./tldw_chatbook/UI/Library_Modules
copying build/lib/tldw_chatbook/UI/Library_Modules/library_ingest_state.py -> build/bdist.macosx-11.0-arm64/wheel/./tldw_chatbook/UI/Library_Modules
copying build/lib/tldw_chatbook/UI/Library_Modules/skill_import_choice_modal.py -> build/bdist.macosx-11.0-arm64/wheel/./tldw_chatbook/UI/Library_Modules
copying build/lib/tldw_chatbook/UI/Library_Modules/prompt_collection_manager_modal.py -> build/bdist.macosx-11.0-arm64/wheel/./tldw_chatbook/UI/Library_Modules
copying build/lib/tldw_chatbook/UI/Library_Modules/library_snapshot_cache.py -> build/bdist.macosx-11.0-arm64/wheel/./tldw_chatbook/UI/Library_Modules
copying build/lib/tldw_chatbook/UI/Library_Modules/prompt_collections.py -> build/bdist.macosx-11.0-arm64/wheel/./tldw_chatbook/UI/Library_Modules
copying build/lib/tldw_chatbook/UI/Library_Modules/library_collections_capture_controller.py -> build/bdist.macosx-11.0-arm64/wheel/./tldw_chatbook/UI/Library_Modules
copying build/lib/tldw_chatbook/UI/Library_Modules/library_notes_controller.py -> build/bdist.macosx-11.0-arm64/wheel/./tldw_chatbook/UI/Library_Modules
copying build/lib/tldw_chatbook/UI/Library_Modules/library_skills_state.py -> build/bdist.macosx-11.0-arm64/wheel/./tldw_chatbook/UI/Library_Modules
copying build/lib/tldw_chatbook/UI/Library_Modules/library_collections_controller.py -> build/bdist.macosx-11.0-arm64/wheel/./tldw_chatbook/UI/Library_Modules
copying build/lib/tldw_chatbook/UI/Library_Modules/screen_helpers.py -> build/bdist.macosx-11.0-arm64/wheel/./tldw_chatbook/UI/Library_Modules
copying build/lib/tldw_chatbook/UI/Library_Modules/note_session_port.py -> build/bdist.macosx-11.0-arm64/wheel/./tldw_chatbook/UI/Library_Modules
copying build/lib/tldw_chatbook/UI/Library_Modules/library_navigation_controller.py -> build/bdist.macosx-11.0-arm64/wheel/./tldw_chatbook/UI/Library_Modules
copying build/lib/tldw_chatbook/UI/Library_Modules/library_notes_sync_controller.py -> build/bdist.macosx-11.0-arm64/wheel/./tldw_chatbook/UI/Library_Modules
copying build/lib/tldw_chatbook/UI/Library_Modules/library_ingest_controller.py -> build/bdist.macosx-11.0-arm64/wheel/./tldw_chatbook/UI/Library_Modules
copying build/lib/tldw_chatbook/UI/Library_Modules/library_conversation_reader_controller.py -> build/bdist.macosx-11.0-arm64/wheel/./tldw_chatbook/UI/Library_Modules
copying build/lib/tldw_chatbook/UI/Library_Modules/library_collections_state.py -> build/bdist.macosx-11.0-arm64/wheel/./tldw_chatbook/UI/Library_Modules
copying build/lib/tldw_chatbook/UI/Library_Modules/library_export_controller.py -> build/bdist.macosx-11.0-arm64/wheel/./tldw_chatbook/UI/Library_Modules
copying build/lib/tldw_chatbook/UI/Library_Modules/library_rag_search_state.py -> build/bdist.macosx-11.0-arm64/wheel/./tldw_chatbook/UI/Library_Modules
copying build/lib/tldw_chatbook/UI/Library_Modules/library_skills_browse_controller.py -> build/bdist.macosx-11.0-arm64/wheel/./tldw_chatbook/UI/Library_Modules
copying build/lib/tldw_chatbook/UI/Library_Modules/library_prompt_browse_controller.py -> build/bdist.macosx-11.0-arm64/wheel/./tldw_chatbook/UI/Library_Modules
copying build/lib/tldw_chatbook/UI/Library_Modules/library_notes_work_session.py -> build/bdist.macosx-11.0-arm64/wheel/./tldw_chatbook/UI/Library_Modules
copying build/lib/tldw_chatbook/UI/ChatbookTemplatesWindow.py -> build/bdist.macosx-11.0-arm64/wheel/./tldw_chatbook/UI
copying build/lib/tldw_chatbook/UI/Research_Window.py -> build/bdist.macosx-11.0-arm64/wheel/./tldw_chatbook/UI
copying build/lib/tldw_chatbook/UI/Dictation_Window_Improved.py -> build/bdist.macosx-11.0-arm64/wheel/./tldw_chatbook/UI
copying build/lib/tldw_chatbook/UI/Study_Window.py -> build/bdist.macosx-11.0-arm64/wheel/./tldw_chatbook/UI
creating build/bdist.macosx-11.0-arm64/wheel/tldw_chatbook/UI/Persona_Modules
copying build/lib/tldw_chatbook/UI/Persona_Modules/personas_conversations_controller.py -> build/bdist.macosx-11.0-arm64/wheel/./tldw_chatbook/UI/Persona_Modules
copying build/lib/tldw_chatbook/UI/Persona_Modules/personas_preview_coordinator.py -> build/bdist.macosx-11.0-arm64/wheel/./tldw_chatbook/UI/Persona_Modules
copying build/lib/tldw_chatbook/UI/Persona_Modules/__init__.py -> build/bdist.macosx-11.0-arm64/wheel/./tldw_chatbook/UI/Persona_Modules
copying build/lib/tldw_chatbook/UI/Persona_Modules/personas_preview_controller.py -> build/bdist.macosx-11.0-arm64/wheel/./tldw_chatbook/UI/Persona_Modules
copying build/lib/tldw_chatbook/UI/STTS_Window.py -> build/bdist.macosx-11.0-arm64/wheel/./tldw_chatbook/UI
copying build/lib/tldw_chatbook/UI/Voice_Cloning_Window.py -> build/bdist.macosx-11.0-arm64/wheel/./tldw_chatbook/UI
copying build/lib/tldw_chatbook/UI/console_command_provider.py -> build/bdist.macosx-11.0-arm64/wheel/./tldw_chatbook/UI
creating build/bdist.macosx-11.0-arm64/wheel/tldw_chatbook/UI/Research_Workspace_Modules
copying build/lib/tldw_chatbook/UI/Research_Workspace_Modules/sources_region.py -> build/bdist.macosx-11.0-arm64/wheel/./tldw_chatbook/UI/Research_Workspace_Modules
copying build/lib/tldw_chatbook/UI/Research_Workspace_Modules/header_region.py -> build/bdist.macosx-11.0-arm64/wheel/./tldw_chatbook/UI/Research_Workspace_Modules
copying build/lib/tldw_chatbook/UI/Research_Workspace_Modules/mode_bar.py -> build/bdist.macosx-11.0-arm64/wheel/./tldw_chatbook/UI/Research_Workspace_Modules
copying build/lib/tldw_chatbook/UI/Research_Workspace_Modules/source_list.py -> build/bdist.macosx-11.0-arm64/wheel/./tldw_chatbook/UI/Research_Workspace_Modules
copying build/lib/tldw_chatbook/UI/Research_Workspace_Modules/quick_note_modals.py -> build/bdist.macosx-11.0-arm64/wheel/./tldw_chatbook/UI/Research_Workspace_Modules
copying build/lib/tldw_chatbook/UI/Research_Workspace_Modules/chat_region.py -> build/bdist.macosx-11.0-arm64/wheel/./tldw_chatbook/UI/Research_Workspace_Modules
copying build/lib/tldw_chatbook/UI/Research_Workspace_Modules/add_source_modal.py -> build/bdist.macosx-11.0-arm64/wheel/./tldw_chatbook/UI/Research_Workspace_Modules
copying build/lib/tldw_chatbook/UI/Research_Workspace_Modules/__init__.py -> build/bdist.macosx-11.0-arm64/wheel/./tldw_chatbook/UI/Research_Workspace_Modules
copying build/lib/tldw_chatbook/UI/Research_Workspace_Modules/source_receipt.py -> build/bdist.macosx-11.0-arm64/wheel/./tldw_chatbook/UI/Research_Workspace_Modules
copying build/lib/tldw_chatbook/UI/Research_Workspace_Modules/source_inspector.py -> build/bdist.macosx-11.0-arm64/wheel/./tldw_chatbook/UI/Research_Workspace_Modules
copying build/lib/tldw_chatbook/UI/Research_Workspace_Modules/workspace_menu.py -> build/bdist.macosx-11.0-arm64/wheel/./tldw_chatbook/UI/Research_Workspace_Modules
copying build/lib/tldw_chatbook/UI/Research_Workspace_Modules/quick_notes_section.py -> build/bdist.macosx-11.0-arm64/wheel/./tldw_chatbook/UI/Research_Workspace_Modules
copying build/lib/tldw_chatbook/UI/Research_Workspace_Modules/pane_handle.py -> build/bdist.macosx-11.0-arm64/wheel/./tldw_chatbook/UI/Research_Workspace_Modules
copying build/lib/tldw_chatbook/UI/Research_Workspace_Modules/overlay_conflict_modal.py -> build/bdist.macosx-11.0-arm64/wheel/./tldw_chatbook/UI/Research_Workspace_Modules
copying build/lib/tldw_chatbook/UI/Research_Workspace_Modules/studio_region.py -> build/bdist.macosx-11.0-arm64/wheel/./tldw_chatbook/UI/Research_Workspace_Modules
creating build/bdist.macosx-11.0-arm64/wheel/tldw_chatbook/UI/CCP_Modules
copying build/lib/tldw_chatbook/UI/CCP_Modules/ccp_enhanced_handlers.py -> build/bdist.macosx-11.0-arm64/wheel/./tldw_chatbook/UI/CCP_Modules
copying build/lib/tldw_chatbook/UI/CCP_Modules/ccp_loading_indicators.py -> build/bdist.macosx-11.0-arm64/wheel/./tldw_chatbook/UI/CCP_Modules
copying build/lib/tldw_chatbook/UI/CCP_Modules/__init__.py -> build/bdist.macosx-11.0-arm64/wheel/./tldw_chatbook/UI/CCP_Modules
copying build/lib/tldw_chatbook/UI/CCP_Modules/ccp_messages.py -> build/bdist.macosx-11.0-arm64/wheel/./tldw_chatbook/UI/CCP_Modules
copying build/lib/tldw_chatbook/UI/CCP_Modules/ccp_validators.py -> build/bdist.macosx-11.0-arm64/wheel/./tldw_chatbook/UI/CCP_Modules
copying build/lib/tldw_chatbook/UI/CCP_Modules/ccp_message_manager.py -> build/bdist.macosx-11.0-arm64/wheel/./tldw_chatbook/UI/CCP_Modules
copying build/lib/tldw_chatbook/UI/CCP_Modules/ccp_validation_decorators.py -> build/bdist.macosx-11.0-arm64/wheel/./tldw_chatbook/UI/CCP_Modules
copying build/lib/tldw_chatbook/UI/CCP_Modules/ccp_persona_handler.py -> build/bdist.macosx-11.0-arm64/wheel/./tldw_chatbook/UI/CCP_Modules
copying build/lib/tldw_chatbook/UI/CCP_Modules/ccp_character_handler.py -> build/bdist.macosx-11.0-arm64/wheel/./tldw_chatbook/UI/CCP_Modules
copying build/lib/tldw_chatbook/UI/CodeRepoCopyPasteWindow.py -> build/bdist.macosx-11.0-arm64/wheel/./tldw_chatbook/UI
copying build/lib/tldw_chatbook/UI/MediaWindow_v2.py -> build/bdist.macosx-11.0-arm64/wheel/./tldw_chatbook/UI
copying build/lib/tldw_chatbook/UI/Outputs_Panel.py -> build/bdist.macosx-11.0-arm64/wheel/./tldw_chatbook/UI
creating build/bdist.macosx-11.0-arm64/wheel/tldw_chatbook/UI/Navigation
copying build/lib/tldw_chatbook/UI/Navigation/buddy_speech.py -> build/bdist.macosx-11.0-arm64/wheel/./tldw_chatbook/UI/Navigation
copying build/lib/tldw_chatbook/UI/Navigation/screen_state_store.py -> build/bdist.macosx-11.0-arm64/wheel/./tldw_chatbook/UI/Navigation
copying build/lib/tldw_chatbook/UI/Navigation/shortcut_context.py -> build/bdist.macosx-11.0-arm64/wheel/./tldw_chatbook/UI/Navigation
copying build/lib/tldw_chatbook/UI/Navigation/base_app_screen.py -> build/bdist.macosx-11.0-arm64/wheel/./tldw_chatbook/UI/Navigation
copying build/lib/tldw_chatbook/UI/Navigation/buddy_management.py -> build/bdist.macosx-11.0-arm64/wheel/./tldw_chatbook/UI/Navigation
copying build/lib/tldw_chatbook/UI/Navigation/nav_overflow_menu.py -> build/bdist.macosx-11.0-arm64/wheel/./tldw_chatbook/UI/Navigation
copying build/lib/tldw_chatbook/UI/Navigation/pending_handoff_store.py -> build/bdist.macosx-11.0-arm64/wheel/./tldw_chatbook/UI/Navigation
copying build/lib/tldw_chatbook/UI/Navigation/audio_cpp_model_handoff.py -> build/bdist.macosx-11.0-arm64/wheel/./tldw_chatbook/UI/Navigation
copying build/lib/tldw_chatbook/UI/Navigation/__init__.py -> build/bdist.macosx-11.0-arm64/wheel/./tldw_chatbook/UI/Navigation
copying build/lib/tldw_chatbook/UI/Navigation/_character_conversation_wire.py -> build/bdist.macosx-11.0-arm64/wheel/./tldw_chatbook/UI/Navigation
copying build/lib/tldw_chatbook/UI/Navigation/main_navigation.py -> build/bdist.macosx-11.0-arm64/wheel/./tldw_chatbook/UI/Navigation
copying build/lib/tldw_chatbook/UI/Navigation/screen_registry.py -> build/bdist.macosx-11.0-arm64/wheel/./tldw_chatbook/UI/Navigation
copying build/lib/tldw_chatbook/UI/Navigation/vllm_handoff.py -> build/bdist.macosx-11.0-arm64/wheel/./tldw_chatbook/UI/Navigation
copying build/lib/tldw_chatbook/UI/Navigation/shell_destinations.py -> build/bdist.macosx-11.0-arm64/wheel/./tldw_chatbook/UI/Navigation
copying build/lib/tldw_chatbook/UI/Navigation/conversation_settings_navigation.py -> build/bdist.macosx-11.0-arm64/wheel/./tldw_chatbook/UI/Navigation
copying build/lib/tldw_chatbook/UI/Navigation/buddy_conversation.py -> build/bdist.macosx-11.0-arm64/wheel/./tldw_chatbook/UI/Navigation
copying build/lib/tldw_chatbook/UI/Navigation/character_conversation_navigation.py -> build/bdist.macosx-11.0-arm64/wheel/./tldw_chatbook/UI/Navigation
copying build/lib/tldw_chatbook/UI/Navigation/persona_buddy_overlay.py -> build/bdist.macosx-11.0-arm64/wheel/./tldw_chatbook/UI/Navigation
copying build/lib/tldw_chatbook/UI/Navigation/buddy_workspace.py -> build/bdist.macosx-11.0-arm64/wheel/./tldw_chatbook/UI/Navigation
copying build/lib/tldw_chatbook/UI/Chatbooks_Window_Improved.py -> build/bdist.macosx-11.0-arm64/wheel/./tldw_chatbook/UI
copying build/lib/tldw_chatbook/UI/__init__.py -> build/bdist.macosx-11.0-arm64/wheel/./tldw_chatbook/UI
copying build/lib/tldw_chatbook/UI/SiteConfigSettings.py -> build/bdist.macosx-11.0-arm64/wheel/./tldw_chatbook/UI
copying build/lib/tldw_chatbook/UI/Stats_Window.py -> build/bdist.macosx-11.0-arm64/wheel/./tldw_chatbook/UI
copying build/lib/tldw_chatbook/UI/Sharing_Panel.py -> build/bdist.macosx-11.0-arm64/wheel/./tldw_chatbook/UI
creating build/bdist.macosx-11.0-arm64/wheel/tldw_chatbook/UI/Chunking_Lab_Modules
copying build/lib/tldw_chatbook/UI/Chunking_Lab_Modules/editor_region.py -> build/bdist.macosx-11.0-arm64/wheel/./tldw_chatbook/UI/Chunking_Lab_Modules
copying build/lib/tldw_chatbook/UI/Chunking_Lab_Modules/sample_region.py -> build/bdist.macosx-11.0-arm64/wheel/./tldw_chatbook/UI/Chunking_Lab_Modules
copying build/lib/tldw_chatbook/UI/Chunking_Lab_Modules/__init__.py -> build/bdist.macosx-11.0-arm64/wheel/./tldw_chatbook/UI/Chunking_Lab_Modules
copying build/lib/tldw_chatbook/UI/Chunking_Lab_Modules/dialogs.py -> build/bdist.macosx-11.0-arm64/wheel/./tldw_chatbook/UI/Chunking_Lab_Modules
copying build/lib/tldw_chatbook/UI/Chunking_Lab_Modules/results_region.py -> build/bdist.macosx-11.0-arm64/wheel/./tldw_chatbook/UI/Chunking_Lab_Modules
copying build/lib/tldw_chatbook/UI/character_display_text.py -> build/bdist.macosx-11.0-arm64/wheel/./tldw_chatbook/UI
copying build/lib/tldw_chatbook/UI/focus_ownership.py -> build/bdist.macosx-11.0-arm64/wheel/./tldw_chatbook/UI
creating build/bdist.macosx-11.0-arm64/wheel/tldw_chatbook/UI/Speech
copying build/lib/tldw_chatbook/UI/Speech/speech_playground_pane.py -> build/bdist.macosx-11.0-arm64/wheel/./tldw_chatbook/UI/Speech
copying build/lib/tldw_chatbook/UI/Speech/speech_settings_model.py -> build/bdist.macosx-11.0-arm64/wheel/./tldw_chatbook/UI/Speech
copying build/lib/tldw_chatbook/UI/Speech/speech_action_strip.py -> build/bdist.macosx-11.0-arm64/wheel/./tldw_chatbook/UI/Speech
copying build/lib/tldw_chatbook/UI/Speech/speech_runtime_status.py -> build/bdist.macosx-11.0-arm64/wheel/./tldw_chatbook/UI/Speech
copying build/lib/tldw_chatbook/UI/Speech/speech_settings_group.py -> build/bdist.macosx-11.0-arm64/wheel/./tldw_chatbook/UI/Speech
copying build/lib/tldw_chatbook/UI/Speech/speech_playback_mixin.py -> build/bdist.macosx-11.0-arm64/wheel/./tldw_chatbook/UI/Speech
copying build/lib/tldw_chatbook/UI/Speech/audio_cpp_runtime_card.py -> build/bdist.macosx-11.0-arm64/wheel/./tldw_chatbook/UI/Speech
copying build/lib/tldw_chatbook/UI/Speech/speech_profile_mixin.py -> build/bdist.macosx-11.0-arm64/wheel/./tldw_chatbook/UI/Speech
copying build/lib/tldw_chatbook/UI/Speech/__init__.py -> build/bdist.macosx-11.0-arm64/wheel/./tldw_chatbook/UI/Speech
copying build/lib/tldw_chatbook/UI/Speech/speech_catalog_mixin.py -> build/bdist.macosx-11.0-arm64/wheel/./tldw_chatbook/UI/Speech
copying build/lib/tldw_chatbook/UI/Speech/speech_param_group.py -> build/bdist.macosx-11.0-arm64/wheel/./tldw_chatbook/UI/Speech
copying build/lib/tldw_chatbook/UI/Speech/speech_clone_setup.py -> build/bdist.macosx-11.0-arm64/wheel/./tldw_chatbook/UI/Speech
copying build/lib/tldw_chatbook/UI/Speech/speech_settings_pane.py -> build/bdist.macosx-11.0-arm64/wheel/./tldw_chatbook/UI/Speech
copying build/lib/tldw_chatbook/UI/Speech/speech_settings_mixin.py -> build/bdist.macosx-11.0-arm64/wheel/./tldw_chatbook/UI/Speech
copying build/lib/tldw_chatbook/UI/Speech/speech_synthesis_mixin.py -> build/bdist.macosx-11.0-arm64/wheel/./tldw_chatbook/UI/Speech
copying build/lib/tldw_chatbook/UI/Speech/speech_settings_contracts.py -> build/bdist.macosx-11.0-arm64/wheel/./tldw_chatbook/UI/Speech
copying build/lib/tldw_chatbook/UI/Speech/speech_axis_row.py -> build/bdist.macosx-11.0-arm64/wheel/./tldw_chatbook/UI/Speech
copying build/lib/tldw_chatbook/UI/Speech/speech_effects_pane.py -> build/bdist.macosx-11.0-arm64/wheel/./tldw_chatbook/UI/Speech
copying build/lib/tldw_chatbook/UI/Speech/speech_playground_model.py -> build/bdist.macosx-11.0-arm64/wheel/./tldw_chatbook/UI/Speech
creating build/bdist.macosx-11.0-arm64/wheel/tldw_chatbook/UI/MCP_Modules
copying build/lib/tldw_chatbook/UI/MCP_Modules/mcp_workbench.py -> build/bdist.macosx-11.0-arm64/wheel/./tldw_chatbook/UI/MCP_Modules
copying build/lib/tldw_chatbook/UI/MCP_Modules/mcp_audit_mode.py -> build/bdist.macosx-11.0-arm64/wheel/./tldw_chatbook/UI/MCP_Modules
copying build/lib/tldw_chatbook/UI/MCP_Modules/mcp_rail.py -> build/bdist.macosx-11.0-arm64/wheel/./tldw_chatbook/UI/MCP_Modules
copying build/lib/tldw_chatbook/UI/MCP_Modules/mcp_servers_mode.py -> build/bdist.macosx-11.0-arm64/wheel/./tldw_chatbook/UI/MCP_Modules
copying build/lib/tldw_chatbook/UI/MCP_Modules/__init__.py -> build/bdist.macosx-11.0-arm64/wheel/./tldw_chatbook/UI/MCP_Modules
copying build/lib/tldw_chatbook/UI/MCP_Modules/mcp_server_mutations.py -> build/bdist.macosx-11.0-arm64/wheel/./tldw_chatbook/UI/MCP_Modules
copying build/lib/tldw_chatbook/UI/MCP_Modules/mcp_permissions_mode.py -> build/bdist.macosx-11.0-arm64/wheel/./tldw_chatbook/UI/MCP_Modules
copying build/lib/tldw_chatbook/UI/MCP_Modules/mcp_schema_form.py -> build/bdist.macosx-11.0-arm64/wheel/./tldw_chatbook/UI/MCP_Modules
copying build/lib/tldw_chatbook/UI/MCP_Modules/mcp_tools_mode.py -> build/bdist.macosx-11.0-arm64/wheel/./tldw_chatbook/UI/MCP_Modules
copying build/lib/tldw_chatbook/UI/MCP_Modules/mcp_profile_form.py -> build/bdist.macosx-11.0-arm64/wheel/./tldw_chatbook/UI/MCP_Modules
copying build/lib/tldw_chatbook/UI/MCP_Modules/mcp_inspector.py -> build/bdist.macosx-11.0-arm64/wheel/./tldw_chatbook/UI/MCP_Modules
creating build/bdist.macosx-11.0-arm64/wheel/tldw_chatbook/UI/Screens
copying build/lib/tldw_chatbook/UI/Screens/skills_screen.py -> build/bdist.macosx-11.0-arm64/wheel/./tldw_chatbook/UI/Screens
copying build/lib/tldw_chatbook/UI/Screens/media_runtime_state.py -> build/bdist.macosx-11.0-arm64/wheel/./tldw_chatbook/UI/Screens
copying build/lib/tldw_chatbook/UI/Screens/profile_interview_screen.py -> build/bdist.macosx-11.0-arm64/wheel/./tldw_chatbook/UI/Screens
copying build/lib/tldw_chatbook/UI/Screens/chunking_lab_screen.py -> build/bdist.macosx-11.0-arm64/wheel/./tldw_chatbook/UI/Screens
copying build/lib/tldw_chatbook/UI/Screens/model_external_view.py -> build/bdist.macosx-11.0-arm64/wheel/./tldw_chatbook/UI/Screens
copying build/lib/tldw_chatbook/UI/Screens/watchlists_collections_screen.py -> build/bdist.macosx-11.0-arm64/wheel/./tldw_chatbook/UI/Screens
copying build/lib/tldw_chatbook/UI/Screens/study_screen.py -> build/bdist.macosx-11.0-arm64/wheel/./tldw_chatbook/UI/Screens
copying build/lib/tldw_chatbook/UI/Screens/research_screen.py -> build/bdist.macosx-11.0-arm64/wheel/./tldw_chatbook/UI/Screens
copying build/lib/tldw_chatbook/UI/Screens/model_curated_view.py -> build/bdist.macosx-11.0-arm64/wheel/./tldw_chatbook/UI/Screens
copying build/lib/tldw_chatbook/UI/Screens/model_memory_presenter.py -> build/bdist.macosx-11.0-arm64/wheel/./tldw_chatbook/UI/Screens
copying build/lib/tldw_chatbook/UI/Screens/meetings_screen.py -> build/bdist.macosx-11.0-arm64/wheel/./tldw_chatbook/UI/Screens
copying build/lib/tldw_chatbook/UI/Screens/chat_screen.py -> build/bdist.macosx-11.0-arm64/wheel/./tldw_chatbook/UI/Screens
copying build/lib/tldw_chatbook/UI/Screens/model_browser_state.py -> build/bdist.macosx-11.0-arm64/wheel/./tldw_chatbook/UI/Screens
copying build/lib/tldw_chatbook/UI/Screens/artifacts_screen.py -> build/bdist.macosx-11.0-arm64/wheel/./tldw_chatbook/UI/Screens
copying build/lib/tldw_chatbook/UI/Screens/settings_config_adapter.py -> build/bdist.macosx-11.0-arm64/wheel/./tldw_chatbook/UI/Screens
copying build/lib/tldw_chatbook/UI/Screens/model_catalog_consent.py -> build/bdist.macosx-11.0-arm64/wheel/./tldw_chatbook/UI/Screens
copying build/lib/tldw_chatbook/UI/Screens/settings_library_rag_defaults.py -> build/bdist.macosx-11.0-arm64/wheel/./tldw_chatbook/UI/Screens
copying build/lib/tldw_chatbook/UI/Screens/settings_speech_tts.py -> build/bdist.macosx-11.0-arm64/wheel/./tldw_chatbook/UI/Screens
copying build/lib/tldw_chatbook/UI/Screens/settings_image_gen_defaults.py -> build/bdist.macosx-11.0-arm64/wheel/./tldw_chatbook/UI/Screens
copying build/lib/tldw_chatbook/UI/Screens/image_gen_demo_screen.py -> build/bdist.macosx-11.0-arm64/wheel/./tldw_chatbook/UI/Screens
creating build/bdist.macosx-11.0-arm64/wheel/tldw_chatbook/UI/Screens/scheduling
copying build/lib/tldw_chatbook/UI/Screens/scheduling/workbench_host_screen.py -> build/bdist.macosx-11.0-arm64/wheel/./tldw_chatbook/UI/Screens/scheduling
creating build/bdist.macosx-11.0-arm64/wheel/tldw_chatbook/UI/Screens/scheduling/forms
copying build/lib/tldw_chatbook/UI/Screens/scheduling/forms/automation_definition_form.py -> build/bdist.macosx-11.0-arm64/wheel/./tldw_chatbook/UI/Screens/scheduling/forms
copying build/lib/tldw_chatbook/UI/Screens/scheduling/forms/new_task_choice_modal.py -> build/bdist.macosx-11.0-arm64/wheel/./tldw_chatbook/UI/Screens/scheduling/forms
copying build/lib/tldw_chatbook/UI/Screens/scheduling/forms/__init__.py -> build/bdist.macosx-11.0-arm64/wheel/./tldw_chatbook/UI/Screens/scheduling/forms
copying build/lib/tldw_chatbook/UI/Screens/scheduling/forms/reminder_form.py -> build/bdist.macosx-11.0-arm64/wheel/./tldw_chatbook/UI/Screens/scheduling/forms
copying build/lib/tldw_chatbook/UI/Screens/scheduling/definition_audit_view.py -> build/bdist.macosx-11.0-arm64/wheel/./tldw_chatbook/UI/Screens/scheduling
copying build/lib/tldw_chatbook/UI/Screens/scheduling/__init__.py -> build/bdist.macosx-11.0-arm64/wheel/./tldw_chatbook/UI/Screens/scheduling
copying build/lib/tldw_chatbook/UI/Screens/scheduling/unified_rows.py -> build/bdist.macosx-11.0-arm64/wheel/./tldw_chatbook/UI/Screens/scheduling
copying build/lib/tldw_chatbook/UI/Screens/scheduling/schedules_workbench.py -> build/bdist.macosx-11.0-arm64/wheel/./tldw_chatbook/UI/Screens/scheduling
copying build/lib/tldw_chatbook/UI/Screens/scheduling/results_tab.py -> build/bdist.macosx-11.0-arm64/wheel/./tldw_chatbook/UI/Screens/scheduling
copying build/lib/tldw_chatbook/UI/Screens/scheduling/sync_status_widget.py -> build/bdist.macosx-11.0-arm64/wheel/./tldw_chatbook/UI/Screens/scheduling
copying build/lib/tldw_chatbook/UI/Screens/scheduling/task_detail.py -> build/bdist.macosx-11.0-arm64/wheel/./tldw_chatbook/UI/Screens/scheduling
copying build/lib/tldw_chatbook/UI/Screens/scheduling/conflicts_tab.py -> build/bdist.macosx-11.0-arm64/wheel/./tldw_chatbook/UI/Screens/scheduling
copying build/lib/tldw_chatbook/UI/Screens/scheduling/definition_detail.py -> build/bdist.macosx-11.0-arm64/wheel/./tldw_chatbook/UI/Screens/scheduling
copying build/lib/tldw_chatbook/UI/Screens/schedules_screen.py -> build/bdist.macosx-11.0-arm64/wheel/./tldw_chatbook/UI/Screens
copying build/lib/tldw_chatbook/UI/Screens/evals_screen.py -> build/bdist.macosx-11.0-arm64/wheel/./tldw_chatbook/UI/Screens
copying build/lib/tldw_chatbook/UI/Screens/settings_storage_defaults.py -> build/bdist.macosx-11.0-arm64/wheel/./tldw_chatbook/UI/Screens
copying build/lib/tldw_chatbook/UI/Screens/stats_screen.py -> build/bdist.macosx-11.0-arm64/wheel/./tldw_chatbook/UI/Screens
copying build/lib/tldw_chatbook/UI/Screens/__init__.py -> build/bdist.macosx-11.0-arm64/wheel/./tldw_chatbook/UI/Screens
copying build/lib/tldw_chatbook/UI/Screens/trajectory_screen.py -> build/bdist.macosx-11.0-arm64/wheel/./tldw_chatbook/UI/Screens
copying build/lib/tldw_chatbook/UI/Screens/library_conversations_screen.py -> build/bdist.macosx-11.0-arm64/wheel/./tldw_chatbook/UI/Screens
copying build/lib/tldw_chatbook/UI/Screens/stts_screen.py -> build/bdist.macosx-11.0-arm64/wheel/./tldw_chatbook/UI/Screens
copying build/lib/tldw_chatbook/UI/Screens/lab_frame.py -> build/bdist.macosx-11.0-arm64/wheel/./tldw_chatbook/UI/Screens
copying build/lib/tldw_chatbook/UI/Screens/settings_appearance_defaults.py -> build/bdist.macosx-11.0-arm64/wheel/./tldw_chatbook/UI/Screens
copying build/lib/tldw_chatbook/UI/Screens/library_screen.py -> build/bdist.macosx-11.0-arm64/wheel/./tldw_chatbook/UI/Screens
copying build/lib/tldw_chatbook/UI/Screens/settings_endpoint_probe.py -> build/bdist.macosx-11.0-arm64/wheel/./tldw_chatbook/UI/Screens
copying build/lib/tldw_chatbook/UI/Screens/writing_screen.py -> build/bdist.macosx-11.0-arm64/wheel/./tldw_chatbook/UI/Screens
copying build/lib/tldw_chatbook/UI/Screens/home_screen.py -> build/bdist.macosx-11.0-arm64/wheel/./tldw_chatbook/UI/Screens
copying build/lib/tldw_chatbook/UI/Screens/model_installed_view.py -> build/bdist.macosx-11.0-arm64/wheel/./tldw_chatbook/UI/Screens
copying build/lib/tldw_chatbook/UI/Screens/research_workspace_screen.py -> build/bdist.macosx-11.0-arm64/wheel/./tldw_chatbook/UI/Screens
copying build/lib/tldw_chatbook/UI/Screens/settings_rag_profile_adapter.py -> build/bdist.macosx-11.0-arm64/wheel/./tldw_chatbook/UI/Screens
copying build/lib/tldw_chatbook/UI/Screens/settings_provider_view_model.py -> build/bdist.macosx-11.0-arm64/wheel/./tldw_chatbook/UI/Screens
copying build/lib/tldw_chatbook/UI/Screens/lab_mode_strip.py -> build/bdist.macosx-11.0-arm64/wheel/./tldw_chatbook/UI/Screens
copying build/lib/tldw_chatbook/UI/Screens/settings_video_gen_defaults.py -> build/bdist.macosx-11.0-arm64/wheel/./tldw_chatbook/UI/Screens
copying build/lib/tldw_chatbook/UI/Screens/settings_network_defaults.py -> build/bdist.macosx-11.0-arm64/wheel/./tldw_chatbook/UI/Screens
copying build/lib/tldw_chatbook/UI/Screens/destination_recovery.py -> build/bdist.macosx-11.0-arm64/wheel/./tldw_chatbook/UI/Screens
copying build/lib/tldw_chatbook/UI/Screens/settings_context_memory.py -> build/bdist.macosx-11.0-arm64/wheel/./tldw_chatbook/UI/Screens
copying build/lib/tldw_chatbook/UI/Screens/settings_search_index.py -> build/bdist.macosx-11.0-arm64/wheel/./tldw_chatbook/UI/Screens
copying build/lib/tldw_chatbook/UI/Screens/tools_settings_screen.py -> build/bdist.macosx-11.0-arm64/wheel/./tldw_chatbook/UI/Screens
copying build/lib/tldw_chatbook/UI/Screens/study_scope_models.py -> build/bdist.macosx-11.0-arm64/wheel/./tldw_chatbook/UI/Screens
copying build/lib/tldw_chatbook/UI/Screens/provider_model_resolution.py -> build/bdist.macosx-11.0-arm64/wheel/./tldw_chatbook/UI/Screens
copying build/lib/tldw_chatbook/UI/Screens/media_screen.py -> build/bdist.macosx-11.0-arm64/wheel/./tldw_chatbook/UI/Screens
copying build/lib/tldw_chatbook/UI/Screens/acp_screen.py -> build/bdist.macosx-11.0-arm64/wheel/./tldw_chatbook/UI/Screens
copying build/lib/tldw_chatbook/UI/Screens/settings_privacy_security.py -> build/bdist.macosx-11.0-arm64/wheel/./tldw_chatbook/UI/Screens
copying build/lib/tldw_chatbook/UI/Screens/notes_scope_models.py -> build/bdist.macosx-11.0-arm64/wheel/./tldw_chatbook/UI/Screens
copying build/lib/tldw_chatbook/UI/Screens/settings_config_models.py -> build/bdist.macosx-11.0-arm64/wheel/./tldw_chatbook/UI/Screens
copying build/lib/tldw_chatbook/UI/Screens/personas_screen.py -> build/bdist.macosx-11.0-arm64/wheel/./tldw_chatbook/UI/Screens
copying build/lib/tldw_chatbook/UI/Screens/workflows_screen.py -> build/bdist.macosx-11.0-arm64/wheel/./tldw_chatbook/UI/Screens
copying build/lib/tldw_chatbook/UI/Screens/model_remote_view.py -> build/bdist.macosx-11.0-arm64/wheel/./tldw_chatbook/UI/Screens
copying build/lib/tldw_chatbook/UI/Screens/mcp_screen.py -> build/bdist.macosx-11.0-arm64/wheel/./tldw_chatbook/UI/Screens
copying build/lib/tldw_chatbook/UI/Screens/settings_screen.py -> build/bdist.macosx-11.0-arm64/wheel/./tldw_chatbook/UI/Screens
copying build/lib/tldw_chatbook/UI/Screens/logs_screen.py -> build/bdist.macosx-11.0-arm64/wheel/./tldw_chatbook/UI/Screens
copying build/lib/tldw_chatbook/UI/Screens/llm_screen.py -> build/bdist.macosx-11.0-arm64/wheel/./tldw_chatbook/UI/Screens
copying build/lib/tldw_chatbook/UI/Screens/chatbooks_screen.py -> build/bdist.macosx-11.0-arm64/wheel/./tldw_chatbook/UI/Screens
copying build/lib/tldw_chatbook/UI/Screens/chat_screen_state.py -> build/bdist.macosx-11.0-arm64/wheel/./tldw_chatbook/UI/Screens
copying build/lib/tldw_chatbook/UI/Screens/video_player_screen.py -> build/bdist.macosx-11.0-arm64/wheel/./tldw_chatbook/UI/Screens
copying build/lib/tldw_chatbook/UI/Screens/change_review_screen.py -> build/bdist.macosx-11.0-arm64/wheel/./tldw_chatbook/UI/Screens
creating build/bdist.macosx-11.0-arm64/wheel/tldw_chatbook/UI/Writing_Modules
copying build/lib/tldw_chatbook/UI/Writing_Modules/__init__.py -> build/bdist.macosx-11.0-arm64/wheel/./tldw_chatbook/UI/Writing_Modules
copying build/lib/tldw_chatbook/UI/Writing_Modules/writing_controller.py -> build/bdist.macosx-11.0-arm64/wheel/./tldw_chatbook/UI/Writing_Modules
copying build/lib/tldw_chatbook/UI/Tools_Settings_Window.py -> build/bdist.macosx-11.0-arm64/wheel/./tldw_chatbook/UI
copying build/lib/tldw_chatbook/UI/stts_playground_catalog.py -> build/bdist.macosx-11.0-arm64/wheel/./tldw_chatbook/UI
creating build/bdist.macosx-11.0-arm64/wheel/tldw_chatbook/UI/Watchlists_Modules
copying build/lib/tldw_chatbook/UI/Watchlists_Modules/watchlists_backend_controller.py -> build/bdist.macosx-11.0-arm64/wheel/./tldw_chatbook/UI/Watchlists_Modules
copying build/lib/tldw_chatbook/UI/Watchlists_Modules/inspector_pane.py -> build/bdist.macosx-11.0-arm64/wheel/./tldw_chatbook/UI/Watchlists_Modules
copying build/lib/tldw_chatbook/UI/Watchlists_Modules/kept_briefings_modal.py -> build/bdist.macosx-11.0-arm64/wheel/./tldw_chatbook/UI/Watchlists_Modules
copying build/lib/tldw_chatbook/UI/Watchlists_Modules/briefing_preset_modal.py -> build/bdist.macosx-11.0-arm64/wheel/./tldw_chatbook/UI/Watchlists_Modules
copying build/lib/tldw_chatbook/UI/Watchlists_Modules/table_selection.py -> build/bdist.macosx-11.0-arm64/wheel/./tldw_chatbook/UI/Watchlists_Modules
copying build/lib/tldw_chatbook/UI/Watchlists_Modules/watchlist_tree.py -> build/bdist.macosx-11.0-arm64/wheel/./tldw_chatbook/UI/Watchlists_Modules
copying build/lib/tldw_chatbook/UI/Watchlists_Modules/snapshot_view_modal.py -> build/bdist.macosx-11.0-arm64/wheel/./tldw_chatbook/UI/Watchlists_Modules
copying build/lib/tldw_chatbook/UI/Watchlists_Modules/__init__.py -> build/bdist.macosx-11.0-arm64/wheel/./tldw_chatbook/UI/Watchlists_Modules
copying build/lib/tldw_chatbook/UI/Watchlists_Modules/watchlists_console_handoff.py -> build/bdist.macosx-11.0-arm64/wheel/./tldw_chatbook/UI/Watchlists_Modules
copying build/lib/tldw_chatbook/UI/Watchlists_Modules/humane_time.py -> build/bdist.macosx-11.0-arm64/wheel/./tldw_chatbook/UI/Watchlists_Modules
copying build/lib/tldw_chatbook/UI/Watchlists_Modules/reader_item_snapshot.py -> build/bdist.macosx-11.0-arm64/wheel/./tldw_chatbook/UI/Watchlists_Modules
copying build/lib/tldw_chatbook/UI/Watchlists_Modules/opml_dialogs.py -> build/bdist.macosx-11.0-arm64/wheel/./tldw_chatbook/UI/Watchlists_Modules
copying build/lib/tldw_chatbook/UI/Watchlists_Modules/region_layout.py -> build/bdist.macosx-11.0-arm64/wheel/./tldw_chatbook/UI/Watchlists_Modules
copying build/lib/tldw_chatbook/UI/Watchlists_Modules/watchlists_tab_strip.py -> build/bdist.macosx-11.0-arm64/wheel/./tldw_chatbook/UI/Watchlists_Modules
copying build/lib/tldw_chatbook/UI/Watchlists_Modules/artifacts_pane.py -> build/bdist.macosx-11.0-arm64/wheel/./tldw_chatbook/UI/Watchlists_Modules
copying build/lib/tldw_chatbook/UI/Watchlists_Modules/region_layout_store.py -> build/bdist.macosx-11.0-arm64/wheel/./tldw_chatbook/UI/Watchlists_Modules
copying build/lib/tldw_chatbook/UI/Watchlists_Modules/runs_pane.py -> build/bdist.macosx-11.0-arm64/wheel/./tldw_chatbook/UI/Watchlists_Modules
copying build/lib/tldw_chatbook/UI/Watchlists_Modules/bulk_sources_modal.py -> build/bdist.macosx-11.0-arm64/wheel/./tldw_chatbook/UI/Watchlists_Modules
copying build/lib/tldw_chatbook/UI/Watchlists_Modules/items_pane.py -> build/bdist.macosx-11.0-arm64/wheel/./tldw_chatbook/UI/Watchlists_Modules
copying build/lib/tldw_chatbook/UI/Watchlists_Modules/notifications_pane.py -> build/bdist.macosx-11.0-arm64/wheel/./tldw_chatbook/UI/Watchlists_Modules
copying build/lib/tldw_chatbook/UI/Watchlists_Modules/watchlists_workbench.py -> build/bdist.macosx-11.0-arm64/wheel/./tldw_chatbook/UI/Watchlists_Modules
copying build/lib/tldw_chatbook/UI/Watchlists_Modules/pane_grip.py -> build/bdist.macosx-11.0-arm64/wheel/./tldw_chatbook/UI/Watchlists_Modules
copying build/lib/tldw_chatbook/UI/Watchlists_Modules/article_list.py -> build/bdist.macosx-11.0-arm64/wheel/./tldw_chatbook/UI/Watchlists_Modules
copying build/lib/tldw_chatbook/UI/Watchlists_Modules/rules_pane.py -> build/bdist.macosx-11.0-arm64/wheel/./tldw_chatbook/UI/Watchlists_Modules
copying build/lib/tldw_chatbook/UI/Watchlists_Modules/overview_pane.py -> build/bdist.macosx-11.0-arm64/wheel/./tldw_chatbook/UI/Watchlists_Modules
copying build/lib/tldw_chatbook/UI/Watchlists_Modules/sources_pane.py -> build/bdist.macosx-11.0-arm64/wheel/./tldw_chatbook/UI/Watchlists_Modules
copying build/lib/tldw_chatbook/UI/Watchlists_Modules/content_pane.py -> build/bdist.macosx-11.0-arm64/wheel/./tldw_chatbook/UI/Watchlists_Modules
creating build/bdist.macosx-11.0-arm64/wheel/tldw_chatbook/UI/Study_Modules
copying build/lib/tldw_chatbook/UI/Study_Modules/flashcards_handler.py -> build/bdist.macosx-11.0-arm64/wheel/./tldw_chatbook/UI/Study_Modules
copying build/lib/tldw_chatbook/UI/Study_Modules/__init__.py -> build/bdist.macosx-11.0-arm64/wheel/./tldw_chatbook/UI/Study_Modules
copying build/lib/tldw_chatbook/UI/Study_Modules/quizzes_handler.py -> build/bdist.macosx-11.0-arm64/wheel/./tldw_chatbook/UI/Study_Modules
copying build/lib/tldw_chatbook/UI/MediaWindowV88.py -> build/bdist.macosx-11.0-arm64/wheel/./tldw_chatbook/UI
creating build/bdist.macosx-11.0-arm64/wheel/tldw_chatbook/UI/Workbench
copying build/lib/tldw_chatbook/UI/Workbench/route_inventory.py -> build/bdist.macosx-11.0-arm64/wheel/./tldw_chatbook/UI/Workbench
copying build/lib/tldw_chatbook/UI/Workbench/__init__.py -> build/bdist.macosx-11.0-arm64/wheel/./tldw_chatbook/UI/Workbench
copying build/lib/tldw_chatbook/UI/Workbench/workbench_widgets.py -> build/bdist.macosx-11.0-arm64/wheel/./tldw_chatbook/UI/Workbench
copying build/lib/tldw_chatbook/UI/Workbench/workbench_state.py -> build/bdist.macosx-11.0-arm64/wheel/./tldw_chatbook/UI/Workbench
copying build/lib/tldw_chatbook/UI/Workbench/help.py -> build/bdist.macosx-11.0-arm64/wheel/./tldw_chatbook/UI/Workbench
copying build/lib/tldw_chatbook/UI/Workbench/focus.py -> build/bdist.macosx-11.0-arm64/wheel/./tldw_chatbook/UI/Workbench
copying build/lib/tldw_chatbook/UI/destination_recovery.py -> build/bdist.macosx-11.0-arm64/wheel/./tldw_chatbook/UI
copying build/lib/tldw_chatbook/UI/Writing_Window.py -> build/bdist.macosx-11.0-arm64/wheel/./tldw_chatbook/UI
copying build/lib/tldw_chatbook/UI/LLM_Management_Window.py -> build/bdist.macosx-11.0-arm64/wheel/./tldw_chatbook/UI
copying build/lib/tldw_chatbook/UI/Chatbooks_Window.py -> build/bdist.macosx-11.0-arm64/wheel/./tldw_chatbook/UI
copying build/lib/tldw_chatbook/UI/Logs_Window.py -> build/bdist.macosx-11.0-arm64/wheel/./tldw_chatbook/UI
copying build/lib/tldw_chatbook/UI/tts_profile_recovery.py -> build/bdist.macosx-11.0-arm64/wheel/./tldw_chatbook/UI
creating build/bdist.macosx-11.0-arm64/wheel/tldw_chatbook/UI/Wizards
copying build/lib/tldw_chatbook/UI/Wizards/BaseWizard.py -> build/bdist.macosx-11.0-arm64/wheel/./tldw_chatbook/UI/Wizards
copying build/lib/tldw_chatbook/UI/Wizards/first_run_setup_state.py -> build/bdist.macosx-11.0-arm64/wheel/./tldw_chatbook/UI/Wizards
copying build/lib/tldw_chatbook/UI/Wizards/first_run_voice_step_state.py -> build/bdist.macosx-11.0-arm64/wheel/./tldw_chatbook/UI/Wizards
copying build/lib/tldw_chatbook/UI/Wizards/first_run_recovery_dialog.py -> build/bdist.macosx-11.0-arm64/wheel/./tldw_chatbook/UI/Wizards
copying build/lib/tldw_chatbook/UI/Wizards/__init__.py -> build/bdist.macosx-11.0-arm64/wheel/./tldw_chatbook/UI/Wizards
copying build/lib/tldw_chatbook/UI/Wizards/FirstRunSetupWizard.py -> build/bdist.macosx-11.0-arm64/wheel/./tldw_chatbook/UI/Wizards
copying build/lib/tldw_chatbook/UI/Wizards/ChatbookCreationWizard.py -> build/bdist.macosx-11.0-arm64/wheel/./tldw_chatbook/UI/Wizards
copying build/lib/tldw_chatbook/UI/Wizards/first_run_speech_step_state.py -> build/bdist.macosx-11.0-arm64/wheel/./tldw_chatbook/UI/Wizards
copying build/lib/tldw_chatbook/UI/Wizards/ChatbookImportWizard.py -> build/bdist.macosx-11.0-arm64/wheel/./tldw_chatbook/UI/Wizards
creating build/bdist.macosx-11.0-arm64/wheel/tldw_chatbook/UI/Views
creating build/bdist.macosx-11.0-arm64/wheel/tldw_chatbook/UI/Views/RAGSearch
copying build/lib/tldw_chatbook/UI/Views/RAGSearch/__init__.py -> build/bdist.macosx-11.0-arm64/wheel/./tldw_chatbook/UI/Views/RAGSearch
copying build/lib/tldw_chatbook/UI/Views/RAGSearch/search_handoff.py -> build/bdist.macosx-11.0-arm64/wheel/./tldw_chatbook/UI/Views/RAGSearch
creating build/bdist.macosx-11.0-arm64/wheel/tldw_chatbook/UI/Subscription_Modules
copying build/lib/tldw_chatbook/UI/Subscription_Modules/__init__.py -> build/bdist.macosx-11.0-arm64/wheel/./tldw_chatbook/UI/Subscription_Modules
copying build/lib/tldw_chatbook/UI/Subscription_Modules/notifications_inbox_controller.py -> build/bdist.macosx-11.0-arm64/wheel/./tldw_chatbook/UI/Subscription_Modules
creating build/bdist.macosx-11.0-arm64/wheel/tldw_chatbook/UI/Lab_Modules
copying build/lib/tldw_chatbook/UI/Lab_Modules/lab_rail_store.py -> build/bdist.macosx-11.0-arm64/wheel/./tldw_chatbook/UI/Lab_Modules
copying build/lib/tldw_chatbook/UI/Lab_Modules/lab_speech_status.py -> build/bdist.macosx-11.0-arm64/wheel/./tldw_chatbook/UI/Lab_Modules
copying build/lib/tldw_chatbook/UI/Lab_Modules/__init__.py -> build/bdist.macosx-11.0-arm64/wheel/./tldw_chatbook/UI/Lab_Modules
copying build/lib/tldw_chatbook/UI/Lab_Modules/lab_workbench.py -> build/bdist.macosx-11.0-arm64/wheel/./tldw_chatbook/UI/Lab_Modules
copying build/lib/tldw_chatbook/UI/Lab_Modules/lab_server_status.py -> build/bdist.macosx-11.0-arm64/wheel/./tldw_chatbook/UI/Lab_Modules
copying build/lib/tldw_chatbook/UI/Lab_Modules/lab_rail_layout.py -> build/bdist.macosx-11.0-arm64/wheel/./tldw_chatbook/UI/Lab_Modules
creating build/bdist.macosx-11.0-arm64/wheel/tldw_chatbook/UI/LLM_Management
copying build/lib/tldw_chatbook/UI/LLM_Management/vllm_setup_view.py -> build/bdist.macosx-11.0-arm64/wheel/./tldw_chatbook/UI/LLM_Management
copying build/lib/tldw_chatbook/UI/LLM_Management/__init__.py -> build/bdist.macosx-11.0-arm64/wheel/./tldw_chatbook/UI/LLM_Management
copying build/lib/tldw_chatbook/UI/LLM_Management/vllm_setup.py -> build/bdist.macosx-11.0-arm64/wheel/./tldw_chatbook/UI/LLM_Management
copying build/lib/tldw_chatbook/UI/LLM_Management/vllm_connection.py -> build/bdist.macosx-11.0-arm64/wheel/./tldw_chatbook/UI/LLM_Management
copying build/lib/tldw_chatbook/UI/LLM_Management/vllm_profiles.py -> build/bdist.macosx-11.0-arm64/wheel/./tldw_chatbook/UI/LLM_Management
creating build/bdist.macosx-11.0-arm64/wheel/tldw_chatbook/UI/Widgets
copying build/lib/tldw_chatbook/UI/Widgets/table_click_select.py -> build/bdist.macosx-11.0-arm64/wheel/./tldw_chatbook/UI/Widgets
copying build/lib/tldw_chatbook/UI/Widgets/trajectory_timeline.py -> build/bdist.macosx-11.0-arm64/wheel/./tldw_chatbook/UI/Widgets
copying build/lib/tldw_chatbook/UI/Widgets/__init__.py -> build/bdist.macosx-11.0-arm64/wheel/./tldw_chatbook/UI/Widgets
copying build/lib/tldw_chatbook/UI/Widgets/SmartContentTree.py -> build/bdist.macosx-11.0-arm64/wheel/./tldw_chatbook/UI/Widgets
copying build/lib/tldw_chatbook/UI/Widgets/trace_filter_bar.py -> build/bdist.macosx-11.0-arm64/wheel/./tldw_chatbook/UI/Widgets
copying build/lib/tldw_chatbook/UI/Widgets/config_search_widget.py -> build/bdist.macosx-11.0-arm64/wheel/./tldw_chatbook/UI/Widgets
creating build/bdist.macosx-11.0-arm64/wheel/tldw_chatbook/UI/Console_Modules
copying build/lib/tldw_chatbook/UI/Console_Modules/skill.py -> build/bdist.macosx-11.0-arm64/wheel/./tldw_chatbook/UI/Console_Modules
copying build/lib/tldw_chatbook/UI/Console_Modules/trace_call_recovery.py -> build/bdist.macosx-11.0-arm64/wheel/./tldw_chatbook/UI/Console_Modules
copying build/lib/tldw_chatbook/UI/Console_Modules/library_policy.py -> build/bdist.macosx-11.0-arm64/wheel/./tldw_chatbook/UI/Console_Modules
copying build/lib/tldw_chatbook/UI/Console_Modules/hands_free.py -> build/bdist.macosx-11.0-arm64/wheel/./tldw_chatbook/UI/Console_Modules
copying build/lib/tldw_chatbook/UI/Console_Modules/dictation.py -> build/bdist.macosx-11.0-arm64/wheel/./tldw_chatbook/UI/Console_Modules
copying build/lib/tldw_chatbook/UI/Console_Modules/character_context.py -> build/bdist.macosx-11.0-arm64/wheel/./tldw_chatbook/UI/Console_Modules
copying build/lib/tldw_chatbook/UI/Console_Modules/prompt_queue.py -> build/bdist.macosx-11.0-arm64/wheel/./tldw_chatbook/UI/Console_Modules
copying build/lib/tldw_chatbook/UI/Console_Modules/research_command.py -> build/bdist.macosx-11.0-arm64/wheel/./tldw_chatbook/UI/Console_Modules
copying build/lib/tldw_chatbook/UI/Console_Modules/transcript.py -> build/bdist.macosx-11.0-arm64/wheel/./tldw_chatbook/UI/Console_Modules
copying build/lib/tldw_chatbook/UI/Console_Modules/conversation_token_preparation.py -> build/bdist.macosx-11.0-arm64/wheel/./tldw_chatbook/UI/Console_Modules
copying build/lib/tldw_chatbook/UI/Console_Modules/realtime.py -> build/bdist.macosx-11.0-arm64/wheel/./tldw_chatbook/UI/Console_Modules
copying build/lib/tldw_chatbook/UI/Console_Modules/reaction_preview.py -> build/bdist.macosx-11.0-arm64/wheel/./tldw_chatbook/UI/Console_Modules
copying build/lib/tldw_chatbook/UI/Console_Modules/terminal.py -> build/bdist.macosx-11.0-arm64/wheel/./tldw_chatbook/UI/Console_Modules
copying build/lib/tldw_chatbook/UI/Console_Modules/fleet.py -> build/bdist.macosx-11.0-arm64/wheel/./tldw_chatbook/UI/Console_Modules
copying build/lib/tldw_chatbook/UI/Console_Modules/library_activity.py -> build/bdist.macosx-11.0-arm64/wheel/./tldw_chatbook/UI/Console_Modules
copying build/lib/tldw_chatbook/UI/Console_Modules/session.py -> build/bdist.macosx-11.0-arm64/wheel/./tldw_chatbook/UI/Console_Modules
copying build/lib/tldw_chatbook/UI/Console_Modules/__init__.py -> build/bdist.macosx-11.0-arm64/wheel/./tldw_chatbook/UI/Console_Modules
copying build/lib/tldw_chatbook/UI/Console_Modules/message.py -> build/bdist.macosx-11.0-arm64/wheel/./tldw_chatbook/UI/Console_Modules
copying build/lib/tldw_chatbook/UI/Console_Modules/status_row.py -> build/bdist.macosx-11.0-arm64/wheel/./tldw_chatbook/UI/Console_Modules
copying build/lib/tldw_chatbook/UI/Console_Modules/prompts.py -> build/bdist.macosx-11.0-arm64/wheel/./tldw_chatbook/UI/Console_Modules
copying build/lib/tldw_chatbook/UI/Console_Modules/raw_cli.py -> build/bdist.macosx-11.0-arm64/wheel/./tldw_chatbook/UI/Console_Modules
copying build/lib/tldw_chatbook/UI/Console_Modules/send_price.py -> build/bdist.macosx-11.0-arm64/wheel/./tldw_chatbook/UI/Console_Modules
copying build/lib/tldw_chatbook/UI/Console_Modules/frame.py -> build/bdist.macosx-11.0-arm64/wheel/./tldw_chatbook/UI/Console_Modules
copying build/lib/tldw_chatbook/UI/Console_Modules/retrieval.py -> build/bdist.macosx-11.0-arm64/wheel/./tldw_chatbook/UI/Console_Modules
copying build/lib/tldw_chatbook/UI/Console_Modules/agent.py -> build/bdist.macosx-11.0-arm64/wheel/./tldw_chatbook/UI/Console_Modules
copying build/lib/tldw_chatbook/UI/Console_Modules/review_selection.py -> build/bdist.macosx-11.0-arm64/wheel/./tldw_chatbook/UI/Console_Modules
copying build/lib/tldw_chatbook/UI/Console_Modules/character.py -> build/bdist.macosx-11.0-arm64/wheel/./tldw_chatbook/UI/Console_Modules
copying build/lib/tldw_chatbook/UI/Console_Modules/environment.py -> build/bdist.macosx-11.0-arm64/wheel/./tldw_chatbook/UI/Console_Modules
copying build/lib/tldw_chatbook/UI/Console_Modules/provider_continuation_recovery.py -> build/bdist.macosx-11.0-arm64/wheel/./tldw_chatbook/UI/Console_Modules
copying build/lib/tldw_chatbook/UI/Console_Modules/dispatch_recovery.py -> build/bdist.macosx-11.0-arm64/wheel/./tldw_chatbook/UI/Console_Modules
copying build/lib/tldw_chatbook/UI/Console_Modules/capture_policy_bindings.py -> build/bdist.macosx-11.0-arm64/wheel/./tldw_chatbook/UI/Console_Modules
copying build/lib/tldw_chatbook/UI/Console_Modules/workspace.py -> build/bdist.macosx-11.0-arm64/wheel/./tldw_chatbook/UI/Console_Modules
copying build/lib/tldw_chatbook/UI/Console_Modules/console_spend_projection.py -> build/bdist.macosx-11.0-arm64/wheel/./tldw_chatbook/UI/Console_Modules
copying build/lib/tldw_chatbook/UI/Console_Modules/right_rail.py -> build/bdist.macosx-11.0-arm64/wheel/./tldw_chatbook/UI/Console_Modules
copying build/lib/tldw_chatbook/UI/Console_Modules/video.py -> build/bdist.macosx-11.0-arm64/wheel/./tldw_chatbook/UI/Console_Modules
copying build/lib/tldw_chatbook/UI/Console_Modules/character_avatar_layout.py -> build/bdist.macosx-11.0-arm64/wheel/./tldw_chatbook/UI/Console_Modules
copying build/lib/tldw_chatbook/UI/Console_Modules/image.py -> build/bdist.macosx-11.0-arm64/wheel/./tldw_chatbook/UI/Console_Modules
copying build/lib/tldw_chatbook/UI/Console_Modules/left_rail.py -> build/bdist.macosx-11.0-arm64/wheel/./tldw_chatbook/UI/Console_Modules
copying build/lib/tldw_chatbook/UI/Console_Modules/wiring.py -> build/bdist.macosx-11.0-arm64/wheel/./tldw_chatbook/UI/Console_Modules
copying build/lib/tldw_chatbook/UI/Console_Modules/rail_section_layout.py -> build/bdist.macosx-11.0-arm64/wheel/./tldw_chatbook/UI/Console_Modules
creating build/bdist.macosx-11.0-arm64/wheel/tldw_chatbook/UI/Research_Modules
copying build/lib/tldw_chatbook/UI/Research_Modules/research_controller.py -> build/bdist.macosx-11.0-arm64/wheel/./tldw_chatbook/UI/Research_Modules
copying build/lib/tldw_chatbook/UI/Research_Modules/bundle_rendering.py -> build/bdist.macosx-11.0-arm64/wheel/./tldw_chatbook/UI/Research_Modules
copying build/lib/tldw_chatbook/UI/Research_Modules/__init__.py -> build/bdist.macosx-11.0-arm64/wheel/./tldw_chatbook/UI/Research_Modules
creating build/bdist.macosx-11.0-arm64/wheel/tldw_chatbook/Collections_Interop
copying build/lib/tldw_chatbook/Collections_Interop/__init__.py -> build/bdist.macosx-11.0-arm64/wheel/./tldw_chatbook/Collections_Interop
copying build/lib/tldw_chatbook/Collections_Interop/server_collections_feeds_service.py -> build/bdist.macosx-11.0-arm64/wheel/./tldw_chatbook/Collections_Interop
copying build/lib/tldw_chatbook/Collections_Interop/collections_feeds_scope_service.py -> build/bdist.macosx-11.0-arm64/wheel/./tldw_chatbook/Collections_Interop
creating build/bdist.macosx-11.0-arm64/wheel/tldw_chatbook/Home
copying build/lib/tldw_chatbook/Home/home_rail_state.py -> build/bdist.macosx-11.0-arm64/wheel/./tldw_chatbook/Home
copying build/lib/tldw_chatbook/Home/active_work_adapter.py -> build/bdist.macosx-11.0-arm64/wheel/./tldw_chatbook/Home
copying build/lib/tldw_chatbook/Home/__init__.py -> build/bdist.macosx-11.0-arm64/wheel/./tldw_chatbook/Home
copying build/lib/tldw_chatbook/Home/dashboard_state.py -> build/bdist.macosx-11.0-arm64/wheel/./tldw_chatbook/Home
creating build/bdist.macosx-11.0-arm64/wheel/tldw_chatbook/Personalization_Interop
copying build/lib/tldw_chatbook/Personalization_Interop/personalization_scope_service.py -> build/bdist.macosx-11.0-arm64/wheel/./tldw_chatbook/Personalization_Interop
copying build/lib/tldw_chatbook/Personalization_Interop/__init__.py -> build/bdist.macosx-11.0-arm64/wheel/./tldw_chatbook/Personalization_Interop
copying build/lib/tldw_chatbook/Personalization_Interop/server_personalization_service.py -> build/bdist.macosx-11.0-arm64/wheel/./tldw_chatbook/Personalization_Interop
creating build/bdist.macosx-11.0-arm64/wheel/tldw_chatbook/Writing_Interop
copying build/lib/tldw_chatbook/Writing_Interop/writing_markdown_adapter.py -> build/bdist.macosx-11.0-arm64/wheel/./tldw_chatbook/Writing_Interop
copying build/lib/tldw_chatbook/Writing_Interop/writing_scope_service.py -> build/bdist.macosx-11.0-arm64/wheel/./tldw_chatbook/Writing_Interop
copying build/lib/tldw_chatbook/Writing_Interop/server_writing_service.py -> build/bdist.macosx-11.0-arm64/wheel/./tldw_chatbook/Writing_Interop
copying build/lib/tldw_chatbook/Writing_Interop/__init__.py -> build/bdist.macosx-11.0-arm64/wheel/./tldw_chatbook/Writing_Interop
copying build/lib/tldw_chatbook/Writing_Interop/writing_normalizers.py -> build/bdist.macosx-11.0-arm64/wheel/./tldw_chatbook/Writing_Interop
copying build/lib/tldw_chatbook/Writing_Interop/writing_models.py -> build/bdist.macosx-11.0-arm64/wheel/./tldw_chatbook/Writing_Interop
copying build/lib/tldw_chatbook/Writing_Interop/local_writing_service.py -> build/bdist.macosx-11.0-arm64/wheel/./tldw_chatbook/Writing_Interop
creating build/bdist.macosx-11.0-arm64/wheel/tldw_chatbook/Model_Artifacts
copying build/lib/tldw_chatbook/Model_Artifacts/fetch.py -> build/bdist.macosx-11.0-arm64/wheel/./tldw_chatbook/Model_Artifacts
copying build/lib/tldw_chatbook/Model_Artifacts/store.py -> build/bdist.macosx-11.0-arm64/wheel/./tldw_chatbook/Model_Artifacts
copying build/lib/tldw_chatbook/Model_Artifacts/leases.py -> build/bdist.macosx-11.0-arm64/wheel/./tldw_chatbook/Model_Artifacts
copying build/lib/tldw_chatbook/Model_Artifacts/service.py -> build/bdist.macosx-11.0-arm64/wheel/./tldw_chatbook/Model_Artifacts
copying build/lib/tldw_chatbook/Model_Artifacts/remote_huggingface.py -> build/bdist.macosx-11.0-arm64/wheel/./tldw_chatbook/Model_Artifacts
copying build/lib/tldw_chatbook/Model_Artifacts/machine_memory.py -> build/bdist.macosx-11.0-arm64/wheel/./tldw_chatbook/Model_Artifacts
copying build/lib/tldw_chatbook/Model_Artifacts/__init__.py -> build/bdist.macosx-11.0-arm64/wheel/./tldw_chatbook/Model_Artifacts
copying build/lib/tldw_chatbook/Model_Artifacts/curated_registry.py -> build/bdist.macosx-11.0-arm64/wheel/./tldw_chatbook/Model_Artifacts
copying build/lib/tldw_chatbook/Model_Artifacts/_deferred_gguf_managed_import.py -> build/bdist.macosx-11.0-arm64/wheel/./tldw_chatbook/Model_Artifacts
copying build/lib/tldw_chatbook/Model_Artifacts/machine_memory_probe.py -> build/bdist.macosx-11.0-arm64/wheel/./tldw_chatbook/Model_Artifacts
copying build/lib/tldw_chatbook/Model_Artifacts/acquisition.py -> build/bdist.macosx-11.0-arm64/wheel/./tldw_chatbook/Model_Artifacts
copying build/lib/tldw_chatbook/Model_Artifacts/gguf_admission.py -> build/bdist.macosx-11.0-arm64/wheel/./tldw_chatbook/Model_Artifacts
creating build/bdist.macosx-11.0-arm64/wheel/tldw_chatbook/Evals
copying build/lib/tldw_chatbook/Evals/ab_testing.py -> build/bdist.macosx-11.0-arm64/wheel/./tldw_chatbook/Evals
creating build/bdist.macosx-11.0-arm64/wheel/tldw_chatbook/Evals/eval_templates
copying build/lib/tldw_chatbook/Evals/eval_templates/research.py -> build/bdist.macosx-11.0-arm64/wheel/./tldw_chatbook/Evals/eval_templates
copying build/lib/tldw_chatbook/Evals/eval_templates/coding.py -> build/bdist.macosx-11.0-arm64/wheel/./tldw_chatbook/Evals/eval_templates
copying build/lib/tldw_chatbook/Evals/eval_templates/multimodal.py -> build/bdist.macosx-11.0-arm64/wheel/./tldw_chatbook/Evals/eval_templates
copying build/lib/tldw_chatbook/Evals/eval_templates/__init__.py -> build/bdist.macosx-11.0-arm64/wheel/./tldw_chatbook/Evals/eval_templates
copying build/lib/tldw_chatbook/Evals/eval_templates/creative.py -> build/bdist.macosx-11.0-arm64/wheel/./tldw_chatbook/Evals/eval_templates
copying build/lib/tldw_chatbook/Evals/eval_templates/language.py -> build/bdist.macosx-11.0-arm64/wheel/./tldw_chatbook/Evals/eval_templates
copying build/lib/tldw_chatbook/Evals/eval_templates/reasoning.py -> build/bdist.macosx-11.0-arm64/wheel/./tldw_chatbook/Evals/eval_templates
copying build/lib/tldw_chatbook/Evals/eval_templates/safety.py -> build/bdist.macosx-11.0-arm64/wheel/./tldw_chatbook/Evals/eval_templates
copying build/lib/tldw_chatbook/Evals/eval_templates/base.py -> build/bdist.macosx-11.0-arm64/wheel/./tldw_chatbook/Evals/eval_templates
copying build/lib/tldw_chatbook/Evals/config_loader.py -> build/bdist.macosx-11.0-arm64/wheel/./tldw_chatbook/Evals
copying build/lib/tldw_chatbook/Evals/base_runner.py -> build/bdist.macosx-11.0-arm64/wheel/./tldw_chatbook/Evals
creating build/bdist.macosx-11.0-arm64/wheel/tldw_chatbook/Evals/eval_datasets
copying build/lib/tldw_chatbook/Evals/eval_datasets/research_report_verification.json -> build/bdist.macosx-11.0-arm64/wheel/./tldw_chatbook/Evals/eval_datasets
copying build/lib/tldw_chatbook/Evals/dataset_validator.py -> build/bdist.macosx-11.0-arm64/wheel/./tldw_chatbook/Evals
creating build/bdist.macosx-11.0-arm64/wheel/tldw_chatbook/Evals/config
copying build/lib/tldw_chatbook/Evals/config/eval_config.yaml -> build/bdist.macosx-11.0-arm64/wheel/./tldw_chatbook/Evals/config
copying build/lib/tldw_chatbook/Evals/steering.py -> build/bdist.macosx-11.0-arm64/wheel/./tldw_chatbook/Evals
copying build/lib/tldw_chatbook/Evals/__init__.py -> build/bdist.macosx-11.0-arm64/wheel/./tldw_chatbook/Evals
copying build/lib/tldw_chatbook/Evals/eval_errors.py -> build/bdist.macosx-11.0-arm64/wheel/./tldw_chatbook/Evals
copying build/lib/tldw_chatbook/Evals/eval_templates.py -> build/bdist.macosx-11.0-arm64/wheel/./tldw_chatbook/Evals
copying build/lib/tldw_chatbook/Evals/research_report_scorer.py -> build/bdist.macosx-11.0-arm64/wheel/./tldw_chatbook/Evals
copying build/lib/tldw_chatbook/Evals/ui_integration.py -> build/bdist.macosx-11.0-arm64/wheel/./tldw_chatbook/Evals
copying build/lib/tldw_chatbook/Evals/dataset_loader.py -> build/bdist.macosx-11.0-arm64/wheel/./tldw_chatbook/Evals
copying build/lib/tldw_chatbook/Evals/concurrency_manager.py -> build/bdist.macosx-11.0-arm64/wheel/./tldw_chatbook/Evals
creating build/bdist.macosx-11.0-arm64/wheel/tldw_chatbook/Evals/character_probe
copying build/lib/tldw_chatbook/Evals/character_probe/tags.py -> build/bdist.macosx-11.0-arm64/wheel/./tldw_chatbook/Evals/character_probe
copying build/lib/tldw_chatbook/Evals/character_probe/runner.py -> build/bdist.macosx-11.0-arm64/wheel/./tldw_chatbook/Evals/character_probe
copying build/lib/tldw_chatbook/Evals/character_probe/probe_format.py -> build/bdist.macosx-11.0-arm64/wheel/./tldw_chatbook/Evals/character_probe
copying build/lib/tldw_chatbook/Evals/character_probe/targets.py -> build/bdist.macosx-11.0-arm64/wheel/./tldw_chatbook/Evals/character_probe
copying build/lib/tldw_chatbook/Evals/character_probe/models.py -> build/bdist.macosx-11.0-arm64/wheel/./tldw_chatbook/Evals/character_probe
copying build/lib/tldw_chatbook/Evals/character_probe/cards.py -> build/bdist.macosx-11.0-arm64/wheel/./tldw_chatbook/Evals/character_probe
copying build/lib/tldw_chatbook/Evals/character_probe/__init__.py -> build/bdist.macosx-11.0-arm64/wheel/./tldw_chatbook/Evals/character_probe
copying build/lib/tldw_chatbook/Evals/character_probe/storage.py -> build/bdist.macosx-11.0-arm64/wheel/./tldw_chatbook/Evals/character_probe
copying build/lib/tldw_chatbook/Evals/character_probe/prompt.py -> build/bdist.macosx-11.0-arm64/wheel/./tldw_chatbook/Evals/character_probe
copying build/lib/tldw_chatbook/Evals/eval_runner.py -> build/bdist.macosx-11.0-arm64/wheel/./tldw_chatbook/Evals
copying build/lib/tldw_chatbook/Evals/eval_orchestrator.py -> build/bdist.macosx-11.0-arm64/wheel/./tldw_chatbook/Evals
copying build/lib/tldw_chatbook/Evals/exporters.py -> build/bdist.macosx-11.0-arm64/wheel/./tldw_chatbook/Evals
copying build/lib/tldw_chatbook/Evals/specialized_runners.py -> build/bdist.macosx-11.0-arm64/wheel/./tldw_chatbook/Evals
creating build/bdist.macosx-11.0-arm64/wheel/tldw_chatbook/Evals/word_bench
copying build/lib/tldw_chatbook/Evals/word_bench/runner.py -> build/bdist.macosx-11.0-arm64/wheel/./tldw_chatbook/Evals/word_bench
copying build/lib/tldw_chatbook/Evals/word_bench/analysis.py -> build/bdist.macosx-11.0-arm64/wheel/./tldw_chatbook/Evals/word_bench
copying build/lib/tldw_chatbook/Evals/word_bench/models.py -> build/bdist.macosx-11.0-arm64/wheel/./tldw_chatbook/Evals/word_bench
copying build/lib/tldw_chatbook/Evals/word_bench/capture_client.py -> build/bdist.macosx-11.0-arm64/wheel/./tldw_chatbook/Evals/word_bench
copying build/lib/tldw_chatbook/Evals/word_bench/__init__.py -> build/bdist.macosx-11.0-arm64/wheel/./tldw_chatbook/Evals/word_bench
copying build/lib/tldw_chatbook/Evals/word_bench/storage.py -> build/bdist.macosx-11.0-arm64/wheel/./tldw_chatbook/Evals/word_bench
copying build/lib/tldw_chatbook/Evals/word_bench/normalizer.py -> build/bdist.macosx-11.0-arm64/wheel/./tldw_chatbook/Evals/word_bench
copying build/lib/tldw_chatbook/Evals/configuration_validator.py -> build/bdist.macosx-11.0-arm64/wheel/./tldw_chatbook/Evals
copying build/lib/tldw_chatbook/Evals/task_loader.py -> build/bdist.macosx-11.0-arm64/wheel/./tldw_chatbook/Evals
creating build/bdist.macosx-11.0-arm64/wheel/tldw_chatbook/Study_Interop
copying build/lib/tldw_chatbook/Study_Interop/server_quiz_service.py -> build/bdist.macosx-11.0-arm64/wheel/./tldw_chatbook/Study_Interop
copying build/lib/tldw_chatbook/Study_Interop/study_scope_service.py -> build/bdist.macosx-11.0-arm64/wheel/./tldw_chatbook/Study_Interop
copying build/lib/tldw_chatbook/Study_Interop/local_study_service.py -> build/bdist.macosx-11.0-arm64/wheel/./tldw_chatbook/Study_Interop
copying build/lib/tldw_chatbook/Study_Interop/local_quiz_service.py -> build/bdist.macosx-11.0-arm64/wheel/./tldw_chatbook/Study_Interop
copying build/lib/tldw_chatbook/Study_Interop/quiz_normalizers.py -> build/bdist.macosx-11.0-arm64/wheel/./tldw_chatbook/Study_Interop
copying build/lib/tldw_chatbook/Study_Interop/__init__.py -> build/bdist.macosx-11.0-arm64/wheel/./tldw_chatbook/Study_Interop
copying build/lib/tldw_chatbook/Study_Interop/server_study_service.py -> build/bdist.macosx-11.0-arm64/wheel/./tldw_chatbook/Study_Interop
copying build/lib/tldw_chatbook/Study_Interop/study_normalizers.py -> build/bdist.macosx-11.0-arm64/wheel/./tldw_chatbook/Study_Interop
copying build/lib/tldw_chatbook/Study_Interop/quiz_scope_service.py -> build/bdist.macosx-11.0-arm64/wheel/./tldw_chatbook/Study_Interop
creating build/bdist.macosx-11.0-arm64/wheel/tldw_chatbook/RAG_Admin
copying build/lib/tldw_chatbook/RAG_Admin/template_validation.py -> build/bdist.macosx-11.0-arm64/wheel/./tldw_chatbook/RAG_Admin
copying build/lib/tldw_chatbook/RAG_Admin/chunking_lab_service.py -> build/bdist.macosx-11.0-arm64/wheel/./tldw_chatbook/RAG_Admin
copying build/lib/tldw_chatbook/RAG_Admin/__init__.py -> build/bdist.macosx-11.0-arm64/wheel/./tldw_chatbook/RAG_Admin
copying build/lib/tldw_chatbook/RAG_Admin/local_rag_admin_service.py -> build/bdist.macosx-11.0-arm64/wheel/./tldw_chatbook/RAG_Admin
copying build/lib/tldw_chatbook/RAG_Admin/rag_admin_normalizers.py -> build/bdist.macosx-11.0-arm64/wheel/./tldw_chatbook/RAG_Admin
copying build/lib/tldw_chatbook/RAG_Admin/rag_admin_scope_service.py -> build/bdist.macosx-11.0-arm64/wheel/./tldw_chatbook/RAG_Admin
copying build/lib/tldw_chatbook/RAG_Admin/server_rag_admin_service.py -> build/bdist.macosx-11.0-arm64/wheel/./tldw_chatbook/RAG_Admin
creating build/bdist.macosx-11.0-arm64/wheel/tldw_chatbook/Tools
copying build/lib/tldw_chatbook/Tools/workspace_tool_worker.py -> build/bdist.macosx-11.0-arm64/wheel/./tldw_chatbook/Tools
copying build/lib/tldw_chatbook/Tools/rag_search_tool.py -> build/bdist.macosx-11.0-arm64/wheel/./tldw_chatbook/Tools
copying build/lib/tldw_chatbook/Tools/watchlists_command_service.py -> build/bdist.macosx-11.0-arm64/wheel/./tldw_chatbook/Tools
copying build/lib/tldw_chatbook/Tools/watchlists_tool_service.py -> build/bdist.macosx-11.0-arm64/wheel/./tldw_chatbook/Tools
copying build/lib/tldw_chatbook/Tools/virtual_cli_impls.py -> build/bdist.macosx-11.0-arm64/wheel/./tldw_chatbook/Tools
copying build/lib/tldw_chatbook/Tools/workspace_file_roots.py -> build/bdist.macosx-11.0-arm64/wheel/./tldw_chatbook/Tools
copying build/lib/tldw_chatbook/Tools/web_tool_impls.py -> build/bdist.macosx-11.0-arm64/wheel/./tldw_chatbook/Tools
copying build/lib/tldw_chatbook/Tools/workspace_root_pin.py -> build/bdist.macosx-11.0-arm64/wheel/./tldw_chatbook/Tools
copying build/lib/tldw_chatbook/Tools/document_expansion_tool.py -> build/bdist.macosx-11.0-arm64/wheel/./tldw_chatbook/Tools
copying build/lib/tldw_chatbook/Tools/__init__.py -> build/bdist.macosx-11.0-arm64/wheel/./tldw_chatbook/Tools
copying build/lib/tldw_chatbook/Tools/patch_tool_impls.py -> build/bdist.macosx-11.0-arm64/wheel/./tldw_chatbook/Tools
copying build/lib/tldw_chatbook/Tools/workspace_tool_executor.py -> build/bdist.macosx-11.0-arm64/wheel/./tldw_chatbook/Tools
creating build/bdist.macosx-11.0-arm64/wheel/tldw_chatbook/Tools/repo2txt
copying build/lib/tldw_chatbook/Tools/repo2txt/__init__.py -> build/bdist.macosx-11.0-arm64/wheel/./tldw_chatbook/Tools/repo2txt
copying build/lib/tldw_chatbook/Tools/raw_cli_executor.py -> build/bdist.macosx-11.0-arm64/wheel/./tldw_chatbook/Tools
copying build/lib/tldw_chatbook/Tools/file_operation_hooks.py -> build/bdist.macosx-11.0-arm64/wheel/./tldw_chatbook/Tools
copying build/lib/tldw_chatbook/Tools/web_search_tool.py -> build/bdist.macosx-11.0-arm64/wheel/./tldw_chatbook/Tools
copying build/lib/tldw_chatbook/Tools/workspace_tool_protocol.py -> build/bdist.macosx-11.0-arm64/wheel/./tldw_chatbook/Tools
copying build/lib/tldw_chatbook/Tools/code_audit_tool.py -> build/bdist.macosx-11.0-arm64/wheel/./tldw_chatbook/Tools
copying build/lib/tldw_chatbook/Tools/git_tool_impls.py -> build/bdist.macosx-11.0-arm64/wheel/./tldw_chatbook/Tools
copying build/lib/tldw_chatbook/Tools/workspace_tool_dispatch.py -> build/bdist.macosx-11.0-arm64/wheel/./tldw_chatbook/Tools
copying build/lib/tldw_chatbook/Tools/tool_executor.py -> build/bdist.macosx-11.0-arm64/wheel/./tldw_chatbook/Tools
copying build/lib/tldw_chatbook/Tools/file_operation_tools.py -> build/bdist.macosx-11.0-arm64/wheel/./tldw_chatbook/Tools
copying build/lib/tldw_chatbook/Tools/note_management_tools.py -> build/bdist.macosx-11.0-arm64/wheel/./tldw_chatbook/Tools
copying build/lib/tldw_chatbook/Tools/_grep_worker.py -> build/bdist.macosx-11.0-arm64/wheel/./tldw_chatbook/Tools
copying build/lib/tldw_chatbook/Tools/local_tool_impls.py -> build/bdist.macosx-11.0-arm64/wheel/./tldw_chatbook/Tools
creating build/bdist.macosx-11.0-arm64/wheel/tldw_chatbook/UX_Interop
copying build/lib/tldw_chatbook/UX_Interop/__init__.py -> build/bdist.macosx-11.0-arm64/wheel/./tldw_chatbook/UX_Interop
copying build/lib/tldw_chatbook/UX_Interop/server_parity_contracts.py -> build/bdist.macosx-11.0-arm64/wheel/./tldw_chatbook/UX_Interop
copying build/lib/tldw_chatbook/UX_Interop/server_connection_contracts.py -> build/bdist.macosx-11.0-arm64/wheel/./tldw_chatbook/UX_Interop
creating build/bdist.macosx-11.0-arm64/wheel/tldw_chatbook/Embeddings
copying build/lib/tldw_chatbook/Embeddings/__init__.py -> build/bdist.macosx-11.0-arm64/wheel/./tldw_chatbook/Embeddings
copying build/lib/tldw_chatbook/Embeddings/Embeddings_Lib.py -> build/bdist.macosx-11.0-arm64/wheel/./tldw_chatbook/Embeddings
creating build/bdist.macosx-11.0-arm64/wheel/tldw_chatbook/Sharing
copying build/lib/tldw_chatbook/Sharing/__init__.py -> build/bdist.macosx-11.0-arm64/wheel/./tldw_chatbook/Sharing
copying build/lib/tldw_chatbook/Sharing/server_sharing_service.py -> build/bdist.macosx-11.0-arm64/wheel/./tldw_chatbook/Sharing
copying build/lib/tldw_chatbook/Sharing/server_sharing_scope_service.py -> build/bdist.macosx-11.0-arm64/wheel/./tldw_chatbook/Sharing
copying build/lib/tldw_chatbook/config.py -> build/bdist.macosx-11.0-arm64/wheel/./tldw_chatbook
copying build/lib/tldw_chatbook/Logging_Config.py -> build/bdist.macosx-11.0-arm64/wheel/./tldw_chatbook
creating build/bdist.macosx-11.0-arm64/wheel/tldw_chatbook/Local_Inference
copying build/lib/tldw_chatbook/Local_Inference/ollama_model_mgmt.py -> build/bdist.macosx-11.0-arm64/wheel/./tldw_chatbook/Local_Inference
copying build/lib/tldw_chatbook/Local_Inference/__init__.py -> build/bdist.macosx-11.0-arm64/wheel/./tldw_chatbook/Local_Inference
copying build/lib/tldw_chatbook/Local_Inference/mlx_lm_inference_local.py -> build/bdist.macosx-11.0-arm64/wheel/./tldw_chatbook/Local_Inference
creating build/bdist.macosx-11.0-arm64/wheel/tldw_chatbook/Skills_Interop
copying build/lib/tldw_chatbook/Skills_Interop/skill_trust_scanner.py -> build/bdist.macosx-11.0-arm64/wheel/./tldw_chatbook/Skills_Interop
copying build/lib/tldw_chatbook/Skills_Interop/skill_trust_crypto.py -> build/bdist.macosx-11.0-arm64/wheel/./tldw_chatbook/Skills_Interop
copying build/lib/tldw_chatbook/Skills_Interop/skill_trust_service.py -> build/bdist.macosx-11.0-arm64/wheel/./tldw_chatbook/Skills_Interop
copying build/lib/tldw_chatbook/Skills_Interop/skill_trust_store.py -> build/bdist.macosx-11.0-arm64/wheel/./tldw_chatbook/Skills_Interop
copying build/lib/tldw_chatbook/Skills_Interop/__init__.py -> build/bdist.macosx-11.0-arm64/wheel/./tldw_chatbook/Skills_Interop
copying build/lib/tldw_chatbook/Skills_Interop/server_skills_service.py -> build/bdist.macosx-11.0-arm64/wheel/./tldw_chatbook/Skills_Interop
copying build/lib/tldw_chatbook/Skills_Interop/skills_scope_service.py -> build/bdist.macosx-11.0-arm64/wheel/./tldw_chatbook/Skills_Interop
copying build/lib/tldw_chatbook/Skills_Interop/local_skills_service.py -> build/bdist.macosx-11.0-arm64/wheel/./tldw_chatbook/Skills_Interop
copying build/lib/tldw_chatbook/Skills_Interop/project_skills_prompt.py -> build/bdist.macosx-11.0-arm64/wheel/./tldw_chatbook/Skills_Interop
copying build/lib/tldw_chatbook/Skills_Interop/skill_package_inspection.py -> build/bdist.macosx-11.0-arm64/wheel/./tldw_chatbook/Skills_Interop
copying build/lib/tldw_chatbook/Skills_Interop/project_skills_discovery.py -> build/bdist.macosx-11.0-arm64/wheel/./tldw_chatbook/Skills_Interop
copying build/lib/tldw_chatbook/Skills_Interop/atomic_write.py -> build/bdist.macosx-11.0-arm64/wheel/./tldw_chatbook/Skills_Interop
copying build/lib/tldw_chatbook/Skills_Interop/skill_trust_models.py -> build/bdist.macosx-11.0-arm64/wheel/./tldw_chatbook/Skills_Interop
copying build/lib/tldw_chatbook/Skills_Interop/skill_remote_fetch.py -> build/bdist.macosx-11.0-arm64/wheel/./tldw_chatbook/Skills_Interop
copying build/lib/tldw_chatbook/Skills_Interop/skill_script_runner.py -> build/bdist.macosx-11.0-arm64/wheel/./tldw_chatbook/Skills_Interop
creating build/bdist.macosx-11.0-arm64/wheel/tldw_chatbook/Chat
copying build/lib/tldw_chatbook/Chat/console_command_grammar.py -> build/bdist.macosx-11.0-arm64/wheel/./tldw_chatbook/Chat
copying build/lib/tldw_chatbook/Chat/provider_test_evidence.py -> build/bdist.macosx-11.0-arm64/wheel/./tldw_chatbook/Chat
copying build/lib/tldw_chatbook/Chat/console_settings_defaults.py -> build/bdist.macosx-11.0-arm64/wheel/./tldw_chatbook/Chat
copying build/lib/tldw_chatbook/Chat/conversation_local_marks_service.py -> build/bdist.macosx-11.0-arm64/wheel/./tldw_chatbook/Chat
copying build/lib/tldw_chatbook/Chat/console_trace_provenance.py -> build/bdist.macosx-11.0-arm64/wheel/./tldw_chatbook/Chat
copying build/lib/tldw_chatbook/Chat/console_turn_grouping.py -> build/bdist.macosx-11.0-arm64/wheel/./tldw_chatbook/Chat
copying build/lib/tldw_chatbook/Chat/console_trace_runtime.py -> build/bdist.macosx-11.0-arm64/wheel/./tldw_chatbook/Chat
copying build/lib/tldw_chatbook/Chat/console_realtime_loop.py -> build/bdist.macosx-11.0-arm64/wheel/./tldw_chatbook/Chat
copying build/lib/tldw_chatbook/Chat/console_trace_projection.py -> build/bdist.macosx-11.0-arm64/wheel/./tldw_chatbook/Chat
copying build/lib/tldw_chatbook/Chat/citation_trace_models.py -> build/bdist.macosx-11.0-arm64/wheel/./tldw_chatbook/Chat
copying build/lib/tldw_chatbook/Chat/chat_conversation_service.py -> build/bdist.macosx-11.0-arm64/wheel/./tldw_chatbook/Chat
copying build/lib/tldw_chatbook/Chat/console_send_diagnostics.py -> build/bdist.macosx-11.0-arm64/wheel/./tldw_chatbook/Chat
copying build/lib/tldw_chatbook/Chat/console_onboarding_state.py -> build/bdist.macosx-11.0-arm64/wheel/./tldw_chatbook/Chat
copying build/lib/tldw_chatbook/Chat/trajectory_export.py -> build/bdist.macosx-11.0-arm64/wheel/./tldw_chatbook/Chat
copying build/lib/tldw_chatbook/Chat/console_trace_repository.py -> build/bdist.macosx-11.0-arm64/wheel/./tldw_chatbook/Chat
copying build/lib/tldw_chatbook/Chat/console_settings_apply.py -> build/bdist.macosx-11.0-arm64/wheel/./tldw_chatbook/Chat
copying build/lib/tldw_chatbook/Chat/chat_models.py -> build/bdist.macosx-11.0-arm64/wheel/./tldw_chatbook/Chat
copying build/lib/tldw_chatbook/Chat/console_provider_support.py -> build/bdist.macosx-11.0-arm64/wheel/./tldw_chatbook/Chat
copying build/lib/tldw_chatbook/Chat/chat_handoff_models.py -> build/bdist.macosx-11.0-arm64/wheel/./tldw_chatbook/Chat
copying build/lib/tldw_chatbook/Chat/console_provider_gateway.py -> build/bdist.macosx-11.0-arm64/wheel/./tldw_chatbook/Chat
copying build/lib/tldw_chatbook/Chat/console_visual_transcript.py -> build/bdist.macosx-11.0-arm64/wheel/./tldw_chatbook/Chat
copying build/lib/tldw_chatbook/Chat/console_auto_speak.py -> build/bdist.macosx-11.0-arm64/wheel/./tldw_chatbook/Chat
copying build/lib/tldw_chatbook/Chat/provider_failures.py -> build/bdist.macosx-11.0-arm64/wheel/./tldw_chatbook/Chat
copying build/lib/tldw_chatbook/Chat/console_message_actions.py -> build/bdist.macosx-11.0-arm64/wheel/./tldw_chatbook/Chat
copying build/lib/tldw_chatbook/Chat/console_generate_video.py -> build/bdist.macosx-11.0-arm64/wheel/./tldw_chatbook/Chat
copying build/lib/tldw_chatbook/Chat/console_activity_receipts.py -> build/bdist.macosx-11.0-arm64/wheel/./tldw_chatbook/Chat
copying build/lib/tldw_chatbook/Chat/console_generate_image.py -> build/bdist.macosx-11.0-arm64/wheel/./tldw_chatbook/Chat
copying build/lib/tldw_chatbook/Chat/console_trace_native_reader.py -> build/bdist.macosx-11.0-arm64/wheel/./tldw_chatbook/Chat
copying build/lib/tldw_chatbook/Chat/citation_artifact_ownership.py -> build/bdist.macosx-11.0-arm64/wheel/./tldw_chatbook/Chat
copying build/lib/tldw_chatbook/Chat/answer_citations.py -> build/bdist.macosx-11.0-arm64/wheel/./tldw_chatbook/Chat
copying build/lib/tldw_chatbook/Chat/reply_sentence_sequencer.py -> build/bdist.macosx-11.0-arm64/wheel/./tldw_chatbook/Chat
copying build/lib/tldw_chatbook/Chat/stream_stall_watchdog.py -> build/bdist.macosx-11.0-arm64/wheel/./tldw_chatbook/Chat
copying build/lib/tldw_chatbook/Chat/Chat_Functions.py -> build/bdist.macosx-11.0-arm64/wheel/./tldw_chatbook/Chat
copying build/lib/tldw_chatbook/Chat/chat_handoff_messages.py -> build/bdist.macosx-11.0-arm64/wheel/./tldw_chatbook/Chat
copying build/lib/tldw_chatbook/Chat/console_endpoint_provenance.py -> build/bdist.macosx-11.0-arm64/wheel/./tldw_chatbook/Chat
copying build/lib/tldw_chatbook/Chat/console_switcher_state.py -> build/bdist.macosx-11.0-arm64/wheel/./tldw_chatbook/Chat
copying build/lib/tldw_chatbook/Chat/console_dispatch_repository.py -> build/bdist.macosx-11.0-arm64/wheel/./tldw_chatbook/Chat
copying build/lib/tldw_chatbook/Chat/console_roleplay_identity.py -> build/bdist.macosx-11.0-arm64/wheel/./tldw_chatbook/Chat
copying build/lib/tldw_chatbook/Chat/console_visual_evaluation.py -> build/bdist.macosx-11.0-arm64/wheel/./tldw_chatbook/Chat
copying build/lib/tldw_chatbook/Chat/console_conversation_markdown.py -> build/bdist.macosx-11.0-arm64/wheel/./tldw_chatbook/Chat
copying build/lib/tldw_chatbook/Chat/llamacpp_think_filter.py -> build/bdist.macosx-11.0-arm64/wheel/./tldw_chatbook/Chat
copying build/lib/tldw_chatbook/Chat/console_conversation_actions.py -> build/bdist.macosx-11.0-arm64/wheel/./tldw_chatbook/Chat
copying build/lib/tldw_chatbook/Chat/console_turn_context.py -> build/bdist.macosx-11.0-arm64/wheel/./tldw_chatbook/Chat
copying build/lib/tldw_chatbook/Chat/citation_trace_builder.py -> build/bdist.macosx-11.0-arm64/wheel/./tldw_chatbook/Chat
copying build/lib/tldw_chatbook/Chat/prompt_history.py -> build/bdist.macosx-11.0-arm64/wheel/./tldw_chatbook/Chat
copying build/lib/tldw_chatbook/Chat/console_speech.py -> build/bdist.macosx-11.0-arm64/wheel/./tldw_chatbook/Chat
copying build/lib/tldw_chatbook/Chat/console_chat_controller.py -> build/bdist.macosx-11.0-arm64/wheel/./tldw_chatbook/Chat
copying build/lib/tldw_chatbook/Chat/console_scratch_space.py -> build/bdist.macosx-11.0-arm64/wheel/./tldw_chatbook/Chat
copying build/lib/tldw_chatbook/Chat/citation_trace_repository.py -> build/bdist.macosx-11.0-arm64/wheel/./tldw_chatbook/Chat
copying build/lib/tldw_chatbook/Chat/console_glyphs.py -> build/bdist.macosx-11.0-arm64/wheel/./tldw_chatbook/Chat
copying build/lib/tldw_chatbook/Chat/console_capture_policy_repository.py -> build/bdist.macosx-11.0-arm64/wheel/./tldw_chatbook/Chat
copying build/lib/tldw_chatbook/Chat/console_appearance.py -> build/bdist.macosx-11.0-arm64/wheel/./tldw_chatbook/Chat
copying build/lib/tldw_chatbook/Chat/chat_persistence_service.py -> build/bdist.macosx-11.0-arm64/wheel/./tldw_chatbook/Chat
copying build/lib/tldw_chatbook/Chat/console_workspace_actions.py -> build/bdist.macosx-11.0-arm64/wheel/./tldw_chatbook/Chat
copying build/lib/tldw_chatbook/Chat/trace_export_profiles.py -> build/bdist.macosx-11.0-arm64/wheel/./tldw_chatbook/Chat
copying build/lib/tldw_chatbook/Chat/library_activity.py -> build/bdist.macosx-11.0-arm64/wheel/./tldw_chatbook/Chat
copying build/lib/tldw_chatbook/Chat/citation_evidence_models.py -> build/bdist.macosx-11.0-arm64/wheel/./tldw_chatbook/Chat
copying build/lib/tldw_chatbook/Chat/console_trace_metrics.py -> build/bdist.macosx-11.0-arm64/wheel/./tldw_chatbook/Chat
copying build/lib/tldw_chatbook/Chat/console_session_endpoint_policy.py -> build/bdist.macosx-11.0-arm64/wheel/./tldw_chatbook/Chat
copying build/lib/tldw_chatbook/Chat/console_trace_service.py -> build/bdist.macosx-11.0-arm64/wheel/./tldw_chatbook/Chat
copying build/lib/tldw_chatbook/Chat/console_trace_redaction.py -> build/bdist.macosx-11.0-arm64/wheel/./tldw_chatbook/Chat
copying build/lib/tldw_chatbook/Chat/trajectory_import.py -> build/bdist.macosx-11.0-arm64/wheel/./tldw_chatbook/Chat
copying build/lib/tldw_chatbook/Chat/console_speech_preferences.py -> build/bdist.macosx-11.0-arm64/wheel/./tldw_chatbook/Chat
copying build/lib/tldw_chatbook/Chat/provider_readiness.py -> build/bdist.macosx-11.0-arm64/wheel/./tldw_chatbook/Chat
copying build/lib/tldw_chatbook/Chat/__init__.py -> build/bdist.macosx-11.0-arm64/wheel/./tldw_chatbook/Chat
copying build/lib/tldw_chatbook/Chat/console_paste_attach.py -> build/bdist.macosx-11.0-arm64/wheel/./tldw_chatbook/Chat
copying build/lib/tldw_chatbook/Chat/console_image_edit_operations.py -> build/bdist.macosx-11.0-arm64/wheel/./tldw_chatbook/Chat
copying build/lib/tldw_chatbook/Chat/console_trace_models.py -> build/bdist.macosx-11.0-arm64/wheel/./tldw_chatbook/Chat
copying build/lib/tldw_chatbook/Chat/trajectory.py -> build/bdist.macosx-11.0-arm64/wheel/./tldw_chatbook/Chat
copying build/lib/tldw_chatbook/Chat/assistant_generation_state.py -> build/bdist.macosx-11.0-arm64/wheel/./tldw_chatbook/Chat
copying build/lib/tldw_chatbook/Chat/console_live_work.py -> build/bdist.macosx-11.0-arm64/wheel/./tldw_chatbook/Chat
copying build/lib/tldw_chatbook/Chat/message_metadata.py -> build/bdist.macosx-11.0-arm64/wheel/./tldw_chatbook/Chat
copying build/lib/tldw_chatbook/Chat/console_fleet_attention.py -> build/bdist.macosx-11.0-arm64/wheel/./tldw_chatbook/Chat
copying build/lib/tldw_chatbook/Chat/console_auxiliary_routing.py -> build/bdist.macosx-11.0-arm64/wheel/./tldw_chatbook/Chat
copying build/lib/tldw_chatbook/Chat/console_trace_legacy.py -> build/bdist.macosx-11.0-arm64/wheel/./tldw_chatbook/Chat
copying build/lib/tldw_chatbook/Chat/console_prompt_queue.py -> build/bdist.macosx-11.0-arm64/wheel/./tldw_chatbook/Chat
copying build/lib/tldw_chatbook/Chat/console_canvas_controller.py -> build/bdist.macosx-11.0-arm64/wheel/./tldw_chatbook/Chat
copying build/lib/tldw_chatbook/Chat/console_runtime.py -> build/bdist.macosx-11.0-arm64/wheel/./tldw_chatbook/Chat
copying build/lib/tldw_chatbook/Chat/console_provider_endpoints.py -> build/bdist.macosx-11.0-arm64/wheel/./tldw_chatbook/Chat
copying build/lib/tldw_chatbook/Chat/console_agent_bridge.py -> build/bdist.macosx-11.0-arm64/wheel/./tldw_chatbook/Chat
copying build/lib/tldw_chatbook/Chat/console_cost_tracker.py -> build/bdist.macosx-11.0-arm64/wheel/./tldw_chatbook/Chat
copying build/lib/tldw_chatbook/Chat/console_ephemeral.py -> build/bdist.macosx-11.0-arm64/wheel/./tldw_chatbook/Chat
copying build/lib/tldw_chatbook/Chat/console_raw_cli.py -> build/bdist.macosx-11.0-arm64/wheel/./tldw_chatbook/Chat
copying build/lib/tldw_chatbook/Chat/console_expression_state.py -> build/bdist.macosx-11.0-arm64/wheel/./tldw_chatbook/Chat
copying build/lib/tldw_chatbook/Chat/console_prompt_queue_coordinator.py -> build/bdist.macosx-11.0-arm64/wheel/./tldw_chatbook/Chat
copying build/lib/tldw_chatbook/Chat/console_fleet_wake.py -> build/bdist.macosx-11.0-arm64/wheel/./tldw_chatbook/Chat
copying build/lib/tldw_chatbook/Chat/console_roleplay_metadata.py -> build/bdist.macosx-11.0-arm64/wheel/./tldw_chatbook/Chat
copying build/lib/tldw_chatbook/Chat/library_preparation.py -> build/bdist.macosx-11.0-arm64/wheel/./tldw_chatbook/Chat
copying build/lib/tldw_chatbook/Chat/provider_continuation.py -> build/bdist.macosx-11.0-arm64/wheel/./tldw_chatbook/Chat
copying build/lib/tldw_chatbook/Chat/console_transaction_contribution.py -> build/bdist.macosx-11.0-arm64/wheel/./tldw_chatbook/Chat
copying build/lib/tldw_chatbook/Chat/attachment_core.py -> build/bdist.macosx-11.0-arm64/wheel/./tldw_chatbook/Chat
copying build/lib/tldw_chatbook/Chat/console_skill_resolver.py -> build/bdist.macosx-11.0-arm64/wheel/./tldw_chatbook/Chat
copying build/lib/tldw_chatbook/Chat/citation_trace_adapters.py -> build/bdist.macosx-11.0-arm64/wheel/./tldw_chatbook/Chat
copying build/lib/tldw_chatbook/Chat/console_visual_benchmark.py -> build/bdist.macosx-11.0-arm64/wheel/./tldw_chatbook/Chat
copying build/lib/tldw_chatbook/Chat/console_chat_models.py -> build/bdist.macosx-11.0-arm64/wheel/./tldw_chatbook/Chat
copying build/lib/tldw_chatbook/Chat/citation_trace_identity.py -> build/bdist.macosx-11.0-arm64/wheel/./tldw_chatbook/Chat
copying build/lib/tldw_chatbook/Chat/console_side_chat.py -> build/bdist.macosx-11.0-arm64/wheel/./tldw_chatbook/Chat
copying build/lib/tldw_chatbook/Chat/console_persona_assignment.py -> build/bdist.macosx-11.0-arm64/wheel/./tldw_chatbook/Chat
copying build/lib/tldw_chatbook/Chat/console_trace_maintenance.py -> build/bdist.macosx-11.0-arm64/wheel/./tldw_chatbook/Chat
copying build/lib/tldw_chatbook/Chat/thinking_blocks.py -> build/bdist.macosx-11.0-arm64/wheel/./tldw_chatbook/Chat
copying build/lib/tldw_chatbook/Chat/console_references.py -> build/bdist.macosx-11.0-arm64/wheel/./tldw_chatbook/Chat
copying build/lib/tldw_chatbook/Chat/console_trace_errors.py -> build/bdist.macosx-11.0-arm64/wheel/./tldw_chatbook/Chat
copying build/lib/tldw_chatbook/Chat/console_trace_settlement.py -> build/bdist.macosx-11.0-arm64/wheel/./tldw_chatbook/Chat
copying build/lib/tldw_chatbook/Chat/citation_repair.py -> build/bdist.macosx-11.0-arm64/wheel/./tldw_chatbook/Chat
copying build/lib/tldw_chatbook/Chat/console_trace_final_values.py -> build/bdist.macosx-11.0-arm64/wheel/./tldw_chatbook/Chat
copying build/lib/tldw_chatbook/Chat/console_library_activity_buffer.py -> build/bdist.macosx-11.0-arm64/wheel/./tldw_chatbook/Chat
copying build/lib/tldw_chatbook/Chat/console_prefill.py -> build/bdist.macosx-11.0-arm64/wheel/./tldw_chatbook/Chat
copying build/lib/tldw_chatbook/Chat/document_generator.py -> build/bdist.macosx-11.0-arm64/wheel/./tldw_chatbook/Chat
copying build/lib/tldw_chatbook/Chat/provider_endpoint_contract.py -> build/bdist.macosx-11.0-arm64/wheel/./tldw_chatbook/Chat
copying build/lib/tldw_chatbook/Chat/console_context_repository.py -> build/bdist.macosx-11.0-arm64/wheel/./tldw_chatbook/Chat
copying build/lib/tldw_chatbook/Chat/citation_service_factory.py -> build/bdist.macosx-11.0-arm64/wheel/./tldw_chatbook/Chat
copying build/lib/tldw_chatbook/Chat/console_command_suggestions.py -> build/bdist.macosx-11.0-arm64/wheel/./tldw_chatbook/Chat
copying build/lib/tldw_chatbook/Chat/console_library_policy.py -> build/bdist.macosx-11.0-arm64/wheel/./tldw_chatbook/Chat
copying build/lib/tldw_chatbook/Chat/console_generation_settings_metadata.py -> build/bdist.macosx-11.0-arm64/wheel/./tldw_chatbook/Chat
copying build/lib/tldw_chatbook/Chat/console_prepared_request.py -> build/bdist.macosx-11.0-arm64/wheel/./tldw_chatbook/Chat
copying build/lib/tldw_chatbook/Chat/console_thinking_capture.py -> build/bdist.macosx-11.0-arm64/wheel/./tldw_chatbook/Chat
copying build/lib/tldw_chatbook/Chat/console_dispatch_checkpoint.py -> build/bdist.macosx-11.0-arm64/wheel/./tldw_chatbook/Chat
copying build/lib/tldw_chatbook/Chat/console_assistant_defaults.py -> build/bdist.macosx-11.0-arm64/wheel/./tldw_chatbook/Chat
copying build/lib/tldw_chatbook/Chat/console_hands_free.py -> build/bdist.macosx-11.0-arm64/wheel/./tldw_chatbook/Chat
copying build/lib/tldw_chatbook/Chat/console_library_policy_repository.py -> build/bdist.macosx-11.0-arm64/wheel/./tldw_chatbook/Chat
copying build/lib/tldw_chatbook/Chat/console_semantic_revision.py -> build/bdist.macosx-11.0-arm64/wheel/./tldw_chatbook/Chat
copying build/lib/tldw_chatbook/Chat/console_save_targets.py -> build/bdist.macosx-11.0-arm64/wheel/./tldw_chatbook/Chat
copying build/lib/tldw_chatbook/Chat/console_context_compaction.py -> build/bdist.macosx-11.0-arm64/wheel/./tldw_chatbook/Chat
copying build/lib/tldw_chatbook/Chat/console_trace_chunk_rows.py -> build/bdist.macosx-11.0-arm64/wheel/./tldw_chatbook/Chat
copying build/lib/tldw_chatbook/Chat/console_rail_state.py -> build/bdist.macosx-11.0-arm64/wheel/./tldw_chatbook/Chat
copying build/lib/tldw_chatbook/Chat/citation_payload_lifecycle.py -> build/bdist.macosx-11.0-arm64/wheel/./tldw_chatbook/Chat
copying build/lib/tldw_chatbook/Chat/console_session_settings.py -> build/bdist.macosx-11.0-arm64/wheel/./tldw_chatbook/Chat
copying build/lib/tldw_chatbook/Chat/permission_summary_service.py -> build/bdist.macosx-11.0-arm64/wheel/./tldw_chatbook/Chat
copying build/lib/tldw_chatbook/Chat/console_library_policy_coordinator.py -> build/bdist.macosx-11.0-arm64/wheel/./tldw_chatbook/Chat
copying build/lib/tldw_chatbook/Chat/console_conversation_hydration.py -> build/bdist.macosx-11.0-arm64/wheel/./tldw_chatbook/Chat
copying build/lib/tldw_chatbook/Chat/console_environment_state.py -> build/bdist.macosx-11.0-arm64/wheel/./tldw_chatbook/Chat
copying build/lib/tldw_chatbook/Chat/scope_picker_listers.py -> build/bdist.macosx-11.0-arm64/wheel/./tldw_chatbook/Chat
copying build/lib/tldw_chatbook/Chat/chat_loop_scope_service.py -> build/bdist.macosx-11.0-arm64/wheel/./tldw_chatbook/Chat
copying build/lib/tldw_chatbook/Chat/usage_recorder.py -> build/bdist.macosx-11.0-arm64/wheel/./tldw_chatbook/Chat
copying build/lib/tldw_chatbook/Chat/console_display_state.py -> build/bdist.macosx-11.0-arm64/wheel/./tldw_chatbook/Chat
copying build/lib/tldw_chatbook/Chat/console_history_budget.py -> build/bdist.macosx-11.0-arm64/wheel/./tldw_chatbook/Chat
copying build/lib/tldw_chatbook/Chat/server_chat_loop_service.py -> build/bdist.macosx-11.0-arm64/wheel/./tldw_chatbook/Chat
copying build/lib/tldw_chatbook/Chat/local_server_discovery.py -> build/bdist.macosx-11.0-arm64/wheel/./tldw_chatbook/Chat
copying build/lib/tldw_chatbook/Chat/console_image_view.py -> build/bdist.macosx-11.0-arm64/wheel/./tldw_chatbook/Chat
copying build/lib/tldw_chatbook/Chat/provider_setup_persistence.py -> build/bdist.macosx-11.0-arm64/wheel/./tldw_chatbook/Chat
copying build/lib/tldw_chatbook/Chat/console_thinking_history.py -> build/bdist.macosx-11.0-arm64/wheel/./tldw_chatbook/Chat
copying build/lib/tldw_chatbook/Chat/provider_usage.py -> build/bdist.macosx-11.0-arm64/wheel/./tldw_chatbook/Chat
copying build/lib/tldw_chatbook/Chat/citation_legacy_migration.py -> build/bdist.macosx-11.0-arm64/wheel/./tldw_chatbook/Chat
copying build/lib/tldw_chatbook/Chat/prompt_template_manager.py -> build/bdist.macosx-11.0-arm64/wheel/./tldw_chatbook/Chat
copying build/lib/tldw_chatbook/Chat/rag_scope.py -> build/bdist.macosx-11.0-arm64/wheel/./tldw_chatbook/Chat
copying build/lib/tldw_chatbook/Chat/chat_conversation_scope_service.py -> build/bdist.macosx-11.0-arm64/wheel/./tldw_chatbook/Chat
copying build/lib/tldw_chatbook/Chat/console_interrupt_rounds.py -> build/bdist.macosx-11.0-arm64/wheel/./tldw_chatbook/Chat
copying build/lib/tldw_chatbook/Chat/console_trace_regex_worker.py -> build/bdist.macosx-11.0-arm64/wheel/./tldw_chatbook/Chat
copying build/lib/tldw_chatbook/Chat/console_exchange_capture.py -> build/bdist.macosx-11.0-arm64/wheel/./tldw_chatbook/Chat
copying build/lib/tldw_chatbook/Chat/cost_display.py -> build/bdist.macosx-11.0-arm64/wheel/./tldw_chatbook/Chat
copying build/lib/tldw_chatbook/Chat/console_launch_wake.py -> build/bdist.macosx-11.0-arm64/wheel/./tldw_chatbook/Chat
copying build/lib/tldw_chatbook/Chat/console_trace_custom_pii.py -> build/bdist.macosx-11.0-arm64/wheel/./tldw_chatbook/Chat
copying build/lib/tldw_chatbook/Chat/console_library_destination.py -> build/bdist.macosx-11.0-arm64/wheel/./tldw_chatbook/Chat
copying build/lib/tldw_chatbook/Chat/console_help.py -> build/bdist.macosx-11.0-arm64/wheel/./tldw_chatbook/Chat
copying build/lib/tldw_chatbook/Chat/console_context_policy.py -> build/bdist.macosx-11.0-arm64/wheel/./tldw_chatbook/Chat
copying build/lib/tldw_chatbook/Chat/console_conversation_activation.py -> build/bdist.macosx-11.0-arm64/wheel/./tldw_chatbook/Chat
copying build/lib/tldw_chatbook/Chat/console_exchange_export.py -> build/bdist.macosx-11.0-arm64/wheel/./tldw_chatbook/Chat
copying build/lib/tldw_chatbook/Chat/console_chat_store.py -> build/bdist.macosx-11.0-arm64/wheel/./tldw_chatbook/Chat
copying build/lib/tldw_chatbook/Chat/provider_catalog.py -> build/bdist.macosx-11.0-arm64/wheel/./tldw_chatbook/Chat
copying build/lib/tldw_chatbook/Chat/console_project_instructions.py -> build/bdist.macosx-11.0-arm64/wheel/./tldw_chatbook/Chat
copying build/lib/tldw_chatbook/Chat/console_turn_preparation.py -> build/bdist.macosx-11.0-arm64/wheel/./tldw_chatbook/Chat
copying build/lib/tldw_chatbook/Chat/Chat_Deps.py -> build/bdist.macosx-11.0-arm64/wheel/./tldw_chatbook/Chat
copying build/lib/tldw_chatbook/Chat/console_chat_fork.py -> build/bdist.macosx-11.0-arm64/wheel/./tldw_chatbook/Chat
copying build/lib/tldw_chatbook/Chat/console_voice_input.py -> build/bdist.macosx-11.0-arm64/wheel/./tldw_chatbook/Chat
copying build/lib/tldw_chatbook/Chat/citation_source_locators.py -> build/bdist.macosx-11.0-arm64/wheel/./tldw_chatbook/Chat
copying build/lib/tldw_chatbook/Chat/server_chat_conversation_service.py -> build/bdist.macosx-11.0-arm64/wheel/./tldw_chatbook/Chat
copying build/lib/tldw_chatbook/Chat/console_settings_durability.py -> build/bdist.macosx-11.0-arm64/wheel/./tldw_chatbook/Chat
copying build/lib/tldw_chatbook/Chat/citation_provenance_runtime.py -> build/bdist.macosx-11.0-arm64/wheel/./tldw_chatbook/Chat
creating build/bdist.macosx-11.0-arm64/wheel/tldw_chatbook/Text2SQL_Interop
copying build/lib/tldw_chatbook/Text2SQL_Interop/__init__.py -> build/bdist.macosx-11.0-arm64/wheel/./tldw_chatbook/Text2SQL_Interop
copying build/lib/tldw_chatbook/Text2SQL_Interop/text2sql_scope_service.py -> build/bdist.macosx-11.0-arm64/wheel/./tldw_chatbook/Text2SQL_Interop
copying build/lib/tldw_chatbook/Text2SQL_Interop/server_text2sql_service.py -> build/bdist.macosx-11.0-arm64/wheel/./tldw_chatbook/Text2SQL_Interop
creating build/bdist.macosx-11.0-arm64/wheel/tldw_chatbook/Scheduling
copying build/lib/tldw_chatbook/Scheduling/slot_keys.py -> build/bdist.macosx-11.0-arm64/wheel/./tldw_chatbook/Scheduling
copying build/lib/tldw_chatbook/Scheduling/task_incidents.py -> build/bdist.macosx-11.0-arm64/wheel/./tldw_chatbook/Scheduling
copying build/lib/tldw_chatbook/Scheduling/models.py -> build/bdist.macosx-11.0-arm64/wheel/./tldw_chatbook/Scheduling
copying build/lib/tldw_chatbook/Scheduling/schedule_vocabulary.py -> build/bdist.macosx-11.0-arm64/wheel/./tldw_chatbook/Scheduling
copying build/lib/tldw_chatbook/Scheduling/events.py -> build/bdist.macosx-11.0-arm64/wheel/./tldw_chatbook/Scheduling
copying build/lib/tldw_chatbook/Scheduling/constants.py -> build/bdist.macosx-11.0-arm64/wheel/./tldw_chatbook/Scheduling
creating build/bdist.macosx-11.0-arm64/wheel/tldw_chatbook/Scheduling/scheduler
copying build/lib/tldw_chatbook/Scheduling/scheduler/queue.py -> build/bdist.macosx-11.0-arm64/wheel/./tldw_chatbook/Scheduling/scheduler
copying build/lib/tldw_chatbook/Scheduling/scheduler/__init__.py -> build/bdist.macosx-11.0-arm64/wheel/./tldw_chatbook/Scheduling/scheduler
copying build/lib/tldw_chatbook/Scheduling/scheduler/loop.py -> build/bdist.macosx-11.0-arm64/wheel/./tldw_chatbook/Scheduling/scheduler
creating build/bdist.macosx-11.0-arm64/wheel/tldw_chatbook/Scheduling/scheduler/handlers
copying build/lib/tldw_chatbook/Scheduling/scheduler/handlers/reminder_handler.py -> build/bdist.macosx-11.0-arm64/wheel/./tldw_chatbook/Scheduling/scheduler/handlers
copying build/lib/tldw_chatbook/Scheduling/scheduler/handlers/watchlist_check_handler.py -> build/bdist.macosx-11.0-arm64/wheel/./tldw_chatbook/Scheduling/scheduler/handlers
copying build/lib/tldw_chatbook/Scheduling/scheduler/handlers/automation_handler.py -> build/bdist.macosx-11.0-arm64/wheel/./tldw_chatbook/Scheduling/scheduler/handlers
copying build/lib/tldw_chatbook/Scheduling/scheduler/handlers/__init__.py -> build/bdist.macosx-11.0-arm64/wheel/./tldw_chatbook/Scheduling/scheduler/handlers
copying build/lib/tldw_chatbook/Scheduling/scheduler/handlers/briefing_handler.py -> build/bdist.macosx-11.0-arm64/wheel/./tldw_chatbook/Scheduling/scheduler/handlers
copying build/lib/tldw_chatbook/Scheduling/__init__.py -> build/bdist.macosx-11.0-arm64/wheel/./tldw_chatbook/Scheduling
copying build/lib/tldw_chatbook/Scheduling/automation_preview.py -> build/bdist.macosx-11.0-arm64/wheel/./tldw_chatbook/Scheduling
copying build/lib/tldw_chatbook/Scheduling/automation_execution.py -> build/bdist.macosx-11.0-arm64/wheel/./tldw_chatbook/Scheduling
copying build/lib/tldw_chatbook/Scheduling/schedule_input_parsing.py -> build/bdist.macosx-11.0-arm64/wheel/./tldw_chatbook/Scheduling
copying build/lib/tldw_chatbook/Scheduling/recurring_question_scope.py -> build/bdist.macosx-11.0-arm64/wheel/./tldw_chatbook/Scheduling
copying build/lib/tldw_chatbook/Scheduling/schedule_compute.py -> build/bdist.macosx-11.0-arm64/wheel/./tldw_chatbook/Scheduling
creating build/bdist.macosx-11.0-arm64/wheel/tldw_chatbook/Scheduling/db
creating build/bdist.macosx-11.0-arm64/wheel/tldw_chatbook/Scheduling/db/migrations
copying build/lib/tldw_chatbook/Scheduling/db/migrations/v0_to_v1.py -> build/bdist.macosx-11.0-arm64/wheel/./tldw_chatbook/Scheduling/db/migrations
copying build/lib/tldw_chatbook/Scheduling/db/migrations/v5_to_v6.py -> build/bdist.macosx-11.0-arm64/wheel/./tldw_chatbook/Scheduling/db/migrations
copying build/lib/tldw_chatbook/Scheduling/db/migrations/__init__.py -> build/bdist.macosx-11.0-arm64/wheel/./tldw_chatbook/Scheduling/db/migrations
copying build/lib/tldw_chatbook/Scheduling/db/migrations/v2_to_v3.py -> build/bdist.macosx-11.0-arm64/wheel/./tldw_chatbook/Scheduling/db/migrations
copying build/lib/tldw_chatbook/Scheduling/db/migrations/v3_to_v4.py -> build/bdist.macosx-11.0-arm64/wheel/./tldw_chatbook/Scheduling/db/migrations
copying build/lib/tldw_chatbook/Scheduling/db/migrations/v6_to_v7.py -> build/bdist.macosx-11.0-arm64/wheel/./tldw_chatbook/Scheduling/db/migrations
copying build/lib/tldw_chatbook/Scheduling/db/migrations/v4_to_v5.py -> build/bdist.macosx-11.0-arm64/wheel/./tldw_chatbook/Scheduling/db/migrations
copying build/lib/tldw_chatbook/Scheduling/db/migrations/v1_to_v2.py -> build/bdist.macosx-11.0-arm64/wheel/./tldw_chatbook/Scheduling/db/migrations
copying build/lib/tldw_chatbook/Scheduling/db/scheduled_tasks_db.py -> build/bdist.macosx-11.0-arm64/wheel/./tldw_chatbook/Scheduling/db
copying build/lib/tldw_chatbook/Scheduling/db/__init__.py -> build/bdist.macosx-11.0-arm64/wheel/./tldw_chatbook/Scheduling/db
copying build/lib/tldw_chatbook/Scheduling/db/schema.py -> build/bdist.macosx-11.0-arm64/wheel/./tldw_chatbook/Scheduling/db
copying build/lib/tldw_chatbook/Scheduling/automation_validation.py -> build/bdist.macosx-11.0-arm64/wheel/./tldw_chatbook/Scheduling
copying build/lib/tldw_chatbook/Scheduling/automation_health.py -> build/bdist.macosx-11.0-arm64/wheel/./tldw_chatbook/Scheduling
copying build/lib/tldw_chatbook/Scheduling/scheduler_heartbeat.py -> build/bdist.macosx-11.0-arm64/wheel/./tldw_chatbook/Scheduling
creating build/bdist.macosx-11.0-arm64/wheel/tldw_chatbook/Scheduling/services
copying build/lib/tldw_chatbook/Scheduling/services/server_client.py -> build/bdist.macosx-11.0-arm64/wheel/./tldw_chatbook/Scheduling/services
copying build/lib/tldw_chatbook/Scheduling/services/sync_engine.py -> build/bdist.macosx-11.0-arm64/wheel/./tldw_chatbook/Scheduling/services
copying build/lib/tldw_chatbook/Scheduling/services/watchlist_projection.py -> build/bdist.macosx-11.0-arm64/wheel/./tldw_chatbook/Scheduling/services
copying build/lib/tldw_chatbook/Scheduling/services/scheduling_service.py -> build/bdist.macosx-11.0-arm64/wheel/./tldw_chatbook/Scheduling/services
copying build/lib/tldw_chatbook/Scheduling/services/__init__.py -> build/bdist.macosx-11.0-arm64/wheel/./tldw_chatbook/Scheduling/services
copying build/lib/tldw_chatbook/Scheduling/services/briefing_projection.py -> build/bdist.macosx-11.0-arm64/wheel/./tldw_chatbook/Scheduling/services
creating build/bdist.macosx-11.0-arm64/wheel/tldw_chatbook/User_Governance_Interop
copying build/lib/tldw_chatbook/User_Governance_Interop/__init__.py -> build/bdist.macosx-11.0-arm64/wheel/./tldw_chatbook/User_Governance_Interop
copying build/lib/tldw_chatbook/User_Governance_Interop/server_user_governance_service.py -> build/bdist.macosx-11.0-arm64/wheel/./tldw_chatbook/User_Governance_Interop
copying build/lib/tldw_chatbook/User_Governance_Interop/user_governance_scope_service.py -> build/bdist.macosx-11.0-arm64/wheel/./tldw_chatbook/User_Governance_Interop
creating build/bdist.macosx-11.0-arm64/wheel/tldw_chatbook/css
copying build/lib/tldw_chatbook/css/tie_aware_stylesheet.py -> build/bdist.macosx-11.0-arm64/wheel/./tldw_chatbook/css
copying build/lib/tldw_chatbook/css/screen_css_scoped.tcss -> build/bdist.macosx-11.0-arm64/wheel/./tldw_chatbook/css
creating build/bdist.macosx-11.0-arm64/wheel/tldw_chatbook/css/core
copying build/lib/tldw_chatbook/css/core/_base.tcss -> build/bdist.macosx-11.0-arm64/wheel/./tldw_chatbook/css/core
copying build/lib/tldw_chatbook/css/core/_reset.tcss -> build/bdist.macosx-11.0-arm64/wheel/./tldw_chatbook/css/core
copying build/lib/tldw_chatbook/css/core/_typography.tcss -> build/bdist.macosx-11.0-arm64/wheel/./tldw_chatbook/css/core
copying build/lib/tldw_chatbook/css/core/_variables.tcss -> build/bdist.macosx-11.0-arm64/wheel/./tldw_chatbook/css/core
copying build/lib/tldw_chatbook/css/tldw_cli_modular.tcss -> build/bdist.macosx-11.0-arm64/wheel/./tldw_chatbook/css
copying build/lib/tldw_chatbook/css/widget_defaults_self.tcss -> build/bdist.macosx-11.0-arm64/wheel/./tldw_chatbook/css
copying build/lib/tldw_chatbook/css/check_bundle_sync.py -> build/bdist.macosx-11.0-arm64/wheel/./tldw_chatbook/css
creating build/bdist.macosx-11.0-arm64/wheel/tldw_chatbook/css/layout
copying build/lib/tldw_chatbook/css/layout/_panes.tcss -> build/bdist.macosx-11.0-arm64/wheel/./tldw_chatbook/css/layout
copying build/lib/tldw_chatbook/css/layout/_tabs.tcss -> build/bdist.macosx-11.0-arm64/wheel/./tldw_chatbook/css/layout
copying build/lib/tldw_chatbook/css/layout/_sidebars.tcss -> build/bdist.macosx-11.0-arm64/wheel/./tldw_chatbook/css/layout
copying build/lib/tldw_chatbook/css/layout/_containers.tcss -> build/bdist.macosx-11.0-arm64/wheel/./tldw_chatbook/css/layout
copying build/lib/tldw_chatbook/css/layout/_windows.tcss -> build/bdist.macosx-11.0-arm64/wheel/./tldw_chatbook/css/layout
copying build/lib/tldw_chatbook/css/screen_agentic_settings.tcss -> build/bdist.macosx-11.0-arm64/wheel/./tldw_chatbook/css
copying build/lib/tldw_chatbook/css/screen_agentic_console.tcss -> build/bdist.macosx-11.0-arm64/wheel/./tldw_chatbook/css
creating build/bdist.macosx-11.0-arm64/wheel/tldw_chatbook/css/features
copying build/lib/tldw_chatbook/css/features/_scheduling.tcss -> build/bdist.macosx-11.0-arm64/wheel/./tldw_chatbook/css/features
copying build/lib/tldw_chatbook/css/features/_tab_dropdown.tcss -> build/bdist.macosx-11.0-arm64/wheel/./tldw_chatbook/css/features
copying build/lib/tldw_chatbook/css/features/_wizards.tcss -> build/bdist.macosx-11.0-arm64/wheel/./tldw_chatbook/css/features
copying build/lib/tldw_chatbook/css/features/_conversations.tcss -> build/bdist.macosx-11.0-arm64/wheel/./tldw_chatbook/css/features
copying build/lib/tldw_chatbook/css/features/config_search.tcss -> build/bdist.macosx-11.0-arm64/wheel/./tldw_chatbook/css/features
copying build/lib/tldw_chatbook/css/features/_code_repo.tcss -> build/bdist.macosx-11.0-arm64/wheel/./tldw_chatbook/css/features
copying build/lib/tldw_chatbook/css/features/_evals.tcss -> build/bdist.macosx-11.0-arm64/wheel/./tldw_chatbook/css/features
copying build/lib/tldw_chatbook/css/features/_lab.tcss -> build/bdist.macosx-11.0-arm64/wheel/./tldw_chatbook/css/features
copying build/lib/tldw_chatbook/css/features/_chatbooks.tcss -> build/bdist.macosx-11.0-arm64/wheel/./tldw_chatbook/css/features
copying build/lib/tldw_chatbook/css/features/_metrics.tcss -> build/bdist.macosx-11.0-arm64/wheel/./tldw_chatbook/css/features
copying build/lib/tldw_chatbook/css/features/feature_alerts.tcss -> build/bdist.macosx-11.0-arm64/wheel/./tldw_chatbook/css/features
copying build/lib/tldw_chatbook/css/features/_splash.tcss -> build/bdist.macosx-11.0-arm64/wheel/./tldw_chatbook/css/features
copying build/lib/tldw_chatbook/css/features/_ingest.tcss -> build/bdist.macosx-11.0-arm64/wheel/./tldw_chatbook/css/features
copying build/lib/tldw_chatbook/css/features/_embeddings.tcss -> build/bdist.macosx-11.0-arm64/wheel/./tldw_chatbook/css/features
copying build/lib/tldw_chatbook/css/features/_evaluation_unified.tcss -> build/bdist.macosx-11.0-arm64/wheel/./tldw_chatbook/css/features
copying build/lib/tldw_chatbook/css/features/_llm-management.tcss -> build/bdist.macosx-11.0-arm64/wheel/./tldw_chatbook/css/features
copying build/lib/tldw_chatbook/css/features/_new_ingest.tcss -> build/bdist.macosx-11.0-arm64/wheel/./tldw_chatbook/css/features
copying build/lib/tldw_chatbook/css/features/_chatbooks_improved.tcss -> build/bdist.macosx-11.0-arm64/wheel/./tldw_chatbook/css/features
copying build/lib/tldw_chatbook/css/features/_tools-settings.tcss -> build/bdist.macosx-11.0-arm64/wheel/./tldw_chatbook/css/features
copying build/lib/tldw_chatbook/css/features/_notes.tcss -> build/bdist.macosx-11.0-arm64/wheel/./tldw_chatbook/css/features
copying build/lib/tldw_chatbook/css/features/_media.tcss -> build/bdist.macosx-11.0-arm64/wheel/./tldw_chatbook/css/features
copying build/lib/tldw_chatbook/css/features/_research_workspace.tcss -> build/bdist.macosx-11.0-arm64/wheel/./tldw_chatbook/css/features
copying build/lib/tldw_chatbook/css/features/_writing.tcss -> build/bdist.macosx-11.0-arm64/wheel/./tldw_chatbook/css/features
copying build/lib/tldw_chatbook/css/features/_chat.tcss -> build/bdist.macosx-11.0-arm64/wheel/./tldw_chatbook/css/features
copying build/lib/tldw_chatbook/css/features/_coding.tcss -> build/bdist.macosx-11.0-arm64/wheel/./tldw_chatbook/css/features
copying build/lib/tldw_chatbook/css/features/_watchlists.tcss -> build/bdist.macosx-11.0-arm64/wheel/./tldw_chatbook/css/features
copying build/lib/tldw_chatbook/css/features/_logs.tcss -> build/bdist.macosx-11.0-arm64/wheel/./tldw_chatbook/css/features
copying build/lib/tldw_chatbook/css/screen_css_self.tcss -> build/bdist.macosx-11.0-arm64/wheel/./tldw_chatbook/css
copying build/lib/tldw_chatbook/css/build_css.py -> build/bdist.macosx-11.0-arm64/wheel/./tldw_chatbook/css
copying build/lib/tldw_chatbook/css/main.tcss -> build/bdist.macosx-11.0-arm64/wheel/./tldw_chatbook/css
copying build/lib/tldw_chatbook/css/__init__.py -> build/bdist.macosx-11.0-arm64/wheel/./tldw_chatbook/css
creating build/bdist.macosx-11.0-arm64/wheel/tldw_chatbook/css/utilities
copying build/lib/tldw_chatbook/css/utilities/_states.tcss -> build/bdist.macosx-11.0-arm64/wheel/./tldw_chatbook/css/utilities
copying build/lib/tldw_chatbook/css/utilities/_overrides.tcss -> build/bdist.macosx-11.0-arm64/wheel/./tldw_chatbook/css/utilities
copying build/lib/tldw_chatbook/css/utilities/_helpers.tcss -> build/bdist.macosx-11.0-arm64/wheel/./tldw_chatbook/css/utilities
copying build/lib/tldw_chatbook/css/screen_agentic_library.tcss -> build/bdist.macosx-11.0-arm64/wheel/./tldw_chatbook/css
creating build/bdist.macosx-11.0-arm64/wheel/tldw_chatbook/css/components
copying build/lib/tldw_chatbook/css/components/_messages.tcss -> build/bdist.macosx-11.0-arm64/wheel/./tldw_chatbook/css/components
copying build/lib/tldw_chatbook/css/components/_unified_sidebar.tcss -> build/bdist.macosx-11.0-arm64/wheel/./tldw_chatbook/css/components
copying build/lib/tldw_chatbook/css/components/_agentic_terminal.tcss -> build/bdist.macosx-11.0-arm64/wheel/./tldw_chatbook/css/components
copying build/lib/tldw_chatbook/css/components/_change_review.tcss -> build/bdist.macosx-11.0-arm64/wheel/./tldw_chatbook/css/components
copying build/lib/tldw_chatbook/css/components/_workbench.tcss -> build/bdist.macosx-11.0-arm64/wheel/./tldw_chatbook/css/components
copying build/lib/tldw_chatbook/css/components/_shared_components.tcss -> build/bdist.macosx-11.0-arm64/wheel/./tldw_chatbook/css/components
copying build/lib/tldw_chatbook/css/components/_navigation.tcss -> build/bdist.macosx-11.0-arm64/wheel/./tldw_chatbook/css/components
copying build/lib/tldw_chatbook/css/components/_dialogs.tcss -> build/bdist.macosx-11.0-arm64/wheel/./tldw_chatbook/css/components
copying build/lib/tldw_chatbook/css/components/_forms.tcss -> build/bdist.macosx-11.0-arm64/wheel/./tldw_chatbook/css/components
copying build/lib/tldw_chatbook/css/components/_buttons.tcss -> build/bdist.macosx-11.0-arm64/wheel/./tldw_chatbook/css/components
copying build/lib/tldw_chatbook/css/components/_settings_splash_theme.tcss -> build/bdist.macosx-11.0-arm64/wheel/./tldw_chatbook/css/components
copying build/lib/tldw_chatbook/css/components/_profile_interview.tcss -> build/bdist.macosx-11.0-arm64/wheel/./tldw_chatbook/css/components
copying build/lib/tldw_chatbook/css/components/_widgets.tcss -> build/bdist.macosx-11.0-arm64/wheel/./tldw_chatbook/css/components
copying build/lib/tldw_chatbook/css/components/_lists.tcss -> build/bdist.macosx-11.0-arm64/wheel/./tldw_chatbook/css/components
copying build/lib/tldw_chatbook/css/components/_settings_personal_context.tcss -> build/bdist.macosx-11.0-arm64/wheel/./tldw_chatbook/css/components
copying build/lib/tldw_chatbook/css/components/_status.tcss -> build/bdist.macosx-11.0-arm64/wheel/./tldw_chatbook/css/components
copying build/lib/tldw_chatbook/css/widget_defaults_scoped.tcss -> build/bdist.macosx-11.0-arm64/wheel/./tldw_chatbook/css
copying build/lib/tldw_chatbook/css/widget_css.py -> build/bdist.macosx-11.0-arm64/wheel/./tldw_chatbook/css
creating build/bdist.macosx-11.0-arm64/wheel/tldw_chatbook/css/Themes
copying build/lib/tldw_chatbook/css/Themes/themes.py -> build/bdist.macosx-11.0-arm64/wheel/./tldw_chatbook/css/Themes
copying build/lib/tldw_chatbook/css/Themes/theme_tester.tcss -> build/bdist.macosx-11.0-arm64/wheel/./tldw_chatbook/css/Themes
copying build/lib/tldw_chatbook/css/Themes/__init__.py -> build/bdist.macosx-11.0-arm64/wheel/./tldw_chatbook/css/Themes
copying build/lib/tldw_chatbook/css/Themes/theme_tester.py -> build/bdist.macosx-11.0-arm64/wheel/./tldw_chatbook/css/Themes
copying build/lib/tldw_chatbook/css/screen_feature_evals.tcss -> build/bdist.macosx-11.0-arm64/wheel/./tldw_chatbook/css
copying build/lib/tldw_chatbook/css/screen_feature_scheduling.tcss -> build/bdist.macosx-11.0-arm64/wheel/./tldw_chatbook/css
creating build/bdist.macosx-11.0-arm64/wheel/tldw_chatbook/Internal_Prompts
copying build/lib/tldw_chatbook/Internal_Prompts/catalog.py -> build/bdist.macosx-11.0-arm64/wheel/./tldw_chatbook/Internal_Prompts
copying build/lib/tldw_chatbook/Internal_Prompts/__init__.py -> build/bdist.macosx-11.0-arm64/wheel/./tldw_chatbook/Internal_Prompts
copying build/lib/tldw_chatbook/Internal_Prompts/console_prompts.py -> build/bdist.macosx-11.0-arm64/wheel/./tldw_chatbook/Internal_Prompts
copying build/lib/tldw_chatbook/Internal_Prompts/rag_reranker_prompts.py -> build/bdist.macosx-11.0-arm64/wheel/./tldw_chatbook/Internal_Prompts
copying build/lib/tldw_chatbook/Internal_Prompts/document_generation_prompts.py -> build/bdist.macosx-11.0-arm64/wheel/./tldw_chatbook/Internal_Prompts
copying build/lib/tldw_chatbook/Internal_Prompts/authoring.py -> build/bdist.macosx-11.0-arm64/wheel/./tldw_chatbook/Internal_Prompts
copying build/lib/tldw_chatbook/Internal_Prompts/resolver.py -> build/bdist.macosx-11.0-arm64/wheel/./tldw_chatbook/Internal_Prompts
copying build/lib/tldw_chatbook/Internal_Prompts/summarization_prompts.py -> build/bdist.macosx-11.0-arm64/wheel/./tldw_chatbook/Internal_Prompts
copying build/lib/tldw_chatbook/Internal_Prompts/character_prompts.py -> build/bdist.macosx-11.0-arm64/wheel/./tldw_chatbook/Internal_Prompts
copying build/lib/tldw_chatbook/Internal_Prompts/agents_prompts.py -> build/bdist.macosx-11.0-arm64/wheel/./tldw_chatbook/Internal_Prompts
copying build/lib/tldw_chatbook/Internal_Prompts/websearch_prompts.py -> build/bdist.macosx-11.0-arm64/wheel/./tldw_chatbook/Internal_Prompts
creating build/bdist.macosx-11.0-arm64/wheel/tldw_chatbook/Voice_Assistant_Interop
copying build/lib/tldw_chatbook/Voice_Assistant_Interop/server_voice_assistant_service.py -> build/bdist.macosx-11.0-arm64/wheel/./tldw_chatbook/Voice_Assistant_Interop
copying build/lib/tldw_chatbook/Voice_Assistant_Interop/__init__.py -> build/bdist.macosx-11.0-arm64/wheel/./tldw_chatbook/Voice_Assistant_Interop
copying build/lib/tldw_chatbook/Voice_Assistant_Interop/voice_assistant_scope_service.py -> build/bdist.macosx-11.0-arm64/wheel/./tldw_chatbook/Voice_Assistant_Interop
creating build/bdist.macosx-11.0-arm64/wheel/tldw_chatbook/Web_Scraping
copying build/lib/tldw_chatbook/Web_Scraping/Article_Extractor_Lib.py -> build/bdist.macosx-11.0-arm64/wheel/./tldw_chatbook/Web_Scraping
copying build/lib/tldw_chatbook/Web_Scraping/deep_search_citations.py -> build/bdist.macosx-11.0-arm64/wheel/./tldw_chatbook/Web_Scraping
creating build/bdist.macosx-11.0-arm64/wheel/tldw_chatbook/Web_Scraping/cookie_scraping
copying build/lib/tldw_chatbook/Web_Scraping/cookie_scraping/cookie_cloner.py -> build/bdist.macosx-11.0-arm64/wheel/./tldw_chatbook/Web_Scraping/cookie_scraping
copying build/lib/tldw_chatbook/Web_Scraping/__init__.py -> build/bdist.macosx-11.0-arm64/wheel/./tldw_chatbook/Web_Scraping
copying build/lib/tldw_chatbook/Web_Scraping/WebSearch_APIs.py -> build/bdist.macosx-11.0-arm64/wheel/./tldw_chatbook/Web_Scraping
creating build/bdist.macosx-11.0-arm64/wheel/tldw_chatbook/Web_Scraping/Confluence
copying build/lib/tldw_chatbook/Web_Scraping/Confluence/confluence_auth.py -> build/bdist.macosx-11.0-arm64/wheel/./tldw_chatbook/Web_Scraping/Confluence
copying build/lib/tldw_chatbook/Web_Scraping/Confluence/confluence_crawler.py -> build/bdist.macosx-11.0-arm64/wheel/./tldw_chatbook/Web_Scraping/Confluence
copying build/lib/tldw_chatbook/Web_Scraping/Confluence/__init__.py -> build/bdist.macosx-11.0-arm64/wheel/./tldw_chatbook/Web_Scraping/Confluence
copying build/lib/tldw_chatbook/Web_Scraping/Confluence/confluence_scraper.py -> build/bdist.macosx-11.0-arm64/wheel/./tldw_chatbook/Web_Scraping/Confluence
copying build/lib/tldw_chatbook/Web_Scraping/Confluence/confluence_utils.py -> build/bdist.macosx-11.0-arm64/wheel/./tldw_chatbook/Web_Scraping/Confluence
copying build/lib/tldw_chatbook/Web_Scraping/Confluence/confluence_main.py -> build/bdist.macosx-11.0-arm64/wheel/./tldw_chatbook/Web_Scraping/Confluence
copying build/lib/tldw_chatbook/Web_Scraping/exceptions.py -> build/bdist.macosx-11.0-arm64/wheel/./tldw_chatbook/Web_Scraping
creating build/bdist.macosx-11.0-arm64/wheel/tldw_chatbook/Web_Scraping/Article_Scraper
copying build/lib/tldw_chatbook/Web_Scraping/Article_Scraper/scraper.py -> build/bdist.macosx-11.0-arm64/wheel/./tldw_chatbook/Web_Scraping/Article_Scraper
copying build/lib/tldw_chatbook/Web_Scraping/Article_Scraper/config.py -> build/bdist.macosx-11.0-arm64/wheel/./tldw_chatbook/Web_Scraping/Article_Scraper
copying build/lib/tldw_chatbook/Web_Scraping/Article_Scraper/__init__.py -> build/bdist.macosx-11.0-arm64/wheel/./tldw_chatbook/Web_Scraping/Article_Scraper
copying build/lib/tldw_chatbook/Web_Scraping/Article_Scraper/importers.py -> build/bdist.macosx-11.0-arm64/wheel/./tldw_chatbook/Web_Scraping/Article_Scraper
copying build/lib/tldw_chatbook/Web_Scraping/Article_Scraper/utils.py -> build/bdist.macosx-11.0-arm64/wheel/./tldw_chatbook/Web_Scraping/Article_Scraper
copying build/lib/tldw_chatbook/Web_Scraping/Article_Scraper/processors.py -> build/bdist.macosx-11.0-arm64/wheel/./tldw_chatbook/Web_Scraping/Article_Scraper
copying build/lib/tldw_chatbook/Web_Scraping/Article_Scraper/main.py -> build/bdist.macosx-11.0-arm64/wheel/./tldw_chatbook/Web_Scraping/Article_Scraper
copying build/lib/tldw_chatbook/Web_Scraping/Article_Scraper/crawler.py -> build/bdist.macosx-11.0-arm64/wheel/./tldw_chatbook/Web_Scraping/Article_Scraper
creating build/bdist.macosx-11.0-arm64/wheel/tldw_chatbook/External_Connectors_Interop
copying build/lib/tldw_chatbook/External_Connectors_Interop/__init__.py -> build/bdist.macosx-11.0-arm64/wheel/./tldw_chatbook/External_Connectors_Interop
copying build/lib/tldw_chatbook/External_Connectors_Interop/connectors_scope_service.py -> build/bdist.macosx-11.0-arm64/wheel/./tldw_chatbook/External_Connectors_Interop
copying build/lib/tldw_chatbook/External_Connectors_Interop/server_connectors_service.py -> build/bdist.macosx-11.0-arm64/wheel/./tldw_chatbook/External_Connectors_Interop
creating build/bdist.macosx-11.0-arm64/wheel/tldw_chatbook/Actor_Packs
copying build/lib/tldw_chatbook/Actor_Packs/controller.py -> build/bdist.macosx-11.0-arm64/wheel/./tldw_chatbook/Actor_Packs
copying build/lib/tldw_chatbook/Actor_Packs/importer.py -> build/bdist.macosx-11.0-arm64/wheel/./tldw_chatbook/Actor_Packs
copying build/lib/tldw_chatbook/Actor_Packs/creation.py -> build/bdist.macosx-11.0-arm64/wheel/./tldw_chatbook/Actor_Packs
copying build/lib/tldw_chatbook/Actor_Packs/import_controller.py -> build/bdist.macosx-11.0-arm64/wheel/./tldw_chatbook/Actor_Packs
copying build/lib/tldw_chatbook/Actor_Packs/__init__.py -> build/bdist.macosx-11.0-arm64/wheel/./tldw_chatbook/Actor_Packs
copying build/lib/tldw_chatbook/Actor_Packs/export.py -> build/bdist.macosx-11.0-arm64/wheel/./tldw_chatbook/Actor_Packs
copying build/lib/tldw_chatbook/Actor_Packs/activation.py -> build/bdist.macosx-11.0-arm64/wheel/./tldw_chatbook/Actor_Packs
copying build/lib/tldw_chatbook/Actor_Packs/publication.py -> build/bdist.macosx-11.0-arm64/wheel/./tldw_chatbook/Actor_Packs
copying build/lib/tldw_chatbook/Actor_Packs/contracts.py -> build/bdist.macosx-11.0-arm64/wheel/./tldw_chatbook/Actor_Packs
copying build/lib/tldw_chatbook/Actor_Packs/persona_coordinator.py -> build/bdist.macosx-11.0-arm64/wheel/./tldw_chatbook/Actor_Packs
copying build/lib/tldw_chatbook/Actor_Packs/repository.py -> build/bdist.macosx-11.0-arm64/wheel/./tldw_chatbook/Actor_Packs
creating build/bdist.macosx-11.0-arm64/wheel/tldw_chatbook/Meetings_Interop
copying build/lib/tldw_chatbook/Meetings_Interop/meetings_scope_service.py -> build/bdist.macosx-11.0-arm64/wheel/./tldw_chatbook/Meetings_Interop
copying build/lib/tldw_chatbook/Meetings_Interop/__init__.py -> build/bdist.macosx-11.0-arm64/wheel/./tldw_chatbook/Meetings_Interop
copying build/lib/tldw_chatbook/Meetings_Interop/server_meetings_service.py -> build/bdist.macosx-11.0-arm64/wheel/./tldw_chatbook/Meetings_Interop
creating build/bdist.macosx-11.0-arm64/wheel/tldw_chatbook/Media_Creation
copying build/lib/tldw_chatbook/Media_Creation/__init__.py -> build/bdist.macosx-11.0-arm64/wheel/./tldw_chatbook/Media_Creation
copying build/lib/tldw_chatbook/Media_Creation/image_generation_service.py -> build/bdist.macosx-11.0-arm64/wheel/./tldw_chatbook/Media_Creation
copying build/lib/tldw_chatbook/Media_Creation/swarmui_client.py -> build/bdist.macosx-11.0-arm64/wheel/./tldw_chatbook/Media_Creation
copying build/lib/tldw_chatbook/Media_Creation/generation_templates.py -> build/bdist.macosx-11.0-arm64/wheel/./tldw_chatbook/Media_Creation
creating build/bdist.macosx-11.0-arm64/wheel/tldw_chatbook/Media_Playback
copying build/lib/tldw_chatbook/Media_Playback/render_mode.py -> build/bdist.macosx-11.0-arm64/wheel/./tldw_chatbook/Media_Playback
copying build/lib/tldw_chatbook/Media_Playback/frame_source.py -> build/bdist.macosx-11.0-arm64/wheel/./tldw_chatbook/Media_Playback
copying build/lib/tldw_chatbook/Media_Playback/__init__.py -> build/bdist.macosx-11.0-arm64/wheel/./tldw_chatbook/Media_Playback
copying build/lib/tldw_chatbook/Media_Playback/player_pipeline.py -> build/bdist.macosx-11.0-arm64/wheel/./tldw_chatbook/Media_Playback
copying build/lib/tldw_chatbook/Media_Playback/stream_resolve.py -> build/bdist.macosx-11.0-arm64/wheel/./tldw_chatbook/Media_Playback
copying build/lib/tldw_chatbook/Media_Playback/preview_policy.py -> build/bdist.macosx-11.0-arm64/wheel/./tldw_chatbook/Media_Playback
copying build/lib/tldw_chatbook/Media_Playback/availability.py -> build/bdist.macosx-11.0-arm64/wheel/./tldw_chatbook/Media_Playback
creating build/bdist.macosx-11.0-arm64/wheel/tldw_chatbook/Image_Generation
copying build/lib/tldw_chatbook/Image_Generation/worker.py -> build/bdist.macosx-11.0-arm64/wheel/./tldw_chatbook/Image_Generation
copying build/lib/tldw_chatbook/Image_Generation/request_validation.py -> build/bdist.macosx-11.0-arm64/wheel/./tldw_chatbook/Image_Generation
copying build/lib/tldw_chatbook/Image_Generation/config.py -> build/bdist.macosx-11.0-arm64/wheel/./tldw_chatbook/Image_Generation
copying build/lib/tldw_chatbook/Image_Generation/http_client.py -> build/bdist.macosx-11.0-arm64/wheel/./tldw_chatbook/Image_Generation
creating build/bdist.macosx-11.0-arm64/wheel/tldw_chatbook/Image_Generation/workflows
copying build/lib/tldw_chatbook/Image_Generation/workflows/minimax_h3_image_edit.json -> build/bdist.macosx-11.0-arm64/wheel/./tldw_chatbook/Image_Generation/workflows
copying build/lib/tldw_chatbook/Image_Generation/__init__.py -> build/bdist.macosx-11.0-arm64/wheel/./tldw_chatbook/Image_Generation
copying build/lib/tldw_chatbook/Image_Generation/listing.py -> build/bdist.macosx-11.0-arm64/wheel/./tldw_chatbook/Image_Generation
creating build/bdist.macosx-11.0-arm64/wheel/tldw_chatbook/Image_Generation/adapters
copying build/lib/tldw_chatbook/Image_Generation/adapters/modelstudio_image_adapter.py -> build/bdist.macosx-11.0-arm64/wheel/./tldw_chatbook/Image_Generation/adapters
copying build/lib/tldw_chatbook/Image_Generation/adapters/fal_image_adapter.py -> build/bdist.macosx-11.0-arm64/wheel/./tldw_chatbook/Image_Generation/adapters
copying build/lib/tldw_chatbook/Image_Generation/adapters/gemini_image_adapter.py -> build/bdist.macosx-11.0-arm64/wheel/./tldw_chatbook/Image_Generation/adapters
copying build/lib/tldw_chatbook/Image_Generation/adapters/swarmui_adapter.py -> build/bdist.macosx-11.0-arm64/wheel/./tldw_chatbook/Image_Generation/adapters
copying build/lib/tldw_chatbook/Image_Generation/adapters/__init__.py -> build/bdist.macosx-11.0-arm64/wheel/./tldw_chatbook/Image_Generation/adapters
copying build/lib/tldw_chatbook/Image_Generation/adapters/novita_image_adapter.py -> build/bdist.macosx-11.0-arm64/wheel/./tldw_chatbook/Image_Generation/adapters
copying build/lib/tldw_chatbook/Image_Generation/adapters/stable_diffusion_cpp_adapter.py -> build/bdist.macosx-11.0-arm64/wheel/./tldw_chatbook/Image_Generation/adapters
copying build/lib/tldw_chatbook/Image_Generation/adapters/comfyui_image_adapter.py -> build/bdist.macosx-11.0-arm64/wheel/./tldw_chatbook/Image_Generation/adapters
copying build/lib/tldw_chatbook/Image_Generation/adapters/openrouter_image_adapter.py -> build/bdist.macosx-11.0-arm64/wheel/./tldw_chatbook/Image_Generation/adapters
copying build/lib/tldw_chatbook/Image_Generation/adapters/base.py -> build/bdist.macosx-11.0-arm64/wheel/./tldw_chatbook/Image_Generation/adapters
copying build/lib/tldw_chatbook/Image_Generation/adapters/image_format_utils.py -> build/bdist.macosx-11.0-arm64/wheel/./tldw_chatbook/Image_Generation/adapters
copying build/lib/tldw_chatbook/Image_Generation/adapters/together_image_adapter.py -> build/bdist.macosx-11.0-arm64/wheel/./tldw_chatbook/Image_Generation/adapters
copying build/lib/tldw_chatbook/Image_Generation/adapter_registry.py -> build/bdist.macosx-11.0-arm64/wheel/./tldw_chatbook/Image_Generation
copying build/lib/tldw_chatbook/Image_Generation/capabilities.py -> build/bdist.macosx-11.0-arm64/wheel/./tldw_chatbook/Image_Generation
copying build/lib/tldw_chatbook/Image_Generation/exceptions.py -> build/bdist.macosx-11.0-arm64/wheel/./tldw_chatbook/Image_Generation
copying build/lib/tldw_chatbook/Image_Generation/prompt_refinement.py -> build/bdist.macosx-11.0-arm64/wheel/./tldw_chatbook/Image_Generation
creating build/bdist.macosx-11.0-arm64/wheel/tldw_chatbook/Sync_Interop
copying build/lib/tldw_chatbook/Sync_Interop/envelope_builder.py -> build/bdist.macosx-11.0-arm64/wheel/./tldw_chatbook/Sync_Interop
copying build/lib/tldw_chatbook/Sync_Interop/personal_context_dispatcher.py -> build/bdist.macosx-11.0-arm64/wheel/./tldw_chatbook/Sync_Interop
copying build/lib/tldw_chatbook/Sync_Interop/server_sync_service.py -> build/bdist.macosx-11.0-arm64/wheel/./tldw_chatbook/Sync_Interop
copying build/lib/tldw_chatbook/Sync_Interop/key_recovery_service.py -> build/bdist.macosx-11.0-arm64/wheel/./tldw_chatbook/Sync_Interop
copying build/lib/tldw_chatbook/Sync_Interop/chat_outbox_producer.py -> build/bdist.macosx-11.0-arm64/wheel/./tldw_chatbook/Sync_Interop
copying build/lib/tldw_chatbook/Sync_Interop/notes_mirror.py -> build/bdist.macosx-11.0-arm64/wheel/./tldw_chatbook/Sync_Interop
copying build/lib/tldw_chatbook/Sync_Interop/notes_organization_sync_service.py -> build/bdist.macosx-11.0-arm64/wheel/./tldw_chatbook/Sync_Interop
copying build/lib/tldw_chatbook/Sync_Interop/notes_local_store.py -> build/bdist.macosx-11.0-arm64/wheel/./tldw_chatbook/Sync_Interop
copying build/lib/tldw_chatbook/Sync_Interop/local_first_sync_service.py -> build/bdist.macosx-11.0-arm64/wheel/./tldw_chatbook/Sync_Interop
copying build/lib/tldw_chatbook/Sync_Interop/conflict_review.py -> build/bdist.macosx-11.0-arm64/wheel/./tldw_chatbook/Sync_Interop
creating build/bdist.macosx-11.0-arm64/wheel/tldw_chatbook/Sync_Interop/domain_adapters
copying build/lib/tldw_chatbook/Sync_Interop/domain_adapters/media.py -> build/bdist.macosx-11.0-arm64/wheel/./tldw_chatbook/Sync_Interop/domain_adapters
copying build/lib/tldw_chatbook/Sync_Interop/domain_adapters/__init__.py -> build/bdist.macosx-11.0-arm64/wheel/./tldw_chatbook/Sync_Interop/domain_adapters
copying build/lib/tldw_chatbook/Sync_Interop/domain_adapters/notes.py -> build/bdist.macosx-11.0-arm64/wheel/./tldw_chatbook/Sync_Interop/domain_adapters
copying build/lib/tldw_chatbook/Sync_Interop/domain_adapters/chat.py -> build/bdist.macosx-11.0-arm64/wheel/./tldw_chatbook/Sync_Interop/domain_adapters
copying build/lib/tldw_chatbook/Sync_Interop/domain_adapters/notes_organization.py -> build/bdist.macosx-11.0-arm64/wheel/./tldw_chatbook/Sync_Interop/domain_adapters
copying build/lib/tldw_chatbook/Sync_Interop/domain_adapters/source_cache.py -> build/bdist.macosx-11.0-arm64/wheel/./tldw_chatbook/Sync_Interop/domain_adapters
copying build/lib/tldw_chatbook/Sync_Interop/domain_adapters/notes_m1.py -> build/bdist.macosx-11.0-arm64/wheel/./tldw_chatbook/Sync_Interop/domain_adapters
copying build/lib/tldw_chatbook/Sync_Interop/domain_adapters/_helpers.py -> build/bdist.macosx-11.0-arm64/wheel/./tldw_chatbook/Sync_Interop/domain_adapters
copying build/lib/tldw_chatbook/Sync_Interop/domain_adapters/workspaces.py -> build/bdist.macosx-11.0-arm64/wheel/./tldw_chatbook/Sync_Interop/domain_adapters
copying build/lib/tldw_chatbook/Sync_Interop/sync_state_repository.py -> build/bdist.macosx-11.0-arm64/wheel/./tldw_chatbook/Sync_Interop
copying build/lib/tldw_chatbook/Sync_Interop/__init__.py -> build/bdist.macosx-11.0-arm64/wheel/./tldw_chatbook/Sync_Interop
copying build/lib/tldw_chatbook/Sync_Interop/personal_context_first_link_sync.py -> build/bdist.macosx-11.0-arm64/wheel/./tldw_chatbook/Sync_Interop
copying build/lib/tldw_chatbook/Sync_Interop/notes_m1_flow.py -> build/bdist.macosx-11.0-arm64/wheel/./tldw_chatbook/Sync_Interop
copying build/lib/tldw_chatbook/Sync_Interop/sync_promotion_state.py -> build/bdist.macosx-11.0-arm64/wheel/./tldw_chatbook/Sync_Interop
copying build/lib/tldw_chatbook/Sync_Interop/sync_readiness.py -> build/bdist.macosx-11.0-arm64/wheel/./tldw_chatbook/Sync_Interop
copying build/lib/tldw_chatbook/Sync_Interop/crypto.py -> build/bdist.macosx-11.0-arm64/wheel/./tldw_chatbook/Sync_Interop
copying build/lib/tldw_chatbook/Sync_Interop/sync_state.py -> build/bdist.macosx-11.0-arm64/wheel/./tldw_chatbook/Sync_Interop
copying build/lib/tldw_chatbook/Sync_Interop/sync_mirror_report.py -> build/bdist.macosx-11.0-arm64/wheel/./tldw_chatbook/Sync_Interop
copying build/lib/tldw_chatbook/Sync_Interop/notes_organization.py -> build/bdist.macosx-11.0-arm64/wheel/./tldw_chatbook/Sync_Interop
copying build/lib/tldw_chatbook/Sync_Interop/restore_service.py -> build/bdist.macosx-11.0-arm64/wheel/./tldw_chatbook/Sync_Interop
copying build/lib/tldw_chatbook/Sync_Interop/notes_organization_inventory.py -> build/bdist.macosx-11.0-arm64/wheel/./tldw_chatbook/Sync_Interop
copying build/lib/tldw_chatbook/Sync_Interop/sync_profile_status_state.py -> build/bdist.macosx-11.0-arm64/wheel/./tldw_chatbook/Sync_Interop
copying build/lib/tldw_chatbook/Sync_Interop/sync_scope_service.py -> build/bdist.macosx-11.0-arm64/wheel/./tldw_chatbook/Sync_Interop
copying build/lib/tldw_chatbook/Sync_Interop/personal_context_adapter.py -> build/bdist.macosx-11.0-arm64/wheel/./tldw_chatbook/Sync_Interop
copying build/lib/tldw_chatbook/Sync_Interop/hashing.py -> build/bdist.macosx-11.0-arm64/wheel/./tldw_chatbook/Sync_Interop
copying build/lib/tldw_chatbook/Sync_Interop/envelope_applier.py -> build/bdist.macosx-11.0-arm64/wheel/./tldw_chatbook/Sync_Interop
copying build/lib/tldw_chatbook/Sync_Interop/notes_outbox_producer.py -> build/bdist.macosx-11.0-arm64/wheel/./tldw_chatbook/Sync_Interop
copying build/lib/tldw_chatbook/Sync_Interop/manual_sync_control.py -> build/bdist.macosx-11.0-arm64/wheel/./tldw_chatbook/Sync_Interop
copying build/lib/tldw_chatbook/Sync_Interop/validation.py -> build/bdist.macosx-11.0-arm64/wheel/./tldw_chatbook/Sync_Interop
copying build/lib/tldw_chatbook/model_capabilities.py -> build/bdist.macosx-11.0-arm64/wheel/./tldw_chatbook
creating build/bdist.macosx-11.0-arm64/wheel/tldw_chatbook/LLM_Calls
copying build/lib/tldw_chatbook/LLM_Calls/moonshot.py -> build/bdist.macosx-11.0-arm64/wheel/./tldw_chatbook/LLM_Calls
copying build/lib/tldw_chatbook/LLM_Calls/LICENSE -> build/bdist.macosx-11.0-arm64/wheel/./tldw_chatbook/LLM_Calls
copying build/lib/tldw_chatbook/LLM_Calls/LLM_API_Calls.py -> build/bdist.macosx-11.0-arm64/wheel/./tldw_chatbook/LLM_Calls
copying build/lib/tldw_chatbook/LLM_Calls/__init__.py -> build/bdist.macosx-11.0-arm64/wheel/./tldw_chatbook/LLM_Calls
copying build/lib/tldw_chatbook/LLM_Calls/anthropic_subscription.py -> build/bdist.macosx-11.0-arm64/wheel/./tldw_chatbook/LLM_Calls
copying build/lib/tldw_chatbook/LLM_Calls/Local_Summarization_Lib.py -> build/bdist.macosx-11.0-arm64/wheel/./tldw_chatbook/LLM_Calls
copying build/lib/tldw_chatbook/LLM_Calls/Summarization_General_Lib.py -> build/bdist.macosx-11.0-arm64/wheel/./tldw_chatbook/LLM_Calls
copying build/lib/tldw_chatbook/LLM_Calls/zai.py -> build/bdist.macosx-11.0-arm64/wheel/./tldw_chatbook/LLM_Calls
creating build/bdist.macosx-11.0-arm64/wheel/tldw_chatbook/LLM_Calls/realtime
copying build/lib/tldw_chatbook/LLM_Calls/realtime/transport.py -> build/bdist.macosx-11.0-arm64/wheel/./tldw_chatbook/LLM_Calls/realtime
copying build/lib/tldw_chatbook/LLM_Calls/realtime/protocol.py -> build/bdist.macosx-11.0-arm64/wheel/./tldw_chatbook/LLM_Calls/realtime
copying build/lib/tldw_chatbook/LLM_Calls/realtime/__init__.py -> build/bdist.macosx-11.0-arm64/wheel/./tldw_chatbook/LLM_Calls/realtime
copying build/lib/tldw_chatbook/LLM_Calls/realtime/openai_session.py -> build/bdist.macosx-11.0-arm64/wheel/./tldw_chatbook/LLM_Calls/realtime
copying build/lib/tldw_chatbook/LLM_Calls/pricing_catalog.py -> build/bdist.macosx-11.0-arm64/wheel/./tldw_chatbook/LLM_Calls
copying build/lib/tldw_chatbook/LLM_Calls/qwencloud_url.py -> build/bdist.macosx-11.0-arm64/wheel/./tldw_chatbook/LLM_Calls
copying build/lib/tldw_chatbook/LLM_Calls/qwencloud_streaming.py -> build/bdist.macosx-11.0-arm64/wheel/./tldw_chatbook/LLM_Calls
copying build/lib/tldw_chatbook/LLM_Calls/qwencloud.py -> build/bdist.macosx-11.0-arm64/wheel/./tldw_chatbook/LLM_Calls
copying build/lib/tldw_chatbook/LLM_Calls/hosted_chat_streaming.py -> build/bdist.macosx-11.0-arm64/wheel/./tldw_chatbook/LLM_Calls
copying build/lib/tldw_chatbook/LLM_Calls/LLM_API_Calls_Local.py -> build/bdist.macosx-11.0-arm64/wheel/./tldw_chatbook/LLM_Calls
copying build/lib/tldw_chatbook/LLM_Calls/hosted_chat.py -> build/bdist.macosx-11.0-arm64/wheel/./tldw_chatbook/LLM_Calls
creating build/bdist.macosx-11.0-arm64/wheel/tldw_chatbook/Prompt_Studio_Interop
copying build/lib/tldw_chatbook/Prompt_Studio_Interop/prompt_studio_scope_service.py -> build/bdist.macosx-11.0-arm64/wheel/./tldw_chatbook/Prompt_Studio_Interop
copying build/lib/tldw_chatbook/Prompt_Studio_Interop/__init__.py -> build/bdist.macosx-11.0-arm64/wheel/./tldw_chatbook/Prompt_Studio_Interop
copying build/lib/tldw_chatbook/Prompt_Studio_Interop/server_prompt_studio_service.py -> build/bdist.macosx-11.0-arm64/wheel/./tldw_chatbook/Prompt_Studio_Interop
copying build/lib/tldw_chatbook/Constants.py -> build/bdist.macosx-11.0-arm64/wheel/./tldw_chatbook
copying build/lib/tldw_chatbook/emergency_stop.py -> build/bdist.macosx-11.0-arm64/wheel/./tldw_chatbook
creating build/bdist.macosx-11.0-arm64/wheel/tldw_chatbook/Server_Runtime_Interop
copying build/lib/tldw_chatbook/Server_Runtime_Interop/server_runtime_service.py -> build/bdist.macosx-11.0-arm64/wheel/./tldw_chatbook/Server_Runtime_Interop
copying build/lib/tldw_chatbook/Server_Runtime_Interop/server_runtime_scope_service.py -> build/bdist.macosx-11.0-arm64/wheel/./tldw_chatbook/Server_Runtime_Interop
copying build/lib/tldw_chatbook/Server_Runtime_Interop/__init__.py -> build/bdist.macosx-11.0-arm64/wheel/./tldw_chatbook/Server_Runtime_Interop
creating build/bdist.macosx-11.0-arm64/wheel/tldw_chatbook/runtime_policy
copying build/lib/tldw_chatbook/runtime_policy/bootstrap.py -> build/bdist.macosx-11.0-arm64/wheel/./tldw_chatbook/runtime_policy
copying build/lib/tldw_chatbook/runtime_policy/server_capabilities.py -> build/bdist.macosx-11.0-arm64/wheel/./tldw_chatbook/runtime_policy
copying build/lib/tldw_chatbook/runtime_policy/server_event_scope.py -> build/bdist.macosx-11.0-arm64/wheel/./tldw_chatbook/runtime_policy
copying build/lib/tldw_chatbook/runtime_policy/enforcement.py -> build/bdist.macosx-11.0-arm64/wheel/./tldw_chatbook/runtime_policy
copying build/lib/tldw_chatbook/runtime_policy/registry.py -> build/bdist.macosx-11.0-arm64/wheel/./tldw_chatbook/runtime_policy
copying build/lib/tldw_chatbook/runtime_policy/server_credentials.py -> build/bdist.macosx-11.0-arm64/wheel/./tldw_chatbook/runtime_policy
copying build/lib/tldw_chatbook/runtime_policy/source_state.py -> build/bdist.macosx-11.0-arm64/wheel/./tldw_chatbook/runtime_policy
copying build/lib/tldw_chatbook/runtime_policy/__init__.py -> build/bdist.macosx-11.0-arm64/wheel/./tldw_chatbook/runtime_policy
copying build/lib/tldw_chatbook/runtime_policy/types.py -> build/bdist.macosx-11.0-arm64/wheel/./tldw_chatbook/runtime_policy
copying build/lib/tldw_chatbook/runtime_policy/server_parity_models.py -> build/bdist.macosx-11.0-arm64/wheel/./tldw_chatbook/runtime_policy
copying build/lib/tldw_chatbook/runtime_policy/server_parity_state.py -> build/bdist.macosx-11.0-arm64/wheel/./tldw_chatbook/runtime_policy
copying build/lib/tldw_chatbook/runtime_policy/engine.py -> build/bdist.macosx-11.0-arm64/wheel/./tldw_chatbook/runtime_policy
copying build/lib/tldw_chatbook/runtime_policy/domain_edge_contracts.py -> build/bdist.macosx-11.0-arm64/wheel/./tldw_chatbook/runtime_policy
copying build/lib/tldw_chatbook/runtime_policy/server_context.py -> build/bdist.macosx-11.0-arm64/wheel/./tldw_chatbook/runtime_policy
copying build/lib/tldw_chatbook/runtime_policy/unsupported_capabilities.py -> build/bdist.macosx-11.0-arm64/wheel/./tldw_chatbook/runtime_policy
creating build/bdist.macosx-11.0-arm64/wheel/tldw_chatbook/ACP_Interop
copying build/lib/tldw_chatbook/ACP_Interop/__init__.py -> build/bdist.macosx-11.0-arm64/wheel/./tldw_chatbook/ACP_Interop
copying build/lib/tldw_chatbook/ACP_Interop/runtime_process.py -> build/bdist.macosx-11.0-arm64/wheel/./tldw_chatbook/ACP_Interop
copying build/lib/tldw_chatbook/ACP_Interop/runtime_session.py -> build/bdist.macosx-11.0-arm64/wheel/./tldw_chatbook/ACP_Interop
creating build/bdist.macosx-11.0-arm64/wheel/tldw_chatbook/Research_Workspace
copying build/lib/tldw_chatbook/Research_Workspace/source_operation_store.py -> build/bdist.macosx-11.0-arm64/wheel/./tldw_chatbook/Research_Workspace
copying build/lib/tldw_chatbook/Research_Workspace/source_operations.py -> build/bdist.macosx-11.0-arm64/wheel/./tldw_chatbook/Research_Workspace
copying build/lib/tldw_chatbook/Research_Workspace/controller.py -> build/bdist.macosx-11.0-arm64/wheel/./tldw_chatbook/Research_Workspace
copying build/lib/tldw_chatbook/Research_Workspace/paste_staging.py -> build/bdist.macosx-11.0-arm64/wheel/./tldw_chatbook/Research_Workspace
copying build/lib/tldw_chatbook/Research_Workspace/server_adapter.py -> build/bdist.macosx-11.0-arm64/wheel/./tldw_chatbook/Research_Workspace
copying build/lib/tldw_chatbook/Research_Workspace/source_readiness.py -> build/bdist.macosx-11.0-arm64/wheel/./tldw_chatbook/Research_Workspace
copying build/lib/tldw_chatbook/Research_Workspace/quick_notes.py -> build/bdist.macosx-11.0-arm64/wheel/./tldw_chatbook/Research_Workspace
copying build/lib/tldw_chatbook/Research_Workspace/local_adapter.py -> build/bdist.macosx-11.0-arm64/wheel/./tldw_chatbook/Research_Workspace
copying build/lib/tldw_chatbook/Research_Workspace/__init__.py -> build/bdist.macosx-11.0-arm64/wheel/./tldw_chatbook/Research_Workspace
copying build/lib/tldw_chatbook/Research_Workspace/layout_state.py -> build/bdist.macosx-11.0-arm64/wheel/./tldw_chatbook/Research_Workspace
copying build/lib/tldw_chatbook/Research_Workspace/overlay_store.py -> build/bdist.macosx-11.0-arm64/wheel/./tldw_chatbook/Research_Workspace
copying build/lib/tldw_chatbook/Research_Workspace/contracts.py -> build/bdist.macosx-11.0-arm64/wheel/./tldw_chatbook/Research_Workspace
copying build/lib/tldw_chatbook/Research_Workspace/source_urls.py -> build/bdist.macosx-11.0-arm64/wheel/./tldw_chatbook/Research_Workspace
copying build/lib/tldw_chatbook/Research_Workspace/source_association.py -> build/bdist.macosx-11.0-arm64/wheel/./tldw_chatbook/Research_Workspace
copying build/lib/tldw_chatbook/__init__.py -> build/bdist.macosx-11.0-arm64/wheel/./tldw_chatbook
creating build/bdist.macosx-11.0-arm64/wheel/tldw_chatbook/Terminal
copying build/lib/tldw_chatbook/Terminal/backend.py -> build/bdist.macosx-11.0-arm64/wheel/./tldw_chatbook/Terminal
copying build/lib/tldw_chatbook/Terminal/screen_model.py -> build/bdist.macosx-11.0-arm64/wheel/./tldw_chatbook/Terminal
copying build/lib/tldw_chatbook/Terminal/io_actors.py -> build/bdist.macosx-11.0-arm64/wheel/./tldw_chatbook/Terminal
copying build/lib/tldw_chatbook/Terminal/session_manager.py -> build/bdist.macosx-11.0-arm64/wheel/./tldw_chatbook/Terminal
copying build/lib/tldw_chatbook/Terminal/__init__.py -> build/bdist.macosx-11.0-arm64/wheel/./tldw_chatbook/Terminal
copying build/lib/tldw_chatbook/Terminal/posix_launcher.py -> build/bdist.macosx-11.0-arm64/wheel/./tldw_chatbook/Terminal
copying build/lib/tldw_chatbook/Terminal/launch.py -> build/bdist.macosx-11.0-arm64/wheel/./tldw_chatbook/Terminal
copying build/lib/tldw_chatbook/Terminal/contracts.py -> build/bdist.macosx-11.0-arm64/wheel/./tldw_chatbook/Terminal
copying build/lib/tldw_chatbook/Terminal/posix_backend.py -> build/bdist.macosx-11.0-arm64/wheel/./tldw_chatbook/Terminal
copying build/lib/tldw_chatbook/Terminal/protocol_gate.py -> build/bdist.macosx-11.0-arm64/wheel/./tldw_chatbook/Terminal
creating build/bdist.macosx-11.0-arm64/wheel/tldw_chatbook/Agents
copying build/lib/tldw_chatbook/Agents/agent_presets.py -> build/bdist.macosx-11.0-arm64/wheel/./tldw_chatbook/Agents
copying build/lib/tldw_chatbook/Agents/virtual_cli_provider.py -> build/bdist.macosx-11.0-arm64/wheel/./tldw_chatbook/Agents
copying build/lib/tldw_chatbook/Agents/fs_read_ledger.py -> build/bdist.macosx-11.0-arm64/wheel/./tldw_chatbook/Agents
copying build/lib/tldw_chatbook/Agents/mcp_tool_provider.py -> build/bdist.macosx-11.0-arm64/wheel/./tldw_chatbook/Agents
copying build/lib/tldw_chatbook/Agents/model_retry.py -> build/bdist.macosx-11.0-arm64/wheel/./tldw_chatbook/Agents
copying build/lib/tldw_chatbook/Agents/history_projection.py -> build/bdist.macosx-11.0-arm64/wheel/./tldw_chatbook/Agents
copying build/lib/tldw_chatbook/Agents/profile_tool_provider.py -> build/bdist.macosx-11.0-arm64/wheel/./tldw_chatbook/Agents
copying build/lib/tldw_chatbook/Agents/raw_shell_tool_provider.py -> build/bdist.macosx-11.0-arm64/wheel/./tldw_chatbook/Agents
copying build/lib/tldw_chatbook/Agents/canvas_tool_provider.py -> build/bdist.macosx-11.0-arm64/wheel/./tldw_chatbook/Agents
copying build/lib/tldw_chatbook/Agents/tool_arg_coercion.py -> build/bdist.macosx-11.0-arm64/wheel/./tldw_chatbook/Agents
copying build/lib/tldw_chatbook/Agents/agent_runtime.py -> build/bdist.macosx-11.0-arm64/wheel/./tldw_chatbook/Agents
copying build/lib/tldw_chatbook/Agents/agent_stream.py -> build/bdist.macosx-11.0-arm64/wheel/./tldw_chatbook/Agents
copying build/lib/tldw_chatbook/Agents/library_rag_tool_provider.py -> build/bdist.macosx-11.0-arm64/wheel/./tldw_chatbook/Agents
copying build/lib/tldw_chatbook/Agents/session_todo_store.py -> build/bdist.macosx-11.0-arm64/wheel/./tldw_chatbook/Agents
copying build/lib/tldw_chatbook/Agents/run_log_format.py -> build/bdist.macosx-11.0-arm64/wheel/./tldw_chatbook/Agents
copying build/lib/tldw_chatbook/Agents/agent_service.py -> build/bdist.macosx-11.0-arm64/wheel/./tldw_chatbook/Agents
copying build/lib/tldw_chatbook/Agents/run_log_eviction.py -> build/bdist.macosx-11.0-arm64/wheel/./tldw_chatbook/Agents
copying build/lib/tldw_chatbook/Agents/__init__.py -> build/bdist.macosx-11.0-arm64/wheel/./tldw_chatbook/Agents
copying build/lib/tldw_chatbook/Agents/persona_policy.py -> build/bdist.macosx-11.0-arm64/wheel/./tldw_chatbook/Agents
copying build/lib/tldw_chatbook/Agents/fallback_chain.py -> build/bdist.macosx-11.0-arm64/wheel/./tldw_chatbook/Agents
copying build/lib/tldw_chatbook/Agents/native_tools.py -> build/bdist.macosx-11.0-arm64/wheel/./tldw_chatbook/Agents
copying build/lib/tldw_chatbook/Agents/agent_models.py -> build/bdist.macosx-11.0-arm64/wheel/./tldw_chatbook/Agents
copying build/lib/tldw_chatbook/Agents/fleet_coordinator.py -> build/bdist.macosx-11.0-arm64/wheel/./tldw_chatbook/Agents
copying build/lib/tldw_chatbook/Agents/builtin_tool_gate.py -> build/bdist.macosx-11.0-arm64/wheel/./tldw_chatbook/Agents
copying build/lib/tldw_chatbook/Agents/run_log.py -> build/bdist.macosx-11.0-arm64/wheel/./tldw_chatbook/Agents
copying build/lib/tldw_chatbook/Agents/run_log_search.py -> build/bdist.macosx-11.0-arm64/wheel/./tldw_chatbook/Agents
copying build/lib/tldw_chatbook/Agents/human_input_wait.py -> build/bdist.macosx-11.0-arm64/wheel/./tldw_chatbook/Agents
copying build/lib/tldw_chatbook/Agents/run_tool_policy.py -> build/bdist.macosx-11.0-arm64/wheel/./tldw_chatbook/Agents
copying build/lib/tldw_chatbook/Agents/run_context.py -> build/bdist.macosx-11.0-arm64/wheel/./tldw_chatbook/Agents
copying build/lib/tldw_chatbook/Agents/ask_user_questions.py -> build/bdist.macosx-11.0-arm64/wheel/./tldw_chatbook/Agents
copying build/lib/tldw_chatbook/Agents/local_tool_provider.py -> build/bdist.macosx-11.0-arm64/wheel/./tldw_chatbook/Agents
copying build/lib/tldw_chatbook/Agents/project_instruction_runtime.py -> build/bdist.macosx-11.0-arm64/wheel/./tldw_chatbook/Agents
copying build/lib/tldw_chatbook/Agents/agent_worktree.py -> build/bdist.macosx-11.0-arm64/wheel/./tldw_chatbook/Agents
copying build/lib/tldw_chatbook/Agents/bulk_reader_corpus.py -> build/bdist.macosx-11.0-arm64/wheel/./tldw_chatbook/Agents
copying build/lib/tldw_chatbook/Agents/agent_lesson_promotion.py -> build/bdist.macosx-11.0-arm64/wheel/./tldw_chatbook/Agents
copying build/lib/tldw_chatbook/Agents/run_webhooks.py -> build/bdist.macosx-11.0-arm64/wheel/./tldw_chatbook/Agents
copying build/lib/tldw_chatbook/Agents/project_instruction_resolver.py -> build/bdist.macosx-11.0-arm64/wheel/./tldw_chatbook/Agents
copying build/lib/tldw_chatbook/Agents/tool_catalog.py -> build/bdist.macosx-11.0-arm64/wheel/./tldw_chatbook/Agents
copying build/lib/tldw_chatbook/Agents/library_tool_provider.py -> build/bdist.macosx-11.0-arm64/wheel/./tldw_chatbook/Agents
creating build/bdist.macosx-11.0-arm64/wheel/tldw_chatbook/WebClipper
copying build/lib/tldw_chatbook/WebClipper/__init__.py -> build/bdist.macosx-11.0-arm64/wheel/./tldw_chatbook/WebClipper
copying build/lib/tldw_chatbook/WebClipper/server_web_clipper_scope_service.py -> build/bdist.macosx-11.0-arm64/wheel/./tldw_chatbook/WebClipper
copying build/lib/tldw_chatbook/WebClipper/server_web_clipper_service.py -> build/bdist.macosx-11.0-arm64/wheel/./tldw_chatbook/WebClipper
creating build/bdist.macosx-11.0-arm64/wheel/tldw_chatbook/Event_Handlers
copying build/lib/tldw_chatbook/Event_Handlers/ingest_status_helper.py -> build/bdist.macosx-11.0-arm64/wheel/./tldw_chatbook/Event_Handlers
creating build/bdist.macosx-11.0-arm64/wheel/tldw_chatbook/Event_Handlers/Media_Creation_Events
copying build/lib/tldw_chatbook/Event_Handlers/Media_Creation_Events/__init__.py -> build/bdist.macosx-11.0-arm64/wheel/./tldw_chatbook/Event_Handlers/Media_Creation_Events
copying build/lib/tldw_chatbook/Event_Handlers/Media_Creation_Events/swarmui_events.py -> build/bdist.macosx-11.0-arm64/wheel/./tldw_chatbook/Event_Handlers/Media_Creation_Events
creating build/bdist.macosx-11.0-arm64/wheel/tldw_chatbook/Event_Handlers/LLM_Management_Events
copying build/lib/tldw_chatbook/Event_Handlers/LLM_Management_Events/llm_management_events_llamacpp.py -> build/bdist.macosx-11.0-arm64/wheel/./tldw_chatbook/Event_Handlers/LLM_Management_Events
copying build/lib/tldw_chatbook/Event_Handlers/LLM_Management_Events/llm_management_events_mlx_lm.py -> build/bdist.macosx-11.0-arm64/wheel/./tldw_chatbook/Event_Handlers/LLM_Management_Events
copying build/lib/tldw_chatbook/Event_Handlers/LLM_Management_Events/server_lifecycle.py -> build/bdist.macosx-11.0-arm64/wheel/./tldw_chatbook/Event_Handlers/LLM_Management_Events
copying build/lib/tldw_chatbook/Event_Handlers/LLM_Management_Events/llm_management_events_llamafile.py -> build/bdist.macosx-11.0-arm64/wheel/./tldw_chatbook/Event_Handlers/LLM_Management_Events
copying build/lib/tldw_chatbook/Event_Handlers/LLM_Management_Events/llm_management_events_transformers.py -> build/bdist.macosx-11.0-arm64/wheel/./tldw_chatbook/Event_Handlers/LLM_Management_Events
copying build/lib/tldw_chatbook/Event_Handlers/LLM_Management_Events/__init__.py -> build/bdist.macosx-11.0-arm64/wheel/./tldw_chatbook/Event_Handlers/LLM_Management_Events
copying build/lib/tldw_chatbook/Event_Handlers/LLM_Management_Events/gguf_source_modes.py -> build/bdist.macosx-11.0-arm64/wheel/./tldw_chatbook/Event_Handlers/LLM_Management_Events
copying build/lib/tldw_chatbook/Event_Handlers/LLM_Management_Events/llm_management_events_vllm.py -> build/bdist.macosx-11.0-arm64/wheel/./tldw_chatbook/Event_Handlers/LLM_Management_Events
copying build/lib/tldw_chatbook/Event_Handlers/LLM_Management_Events/llm_management_events.py -> build/bdist.macosx-11.0-arm64/wheel/./tldw_chatbook/Event_Handlers/LLM_Management_Events
copying build/lib/tldw_chatbook/Event_Handlers/LLM_Management_Events/llm_management_events_ollama.py -> build/bdist.macosx-11.0-arm64/wheel/./tldw_chatbook/Event_Handlers/LLM_Management_Events
copying build/lib/tldw_chatbook/Event_Handlers/LLM_Management_Events/llm_management_events_onnx.py -> build/bdist.macosx-11.0-arm64/wheel/./tldw_chatbook/Event_Handlers/LLM_Management_Events
copying build/lib/tldw_chatbook/Event_Handlers/ingest_events.py -> build/bdist.macosx-11.0-arm64/wheel/./tldw_chatbook/Event_Handlers
copying build/lib/tldw_chatbook/Event_Handlers/eval_db_operations.py -> build/bdist.macosx-11.0-arm64/wheel/./tldw_chatbook/Event_Handlers
copying build/lib/tldw_chatbook/Event_Handlers/notes_events.py -> build/bdist.macosx-11.0-arm64/wheel/./tldw_chatbook/Event_Handlers
creating build/bdist.macosx-11.0-arm64/wheel/tldw_chatbook/Event_Handlers/STTS_Events
copying build/lib/tldw_chatbook/Event_Handlers/STTS_Events/stts_events.py -> build/bdist.macosx-11.0-arm64/wheel/./tldw_chatbook/Event_Handlers/STTS_Events
copying build/lib/tldw_chatbook/Event_Handlers/STTS_Events/__init__.py -> build/bdist.macosx-11.0-arm64/wheel/./tldw_chatbook/Event_Handlers/STTS_Events
copying build/lib/tldw_chatbook/Event_Handlers/__init__.py -> build/bdist.macosx-11.0-arm64/wheel/./tldw_chatbook/Event_Handlers
creating build/bdist.macosx-11.0-arm64/wheel/tldw_chatbook/Event_Handlers/worker_handlers
copying build/lib/tldw_chatbook/Event_Handlers/worker_handlers/__init__.py -> build/bdist.macosx-11.0-arm64/wheel/./tldw_chatbook/Event_Handlers/worker_handlers
copying build/lib/tldw_chatbook/Event_Handlers/worker_handlers/misc_worker_handler.py -> build/bdist.macosx-11.0-arm64/wheel/./tldw_chatbook/Event_Handlers/worker_handlers
copying build/lib/tldw_chatbook/Event_Handlers/worker_handlers/base_handler.py -> build/bdist.macosx-11.0-arm64/wheel/./tldw_chatbook/Event_Handlers/worker_handlers
copying build/lib/tldw_chatbook/Event_Handlers/media_events.py -> build/bdist.macosx-11.0-arm64/wheel/./tldw_chatbook/Event_Handlers
copying build/lib/tldw_chatbook/Event_Handlers/ingest_utils.py -> build/bdist.macosx-11.0-arm64/wheel/./tldw_chatbook/Event_Handlers
creating build/bdist.macosx-11.0-arm64/wheel/tldw_chatbook/Event_Handlers/Audio_Events
copying build/lib/tldw_chatbook/Event_Handlers/Audio_Events/recording_events.py -> build/bdist.macosx-11.0-arm64/wheel/./tldw_chatbook/Event_Handlers/Audio_Events
copying build/lib/tldw_chatbook/Event_Handlers/Audio_Events/dictation_integration_events.py -> build/bdist.macosx-11.0-arm64/wheel/./tldw_chatbook/Event_Handlers/Audio_Events
copying build/lib/tldw_chatbook/Event_Handlers/Audio_Events/__init__.py -> build/bdist.macosx-11.0-arm64/wheel/./tldw_chatbook/Event_Handlers/Audio_Events
copying build/lib/tldw_chatbook/Event_Handlers/Audio_Events/dictation_events.py -> build/bdist.macosx-11.0-arm64/wheel/./tldw_chatbook/Event_Handlers/Audio_Events
copying build/lib/tldw_chatbook/Event_Handlers/app_lifecycle.py -> build/bdist.macosx-11.0-arm64/wheel/./tldw_chatbook/Event_Handlers
creating build/bdist.macosx-11.0-arm64/wheel/tldw_chatbook/Event_Handlers/TTS_Events
copying build/lib/tldw_chatbook/Event_Handlers/TTS_Events/__init__.py -> build/bdist.macosx-11.0-arm64/wheel/./tldw_chatbook/Event_Handlers/TTS_Events
copying build/lib/tldw_chatbook/Event_Handlers/TTS_Events/tts_events.py -> build/bdist.macosx-11.0-arm64/wheel/./tldw_chatbook/Event_Handlers/TTS_Events
copying build/lib/tldw_chatbook/Event_Handlers/tab_events.py -> build/bdist.macosx-11.0-arm64/wheel/./tldw_chatbook/Event_Handlers
copying build/lib/tldw_chatbook/Event_Handlers/note_ingest_events.py -> build/bdist.macosx-11.0-arm64/wheel/./tldw_chatbook/Event_Handlers
copying build/lib/tldw_chatbook/Event_Handlers/worker_events.py -> build/bdist.macosx-11.0-arm64/wheel/./tldw_chatbook/Event_Handlers
creating build/bdist.macosx-11.0-arm64/wheel/tldw_chatbook/Event_Handlers/Chat_Events
copying build/lib/tldw_chatbook/Event_Handlers/Chat_Events/__init__.py -> build/bdist.macosx-11.0-arm64/wheel/./tldw_chatbook/Event_Handlers/Chat_Events
copying build/lib/tldw_chatbook/Event_Handlers/Chat_Events/chat_rag_events.py -> build/bdist.macosx-11.0-arm64/wheel/./tldw_chatbook/Event_Handlers/Chat_Events
copying build/lib/tldw_chatbook/Event_Handlers/Chat_Events/chat_messages.py -> build/bdist.macosx-11.0-arm64/wheel/./tldw_chatbook/Event_Handlers/Chat_Events
copying build/lib/tldw_chatbook/Event_Handlers/Chat_Events/chat_events_console_dictionaries.py -> build/bdist.macosx-11.0-arm64/wheel/./tldw_chatbook/Event_Handlers/Chat_Events
copying build/lib/tldw_chatbook/Event_Handlers/Chat_Events/chat_image_events.py -> build/bdist.macosx-11.0-arm64/wheel/./tldw_chatbook/Event_Handlers/Chat_Events
creating build/bdist.macosx-11.0-arm64/wheel/tldw_chatbook/Outputs_Interop
copying build/lib/tldw_chatbook/Outputs_Interop/__init__.py -> build/bdist.macosx-11.0-arm64/wheel/./tldw_chatbook/Outputs_Interop
copying build/lib/tldw_chatbook/Outputs_Interop/outputs_scope_service.py -> build/bdist.macosx-11.0-arm64/wheel/./tldw_chatbook/Outputs_Interop
copying build/lib/tldw_chatbook/Outputs_Interop/server_outputs_service.py -> build/bdist.macosx-11.0-arm64/wheel/./tldw_chatbook/Outputs_Interop
creating build/bdist.macosx-11.0-arm64/wheel/tldw_chatbook/Library
copying build/lib/tldw_chatbook/Library/library_conversations_state.py -> build/bdist.macosx-11.0-arm64/wheel/./tldw_chatbook/Library
copying build/lib/tldw_chatbook/Library/library_note_import_state.py -> build/bdist.macosx-11.0-arm64/wheel/./tldw_chatbook/Library
copying build/lib/tldw_chatbook/Library/library_export_state.py -> build/bdist.macosx-11.0-arm64/wheel/./tldw_chatbook/Library
copying build/lib/tldw_chatbook/Library/library_tool_contract.py -> build/bdist.macosx-11.0-arm64/wheel/./tldw_chatbook/Library
copying build/lib/tldw_chatbook/Library/library_export_scope.py -> build/bdist.macosx-11.0-arm64/wheel/./tldw_chatbook/Library
copying build/lib/tldw_chatbook/Library/library_notes_state.py -> build/bdist.macosx-11.0-arm64/wheel/./tldw_chatbook/Library
copying build/lib/tldw_chatbook/Library/collections_capture_repository.py -> build/bdist.macosx-11.0-arm64/wheel/./tldw_chatbook/Library
copying build/lib/tldw_chatbook/Library/meeting_speaker_rename.py -> build/bdist.macosx-11.0-arm64/wheel/./tldw_chatbook/Library
copying build/lib/tldw_chatbook/Library/local_media_chunk_tool_service.py -> build/bdist.macosx-11.0-arm64/wheel/./tldw_chatbook/Library
copying build/lib/tldw_chatbook/Library/web_clip_request.py -> build/bdist.macosx-11.0-arm64/wheel/./tldw_chatbook/Library
copying build/lib/tldw_chatbook/Library/library_content_evidence.py -> build/bdist.macosx-11.0-arm64/wheel/./tldw_chatbook/Library
copying build/lib/tldw_chatbook/Library/server_collections_capture_service.py -> build/bdist.macosx-11.0-arm64/wheel/./tldw_chatbook/Library
copying build/lib/tldw_chatbook/Library/library_rag_service.py -> build/bdist.macosx-11.0-arm64/wheel/./tldw_chatbook/Library
copying build/lib/tldw_chatbook/Library/library_prompts_state.py -> build/bdist.macosx-11.0-arm64/wheel/./tldw_chatbook/Library
copying build/lib/tldw_chatbook/Library/collections_capture_service.py -> build/bdist.macosx-11.0-arm64/wheel/./tldw_chatbook/Library
copying build/lib/tldw_chatbook/Library/library_conversation_reader_state.py -> build/bdist.macosx-11.0-arm64/wheel/./tldw_chatbook/Library
copying build/lib/tldw_chatbook/Library/library_media_viewer_state.py -> build/bdist.macosx-11.0-arm64/wheel/./tldw_chatbook/Library
copying build/lib/tldw_chatbook/Library/library_notes_session.py -> build/bdist.macosx-11.0-arm64/wheel/./tldw_chatbook/Library
copying build/lib/tldw_chatbook/Library/library_media_state.py -> build/bdist.macosx-11.0-arm64/wheel/./tldw_chatbook/Library
copying build/lib/tldw_chatbook/Library/row_selection.py -> build/bdist.macosx-11.0-arm64/wheel/./tldw_chatbook/Library
copying build/lib/tldw_chatbook/Library/server_ingest_status.py -> build/bdist.macosx-11.0-arm64/wheel/./tldw_chatbook/Library
copying build/lib/tldw_chatbook/Library/__init__.py -> build/bdist.macosx-11.0-arm64/wheel/./tldw_chatbook/Library
copying build/lib/tldw_chatbook/Library/library_notes_tree_state.py -> build/bdist.macosx-11.0-arm64/wheel/./tldw_chatbook/Library
copying build/lib/tldw_chatbook/Library/ingest_types.py -> build/bdist.macosx-11.0-arm64/wheel/./tldw_chatbook/Library
copying build/lib/tldw_chatbook/Library/collections_capture_models.py -> build/bdist.macosx-11.0-arm64/wheel/./tldw_chatbook/Library
copying build/lib/tldw_chatbook/Library/library_structural_wait.py -> build/bdist.macosx-11.0-arm64/wheel/./tldw_chatbook/Library
copying build/lib/tldw_chatbook/Library/library_fts_query.py -> build/bdist.macosx-11.0-arm64/wheel/./tldw_chatbook/Library
copying build/lib/tldw_chatbook/Library/library_media_reader_state.py -> build/bdist.macosx-11.0-arm64/wheel/./tldw_chatbook/Library
copying build/lib/tldw_chatbook/Library/local_library_tool_service.py -> build/bdist.macosx-11.0-arm64/wheel/./tldw_chatbook/Library
copying build/lib/tldw_chatbook/Library/library_ingest_state.py -> build/bdist.macosx-11.0-arm64/wheel/./tldw_chatbook/Library
copying build/lib/tldw_chatbook/Library/library_notes_lasting_sync_state.py -> build/bdist.macosx-11.0-arm64/wheel/./tldw_chatbook/Library
copying build/lib/tldw_chatbook/Library/library_rag_answer_service.py -> build/bdist.macosx-11.0-arm64/wheel/./tldw_chatbook/Library
copying build/lib/tldw_chatbook/Library/library_collections_service.py -> build/bdist.macosx-11.0-arm64/wheel/./tldw_chatbook/Library
copying build/lib/tldw_chatbook/Library/library_expand_policy.py -> build/bdist.macosx-11.0-arm64/wheel/./tldw_chatbook/Library
copying build/lib/tldw_chatbook/Library/library_skills_state.py -> build/bdist.macosx-11.0-arm64/wheel/./tldw_chatbook/Library
copying build/lib/tldw_chatbook/Library/server_ingest_reconcile.py -> build/bdist.macosx-11.0-arm64/wheel/./tldw_chatbook/Library
copying build/lib/tldw_chatbook/Library/library_ingest_jobs.py -> build/bdist.macosx-11.0-arm64/wheel/./tldw_chatbook/Library
copying build/lib/tldw_chatbook/Library/export_progress.py -> build/bdist.macosx-11.0-arm64/wheel/./tldw_chatbook/Library
copying build/lib/tldw_chatbook/Library/ingest_preflight.py -> build/bdist.macosx-11.0-arm64/wheel/./tldw_chatbook/Library
copying build/lib/tldw_chatbook/Library/library_rag_score_kinds.py -> build/bdist.macosx-11.0-arm64/wheel/./tldw_chatbook/Library
copying build/lib/tldw_chatbook/Library/review_set_state.py -> build/bdist.macosx-11.0-arm64/wheel/./tldw_chatbook/Library
copying build/lib/tldw_chatbook/Library/review_set_service.py -> build/bdist.macosx-11.0-arm64/wheel/./tldw_chatbook/Library
copying build/lib/tldw_chatbook/Library/collections_legacy_recovery.py -> build/bdist.macosx-11.0-arm64/wheel/./tldw_chatbook/Library
copying build/lib/tldw_chatbook/Library/library_rechunk_service.py -> build/bdist.macosx-11.0-arm64/wheel/./tldw_chatbook/Library
copying build/lib/tldw_chatbook/Library/library_shell_state.py -> build/bdist.macosx-11.0-arm64/wheel/./tldw_chatbook/Library
copying build/lib/tldw_chatbook/Library/library_pager_state.py -> build/bdist.macosx-11.0-arm64/wheel/./tldw_chatbook/Library
copying build/lib/tldw_chatbook/Library/library_local_rag_search_service.py -> build/bdist.macosx-11.0-arm64/wheel/./tldw_chatbook/Library
copying build/lib/tldw_chatbook/Library/library_rail_state.py -> build/bdist.macosx-11.0-arm64/wheel/./tldw_chatbook/Library
copying build/lib/tldw_chatbook/Library/server_ingest_request.py -> build/bdist.macosx-11.0-arm64/wheel/./tldw_chatbook/Library
copying build/lib/tldw_chatbook/Library/library_notes_tree_paging.py -> build/bdist.macosx-11.0-arm64/wheel/./tldw_chatbook/Library
copying build/lib/tldw_chatbook/Library/ingest_capabilities.py -> build/bdist.macosx-11.0-arm64/wheel/./tldw_chatbook/Library
copying build/lib/tldw_chatbook/Library/ingest_analysis.py -> build/bdist.macosx-11.0-arm64/wheel/./tldw_chatbook/Library
copying build/lib/tldw_chatbook/Library/collections_offline_store.py -> build/bdist.macosx-11.0-arm64/wheel/./tldw_chatbook/Library
copying build/lib/tldw_chatbook/Library/library_rag_state.py -> build/bdist.macosx-11.0-arm64/wheel/./tldw_chatbook/Library
creating build/bdist.macosx-11.0-arm64/wheel/tldw_chatbook/Utils
copying build/lib/tldw_chatbook/Utils/sensitive_llm_logging.py -> build/bdist.macosx-11.0-arm64/wheel/./tldw_chatbook/Utils
copying build/lib/tldw_chatbook/Utils/boot_worker_policy.py -> build/bdist.macosx-11.0-arm64/wheel/./tldw_chatbook/Utils
copying build/lib/tldw_chatbook/Utils/widget_helpers.py -> build/bdist.macosx-11.0-arm64/wheel/./tldw_chatbook/Utils
copying build/lib/tldw_chatbook/Utils/mosaic_render.py -> build/bdist.macosx-11.0-arm64/wheel/./tldw_chatbook/Utils
copying build/lib/tldw_chatbook/Utils/fts5_match_forms.py -> build/bdist.macosx-11.0-arm64/wheel/./tldw_chatbook/Utils
copying build/lib/tldw_chatbook/Utils/persistent_diagnostics.py -> build/bdist.macosx-11.0-arm64/wheel/./tldw_chatbook/Utils
copying build/lib/tldw_chatbook/Utils/filesystem_identity.py -> build/bdist.macosx-11.0-arm64/wheel/./tldw_chatbook/Utils
copying build/lib/tldw_chatbook/Utils/local_stt_providers.py -> build/bdist.macosx-11.0-arm64/wheel/./tldw_chatbook/Utils
copying build/lib/tldw_chatbook/Utils/egress.py -> build/bdist.macosx-11.0-arm64/wheel/./tldw_chatbook/Utils
copying build/lib/tldw_chatbook/Utils/terminal_utils.py -> build/bdist.macosx-11.0-arm64/wheel/./tldw_chatbook/Utils
copying build/lib/tldw_chatbook/Utils/ui_helpers.py -> build/bdist.macosx-11.0-arm64/wheel/./tldw_chatbook/Utils
copying build/lib/tldw_chatbook/Utils/paths.py -> build/bdist.macosx-11.0-arm64/wheel/./tldw_chatbook/Utils
copying build/lib/tldw_chatbook/Utils/note_importers.py -> build/bdist.macosx-11.0-arm64/wheel/./tldw_chatbook/Utils
copying build/lib/tldw_chatbook/Utils/token_counter.py -> build/bdist.macosx-11.0-arm64/wheel/./tldw_chatbook/Utils
copying build/lib/tldw_chatbook/Utils/db_status_manager.py -> build/bdist.macosx-11.0-arm64/wheel/./tldw_chatbook/Utils
copying build/lib/tldw_chatbook/Utils/private_paths.py -> build/bdist.macosx-11.0-arm64/wheel/./tldw_chatbook/Utils
copying build/lib/tldw_chatbook/Utils/NotificationHelper.py -> build/bdist.macosx-11.0-arm64/wheel/./tldw_chatbook/Utils
copying build/lib/tldw_chatbook/Utils/tls_trust.py -> build/bdist.macosx-11.0-arm64/wheel/./tldw_chatbook/Utils
copying build/lib/tldw_chatbook/Utils/textual_css_fastpath.py -> build/bdist.macosx-11.0-arm64/wheel/./tldw_chatbook/Utils
copying build/lib/tldw_chatbook/Utils/input_validation.py -> build/bdist.macosx-11.0-arm64/wheel/./tldw_chatbook/Utils
copying build/lib/tldw_chatbook/Utils/secure_temp_files.py -> build/bdist.macosx-11.0-arm64/wheel/./tldw_chatbook/Utils
copying build/lib/tldw_chatbook/Utils/text_wrap_index.py -> build/bdist.macosx-11.0-arm64/wheel/./tldw_chatbook/Utils
copying build/lib/tldw_chatbook/Utils/__init__.py -> build/bdist.macosx-11.0-arm64/wheel/./tldw_chatbook/Utils
copying build/lib/tldw_chatbook/Utils/sensitive_config_keys.py -> build/bdist.macosx-11.0-arm64/wheel/./tldw_chatbook/Utils
copying build/lib/tldw_chatbook/Utils/instance_lock.py -> build/bdist.macosx-11.0-arm64/wheel/./tldw_chatbook/Utils
copying build/lib/tldw_chatbook/Utils/adaptive_reader_state.py -> build/bdist.macosx-11.0-arm64/wheel/./tldw_chatbook/Utils
copying build/lib/tldw_chatbook/Utils/tiktoken_runtime.py -> build/bdist.macosx-11.0-arm64/wheel/./tldw_chatbook/Utils
copying build/lib/tldw_chatbook/Utils/log_widget_manager.py -> build/bdist.macosx-11.0-arm64/wheel/./tldw_chatbook/Utils
copying build/lib/tldw_chatbook/Utils/text_selection_crash_guard.py -> build/bdist.macosx-11.0-arm64/wheel/./tldw_chatbook/Utils
copying build/lib/tldw_chatbook/Utils/markdown_parsing.py -> build/bdist.macosx-11.0-arm64/wheel/./tldw_chatbook/Utils
copying build/lib/tldw_chatbook/Utils/fd_protection.py -> build/bdist.macosx-11.0-arm64/wheel/./tldw_chatbook/Utils
copying build/lib/tldw_chatbook/Utils/cost_estimation.py -> build/bdist.macosx-11.0-arm64/wheel/./tldw_chatbook/Utils
copying build/lib/tldw_chatbook/Utils/debug_helpers.py -> build/bdist.macosx-11.0-arm64/wheel/./tldw_chatbook/Utils
copying build/lib/tldw_chatbook/Utils/library_rail_width.py -> build/bdist.macosx-11.0-arm64/wheel/./tldw_chatbook/Utils
copying build/lib/tldw_chatbook/Utils/atomic_file_ops.py -> build/bdist.macosx-11.0-arm64/wheel/./tldw_chatbook/Utils
copying build/lib/tldw_chatbook/Utils/Utils.py -> build/bdist.macosx-11.0-arm64/wheel/./tldw_chatbook/Utils
copying build/lib/tldw_chatbook/Utils/file_handlers.py -> build/bdist.macosx-11.0-arm64/wheel/./tldw_chatbook/Utils
copying build/lib/tldw_chatbook/Utils/ui_responsiveness_artifacts.py -> build/bdist.macosx-11.0-arm64/wheel/./tldw_chatbook/Utils
copying build/lib/tldw_chatbook/Utils/text.py -> build/bdist.macosx-11.0-arm64/wheel/./tldw_chatbook/Utils
copying build/lib/tldw_chatbook/Utils/splash_animations.py -> build/bdist.macosx-11.0-arm64/wheel/./tldw_chatbook/Utils
copying build/lib/tldw_chatbook/Utils/log_sanitizer.py -> build/bdist.macosx-11.0-arm64/wheel/./tldw_chatbook/Utils
copying build/lib/tldw_chatbook/Utils/app_shutdown.py -> build/bdist.macosx-11.0-arm64/wheel/./tldw_chatbook/Utils
copying build/lib/tldw_chatbook/Utils/pagination.py -> build/bdist.macosx-11.0-arm64/wheel/./tldw_chatbook/Utils
copying build/lib/tldw_chatbook/Utils/console_background_effects.py -> build/bdist.macosx-11.0-arm64/wheel/./tldw_chatbook/Utils
copying build/lib/tldw_chatbook/Utils/path_validation.py -> build/bdist.macosx-11.0-arm64/wheel/./tldw_chatbook/Utils
copying build/lib/tldw_chatbook/Utils/custom_tokenizers.py -> build/bdist.macosx-11.0-arm64/wheel/./tldw_chatbook/Utils
copying build/lib/tldw_chatbook/Utils/sensitive_paths.py -> build/bdist.macosx-11.0-arm64/wheel/./tldw_chatbook/Utils
copying build/lib/tldw_chatbook/Utils/config_encryption.py -> build/bdist.macosx-11.0-arm64/wheel/./tldw_chatbook/Utils
copying build/lib/tldw_chatbook/Utils/Splash_Strings.py -> build/bdist.macosx-11.0-arm64/wheel/./tldw_chatbook/Utils
copying build/lib/tldw_chatbook/Utils/embedding_templates.py -> build/bdist.macosx-11.0-arm64/wheel/./tldw_chatbook/Utils
copying build/lib/tldw_chatbook/Utils/ingestion_preferences.py -> build/bdist.macosx-11.0-arm64/wheel/./tldw_chatbook/Utils
copying build/lib/tldw_chatbook/Utils/doctor.py -> build/bdist.macosx-11.0-arm64/wheel/./tldw_chatbook/Utils
creating build/bdist.macosx-11.0-arm64/wheel/tldw_chatbook/Utils/Splash_Screens
creating build/bdist.macosx-11.0-arm64/wheel/tldw_chatbook/Utils/Splash_Screens/gaming
copying build/lib/tldw_chatbook/Utils/Splash_Screens/gaming/pacman.py -> build/bdist.macosx-11.0-arm64/wheel/./tldw_chatbook/Utils/Splash_Screens/gaming
copying build/lib/tldw_chatbook/Utils/Splash_Screens/gaming/maze_generator.py -> build/bdist.macosx-11.0-arm64/wheel/./tldw_chatbook/Utils/Splash_Screens/gaming
copying build/lib/tldw_chatbook/Utils/Splash_Screens/gaming/achievement_unlocked.py -> build/bdist.macosx-11.0-arm64/wheel/./tldw_chatbook/Utils/Splash_Screens/gaming
copying build/lib/tldw_chatbook/Utils/Splash_Screens/gaming/space_invaders.py -> build/bdist.macosx-11.0-arm64/wheel/./tldw_chatbook/Utils/Splash_Screens/gaming
copying build/lib/tldw_chatbook/Utils/Splash_Screens/gaming/character_select.py -> build/bdist.macosx-11.0-arm64/wheel/./tldw_chatbook/Utils/Splash_Screens/gaming
copying build/lib/tldw_chatbook/Utils/Splash_Screens/gaming/__init__.py -> build/bdist.macosx-11.0-arm64/wheel/./tldw_chatbook/Utils/Splash_Screens/gaming
copying build/lib/tldw_chatbook/Utils/Splash_Screens/gaming/tetris_block.py -> build/bdist.macosx-11.0-arm64/wheel/./tldw_chatbook/Utils/Splash_Screens/gaming
copying build/lib/tldw_chatbook/Utils/Splash_Screens/gaming/retro_gaming_intro.py -> build/bdist.macosx-11.0-arm64/wheel/./tldw_chatbook/Utils/Splash_Screens/gaming
copying build/lib/tldw_chatbook/Utils/Splash_Screens/gaming/game_of_life.py -> build/bdist.macosx-11.0-arm64/wheel/./tldw_chatbook/Utils/Splash_Screens/gaming
copying build/lib/tldw_chatbook/Utils/Splash_Screens/gaming/level_up.py -> build/bdist.macosx-11.0-arm64/wheel/./tldw_chatbook/Utils/Splash_Screens/gaming
copying build/lib/tldw_chatbook/Utils/Splash_Screens/gaming/versus_screen.py -> build/bdist.macosx-11.0-arm64/wheel/./tldw_chatbook/Utils/Splash_Screens/gaming
copying build/lib/tldw_chatbook/Utils/Splash_Screens/gaming/world_map.py -> build/bdist.macosx-11.0-arm64/wheel/./tldw_chatbook/Utils/Splash_Screens/gaming
copying build/lib/tldw_chatbook/Utils/Splash_Screens/gaming/tetris.py -> build/bdist.macosx-11.0-arm64/wheel/./tldw_chatbook/Utils/Splash_Screens/gaming
copying build/lib/tldw_chatbook/Utils/Splash_Screens/gaming/sound_bars.py -> build/bdist.macosx-11.0-arm64/wheel/./tldw_chatbook/Utils/Splash_Screens/gaming
creating build/bdist.macosx-11.0-arm64/wheel/tldw_chatbook/Utils/Splash_Screens/psychedelic
copying build/lib/tldw_chatbook/Utils/Splash_Screens/psychedelic/psychedelic_mandala.py -> build/bdist.macosx-11.0-arm64/wheel/./tldw_chatbook/Utils/Splash_Screens/psychedelic
copying build/lib/tldw_chatbook/Utils/Splash_Screens/psychedelic/kaleidoscope.py -> build/bdist.macosx-11.0-arm64/wheel/./tldw_chatbook/Utils/Splash_Screens/psychedelic
copying build/lib/tldw_chatbook/Utils/Splash_Screens/psychedelic/hypno_swirl.py -> build/bdist.macosx-11.0-arm64/wheel/./tldw_chatbook/Utils/Splash_Screens/psychedelic
copying build/lib/tldw_chatbook/Utils/Splash_Screens/psychedelic/electric_sheep.py -> build/bdist.macosx-11.0-arm64/wheel/./tldw_chatbook/Utils/Splash_Screens/psychedelic
copying build/lib/tldw_chatbook/Utils/Splash_Screens/psychedelic/__init__.py -> build/bdist.macosx-11.0-arm64/wheel/./tldw_chatbook/Utils/Splash_Screens/psychedelic
copying build/lib/tldw_chatbook/Utils/Splash_Screens/psychedelic/shroom_vision.py -> build/bdist.macosx-11.0-arm64/wheel/./tldw_chatbook/Utils/Splash_Screens/psychedelic
copying build/lib/tldw_chatbook/Utils/Splash_Screens/psychedelic/trippy_tunnel.py -> build/bdist.macosx-11.0-arm64/wheel/./tldw_chatbook/Utils/Splash_Screens/psychedelic
copying build/lib/tldw_chatbook/Utils/Splash_Screens/psychedelic/deep_dream.py -> build/bdist.macosx-11.0-arm64/wheel/./tldw_chatbook/Utils/Splash_Screens/psychedelic
copying build/lib/tldw_chatbook/Utils/Splash_Screens/psychedelic/melting_screen.py -> build/bdist.macosx-11.0-arm64/wheel/./tldw_chatbook/Utils/Splash_Screens/psychedelic
copying build/lib/tldw_chatbook/Utils/Splash_Screens/psychedelic/lava_lamp.py -> build/bdist.macosx-11.0-arm64/wheel/./tldw_chatbook/Utils/Splash_Screens/psychedelic
copying build/lib/tldw_chatbook/Utils/Splash_Screens/psychedelic/ascii_mandala.py -> build/bdist.macosx-11.0-arm64/wheel/./tldw_chatbook/Utils/Splash_Screens/psychedelic
creating build/bdist.macosx-11.0-arm64/wheel/tldw_chatbook/Utils/Splash_Screens/classic
copying build/lib/tldw_chatbook/Utils/Splash_Screens/classic/glitch_reveal.py -> build/bdist.macosx-11.0-arm64/wheel/./tldw_chatbook/Utils/Splash_Screens/classic
copying build/lib/tldw_chatbook/Utils/Splash_Screens/classic/pulse.py -> build/bdist.macosx-11.0-arm64/wheel/./tldw_chatbook/Utils/Splash_Screens/classic
copying build/lib/tldw_chatbook/Utils/Splash_Screens/classic/retro_terminal.py -> build/bdist.macosx-11.0-arm64/wheel/./tldw_chatbook/Utils/Splash_Screens/classic
copying build/lib/tldw_chatbook/Utils/Splash_Screens/classic/spotlight.py -> build/bdist.macosx-11.0-arm64/wheel/./tldw_chatbook/Utils/Splash_Screens/classic
copying build/lib/tldw_chatbook/Utils/Splash_Screens/classic/old_film.py -> build/bdist.macosx-11.0-arm64/wheel/./tldw_chatbook/Utils/Splash_Screens/classic
copying build/lib/tldw_chatbook/Utils/Splash_Screens/classic/typewriter.py -> build/bdist.macosx-11.0-arm64/wheel/./tldw_chatbook/Utils/Splash_Screens/classic
copying build/lib/tldw_chatbook/Utils/Splash_Screens/classic/ascii_morph.py -> build/bdist.macosx-11.0-arm64/wheel/./tldw_chatbook/Utils/Splash_Screens/classic
copying build/lib/tldw_chatbook/Utils/Splash_Screens/classic/blink.py -> build/bdist.macosx-11.0-arm64/wheel/./tldw_chatbook/Utils/Splash_Screens/classic
copying build/lib/tldw_chatbook/Utils/Splash_Screens/classic/__init__.py -> build/bdist.macosx-11.0-arm64/wheel/./tldw_chatbook/Utils/Splash_Screens/classic
copying build/lib/tldw_chatbook/Utils/Splash_Screens/classic/pixel_dissolve.py -> build/bdist.macosx-11.0-arm64/wheel/./tldw_chatbook/Utils/Splash_Screens/classic
copying build/lib/tldw_chatbook/Utils/Splash_Screens/classic/scrolling_credits.py -> build/bdist.macosx-11.0-arm64/wheel/./tldw_chatbook/Utils/Splash_Screens/classic
copying build/lib/tldw_chatbook/Utils/Splash_Screens/classic/matrix_rain.py -> build/bdist.macosx-11.0-arm64/wheel/./tldw_chatbook/Utils/Splash_Screens/classic
copying build/lib/tldw_chatbook/Utils/Splash_Screens/classic/loading_bar.py -> build/bdist.macosx-11.0-arm64/wheel/./tldw_chatbook/Utils/Splash_Screens/classic
copying build/lib/tldw_chatbook/Utils/Splash_Screens/classic/fade.py -> build/bdist.macosx-11.0-arm64/wheel/./tldw_chatbook/Utils/Splash_Screens/classic
copying build/lib/tldw_chatbook/Utils/Splash_Screens/classic/text_explosion.py -> build/bdist.macosx-11.0-arm64/wheel/./tldw_chatbook/Utils/Splash_Screens/classic
copying build/lib/tldw_chatbook/Utils/Splash_Screens/classic/glitch.py -> build/bdist.macosx-11.0-arm64/wheel/./tldw_chatbook/Utils/Splash_Screens/classic
copying build/lib/tldw_chatbook/Utils/Splash_Screens/classic/pixel_zoom.py -> build/bdist.macosx-11.0-arm64/wheel/./tldw_chatbook/Utils/Splash_Screens/classic
copying build/lib/tldw_chatbook/Utils/Splash_Screens/card_definitions.py -> build/bdist.macosx-11.0-arm64/wheel/./tldw_chatbook/Utils/Splash_Screens
copying build/lib/tldw_chatbook/Utils/Splash_Screens/__init__.py -> build/bdist.macosx-11.0-arm64/wheel/./tldw_chatbook/Utils/Splash_Screens
creating build/bdist.macosx-11.0-arm64/wheel/tldw_chatbook/Utils/Splash_Screens/environmental
copying build/lib/tldw_chatbook/Utils/Splash_Screens/environmental/origami_folding.py -> build/bdist.macosx-11.0-arm64/wheel/./tldw_chatbook/Utils/Splash_Screens/environmental
copying build/lib/tldw_chatbook/Utils/Splash_Screens/environmental/ant_colony.py -> build/bdist.macosx-11.0-arm64/wheel/./tldw_chatbook/Utils/Splash_Screens/environmental
copying build/lib/tldw_chatbook/Utils/Splash_Screens/environmental/constellation_map.py -> build/bdist.macosx-11.0-arm64/wheel/./tldw_chatbook/Utils/Splash_Screens/environmental
copying build/lib/tldw_chatbook/Utils/Splash_Screens/environmental/plasma_field.py -> build/bdist.macosx-11.0-arm64/wheel/./tldw_chatbook/Utils/Splash_Screens/environmental
copying build/lib/tldw_chatbook/Utils/Splash_Screens/environmental/raindrops.py -> build/bdist.macosx-11.0-arm64/wheel/./tldw_chatbook/Utils/Splash_Screens/environmental
copying build/lib/tldw_chatbook/Utils/Splash_Screens/environmental/morphing_shape.py -> build/bdist.macosx-11.0-arm64/wheel/./tldw_chatbook/Utils/Splash_Screens/environmental
copying build/lib/tldw_chatbook/Utils/Splash_Screens/environmental/clock_mechanism.py -> build/bdist.macosx-11.0-arm64/wheel/./tldw_chatbook/Utils/Splash_Screens/environmental
copying build/lib/tldw_chatbook/Utils/Splash_Screens/environmental/__init__.py -> build/bdist.macosx-11.0-arm64/wheel/./tldw_chatbook/Utils/Splash_Screens/environmental
copying build/lib/tldw_chatbook/Utils/Splash_Screens/environmental/ascii_aquarium.py -> build/bdist.macosx-11.0-arm64/wheel/./tldw_chatbook/Utils/Splash_Screens/environmental
copying build/lib/tldw_chatbook/Utils/Splash_Screens/environmental/quantum_particles.py -> build/bdist.macosx-11.0-arm64/wheel/./tldw_chatbook/Utils/Splash_Screens/environmental
copying build/lib/tldw_chatbook/Utils/Splash_Screens/environmental/dna_helix.py -> build/bdist.macosx-11.0-arm64/wheel/./tldw_chatbook/Utils/Splash_Screens/environmental
copying build/lib/tldw_chatbook/Utils/Splash_Screens/environmental/doom_fire.py -> build/bdist.macosx-11.0-arm64/wheel/./tldw_chatbook/Utils/Splash_Screens/environmental
copying build/lib/tldw_chatbook/Utils/Splash_Screens/environmental/wave_ripple.py -> build/bdist.macosx-11.0-arm64/wheel/./tldw_chatbook/Utils/Splash_Screens/environmental
copying build/lib/tldw_chatbook/Utils/Splash_Screens/environmental/train_journey.py -> build/bdist.macosx-11.0-arm64/wheel/./tldw_chatbook/Utils/Splash_Screens/environmental
copying build/lib/tldw_chatbook/Utils/Splash_Screens/environmental/zen_garden.py -> build/bdist.macosx-11.0-arm64/wheel/./tldw_chatbook/Utils/Splash_Screens/environmental
copying build/lib/tldw_chatbook/Utils/Splash_Screens/environmental/ascii_kaleidoscope.py -> build/bdist.macosx-11.0-arm64/wheel/./tldw_chatbook/Utils/Splash_Screens/environmental
copying build/lib/tldw_chatbook/Utils/Splash_Screens/environmental/fireworks.py -> build/bdist.macosx-11.0-arm64/wheel/./tldw_chatbook/Utils/Splash_Screens/environmental
copying build/lib/tldw_chatbook/Utils/Splash_Screens/environmental/ascii_fire.py -> build/bdist.macosx-11.0-arm64/wheel/./tldw_chatbook/Utils/Splash_Screens/environmental
copying build/lib/tldw_chatbook/Utils/Splash_Screens/environmental/bookshelf_browser.py -> build/bdist.macosx-11.0-arm64/wheel/./tldw_chatbook/Utils/Splash_Screens/environmental
copying build/lib/tldw_chatbook/Utils/Splash_Screens/environmental/ascii_wave.py -> build/bdist.macosx-11.0-arm64/wheel/./tldw_chatbook/Utils/Splash_Screens/environmental
copying build/lib/tldw_chatbook/Utils/Splash_Screens/environmental/particle_swarm.py -> build/bdist.macosx-11.0-arm64/wheel/./tldw_chatbook/Utils/Splash_Screens/environmental
copying build/lib/tldw_chatbook/Utils/Splash_Screens/environmental/starfield.py -> build/bdist.macosx-11.0-arm64/wheel/./tldw_chatbook/Utils/Splash_Screens/environmental
copying build/lib/tldw_chatbook/Utils/Splash_Screens/environmental/spiral_galaxy.py -> build/bdist.macosx-11.0-arm64/wheel/./tldw_chatbook/Utils/Splash_Screens/environmental
copying build/lib/tldw_chatbook/Utils/Splash_Screens/environmental/weather_system.py -> build/bdist.macosx-11.0-arm64/wheel/./tldw_chatbook/Utils/Splash_Screens/environmental
creating build/bdist.macosx-11.0-arm64/wheel/tldw_chatbook/Utils/Splash_Screens/custom
copying build/lib/tldw_chatbook/Utils/Splash_Screens/custom/custom_image.py -> build/bdist.macosx-11.0-arm64/wheel/./tldw_chatbook/Utils/Splash_Screens/custom
copying build/lib/tldw_chatbook/Utils/Splash_Screens/custom/__init__.py -> build/bdist.macosx-11.0-arm64/wheel/./tldw_chatbook/Utils/Splash_Screens/custom
copying build/lib/tldw_chatbook/Utils/Splash_Screens/custom/emoji_face.py -> build/bdist.macosx-11.0-arm64/wheel/./tldw_chatbook/Utils/Splash_Screens/custom
creating build/bdist.macosx-11.0-arm64/wheel/tldw_chatbook/Utils/Splash_Screens/tech
copying build/lib/tldw_chatbook/Utils/Splash_Screens/tech/rubiks_cube.py -> build/bdist.macosx-11.0-arm64/wheel/./tldw_chatbook/Utils/Splash_Screens/tech
copying build/lib/tldw_chatbook/Utils/Splash_Screens/tech/fractal_zoom.py -> build/bdist.macosx-11.0-arm64/wheel/./tldw_chatbook/Utils/Splash_Screens/tech
copying build/lib/tldw_chatbook/Utils/Splash_Screens/tech/code_scroll.py -> build/bdist.macosx-11.0-arm64/wheel/./tldw_chatbook/Utils/Splash_Screens/tech
copying build/lib/tldw_chatbook/Utils/Splash_Screens/tech/terminal_boot.py -> build/bdist.macosx-11.0-arm64/wheel/./tldw_chatbook/Utils/Splash_Screens/tech
copying build/lib/tldw_chatbook/Utils/Splash_Screens/tech/mining.py -> build/bdist.macosx-11.0-arm64/wheel/./tldw_chatbook/Utils/Splash_Screens/tech
copying build/lib/tldw_chatbook/Utils/Splash_Screens/tech/circuit_trace.py -> build/bdist.macosx-11.0-arm64/wheel/./tldw_chatbook/Utils/Splash_Screens/tech
copying build/lib/tldw_chatbook/Utils/Splash_Screens/tech/typewriter_news.py -> build/bdist.macosx-11.0-arm64/wheel/./tldw_chatbook/Utils/Splash_Screens/tech
copying build/lib/tldw_chatbook/Utils/Splash_Screens/tech/phonebooths_dialing.py -> build/bdist.macosx-11.0-arm64/wheel/./tldw_chatbook/Utils/Splash_Screens/tech
copying build/lib/tldw_chatbook/Utils/Splash_Screens/tech/circuit_board.py -> build/bdist.macosx-11.0-arm64/wheel/./tldw_chatbook/Utils/Splash_Screens/tech
copying build/lib/tldw_chatbook/Utils/Splash_Screens/tech/ascii_spinner.py -> build/bdist.macosx-11.0-arm64/wheel/./tldw_chatbook/Utils/Splash_Screens/tech
copying build/lib/tldw_chatbook/Utils/Splash_Screens/tech/spy_vs_spy.py -> build/bdist.macosx-11.0-arm64/wheel/./tldw_chatbook/Utils/Splash_Screens/tech
copying build/lib/tldw_chatbook/Utils/Splash_Screens/tech/__init__.py -> build/bdist.macosx-11.0-arm64/wheel/./tldw_chatbook/Utils/Splash_Screens/tech
copying build/lib/tldw_chatbook/Utils/Splash_Screens/tech/quantum_tunnel.py -> build/bdist.macosx-11.0-arm64/wheel/./tldw_chatbook/Utils/Splash_Screens/tech
copying build/lib/tldw_chatbook/Utils/Splash_Screens/tech/hacker_terminal.py -> build/bdist.macosx-11.0-arm64/wheel/./tldw_chatbook/Utils/Splash_Screens/tech
copying build/lib/tldw_chatbook/Utils/Splash_Screens/tech/data_stream.py -> build/bdist.macosx-11.0-arm64/wheel/./tldw_chatbook/Utils/Splash_Screens/tech
copying build/lib/tldw_chatbook/Utils/Splash_Screens/tech/chaotic_typewriter.py -> build/bdist.macosx-11.0-arm64/wheel/./tldw_chatbook/Utils/Splash_Screens/tech
copying build/lib/tldw_chatbook/Utils/Splash_Screens/tech/neural_network.py -> build/bdist.macosx-11.0-arm64/wheel/./tldw_chatbook/Utils/Splash_Screens/tech
copying build/lib/tldw_chatbook/Utils/Splash_Screens/tech/binary_matrix.py -> build/bdist.macosx-11.0-arm64/wheel/./tldw_chatbook/Utils/Splash_Screens/tech
copying build/lib/tldw_chatbook/Utils/Splash_Screens/tech/cyberpunk_glitch.py -> build/bdist.macosx-11.0-arm64/wheel/./tldw_chatbook/Utils/Splash_Screens/tech
copying build/lib/tldw_chatbook/Utils/Splash_Screens/tech/dna_sequence.py -> build/bdist.macosx-11.0-arm64/wheel/./tldw_chatbook/Utils/Splash_Screens/tech
copying build/lib/tldw_chatbook/Utils/Splash_Screens/tech/music_visualizer.py -> build/bdist.macosx-11.0-arm64/wheel/./tldw_chatbook/Utils/Splash_Screens/tech
copying build/lib/tldw_chatbook/Utils/Splash_Screens/tech/holographic_interface.py -> build/bdist.macosx-11.0-arm64/wheel/./tldw_chatbook/Utils/Splash_Screens/tech
copying build/lib/tldw_chatbook/Utils/Splash_Screens/tech/neon_sign_flicker.py -> build/bdist.macosx-11.0-arm64/wheel/./tldw_chatbook/Utils/Splash_Screens/tech
copying build/lib/tldw_chatbook/Utils/Splash_Screens/tech/digital_rain.py -> build/bdist.macosx-11.0-arm64/wheel/./tldw_chatbook/Utils/Splash_Screens/tech
copying build/lib/tldw_chatbook/Utils/Splash_Screens/base_effect.py -> build/bdist.macosx-11.0-arm64/wheel/./tldw_chatbook/Utils/Splash_Screens
copying build/lib/tldw_chatbook/Utils/startup_logging.py -> build/bdist.macosx-11.0-arm64/wheel/./tldw_chatbook/Utils
copying build/lib/tldw_chatbook/Utils/about_text.py -> build/bdist.macosx-11.0-arm64/wheel/./tldw_chatbook/Utils
copying build/lib/tldw_chatbook/Utils/Emoji_Handling.py -> build/bdist.macosx-11.0-arm64/wheel/./tldw_chatbook/Utils
copying build/lib/tldw_chatbook/Utils/db_upgrade_notice.py -> build/bdist.macosx-11.0-arm64/wheel/./tldw_chatbook/Utils
copying build/lib/tldw_chatbook/Utils/file_extraction.py -> build/bdist.macosx-11.0-arm64/wheel/./tldw_chatbook/Utils
copying build/lib/tldw_chatbook/Utils/Splash.py -> build/bdist.macosx-11.0-arm64/wheel/./tldw_chatbook/Utils
copying build/lib/tldw_chatbook/Utils/optional_deps.py -> build/bdist.macosx-11.0-arm64/wheel/./tldw_chatbook/Utils
copying build/lib/tldw_chatbook/Utils/github_api_client.py -> build/bdist.macosx-11.0-arm64/wheel/./tldw_chatbook/Utils
copying build/lib/tldw_chatbook/Utils/ui_responsiveness.py -> build/bdist.macosx-11.0-arm64/wheel/./tldw_chatbook/Utils
creating build/bdist.macosx-11.0-arm64/wheel/tldw_chatbook/MCP
copying build/lib/tldw_chatbook/MCP/gateway_runtime.py -> build/bdist.macosx-11.0-arm64/wheel/./tldw_chatbook/MCP
copying build/lib/tldw_chatbook/MCP/redaction.py -> build/bdist.macosx-11.0-arm64/wheel/./tldw_chatbook/MCP
copying build/lib/tldw_chatbook/MCP/unified_context_store.py -> build/bdist.macosx-11.0-arm64/wheel/./tldw_chatbook/MCP
copying build/lib/tldw_chatbook/MCP/server.py -> build/bdist.macosx-11.0-arm64/wheel/./tldw_chatbook/MCP
copying build/lib/tldw_chatbook/MCP/permission_prompt_reducer.py -> build/bdist.macosx-11.0-arm64/wheel/./tldw_chatbook/MCP
copying build/lib/tldw_chatbook/MCP/unified_control_plane_service.py -> build/bdist.macosx-11.0-arm64/wheel/./tldw_chatbook/MCP
copying build/lib/tldw_chatbook/MCP/server_request_handlers.py -> build/bdist.macosx-11.0-arm64/wheel/./tldw_chatbook/MCP
copying build/lib/tldw_chatbook/MCP/client.py -> build/bdist.macosx-11.0-arm64/wheel/./tldw_chatbook/MCP
copying build/lib/tldw_chatbook/MCP/tools.py -> build/bdist.macosx-11.0-arm64/wheel/./tldw_chatbook/MCP
copying build/lib/tldw_chatbook/MCP/server_target_store.py -> build/bdist.macosx-11.0-arm64/wheel/./tldw_chatbook/MCP
copying build/lib/tldw_chatbook/MCP/hub_tool_catalog.py -> build/bdist.macosx-11.0-arm64/wheel/./tldw_chatbook/MCP
copying build/lib/tldw_chatbook/MCP/permission_store.py -> build/bdist.macosx-11.0-arm64/wheel/./tldw_chatbook/MCP
copying build/lib/tldw_chatbook/MCP/live_server_request_wiring.py -> build/bdist.macosx-11.0-arm64/wheel/./tldw_chatbook/MCP
copying build/lib/tldw_chatbook/MCP/local_store.py -> build/bdist.macosx-11.0-arm64/wheel/./tldw_chatbook/MCP
copying build/lib/tldw_chatbook/MCP/__init__.py -> build/bdist.macosx-11.0-arm64/wheel/./tldw_chatbook/MCP
copying build/lib/tldw_chatbook/MCP/local_control_service.py -> build/bdist.macosx-11.0-arm64/wheel/./tldw_chatbook/MCP
copying build/lib/tldw_chatbook/MCP/execution_log.py -> build/bdist.macosx-11.0-arm64/wheel/./tldw_chatbook/MCP
copying build/lib/tldw_chatbook/MCP/prompts.py -> build/bdist.macosx-11.0-arm64/wheel/./tldw_chatbook/MCP
copying build/lib/tldw_chatbook/MCP/unified_control_models.py -> build/bdist.macosx-11.0-arm64/wheel/./tldw_chatbook/MCP
copying build/lib/tldw_chatbook/MCP/local_runtime_delegate.py -> build/bdist.macosx-11.0-arm64/wheel/./tldw_chatbook/MCP
copying build/lib/tldw_chatbook/MCP/server_unified_service.py -> build/bdist.macosx-11.0-arm64/wheel/./tldw_chatbook/MCP
copying build/lib/tldw_chatbook/MCP/resources.py -> build/bdist.macosx-11.0-arm64/wheel/./tldw_chatbook/MCP
copying build/lib/tldw_chatbook/MCP/readiness.py -> build/bdist.macosx-11.0-arm64/wheel/./tldw_chatbook/MCP
copying build/lib/tldw_chatbook/MCP/hub_test_execution.py -> build/bdist.macosx-11.0-arm64/wheel/./tldw_chatbook/MCP
copying build/lib/tldw_chatbook/MCP/mcp_import.py -> build/bdist.macosx-11.0-arm64/wheel/./tldw_chatbook/MCP
copying build/lib/tldw_chatbook/MCP/__main__.py -> build/bdist.macosx-11.0-arm64/wheel/./tldw_chatbook/MCP
copying build/lib/tldw_chatbook/MCP/local_server_tools.py -> build/bdist.macosx-11.0-arm64/wheel/./tldw_chatbook/MCP
copying build/lib/tldw_chatbook/MCP/spawn_guard.py -> build/bdist.macosx-11.0-arm64/wheel/./tldw_chatbook/MCP
copying build/lib/tldw_chatbook/MCP/tool_naming.py -> build/bdist.macosx-11.0-arm64/wheel/./tldw_chatbook/MCP
creating build/bdist.macosx-11.0-arm64/wheel/tldw_chatbook/Personal_Context
copying build/lib/tldw_chatbook/Personal_Context/bootstrap.py -> build/bdist.macosx-11.0-arm64/wheel/./tldw_chatbook/Personal_Context
copying build/lib/tldw_chatbook/Personal_Context/service.py -> build/bdist.macosx-11.0-arm64/wheel/./tldw_chatbook/Personal_Context
copying build/lib/tldw_chatbook/Personal_Context/interview_launch.py -> build/bdist.macosx-11.0-arm64/wheel/./tldw_chatbook/Personal_Context
copying build/lib/tldw_chatbook/Personal_Context/proposal_service.py -> build/bdist.macosx-11.0-arm64/wheel/./tldw_chatbook/Personal_Context
copying build/lib/tldw_chatbook/Personal_Context/key_protector.py -> build/bdist.macosx-11.0-arm64/wheel/./tldw_chatbook/Personal_Context
copying build/lib/tldw_chatbook/Personal_Context/interview_diff.py -> build/bdist.macosx-11.0-arm64/wheel/./tldw_chatbook/Personal_Context
copying build/lib/tldw_chatbook/Personal_Context/paths.py -> build/bdist.macosx-11.0-arm64/wheel/./tldw_chatbook/Personal_Context
copying build/lib/tldw_chatbook/Personal_Context/reconciliation.py -> build/bdist.macosx-11.0-arm64/wheel/./tldw_chatbook/Personal_Context
copying build/lib/tldw_chatbook/Personal_Context/link_key_custody.py -> build/bdist.macosx-11.0-arm64/wheel/./tldw_chatbook/Personal_Context
copying build/lib/tldw_chatbook/Personal_Context/runtime_policy.py -> build/bdist.macosx-11.0-arm64/wheel/./tldw_chatbook/Personal_Context
copying build/lib/tldw_chatbook/Personal_Context/link_service.py -> build/bdist.macosx-11.0-arm64/wheel/./tldw_chatbook/Personal_Context
copying build/lib/tldw_chatbook/Personal_Context/__init__.py -> build/bdist.macosx-11.0-arm64/wheel/./tldw_chatbook/Personal_Context
copying build/lib/tldw_chatbook/Personal_Context/sync_outbox.py -> build/bdist.macosx-11.0-arm64/wheel/./tldw_chatbook/Personal_Context
copying build/lib/tldw_chatbook/Personal_Context/crypto.py -> build/bdist.macosx-11.0-arm64/wheel/./tldw_chatbook/Personal_Context
copying build/lib/tldw_chatbook/Personal_Context/export_service.py -> build/bdist.macosx-11.0-arm64/wheel/./tldw_chatbook/Personal_Context
copying build/lib/tldw_chatbook/Personal_Context/repository_models.py -> build/bdist.macosx-11.0-arm64/wheel/./tldw_chatbook/Personal_Context
copying build/lib/tldw_chatbook/Personal_Context/interview_coordinator.py -> build/bdist.macosx-11.0-arm64/wheel/./tldw_chatbook/Personal_Context
copying build/lib/tldw_chatbook/Personal_Context/interview_draft_repository.py -> build/bdist.macosx-11.0-arm64/wheel/./tldw_chatbook/Personal_Context
copying build/lib/tldw_chatbook/Personal_Context/context_service.py -> build/bdist.macosx-11.0-arm64/wheel/./tldw_chatbook/Personal_Context
copying build/lib/tldw_chatbook/Personal_Context/repository.py -> build/bdist.macosx-11.0-arm64/wheel/./tldw_chatbook/Personal_Context
copying build/lib/tldw_chatbook/Personal_Context/interview_provider.py -> build/bdist.macosx-11.0-arm64/wheel/./tldw_chatbook/Personal_Context
creating build/bdist.macosx-11.0-arm64/wheel/tldw_chatbook/Models
copying build/lib/tldw_chatbook/Models/evaluation_state.py -> build/bdist.macosx-11.0-arm64/wheel/./tldw_chatbook/Models
creating build/bdist.macosx-11.0-arm64/wheel/tldw_chatbook/state
copying build/lib/tldw_chatbook/state/ui_state.py -> build/bdist.macosx-11.0-arm64/wheel/./tldw_chatbook/state
copying build/lib/tldw_chatbook/state/__init__.py -> build/bdist.macosx-11.0-arm64/wheel/./tldw_chatbook/state
copying build/lib/tldw_chatbook/state/notes_state.py -> build/bdist.macosx-11.0-arm64/wheel/./tldw_chatbook/state
copying build/lib/tldw_chatbook/state/chat_state.py -> build/bdist.macosx-11.0-arm64/wheel/./tldw_chatbook/state
copying build/lib/tldw_chatbook/state/navigation_state.py -> build/bdist.macosx-11.0-arm64/wheel/./tldw_chatbook/state
copying build/lib/tldw_chatbook/state/app_state.py -> build/bdist.macosx-11.0-arm64/wheel/./tldw_chatbook/state
creating build/bdist.macosx-11.0-arm64/wheel/tldw_chatbook/Workspaces
copying build/lib/tldw_chatbook/Workspaces/change_tracking.py -> build/bdist.macosx-11.0-arm64/wheel/./tldw_chatbook/Workspaces
copying build/lib/tldw_chatbook/Workspaces/change_turn_tracker.py -> build/bdist.macosx-11.0-arm64/wheel/./tldw_chatbook/Workspaces
copying build/lib/tldw_chatbook/Workspaces/change_bounds.py -> build/bdist.macosx-11.0-arm64/wheel/./tldw_chatbook/Workspaces
copying build/lib/tldw_chatbook/Workspaces/models.py -> build/bdist.macosx-11.0-arm64/wheel/./tldw_chatbook/Workspaces
copying build/lib/tldw_chatbook/Workspaces/display_state.py -> build/bdist.macosx-11.0-arm64/wheel/./tldw_chatbook/Workspaces
copying build/lib/tldw_chatbook/Workspaces/change_revert.py -> build/bdist.macosx-11.0-arm64/wheel/./tldw_chatbook/Workspaces
copying build/lib/tldw_chatbook/Workspaces/workspace_tree_state.py -> build/bdist.macosx-11.0-arm64/wheel/./tldw_chatbook/Workspaces
copying build/lib/tldw_chatbook/Workspaces/environment_status.py -> build/bdist.macosx-11.0-arm64/wheel/./tldw_chatbook/Workspaces
copying build/lib/tldw_chatbook/Workspaces/__init__.py -> build/bdist.macosx-11.0-arm64/wheel/./tldw_chatbook/Workspaces
copying build/lib/tldw_chatbook/Workspaces/change_review_consent.py -> build/bdist.macosx-11.0-arm64/wheel/./tldw_chatbook/Workspaces
copying build/lib/tldw_chatbook/Workspaces/file_inspector.py -> build/bdist.macosx-11.0-arm64/wheel/./tldw_chatbook/Workspaces
copying build/lib/tldw_chatbook/Workspaces/git_workspace.py -> build/bdist.macosx-11.0-arm64/wheel/./tldw_chatbook/Workspaces
copying build/lib/tldw_chatbook/Workspaces/change_review_finalization.py -> build/bdist.macosx-11.0-arm64/wheel/./tldw_chatbook/Workspaces
copying build/lib/tldw_chatbook/Workspaces/registry_service.py -> build/bdist.macosx-11.0-arm64/wheel/./tldw_chatbook/Workspaces
copying build/lib/tldw_chatbook/Workspaces/change_retention.py -> build/bdist.macosx-11.0-arm64/wheel/./tldw_chatbook/Workspaces
copying build/lib/tldw_chatbook/Workspaces/assistant_defaults.py -> build/bdist.macosx-11.0-arm64/wheel/./tldw_chatbook/Workspaces
copying build/lib/tldw_chatbook/Workspaces/agent_provisioning.py -> build/bdist.macosx-11.0-arm64/wheel/./tldw_chatbook/Workspaces
copying build/lib/tldw_chatbook/Workspaces/eligibility.py -> build/bdist.macosx-11.0-arm64/wheel/./tldw_chatbook/Workspaces
copying build/lib/tldw_chatbook/Workspaces/conversation_browser_state.py -> build/bdist.macosx-11.0-arm64/wheel/./tldw_chatbook/Workspaces
creating build/bdist.macosx-11.0-arm64/wheel/tldw_chatbook/Research_Interop
copying build/lib/tldw_chatbook/Research_Interop/research_scope_service.py -> build/bdist.macosx-11.0-arm64/wheel/./tldw_chatbook/Research_Interop
creating build/bdist.macosx-11.0-arm64/wheel/tldw_chatbook/Research_Interop/migrations
copying build/lib/tldw_chatbook/Research_Interop/migrations/__init__.py -> build/bdist.macosx-11.0-arm64/wheel/./tldw_chatbook/Research_Interop/migrations
copying build/lib/tldw_chatbook/Research_Interop/migrations/v0_to_v1_run_lease_columns.py -> build/bdist.macosx-11.0-arm64/wheel/./tldw_chatbook/Research_Interop/migrations
copying build/lib/tldw_chatbook/Research_Interop/server_research_service.py -> build/bdist.macosx-11.0-arm64/wheel/./tldw_chatbook/Research_Interop
copying build/lib/tldw_chatbook/Research_Interop/research_models.py -> build/bdist.macosx-11.0-arm64/wheel/./tldw_chatbook/Research_Interop
copying build/lib/tldw_chatbook/Research_Interop/research_budget.py -> build/bdist.macosx-11.0-arm64/wheel/./tldw_chatbook/Research_Interop
copying build/lib/tldw_chatbook/Research_Interop/chat_handoff.py -> build/bdist.macosx-11.0-arm64/wheel/./tldw_chatbook/Research_Interop
copying build/lib/tldw_chatbook/Research_Interop/server_research_search_service.py -> build/bdist.macosx-11.0-arm64/wheel/./tldw_chatbook/Research_Interop
copying build/lib/tldw_chatbook/Research_Interop/__init__.py -> build/bdist.macosx-11.0-arm64/wheel/./tldw_chatbook/Research_Interop
copying build/lib/tldw_chatbook/Research_Interop/local_research_service.py -> build/bdist.macosx-11.0-arm64/wheel/./tldw_chatbook/Research_Interop
copying build/lib/tldw_chatbook/Research_Interop/research_source_catalog.py -> build/bdist.macosx-11.0-arm64/wheel/./tldw_chatbook/Research_Interop
copying build/lib/tldw_chatbook/Research_Interop/local_research_engine.py -> build/bdist.macosx-11.0-arm64/wheel/./tldw_chatbook/Research_Interop
copying build/lib/tldw_chatbook/Research_Interop/academic_providers.py -> build/bdist.macosx-11.0-arm64/wheel/./tldw_chatbook/Research_Interop
copying build/lib/tldw_chatbook/Research_Interop/research_normalizers.py -> build/bdist.macosx-11.0-arm64/wheel/./tldw_chatbook/Research_Interop
copying build/lib/tldw_chatbook/Research_Interop/research_search_scope_service.py -> build/bdist.macosx-11.0-arm64/wheel/./tldw_chatbook/Research_Interop
copying build/lib/tldw_chatbook/Research_Interop/local_research_search_service.py -> build/bdist.macosx-11.0-arm64/wheel/./tldw_chatbook/Research_Interop
creating build/bdist.macosx-11.0-arm64/wheel/tldw_chatbook/Canvas
copying build/lib/tldw_chatbook/Canvas/service.py -> build/bdist.macosx-11.0-arm64/wheel/./tldw_chatbook/Canvas
copying build/lib/tldw_chatbook/Canvas/gateway.py -> build/bdist.macosx-11.0-arm64/wheel/./tldw_chatbook/Canvas
copying build/lib/tldw_chatbook/Canvas/compiler.py -> build/bdist.macosx-11.0-arm64/wheel/./tldw_chatbook/Canvas
copying build/lib/tldw_chatbook/Canvas/models.py -> build/bdist.macosx-11.0-arm64/wheel/./tldw_chatbook/Canvas
copying build/lib/tldw_chatbook/Canvas/web_auth.py -> build/bdist.macosx-11.0-arm64/wheel/./tldw_chatbook/Canvas
copying build/lib/tldw_chatbook/Canvas/limits.py -> build/bdist.macosx-11.0-arm64/wheel/./tldw_chatbook/Canvas
copying build/lib/tldw_chatbook/Canvas/__init__.py -> build/bdist.macosx-11.0-arm64/wheel/./tldw_chatbook/Canvas
copying build/lib/tldw_chatbook/Canvas/compilation.py -> build/bdist.macosx-11.0-arm64/wheel/./tldw_chatbook/Canvas
copying build/lib/tldw_chatbook/Canvas/control_protocol.py -> build/bdist.macosx-11.0-arm64/wheel/./tldw_chatbook/Canvas
copying build/lib/tldw_chatbook/Canvas/authoring.py -> build/bdist.macosx-11.0-arm64/wheel/./tldw_chatbook/Canvas
copying build/lib/tldw_chatbook/Canvas/runtime_assets.py -> build/bdist.macosx-11.0-arm64/wheel/./tldw_chatbook/Canvas
copying build/lib/tldw_chatbook/Canvas/capabilities.py -> build/bdist.macosx-11.0-arm64/wheel/./tldw_chatbook/Canvas
creating build/bdist.macosx-11.0-arm64/wheel/tldw_chatbook/Canvas/static
copying build/lib/tldw_chatbook/Canvas/static/canvas_runtime_worker_v2.js -> build/bdist.macosx-11.0-arm64/wheel/./tldw_chatbook/Canvas/static
copying build/lib/tldw_chatbook/Canvas/static/canvas_renderer_v2.js -> build/bdist.macosx-11.0-arm64/wheel/./tldw_chatbook/Canvas/static
copying build/lib/tldw_chatbook/Canvas/static/mermaid-runtime-manifest.json -> build/bdist.macosx-11.0-arm64/wheel/./tldw_chatbook/Canvas/static
copying build/lib/tldw_chatbook/Canvas/static/THIRD_PARTY_LICENSES.txt -> build/bdist.macosx-11.0-arm64/wheel/./tldw_chatbook/Canvas/static
copying build/lib/tldw_chatbook/Canvas/static/canvas_shell.css -> build/bdist.macosx-11.0-arm64/wheel/./tldw_chatbook/Canvas/static
copying build/lib/tldw_chatbook/Canvas/static/MERMAID_THIRD_PARTY_LICENSES.txt -> build/bdist.macosx-11.0-arm64/wheel/./tldw_chatbook/Canvas/static
copying build/lib/tldw_chatbook/Canvas/static/mermaid-authoring.txt -> build/bdist.macosx-11.0-arm64/wheel/./tldw_chatbook/Canvas/static
copying build/lib/tldw_chatbook/Canvas/static/runtime-manifest.json -> build/bdist.macosx-11.0-arm64/wheel/./tldw_chatbook/Canvas/static
copying build/lib/tldw_chatbook/Canvas/static/canvas_runtime_worker.js -> build/bdist.macosx-11.0-arm64/wheel/./tldw_chatbook/Canvas/static
copying build/lib/tldw_chatbook/Canvas/static/mermaid-subset.json -> build/bdist.macosx-11.0-arm64/wheel/./tldw_chatbook/Canvas/static
copying build/lib/tldw_chatbook/Canvas/static/quickjs-runtime.js -> build/bdist.macosx-11.0-arm64/wheel/./tldw_chatbook/Canvas/static
copying build/lib/tldw_chatbook/Canvas/static/profile-catalog.json -> build/bdist.macosx-11.0-arm64/wheel/./tldw_chatbook/Canvas/static
copying build/lib/tldw_chatbook/Canvas/static/canvas_renderer.js -> build/bdist.macosx-11.0-arm64/wheel/./tldw_chatbook/Canvas/static
copying build/lib/tldw_chatbook/Canvas/static/canvas_shell.js -> build/bdist.macosx-11.0-arm64/wheel/./tldw_chatbook/Canvas/static
copying build/lib/tldw_chatbook/Canvas/static/canvas_shell.html -> build/bdist.macosx-11.0-arm64/wheel/./tldw_chatbook/Canvas/static
copying build/lib/tldw_chatbook/Canvas/archive.py -> build/bdist.macosx-11.0-arm64/wheel/./tldw_chatbook/Canvas
copying build/lib/tldw_chatbook/Canvas/native_authority.py -> build/bdist.macosx-11.0-arm64/wheel/./tldw_chatbook/Canvas
creating build/bdist.macosx-11.0-arm64/wheel/tldw_chatbook/Canvas/mermaid
copying build/lib/tldw_chatbook/Canvas/mermaid/budget.js -> build/bdist.macosx-11.0-arm64/wheel/./tldw_chatbook/Canvas/mermaid
copying build/lib/tldw_chatbook/Canvas/mermaid/scene.js -> build/bdist.macosx-11.0-arm64/wheel/./tldw_chatbook/Canvas/mermaid
copying build/lib/tldw_chatbook/Canvas/mermaid/flow_layout.js -> build/bdist.macosx-11.0-arm64/wheel/./tldw_chatbook/Canvas/mermaid
copying build/lib/tldw_chatbook/Canvas/mermaid/sequence_layout.js -> build/bdist.macosx-11.0-arm64/wheel/./tldw_chatbook/Canvas/mermaid
copying build/lib/tldw_chatbook/Canvas/mermaid/semantic.js -> build/bdist.macosx-11.0-arm64/wheel/./tldw_chatbook/Canvas/mermaid
copying build/lib/tldw_chatbook/Canvas/mermaid/inputs.json -> build/bdist.macosx-11.0-arm64/wheel/./tldw_chatbook/Canvas/mermaid
copying build/lib/tldw_chatbook/Canvas/mermaid/text.js -> build/bdist.macosx-11.0-arm64/wheel/./tldw_chatbook/Canvas/mermaid
copying build/lib/tldw_chatbook/Canvas/mermaid/entry.js -> build/bdist.macosx-11.0-arm64/wheel/./tldw_chatbook/Canvas/mermaid
copying build/lib/tldw_chatbook/Canvas/repository.py -> build/bdist.macosx-11.0-arm64/wheel/./tldw_chatbook/Canvas
copying build/lib/tldw_chatbook/Canvas/staging.py -> build/bdist.macosx-11.0-arm64/wheel/./tldw_chatbook/Canvas
copying build/lib/tldw_chatbook/Canvas/profiles.py -> build/bdist.macosx-11.0-arm64/wheel/./tldw_chatbook/Canvas
creating build/bdist.macosx-11.0-arm64/wheel/tldw_chatbook/Chunking
copying build/lib/tldw_chatbook/Chunking/lab_comparison.py -> build/bdist.macosx-11.0-arm64/wheel/./tldw_chatbook/Chunking
copying build/lib/tldw_chatbook/Chunking/lab_state.py -> build/bdist.macosx-11.0-arm64/wheel/./tldw_chatbook/Chunking
copying build/lib/tldw_chatbook/Chunking/auto_selection.py -> build/bdist.macosx-11.0-arm64/wheel/./tldw_chatbook/Chunking
copying build/lib/tldw_chatbook/Chunking/lab_coordinator.py -> build/bdist.macosx-11.0-arm64/wheel/./tldw_chatbook/Chunking
copying build/lib/tldw_chatbook/Chunking/lab_models.py -> build/bdist.macosx-11.0-arm64/wheel/./tldw_chatbook/Chunking
copying build/lib/tldw_chatbook/Chunking/lab_runner.py -> build/bdist.macosx-11.0-arm64/wheel/./tldw_chatbook/Chunking
copying build/lib/tldw_chatbook/Chunking/__init__.py -> build/bdist.macosx-11.0-arm64/wheel/./tldw_chatbook/Chunking
copying build/lib/tldw_chatbook/Chunking/chunking_interop_library.py -> build/bdist.macosx-11.0-arm64/wheel/./tldw_chatbook/Chunking
copying build/lib/tldw_chatbook/Chunking/lab_autosave.py -> build/bdist.macosx-11.0-arm64/wheel/./tldw_chatbook/Chunking
copying build/lib/tldw_chatbook/Chunking/_template_conversion.py -> build/bdist.macosx-11.0-arm64/wheel/./tldw_chatbook/Chunking
creating build/bdist.macosx-11.0-arm64/wheel/tldw_chatbook/Chunking/_shims
copying build/lib/tldw_chatbook/Chunking/_shims/config.py -> build/bdist.macosx-11.0-arm64/wheel/./tldw_chatbook/Chunking/_shims
copying build/lib/tldw_chatbook/Chunking/_shims/__init__.py -> build/bdist.macosx-11.0-arm64/wheel/./tldw_chatbook/Chunking/_shims
creating build/bdist.macosx-11.0-arm64/wheel/tldw_chatbook/Chunking/_shims/Utils
copying build/lib/tldw_chatbook/Chunking/_shims/Utils/__init__.py -> build/bdist.macosx-11.0-arm64/wheel/./tldw_chatbook/Chunking/_shims/Utils
copying build/lib/tldw_chatbook/Chunking/_shims/Utils/prompt_loader.py -> build/bdist.macosx-11.0-arm64/wheel/./tldw_chatbook/Chunking/_shims/Utils
copying build/lib/tldw_chatbook/Chunking/_shims/testing.py -> build/bdist.macosx-11.0-arm64/wheel/./tldw_chatbook/Chunking/_shims
copying build/lib/tldw_chatbook/Chunking/_shims/prompt_loader.py -> build/bdist.macosx-11.0-arm64/wheel/./tldw_chatbook/Chunking/_shims
copying build/lib/tldw_chatbook/Chunking/language_chunkers.py -> build/bdist.macosx-11.0-arm64/wheel/./tldw_chatbook/Chunking
copying build/lib/tldw_chatbook/Chunking/template_runtime.py -> build/bdist.macosx-11.0-arm64/wheel/./tldw_chatbook/Chunking
creating build/bdist.macosx-11.0-arm64/wheel/tldw_chatbook/Chunking/engine
copying build/lib/tldw_chatbook/Chunking/engine/llm_context.py -> build/bdist.macosx-11.0-arm64/wheel/./tldw_chatbook/Chunking/engine
copying build/lib/tldw_chatbook/Chunking/engine/LICENSE -> build/bdist.macosx-11.0-arm64/wheel/./tldw_chatbook/Chunking/engine
creating build/bdist.macosx-11.0-arm64/wheel/tldw_chatbook/Chunking/engine/LICENSES
copying build/lib/tldw_chatbook/Chunking/engine/LICENSES/GPL-3.0-only.txt -> build/bdist.macosx-11.0-arm64/wheel/./tldw_chatbook/Chunking/engine/LICENSES
copying build/lib/tldw_chatbook/Chunking/engine/chunker.py -> build/bdist.macosx-11.0-arm64/wheel/./tldw_chatbook/Chunking/engine
creating build/bdist.macosx-11.0-arm64/wheel/tldw_chatbook/Chunking/engine/strategies
copying build/lib/tldw_chatbook/Chunking/engine/strategies/sentences.py -> build/bdist.macosx-11.0-arm64/wheel/./tldw_chatbook/Chunking/engine/strategies
copying build/lib/tldw_chatbook/Chunking/engine/strategies/structure_aware.py -> build/bdist.macosx-11.0-arm64/wheel/./tldw_chatbook/Chunking/engine/strategies
copying build/lib/tldw_chatbook/Chunking/engine/strategies/propositions.py -> build/bdist.macosx-11.0-arm64/wheel/./tldw_chatbook/Chunking/engine/strategies
copying build/lib/tldw_chatbook/Chunking/engine/strategies/rolling_summarize.py -> build/bdist.macosx-11.0-arm64/wheel/./tldw_chatbook/Chunking/engine/strategies
copying build/lib/tldw_chatbook/Chunking/engine/strategies/semantic.py -> build/bdist.macosx-11.0-arm64/wheel/./tldw_chatbook/Chunking/engine/strategies
copying build/lib/tldw_chatbook/Chunking/engine/strategies/paragraphs.py -> build/bdist.macosx-11.0-arm64/wheel/./tldw_chatbook/Chunking/engine/strategies
copying build/lib/tldw_chatbook/Chunking/engine/strategies/code.py -> build/bdist.macosx-11.0-arm64/wheel/./tldw_chatbook/Chunking/engine/strategies
copying build/lib/tldw_chatbook/Chunking/engine/strategies/__init__.py -> build/bdist.macosx-11.0-arm64/wheel/./tldw_chatbook/Chunking/engine/strategies
copying build/lib/tldw_chatbook/Chunking/engine/strategies/tokens.py -> build/bdist.macosx-11.0-arm64/wheel/./tldw_chatbook/Chunking/engine/strategies
copying build/lib/tldw_chatbook/Chunking/engine/strategies/fixed_size.py -> build/bdist.macosx-11.0-arm64/wheel/./tldw_chatbook/Chunking/engine/strategies
copying build/lib/tldw_chatbook/Chunking/engine/strategies/json_xml.py -> build/bdist.macosx-11.0-arm64/wheel/./tldw_chatbook/Chunking/engine/strategies
copying build/lib/tldw_chatbook/Chunking/engine/strategies/words.py -> build/bdist.macosx-11.0-arm64/wheel/./tldw_chatbook/Chunking/engine/strategies
copying build/lib/tldw_chatbook/Chunking/engine/strategies/ebook_chapters_patch.py -> build/bdist.macosx-11.0-arm64/wheel/./tldw_chatbook/Chunking/engine/strategies
copying build/lib/tldw_chatbook/Chunking/engine/strategies/ebook_chapters.py -> build/bdist.macosx-11.0-arm64/wheel/./tldw_chatbook/Chunking/engine/strategies
copying build/lib/tldw_chatbook/Chunking/engine/strategies/code_ast.py -> build/bdist.macosx-11.0-arm64/wheel/./tldw_chatbook/Chunking/engine/strategies
copying build/lib/tldw_chatbook/Chunking/engine/constants.py -> build/bdist.macosx-11.0-arm64/wheel/./tldw_chatbook/Chunking/engine
copying build/lib/tldw_chatbook/Chunking/engine/__init__.py -> build/bdist.macosx-11.0-arm64/wheel/./tldw_chatbook/Chunking/engine
copying build/lib/tldw_chatbook/Chunking/engine/error_policy.py -> build/bdist.macosx-11.0-arm64/wheel/./tldw_chatbook/Chunking/engine
copying build/lib/tldw_chatbook/Chunking/engine/auto_planner.py -> build/bdist.macosx-11.0-arm64/wheel/./tldw_chatbook/Chunking/engine
creating build/bdist.macosx-11.0-arm64/wheel/tldw_chatbook/Chunking/engine/utils
copying build/lib/tldw_chatbook/Chunking/engine/utils/metrics.py -> build/bdist.macosx-11.0-arm64/wheel/./tldw_chatbook/Chunking/engine/utils
copying build/lib/tldw_chatbook/Chunking/engine/multilingual.py -> build/bdist.macosx-11.0-arm64/wheel/./tldw_chatbook/Chunking/engine
creating build/bdist.macosx-11.0-arm64/wheel/tldw_chatbook/Chunking/engine/splitters
copying build/lib/tldw_chatbook/Chunking/engine/splitters/__init__.py -> build/bdist.macosx-11.0-arm64/wheel/./tldw_chatbook/Chunking/engine/splitters
copying build/lib/tldw_chatbook/Chunking/engine/splitters/blingfire.py -> build/bdist.macosx-11.0-arm64/wheel/./tldw_chatbook/Chunking/engine/splitters
copying build/lib/tldw_chatbook/Chunking/engine/splitters/regex.py -> build/bdist.macosx-11.0-arm64/wheel/./tldw_chatbook/Chunking/engine/splitters
copying build/lib/tldw_chatbook/Chunking/engine/security_logger.py -> build/bdist.macosx-11.0-arm64/wheel/./tldw_chatbook/Chunking/engine
copying build/lib/tldw_chatbook/Chunking/engine/templates.py -> build/bdist.macosx-11.0-arm64/wheel/./tldw_chatbook/Chunking/engine
copying build/lib/tldw_chatbook/Chunking/engine/exceptions.py -> build/bdist.macosx-11.0-arm64/wheel/./tldw_chatbook/Chunking/engine
copying build/lib/tldw_chatbook/Chunking/engine/option_utils.py -> build/bdist.macosx-11.0-arm64/wheel/./tldw_chatbook/Chunking/engine
creating build/bdist.macosx-11.0-arm64/wheel/tldw_chatbook/Chunking/engine/process_text
copying build/lib/tldw_chatbook/Chunking/engine/process_text/options.py -> build/bdist.macosx-11.0-arm64/wheel/./tldw_chatbook/Chunking/engine/process_text
copying build/lib/tldw_chatbook/Chunking/engine/process_text/metadata.py -> build/bdist.macosx-11.0-arm64/wheel/./tldw_chatbook/Chunking/engine/process_text
copying build/lib/tldw_chatbook/Chunking/engine/process_text/models.py -> build/bdist.macosx-11.0-arm64/wheel/./tldw_chatbook/Chunking/engine/process_text
copying build/lib/tldw_chatbook/Chunking/engine/process_text/dispatch.py -> build/bdist.macosx-11.0-arm64/wheel/./tldw_chatbook/Chunking/engine/process_text
copying build/lib/tldw_chatbook/Chunking/engine/process_text/__init__.py -> build/bdist.macosx-11.0-arm64/wheel/./tldw_chatbook/Chunking/engine/process_text
copying build/lib/tldw_chatbook/Chunking/engine/process_text/pipeline.py -> build/bdist.macosx-11.0-arm64/wheel/./tldw_chatbook/Chunking/engine/process_text
copying build/lib/tldw_chatbook/Chunking/engine/process_text/preparation.py -> build/bdist.macosx-11.0-arm64/wheel/./tldw_chatbook/Chunking/engine/process_text
copying build/lib/tldw_chatbook/Chunking/engine/base.py -> build/bdist.macosx-11.0-arm64/wheel/./tldw_chatbook/Chunking/engine
copying build/lib/tldw_chatbook/Chunking/engine/regex_safety.py -> build/bdist.macosx-11.0-arm64/wheel/./tldw_chatbook/Chunking/engine
copying build/lib/tldw_chatbook/Chunking/token_chunker.py -> build/bdist.macosx-11.0-arm64/wheel/./tldw_chatbook/Chunking
copying build/lib/tldw_chatbook/Chunking/lab_preflight.py -> build/bdist.macosx-11.0-arm64/wheel/./tldw_chatbook/Chunking
copying build/lib/tldw_chatbook/Chunking/lab_recovery.py -> build/bdist.macosx-11.0-arm64/wheel/./tldw_chatbook/Chunking
copying build/lib/tldw_chatbook/Chunking/Chunk_Lib.py -> build/bdist.macosx-11.0-arm64/wheel/./tldw_chatbook/Chunking
creating build/bdist.macosx-11.0-arm64/wheel/tldw_chatbook/Subscriptions
copying build/lib/tldw_chatbook/Subscriptions/briefing_audio.py -> build/bdist.macosx-11.0-arm64/wheel/./tldw_chatbook/Subscriptions
copying build/lib/tldw_chatbook/Subscriptions/monitoring_engine.py -> build/bdist.macosx-11.0-arm64/wheel/./tldw_chatbook/Subscriptions
copying build/lib/tldw_chatbook/Subscriptions/db_offload.py -> build/bdist.macosx-11.0-arm64/wheel/./tldw_chatbook/Subscriptions
copying build/lib/tldw_chatbook/Subscriptions/item_persist.py -> build/bdist.macosx-11.0-arm64/wheel/./tldw_chatbook/Subscriptions
copying build/lib/tldw_chatbook/Subscriptions/watchlist_normalizers.py -> build/bdist.macosx-11.0-arm64/wheel/./tldw_chatbook/Subscriptions
copying build/lib/tldw_chatbook/Subscriptions/watchlist_item_page.py -> build/bdist.macosx-11.0-arm64/wheel/./tldw_chatbook/Subscriptions
copying build/lib/tldw_chatbook/Subscriptions/daily_reports_view.py -> build/bdist.macosx-11.0-arm64/wheel/./tldw_chatbook/Subscriptions
copying build/lib/tldw_chatbook/Subscriptions/feed_server.py -> build/bdist.macosx-11.0-arm64/wheel/./tldw_chatbook/Subscriptions
copying build/lib/tldw_chatbook/Subscriptions/site_config_manager.py -> build/bdist.macosx-11.0-arm64/wheel/./tldw_chatbook/Subscriptions
copying build/lib/tldw_chatbook/Subscriptions/token_manager.py -> build/bdist.macosx-11.0-arm64/wheel/./tldw_chatbook/Subscriptions
copying build/lib/tldw_chatbook/Subscriptions/noise_defaults.py -> build/bdist.macosx-11.0-arm64/wheel/./tldw_chatbook/Subscriptions
copying build/lib/tldw_chatbook/Subscriptions/watchlist_filter_service.py -> build/bdist.macosx-11.0-arm64/wheel/./tldw_chatbook/Subscriptions
copying build/lib/tldw_chatbook/Subscriptions/watchlist_preview_service.py -> build/bdist.macosx-11.0-arm64/wheel/./tldw_chatbook/Subscriptions
copying build/lib/tldw_chatbook/Subscriptions/briefing_service.py -> build/bdist.macosx-11.0-arm64/wheel/./tldw_chatbook/Subscriptions
copying build/lib/tldw_chatbook/Subscriptions/item_dates.py -> build/bdist.macosx-11.0-arm64/wheel/./tldw_chatbook/Subscriptions
copying build/lib/tldw_chatbook/Subscriptions/startup_reconcile.py -> build/bdist.macosx-11.0-arm64/wheel/./tldw_chatbook/Subscriptions
copying build/lib/tldw_chatbook/Subscriptions/watchlists_operation_coordinator.py -> build/bdist.macosx-11.0-arm64/wheel/./tldw_chatbook/Subscriptions
copying build/lib/tldw_chatbook/Subscriptions/security.py -> build/bdist.macosx-11.0-arm64/wheel/./tldw_chatbook/Subscriptions
copying build/lib/tldw_chatbook/Subscriptions/briefing_export.py -> build/bdist.macosx-11.0-arm64/wheel/./tldw_chatbook/Subscriptions
copying build/lib/tldw_chatbook/Subscriptions/__init__.py -> build/bdist.macosx-11.0-arm64/wheel/./tldw_chatbook/Subscriptions
copying build/lib/tldw_chatbook/Subscriptions/briefing_selection.py -> build/bdist.macosx-11.0-arm64/wheel/./tldw_chatbook/Subscriptions
copying build/lib/tldw_chatbook/Subscriptions/watchlist_rule_matching.py -> build/bdist.macosx-11.0-arm64/wheel/./tldw_chatbook/Subscriptions
copying build/lib/tldw_chatbook/Subscriptions/baseline_manager.py -> build/bdist.macosx-11.0-arm64/wheel/./tldw_chatbook/Subscriptions
copying build/lib/tldw_chatbook/Subscriptions/local_watchlists_service.py -> build/bdist.macosx-11.0-arm64/wheel/./tldw_chatbook/Subscriptions
copying build/lib/tldw_chatbook/Subscriptions/briefing_keep.py -> build/bdist.macosx-11.0-arm64/wheel/./tldw_chatbook/Subscriptions
copying build/lib/tldw_chatbook/Subscriptions/watchlist_scope_service.py -> build/bdist.macosx-11.0-arm64/wheel/./tldw_chatbook/Subscriptions
copying build/lib/tldw_chatbook/Subscriptions/watchlist_content_alert_service.py -> build/bdist.macosx-11.0-arm64/wheel/./tldw_chatbook/Subscriptions
copying build/lib/tldw_chatbook/Subscriptions/html_text.py -> build/bdist.macosx-11.0-arm64/wheel/./tldw_chatbook/Subscriptions
copying build/lib/tldw_chatbook/Subscriptions/briefing_feed.py -> build/bdist.macosx-11.0-arm64/wheel/./tldw_chatbook/Subscriptions
copying build/lib/tldw_chatbook/Subscriptions/watchlist_failure.py -> build/bdist.macosx-11.0-arm64/wheel/./tldw_chatbook/Subscriptions
copying build/lib/tldw_chatbook/Subscriptions/briefing_voices.py -> build/bdist.macosx-11.0-arm64/wheel/./tldw_chatbook/Subscriptions
copying build/lib/tldw_chatbook/Subscriptions/server_watchlists_service.py -> build/bdist.macosx-11.0-arm64/wheel/./tldw_chatbook/Subscriptions
copying build/lib/tldw_chatbook/Subscriptions/fts_backfill.py -> build/bdist.macosx-11.0-arm64/wheel/./tldw_chatbook/Subscriptions
copying build/lib/tldw_chatbook/Subscriptions/briefing_cast.py -> build/bdist.macosx-11.0-arm64/wheel/./tldw_chatbook/Subscriptions
copying build/lib/tldw_chatbook/Subscriptions/web_scraping_pipelines.py -> build/bdist.macosx-11.0-arm64/wheel/./tldw_chatbook/Subscriptions
creating build/bdist.macosx-11.0-arm64/wheel/tldw_chatbook/Subscriptions/scrapers
copying build/lib/tldw_chatbook/Subscriptions/scrapers/github_scraper.py -> build/bdist.macosx-11.0-arm64/wheel/./tldw_chatbook/Subscriptions/scrapers
copying build/lib/tldw_chatbook/Subscriptions/scrapers/__init__.py -> build/bdist.macosx-11.0-arm64/wheel/./tldw_chatbook/Subscriptions/scrapers
copying build/lib/tldw_chatbook/Subscriptions/scrapers/reddit_scraper.py -> build/bdist.macosx-11.0-arm64/wheel/./tldw_chatbook/Subscriptions/scrapers
copying build/lib/tldw_chatbook/Subscriptions/scrapers/youtube_scraper.py -> build/bdist.macosx-11.0-arm64/wheel/./tldw_chatbook/Subscriptions/scrapers
copying build/lib/tldw_chatbook/Subscriptions/scrapers/hackernews_scraper.py -> build/bdist.macosx-11.0-arm64/wheel/./tldw_chatbook/Subscriptions/scrapers
copying build/lib/tldw_chatbook/Subscriptions/scrapers/generic_scraper.py -> build/bdist.macosx-11.0-arm64/wheel/./tldw_chatbook/Subscriptions/scrapers
copying build/lib/tldw_chatbook/Subscriptions/scrapers/custom_scraper.py -> build/bdist.macosx-11.0-arm64/wheel/./tldw_chatbook/Subscriptions/scrapers
copying build/lib/tldw_chatbook/Subscriptions/daily_report_demo.py -> build/bdist.macosx-11.0-arm64/wheel/./tldw_chatbook/Subscriptions
copying build/lib/tldw_chatbook/Subscriptions/watchlist_opml_service.py -> build/bdist.macosx-11.0-arm64/wheel/./tldw_chatbook/Subscriptions
copying build/lib/tldw_chatbook/Subscriptions/watchlist_bundle_service.py -> build/bdist.macosx-11.0-arm64/wheel/./tldw_chatbook/Subscriptions
creating build/bdist.macosx-11.0-arm64/wheel/tldw_chatbook/Chatbooks
copying build/lib/tldw_chatbook/Chatbooks/conflict_resolver.py -> build/bdist.macosx-11.0-arm64/wheel/./tldw_chatbook/Chatbooks
copying build/lib/tldw_chatbook/Chatbooks/chatbook_models.py -> build/bdist.macosx-11.0-arm64/wheel/./tldw_chatbook/Chatbooks
copying build/lib/tldw_chatbook/Chatbooks/chatbook_importer.py -> build/bdist.macosx-11.0-arm64/wheel/./tldw_chatbook/Chatbooks
copying build/lib/tldw_chatbook/Chatbooks/chatbook_creator.py -> build/bdist.macosx-11.0-arm64/wheel/./tldw_chatbook/Chatbooks
copying build/lib/tldw_chatbook/Chatbooks/__init__.py -> build/bdist.macosx-11.0-arm64/wheel/./tldw_chatbook/Chatbooks
copying build/lib/tldw_chatbook/Chatbooks/server_chatbook_service.py -> build/bdist.macosx-11.0-arm64/wheel/./tldw_chatbook/Chatbooks
copying build/lib/tldw_chatbook/Chatbooks/error_handler.py -> build/bdist.macosx-11.0-arm64/wheel/./tldw_chatbook/Chatbooks
copying build/lib/tldw_chatbook/Chatbooks/database_paths.py -> build/bdist.macosx-11.0-arm64/wheel/./tldw_chatbook/Chatbooks
copying build/lib/tldw_chatbook/Chatbooks/local_chatbook_service.py -> build/bdist.macosx-11.0-arm64/wheel/./tldw_chatbook/Chatbooks
creating build/bdist.macosx-11.0-arm64/wheel/tldw_chatbook/Sharing_Interop
copying build/lib/tldw_chatbook/Sharing_Interop/sharing_scope_service.py -> build/bdist.macosx-11.0-arm64/wheel/./tldw_chatbook/Sharing_Interop
copying build/lib/tldw_chatbook/Sharing_Interop/__init__.py -> build/bdist.macosx-11.0-arm64/wheel/./tldw_chatbook/Sharing_Interop
copying build/lib/tldw_chatbook/Sharing_Interop/server_sharing_service.py -> build/bdist.macosx-11.0-arm64/wheel/./tldw_chatbook/Sharing_Interop
creating build/bdist.macosx-11.0-arm64/wheel/tldw_chatbook/Local_Ingestion
copying build/lib/tldw_chatbook/Local_Ingestion/video_processing.py -> build/bdist.macosx-11.0-arm64/wheel/./tldw_chatbook/Local_Ingestion
copying build/lib/tldw_chatbook/Local_Ingestion/diarization_service.py -> build/bdist.macosx-11.0-arm64/wheel/./tldw_chatbook/Local_Ingestion
copying build/lib/tldw_chatbook/Local_Ingestion/API_Endpoint_Sample.py -> build/bdist.macosx-11.0-arm64/wheel/./tldw_chatbook/Local_Ingestion
copying build/lib/tldw_chatbook/Local_Ingestion/ingest_parse_progress.py -> build/bdist.macosx-11.0-arm64/wheel/./tldw_chatbook/Local_Ingestion
copying build/lib/tldw_chatbook/Local_Ingestion/parakeet_v2_artifact.py -> build/bdist.macosx-11.0-arm64/wheel/./tldw_chatbook/Local_Ingestion
copying build/lib/tldw_chatbook/Local_Ingestion/stt_batch_routing.py -> build/bdist.macosx-11.0-arm64/wheel/./tldw_chatbook/Local_Ingestion
copying build/lib/tldw_chatbook/Local_Ingestion/__init__.py -> build/bdist.macosx-11.0-arm64/wheel/./tldw_chatbook/Local_Ingestion
copying build/lib/tldw_chatbook/Local_Ingestion/audio_processing.py -> build/bdist.macosx-11.0-arm64/wheel/./tldw_chatbook/Local_Ingestion
copying build/lib/tldw_chatbook/Local_Ingestion/analysis_gate.py -> build/bdist.macosx-11.0-arm64/wheel/./tldw_chatbook/Local_Ingestion
copying build/lib/tldw_chatbook/Local_Ingestion/Image_Processing_Lib.py -> build/bdist.macosx-11.0-arm64/wheel/./tldw_chatbook/Local_Ingestion
copying build/lib/tldw_chatbook/Local_Ingestion/web_article_ingestion.py -> build/bdist.macosx-11.0-arm64/wheel/./tldw_chatbook/Local_Ingestion
copying build/lib/tldw_chatbook/Local_Ingestion/parakeet_v2_installer.py -> build/bdist.macosx-11.0-arm64/wheel/./tldw_chatbook/Local_Ingestion
copying build/lib/tldw_chatbook/Local_Ingestion/Book_Ingestion_Lib.py -> build/bdist.macosx-11.0-arm64/wheel/./tldw_chatbook/Local_Ingestion
copying build/lib/tldw_chatbook/Local_Ingestion/OCR_Backends.py -> build/bdist.macosx-11.0-arm64/wheel/./tldw_chatbook/Local_Ingestion
copying build/lib/tldw_chatbook/Local_Ingestion/Document_Processing_Lib.py -> build/bdist.macosx-11.0-arm64/wheel/./tldw_chatbook/Local_Ingestion
copying build/lib/tldw_chatbook/Local_Ingestion/PDF_Processing_Lib.py -> build/bdist.macosx-11.0-arm64/wheel/./tldw_chatbook/Local_Ingestion
copying build/lib/tldw_chatbook/Local_Ingestion/XML_Ingestion.py -> build/bdist.macosx-11.0-arm64/wheel/./tldw_chatbook/Local_Ingestion
copying build/lib/tldw_chatbook/Local_Ingestion/ingest_parse_worker.py -> build/bdist.macosx-11.0-arm64/wheel/./tldw_chatbook/Local_Ingestion
copying build/lib/tldw_chatbook/Local_Ingestion/local_file_ingestion.py -> build/bdist.macosx-11.0-arm64/wheel/./tldw_chatbook/Local_Ingestion
copying build/lib/tldw_chatbook/Local_Ingestion/transcription_service.py -> build/bdist.macosx-11.0-arm64/wheel/./tldw_chatbook/Local_Ingestion
creating build/bdist.macosx-11.0-arm64/wheel/tldw_chatbook/Claims_Interop
copying build/lib/tldw_chatbook/Claims_Interop/claims_scope_service.py -> build/bdist.macosx-11.0-arm64/wheel/./tldw_chatbook/Claims_Interop
copying build/lib/tldw_chatbook/Claims_Interop/__init__.py -> build/bdist.macosx-11.0-arm64/wheel/./tldw_chatbook/Claims_Interop
copying build/lib/tldw_chatbook/Claims_Interop/server_claims_service.py -> build/bdist.macosx-11.0-arm64/wheel/./tldw_chatbook/Claims_Interop
creating build/bdist.macosx-11.0-arm64/wheel/tldw_chatbook/Web_Scraping_Interop
copying build/lib/tldw_chatbook/Web_Scraping_Interop/web_scraping_scope_service.py -> build/bdist.macosx-11.0-arm64/wheel/./tldw_chatbook/Web_Scraping_Interop
copying build/lib/tldw_chatbook/Web_Scraping_Interop/server_web_scraping_service.py -> build/bdist.macosx-11.0-arm64/wheel/./tldw_chatbook/Web_Scraping_Interop
copying build/lib/tldw_chatbook/Web_Scraping_Interop/__init__.py -> build/bdist.macosx-11.0-arm64/wheel/./tldw_chatbook/Web_Scraping_Interop
creating build/bdist.macosx-11.0-arm64/wheel/tldw_chatbook/Audio
copying build/lib/tldw_chatbook/Audio/wav_writer.py -> build/bdist.macosx-11.0-arm64/wheel/./tldw_chatbook/Audio
copying build/lib/tldw_chatbook/Audio/meeting_session.py -> build/bdist.macosx-11.0-arm64/wheel/./tldw_chatbook/Audio
copying build/lib/tldw_chatbook/Audio/dictation_service_lazy.py -> build/bdist.macosx-11.0-arm64/wheel/./tldw_chatbook/Audio
copying build/lib/tldw_chatbook/Audio/diarizer_engine_onnx.py -> build/bdist.macosx-11.0-arm64/wheel/./tldw_chatbook/Audio
copying build/lib/tldw_chatbook/Audio/diarizer_local.py -> build/bdist.macosx-11.0-arm64/wheel/./tldw_chatbook/Audio
copying build/lib/tldw_chatbook/Audio/streaming_sink.py -> build/bdist.macosx-11.0-arm64/wheel/./tldw_chatbook/Audio
copying build/lib/tldw_chatbook/Audio/diarizer_worker.py -> build/bdist.macosx-11.0-arm64/wheel/./tldw_chatbook/Audio
copying build/lib/tldw_chatbook/Audio/diarizer_engine_speechbrain.py -> build/bdist.macosx-11.0-arm64/wheel/./tldw_chatbook/Audio
copying build/lib/tldw_chatbook/Audio/__init__.py -> build/bdist.macosx-11.0-arm64/wheel/./tldw_chatbook/Audio
copying build/lib/tldw_chatbook/Audio/console_dictation.py -> build/bdist.macosx-11.0-arm64/wheel/./tldw_chatbook/Audio
copying build/lib/tldw_chatbook/Audio/meeting_owner.py -> build/bdist.macosx-11.0-arm64/wheel/./tldw_chatbook/Audio
copying build/lib/tldw_chatbook/Audio/recording_service.py -> build/bdist.macosx-11.0-arm64/wheel/./tldw_chatbook/Audio
copying build/lib/tldw_chatbook/Audio/realtime_mic_tap.py -> build/bdist.macosx-11.0-arm64/wheel/./tldw_chatbook/Audio
copying build/lib/tldw_chatbook/Audio/system_audio_tap.py -> build/bdist.macosx-11.0-arm64/wheel/./tldw_chatbook/Audio
copying build/lib/tldw_chatbook/Audio/meeting_capture.py -> build/bdist.macosx-11.0-arm64/wheel/./tldw_chatbook/Audio
copying build/lib/tldw_chatbook/Audio/dictation_service.py -> build/bdist.macosx-11.0-arm64/wheel/./tldw_chatbook/Audio
copying build/lib/tldw_chatbook/Audio/dictation_metrics.py -> build/bdist.macosx-11.0-arm64/wheel/./tldw_chatbook/Audio
copying build/lib/tldw_chatbook/Audio/diarizer_cluster.py -> build/bdist.macosx-11.0-arm64/wheel/./tldw_chatbook/Audio
copying build/lib/tldw_chatbook/Audio/voiceprint.py -> build/bdist.macosx-11.0-arm64/wheel/./tldw_chatbook/Audio
creating build/bdist.macosx-11.0-arm64/wheel/tldw_chatbook/Audio/audiotap
copying build/lib/tldw_chatbook/Audio/audiotap/__init__.py -> build/bdist.macosx-11.0-arm64/wheel/./tldw_chatbook/Audio/audiotap
copying build/lib/tldw_chatbook/Audio/audiotap/main.swift -> build/bdist.macosx-11.0-arm64/wheel/./tldw_chatbook/Audio/audiotap
creating build/bdist.macosx-11.0-arm64/wheel/tldw_chatbook/Third_Party
creating build/bdist.macosx-11.0-arm64/wheel/tldw_chatbook/Third_Party/aider
copying build/lib/tldw_chatbook/Third_Party/aider/repomap.py -> build/bdist.macosx-11.0-arm64/wheel/./tldw_chatbook/Third_Party/aider
copying build/lib/tldw_chatbook/Third_Party/aider/__init__.py -> build/bdist.macosx-11.0-arm64/wheel/./tldw_chatbook/Third_Party/aider
copying build/lib/tldw_chatbook/Third_Party/aider/dump.py -> build/bdist.macosx-11.0-arm64/wheel/./tldw_chatbook/Third_Party/aider
copying build/lib/tldw_chatbook/Third_Party/aider/waiting.py -> build/bdist.macosx-11.0-arm64/wheel/./tldw_chatbook/Third_Party/aider
copying build/lib/tldw_chatbook/Third_Party/aider/LICENSE.txt -> build/bdist.macosx-11.0-arm64/wheel/./tldw_chatbook/Third_Party/aider
copying build/lib/tldw_chatbook/Third_Party/aider/special.py -> build/bdist.macosx-11.0-arm64/wheel/./tldw_chatbook/Third_Party/aider
creating build/bdist.macosx-11.0-arm64/wheel/tldw_chatbook/Third_Party/textual_fspicker
copying build/lib/tldw_chatbook/Third_Party/textual_fspicker/file_save.py -> build/bdist.macosx-11.0-arm64/wheel/./tldw_chatbook/Third_Party/textual_fspicker
copying build/lib/tldw_chatbook/Third_Party/textual_fspicker/LICENSE -> build/bdist.macosx-11.0-arm64/wheel/./tldw_chatbook/Third_Party/textual_fspicker
copying build/lib/tldw_chatbook/Third_Party/textual_fspicker/example_enhanced.py -> build/bdist.macosx-11.0-arm64/wheel/./tldw_chatbook/Third_Party/textual_fspicker
copying build/lib/tldw_chatbook/Third_Party/textual_fspicker/base_dialog.py -> build/bdist.macosx-11.0-arm64/wheel/./tldw_chatbook/Third_Party/textual_fspicker
copying build/lib/tldw_chatbook/Third_Party/textual_fspicker/path_maker.py -> build/bdist.macosx-11.0-arm64/wheel/./tldw_chatbook/Third_Party/textual_fspicker
copying build/lib/tldw_chatbook/Third_Party/textual_fspicker/__init__.py -> build/bdist.macosx-11.0-arm64/wheel/./tldw_chatbook/Third_Party/textual_fspicker
copying build/lib/tldw_chatbook/Third_Party/textual_fspicker/file_open.py -> build/bdist.macosx-11.0-arm64/wheel/./tldw_chatbook/Third_Party/textual_fspicker
copying build/lib/tldw_chatbook/Third_Party/textual_fspicker/path_filters.py -> build/bdist.macosx-11.0-arm64/wheel/./tldw_chatbook/Third_Party/textual_fspicker
creating build/bdist.macosx-11.0-arm64/wheel/tldw_chatbook/Third_Party/textual_fspicker/parts
copying build/lib/tldw_chatbook/Third_Party/textual_fspicker/parts/__init__.py -> build/bdist.macosx-11.0-arm64/wheel/./tldw_chatbook/Third_Party/textual_fspicker/parts
copying build/lib/tldw_chatbook/Third_Party/textual_fspicker/parts/directory_navigation.py -> build/bdist.macosx-11.0-arm64/wheel/./tldw_chatbook/Third_Party/textual_fspicker/parts
copying build/lib/tldw_chatbook/Third_Party/textual_fspicker/parts/drive_navigation.py -> build/bdist.macosx-11.0-arm64/wheel/./tldw_chatbook/Third_Party/textual_fspicker/parts
copying build/lib/tldw_chatbook/Third_Party/textual_fspicker/select_directory.py -> build/bdist.macosx-11.0-arm64/wheel/./tldw_chatbook/Third_Party/textual_fspicker
copying build/lib/tldw_chatbook/Third_Party/textual_fspicker/safe_tests.py -> build/bdist.macosx-11.0-arm64/wheel/./tldw_chatbook/Third_Party/textual_fspicker
copying build/lib/tldw_chatbook/Third_Party/textual_fspicker/__main__.py -> build/bdist.macosx-11.0-arm64/wheel/./tldw_chatbook/Third_Party/textual_fspicker
copying build/lib/tldw_chatbook/Third_Party/textual_fspicker/file_dialog.py -> build/bdist.macosx-11.0-arm64/wheel/./tldw_chatbook/Third_Party/textual_fspicker
copying build/lib/tldw_chatbook/Third_Party/__init__.py -> build/bdist.macosx-11.0-arm64/wheel/./tldw_chatbook/Third_Party
creating build/bdist.macosx-11.0-arm64/wheel/tldw_chatbook/Notes
copying build/lib/tldw_chatbook/Notes/file_notes_replica.py -> build/bdist.macosx-11.0-arm64/wheel/./tldw_chatbook/Notes
copying build/lib/tldw_chatbook/Notes/note_import_planner.py -> build/bdist.macosx-11.0-arm64/wheel/./tldw_chatbook/Notes
copying build/lib/tldw_chatbook/Notes/note_folder_repository.py -> build/bdist.macosx-11.0-arm64/wheel/./tldw_chatbook/Notes
copying build/lib/tldw_chatbook/Notes/notes_scope_service.py -> build/bdist.macosx-11.0-arm64/wheel/./tldw_chatbook/Notes
copying build/lib/tldw_chatbook/Notes/note_import_discovery.py -> build/bdist.macosx-11.0-arm64/wheel/./tldw_chatbook/Notes
copying build/lib/tldw_chatbook/Notes/note_import_windows_fs.py -> build/bdist.macosx-11.0-arm64/wheel/./tldw_chatbook/Notes
copying build/lib/tldw_chatbook/Notes/note_import_executor.py -> build/bdist.macosx-11.0-arm64/wheel/./tldw_chatbook/Notes
copying build/lib/tldw_chatbook/Notes/file_notes_git_push.py -> build/bdist.macosx-11.0-arm64/wheel/./tldw_chatbook/Notes
copying build/lib/tldw_chatbook/Notes/file_notes_session_owner.py -> build/bdist.macosx-11.0-arm64/wheel/./tldw_chatbook/Notes
copying build/lib/tldw_chatbook/Notes/notes_organization_repository.py -> build/bdist.macosx-11.0-arm64/wheel/./tldw_chatbook/Notes
copying build/lib/tldw_chatbook/Notes/__init__.py -> build/bdist.macosx-11.0-arm64/wheel/./tldw_chatbook/Notes
copying build/lib/tldw_chatbook/Notes/sync_paths.py -> build/bdist.macosx-11.0-arm64/wheel/./tldw_chatbook/Notes
copying build/lib/tldw_chatbook/Notes/agent_lessons.py -> build/bdist.macosx-11.0-arm64/wheel/./tldw_chatbook/Notes
copying build/lib/tldw_chatbook/Notes/file_notes_git_service.py -> build/bdist.macosx-11.0-arm64/wheel/./tldw_chatbook/Notes
copying build/lib/tldw_chatbook/Notes/file_notes_service.py -> build/bdist.macosx-11.0-arm64/wheel/./tldw_chatbook/Notes
copying build/lib/tldw_chatbook/Notes/notes_sync_runtime.py -> build/bdist.macosx-11.0-arm64/wheel/./tldw_chatbook/Notes
copying build/lib/tldw_chatbook/Notes/note_import_parsers.py -> build/bdist.macosx-11.0-arm64/wheel/./tldw_chatbook/Notes
copying build/lib/tldw_chatbook/Notes/notes_sync_filesystem.py -> build/bdist.macosx-11.0-arm64/wheel/./tldw_chatbook/Notes
copying build/lib/tldw_chatbook/Notes/notes_sync_models.py -> build/bdist.macosx-11.0-arm64/wheel/./tldw_chatbook/Notes
copying build/lib/tldw_chatbook/Notes/notes_sync_authority.py -> build/bdist.macosx-11.0-arm64/wheel/./tldw_chatbook/Notes
copying build/lib/tldw_chatbook/Notes/note_import_plan_models.py -> build/bdist.macosx-11.0-arm64/wheel/./tldw_chatbook/Notes
copying build/lib/tldw_chatbook/Notes/notes_sync_legacy.py -> build/bdist.macosx-11.0-arm64/wheel/./tldw_chatbook/Notes
copying build/lib/tldw_chatbook/Notes/notes_sync_conflicts.py -> build/bdist.macosx-11.0-arm64/wheel/./tldw_chatbook/Notes
copying build/lib/tldw_chatbook/Notes/notes_sync_coordinator.py -> build/bdist.macosx-11.0-arm64/wheel/./tldw_chatbook/Notes
copying build/lib/tldw_chatbook/Notes/file_notes_git_commit.py -> build/bdist.macosx-11.0-arm64/wheel/./tldw_chatbook/Notes
copying build/lib/tldw_chatbook/Notes/notes_device_state_schema.py -> build/bdist.macosx-11.0-arm64/wheel/./tldw_chatbook/Notes
copying build/lib/tldw_chatbook/Notes/git_process_containment.py -> build/bdist.macosx-11.0-arm64/wheel/./tldw_chatbook/Notes
copying build/lib/tldw_chatbook/Notes/notes_sync_executor.py -> build/bdist.macosx-11.0-arm64/wheel/./tldw_chatbook/Notes
copying build/lib/tldw_chatbook/Notes/note_folder_models.py -> build/bdist.macosx-11.0-arm64/wheel/./tldw_chatbook/Notes
copying build/lib/tldw_chatbook/Notes/notes_sync_watcher.py -> build/bdist.macosx-11.0-arm64/wheel/./tldw_chatbook/Notes
copying build/lib/tldw_chatbook/Notes/notes_device_state_store.py -> build/bdist.macosx-11.0-arm64/wheel/./tldw_chatbook/Notes
copying build/lib/tldw_chatbook/Notes/file_notes_conflict_compare.py -> build/bdist.macosx-11.0-arm64/wheel/./tldw_chatbook/Notes
copying build/lib/tldw_chatbook/Notes/file_notes_git_network.py -> build/bdist.macosx-11.0-arm64/wheel/./tldw_chatbook/Notes
copying build/lib/tldw_chatbook/Notes/Notes_Library.py -> build/bdist.macosx-11.0-arm64/wheel/./tldw_chatbook/Notes
copying build/lib/tldw_chatbook/Notes/note_import_receipts.py -> build/bdist.macosx-11.0-arm64/wheel/./tldw_chatbook/Notes
copying build/lib/tldw_chatbook/Notes/note_import_execution_models.py -> build/bdist.macosx-11.0-arm64/wheel/./tldw_chatbook/Notes
copying build/lib/tldw_chatbook/Notes/server_notes_workspace_service.py -> build/bdist.macosx-11.0-arm64/wheel/./tldw_chatbook/Notes
copying build/lib/tldw_chatbook/Notes/notes_sync_reconciler.py -> build/bdist.macosx-11.0-arm64/wheel/./tldw_chatbook/Notes
copying build/lib/tldw_chatbook/cli.py -> build/bdist.macosx-11.0-arm64/wheel/./tldw_chatbook
creating build/bdist.macosx-11.0-arm64/wheel/tldw_chatbook/Kanban_Interop
copying build/lib/tldw_chatbook/Kanban_Interop/server_kanban_service.py -> build/bdist.macosx-11.0-arm64/wheel/./tldw_chatbook/Kanban_Interop
copying build/lib/tldw_chatbook/Kanban_Interop/__init__.py -> build/bdist.macosx-11.0-arm64/wheel/./tldw_chatbook/Kanban_Interop
copying build/lib/tldw_chatbook/Kanban_Interop/local_kanban_db.py -> build/bdist.macosx-11.0-arm64/wheel/./tldw_chatbook/Kanban_Interop
copying build/lib/tldw_chatbook/Kanban_Interop/kanban_scope_service.py -> build/bdist.macosx-11.0-arm64/wheel/./tldw_chatbook/Kanban_Interop
copying build/lib/tldw_chatbook/Kanban_Interop/local_kanban_service.py -> build/bdist.macosx-11.0-arm64/wheel/./tldw_chatbook/Kanban_Interop
creating build/bdist.macosx-11.0-arm64/wheel/tldw_chatbook/Tools_Interop
copying build/lib/tldw_chatbook/Tools_Interop/server_tools_service.py -> build/bdist.macosx-11.0-arm64/wheel/./tldw_chatbook/Tools_Interop
copying build/lib/tldw_chatbook/Tools_Interop/__init__.py -> build/bdist.macosx-11.0-arm64/wheel/./tldw_chatbook/Tools_Interop
copying build/lib/tldw_chatbook/Tools_Interop/tools_scope_service.py -> build/bdist.macosx-11.0-arm64/wheel/./tldw_chatbook/Tools_Interop
creating build/bdist.macosx-11.0-arm64/wheel/tldw_chatbook/Character_Chat
copying build/lib/tldw_chatbook/Character_Chat/character_generation.py -> build/bdist.macosx-11.0-arm64/wheel/./tldw_chatbook/Character_Chat
copying build/lib/tldw_chatbook/Character_Chat/server_chat_dictionary_service.py -> build/bdist.macosx-11.0-arm64/wheel/./tldw_chatbook/Character_Chat
copying build/lib/tldw_chatbook/Character_Chat/character_generation_controller.py -> build/bdist.macosx-11.0-arm64/wheel/./tldw_chatbook/Character_Chat
copying build/lib/tldw_chatbook/Character_Chat/ccv3_parser.py -> build/bdist.macosx-11.0-arm64/wheel/./tldw_chatbook/Character_Chat
copying build/lib/tldw_chatbook/Character_Chat/world_book_import.py -> build/bdist.macosx-11.0-arm64/wheel/./tldw_chatbook/Character_Chat
copying build/lib/tldw_chatbook/Character_Chat/character_mood.py -> build/bdist.macosx-11.0-arm64/wheel/./tldw_chatbook/Character_Chat
copying build/lib/tldw_chatbook/Character_Chat/expression_set_io.py -> build/bdist.macosx-11.0-arm64/wheel/./tldw_chatbook/Character_Chat
copying build/lib/tldw_chatbook/Character_Chat/character_persona_scope_service.py -> build/bdist.macosx-11.0-arm64/wheel/./tldw_chatbook/Character_Chat
copying build/lib/tldw_chatbook/Character_Chat/__init__.py -> build/bdist.macosx-11.0-arm64/wheel/./tldw_chatbook/Character_Chat
copying build/lib/tldw_chatbook/Character_Chat/Chat_Dictionary_Lib.py -> build/bdist.macosx-11.0-arm64/wheel/./tldw_chatbook/Character_Chat
copying build/lib/tldw_chatbook/Character_Chat/world_info_processor.py -> build/bdist.macosx-11.0-arm64/wheel/./tldw_chatbook/Character_Chat
copying build/lib/tldw_chatbook/Character_Chat/visual_identity.py -> build/bdist.macosx-11.0-arm64/wheel/./tldw_chatbook/Character_Chat
copying build/lib/tldw_chatbook/Character_Chat/world_info_diagnostics.py -> build/bdist.macosx-11.0-arm64/wheel/./tldw_chatbook/Character_Chat
copying build/lib/tldw_chatbook/Character_Chat/world_info_resolver.py -> build/bdist.macosx-11.0-arm64/wheel/./tldw_chatbook/Character_Chat
copying build/lib/tldw_chatbook/Character_Chat/Character_Chat_Lib.py -> build/bdist.macosx-11.0-arm64/wheel/./tldw_chatbook/Character_Chat
copying build/lib/tldw_chatbook/Character_Chat/persona_visual_identity.py -> build/bdist.macosx-11.0-arm64/wheel/./tldw_chatbook/Character_Chat
copying build/lib/tldw_chatbook/Character_Chat/local_character_persona_service.py -> build/bdist.macosx-11.0-arm64/wheel/./tldw_chatbook/Character_Chat
copying build/lib/tldw_chatbook/Character_Chat/character_card_formats.py -> build/bdist.macosx-11.0-arm64/wheel/./tldw_chatbook/Character_Chat
copying build/lib/tldw_chatbook/Character_Chat/world_book_manager.py -> build/bdist.macosx-11.0-arm64/wheel/./tldw_chatbook/Character_Chat
copying build/lib/tldw_chatbook/Character_Chat/chat_dictionary_scope_service.py -> build/bdist.macosx-11.0-arm64/wheel/./tldw_chatbook/Character_Chat
copying build/lib/tldw_chatbook/Character_Chat/local_chat_dictionary_service.py -> build/bdist.macosx-11.0-arm64/wheel/./tldw_chatbook/Character_Chat
copying build/lib/tldw_chatbook/Character_Chat/server_character_persona_service.py -> build/bdist.macosx-11.0-arm64/wheel/./tldw_chatbook/Character_Chat
copying build/lib/tldw_chatbook/Character_Chat/world_info_regex.py -> build/bdist.macosx-11.0-arm64/wheel/./tldw_chatbook/Character_Chat
copying build/lib/tldw_chatbook/Character_Chat/emote_directives.py -> build/bdist.macosx-11.0-arm64/wheel/./tldw_chatbook/Character_Chat
copying build/lib/tldw_chatbook/Character_Chat/character_conversation_navigation.py -> build/bdist.macosx-11.0-arm64/wheel/./tldw_chatbook/Character_Chat
copying build/lib/tldw_chatbook/Character_Chat/builtin_pixel_migu.py -> build/bdist.macosx-11.0-arm64/wheel/./tldw_chatbook/Character_Chat
copying build/lib/tldw_chatbook/Character_Chat/persona_list_paging.py -> build/bdist.macosx-11.0-arm64/wheel/./tldw_chatbook/Character_Chat
copying build/lib/tldw_chatbook/Character_Chat/expression_generation.py -> build/bdist.macosx-11.0-arm64/wheel/./tldw_chatbook/Character_Chat
creating build/bdist.macosx-11.0-arm64/wheel/tldw_chatbook/TTS
copying build/lib/tldw_chatbook/TTS/audio_limits.py -> build/bdist.macosx-11.0-arm64/wheel/./tldw_chatbook/TTS
copying build/lib/tldw_chatbook/TTS/sample_audio_validation.py -> build/bdist.macosx-11.0-arm64/wheel/./tldw_chatbook/TTS
copying build/lib/tldw_chatbook/TTS/profile_errors.py -> build/bdist.macosx-11.0-arm64/wheel/./tldw_chatbook/TTS
copying build/lib/tldw_chatbook/TTS/audio_cpp_artifact_dependencies.py -> build/bdist.macosx-11.0-arm64/wheel/./tldw_chatbook/TTS
copying build/lib/tldw_chatbook/TTS/character_request_resolver.py -> build/bdist.macosx-11.0-arm64/wheel/./tldw_chatbook/TTS
creating build/bdist.macosx-11.0-arm64/wheel/tldw_chatbook/TTS/migrations
copying build/lib/tldw_chatbook/TTS/migrations/v0_to_v1.py -> build/bdist.macosx-11.0-arm64/wheel/./tldw_chatbook/TTS/migrations
copying build/lib/tldw_chatbook/TTS/migrations/__init__.py -> build/bdist.macosx-11.0-arm64/wheel/./tldw_chatbook/TTS/migrations
copying build/lib/tldw_chatbook/TTS/migrations/v2_to_v3.py -> build/bdist.macosx-11.0-arm64/wheel/./tldw_chatbook/TTS/migrations
copying build/lib/tldw_chatbook/TTS/migrations/v3_to_v4.py -> build/bdist.macosx-11.0-arm64/wheel/./tldw_chatbook/TTS/migrations
copying build/lib/tldw_chatbook/TTS/migrations/v1_to_v2.py -> build/bdist.macosx-11.0-arm64/wheel/./tldw_chatbook/TTS/migrations
copying build/lib/tldw_chatbook/TTS/voice_bundle_codec.py -> build/bdist.macosx-11.0-arm64/wheel/./tldw_chatbook/TTS
copying build/lib/tldw_chatbook/TTS/default_profile_request_resolver.py -> build/bdist.macosx-11.0-arm64/wheel/./tldw_chatbook/TTS
copying build/lib/tldw_chatbook/TTS/audio_schemas.py -> build/bdist.macosx-11.0-arm64/wheel/./tldw_chatbook/TTS
copying build/lib/tldw_chatbook/TTS/profile_reference_materialization.py -> build/bdist.macosx-11.0-arm64/wheel/./tldw_chatbook/TTS
copying build/lib/tldw_chatbook/TTS/profile_sqlite_policy.py -> build/bdist.macosx-11.0-arm64/wheel/./tldw_chatbook/TTS
copying build/lib/tldw_chatbook/TTS/audio_cpp_package_scanner.py -> build/bdist.macosx-11.0-arm64/wheel/./tldw_chatbook/TTS
copying build/lib/tldw_chatbook/TTS/profile_migration_recovery.py -> build/bdist.macosx-11.0-arm64/wheel/./tldw_chatbook/TTS
copying build/lib/tldw_chatbook/TTS/pcm_playback.py -> build/bdist.macosx-11.0-arm64/wheel/./tldw_chatbook/TTS
copying build/lib/tldw_chatbook/TTS/audio_cpp_supervisor.py -> build/bdist.macosx-11.0-arm64/wheel/./tldw_chatbook/TTS
copying build/lib/tldw_chatbook/TTS/playground_types.py -> build/bdist.macosx-11.0-arm64/wheel/./tldw_chatbook/TTS
copying build/lib/tldw_chatbook/TTS/openai_compatible_config.py -> build/bdist.macosx-11.0-arm64/wheel/./tldw_chatbook/TTS
copying build/lib/tldw_chatbook/TTS/profile_schema.py -> build/bdist.macosx-11.0-arm64/wheel/./tldw_chatbook/TTS
copying build/lib/tldw_chatbook/TTS/profile_reference_audio.py -> build/bdist.macosx-11.0-arm64/wheel/./tldw_chatbook/TTS
copying build/lib/tldw_chatbook/TTS/profile_types.py -> build/bdist.macosx-11.0-arm64/wheel/./tldw_chatbook/TTS
copying build/lib/tldw_chatbook/TTS/_async_lifecycle.py -> build/bdist.macosx-11.0-arm64/wheel/./tldw_chatbook/TTS
copying build/lib/tldw_chatbook/TTS/kokoro_languages.py -> build/bdist.macosx-11.0-arm64/wheel/./tldw_chatbook/TTS
creating build/bdist.macosx-11.0-arm64/wheel/tldw_chatbook/TTS/backends
copying build/lib/tldw_chatbook/TTS/backends/chatterbox.py -> build/bdist.macosx-11.0-arm64/wheel/./tldw_chatbook/TTS/backends
copying build/lib/tldw_chatbook/TTS/backends/higgs_voice_manager.py -> build/bdist.macosx-11.0-arm64/wheel/./tldw_chatbook/TTS/backends
copying build/lib/tldw_chatbook/TTS/backends/chatterbox_voice_manager.py -> build/bdist.macosx-11.0-arm64/wheel/./tldw_chatbook/TTS/backends
copying build/lib/tldw_chatbook/TTS/backends/alltalk.py -> build/bdist.macosx-11.0-arm64/wheel/./tldw_chatbook/TTS/backends
copying build/lib/tldw_chatbook/TTS/backends/voice_manager_base.py -> build/bdist.macosx-11.0-arm64/wheel/./tldw_chatbook/TTS/backends
copying build/lib/tldw_chatbook/TTS/backends/higgs.py -> build/bdist.macosx-11.0-arm64/wheel/./tldw_chatbook/TTS/backends
copying build/lib/tldw_chatbook/TTS/backends/__init__.py -> build/bdist.macosx-11.0-arm64/wheel/./tldw_chatbook/TTS/backends
copying build/lib/tldw_chatbook/TTS/backends/openai.py -> build/bdist.macosx-11.0-arm64/wheel/./tldw_chatbook/TTS/backends
copying build/lib/tldw_chatbook/TTS/backends/chatterbox_process.py -> build/bdist.macosx-11.0-arm64/wheel/./tldw_chatbook/TTS/backends
copying build/lib/tldw_chatbook/TTS/backends/kokoro.py -> build/bdist.macosx-11.0-arm64/wheel/./tldw_chatbook/TTS/backends
copying build/lib/tldw_chatbook/TTS/backends/chatterbox_isolated.py -> build/bdist.macosx-11.0-arm64/wheel/./tldw_chatbook/TTS/backends
copying build/lib/tldw_chatbook/TTS/backends/elevenlabs.py -> build/bdist.macosx-11.0-arm64/wheel/./tldw_chatbook/TTS/backends
copying build/lib/tldw_chatbook/TTS/text_processing.py -> build/bdist.macosx-11.0-arm64/wheel/./tldw_chatbook/TTS
copying build/lib/tldw_chatbook/TTS/profile_migration_journal.py -> build/bdist.macosx-11.0-arm64/wheel/./tldw_chatbook/TTS
copying build/lib/tldw_chatbook/TTS/audio_cpp_contract.py -> build/bdist.macosx-11.0-arm64/wheel/./tldw_chatbook/TTS
copying build/lib/tldw_chatbook/TTS/profile_migration_candidate.py -> build/bdist.macosx-11.0-arm64/wheel/./tldw_chatbook/TTS
copying build/lib/tldw_chatbook/TTS/preferences.py -> build/bdist.macosx-11.0-arm64/wheel/./tldw_chatbook/TTS
copying build/lib/tldw_chatbook/TTS/__init__.py -> build/bdist.macosx-11.0-arm64/wheel/./tldw_chatbook/TTS
creating build/bdist.macosx-11.0-arm64/wheel/tldw_chatbook/TTS/utils
copying build/lib/tldw_chatbook/TTS/utils/download_models.py -> build/bdist.macosx-11.0-arm64/wheel/./tldw_chatbook/TTS/utils
copying build/lib/tldw_chatbook/TTS/utils/__init__.py -> build/bdist.macosx-11.0-arm64/wheel/./tldw_chatbook/TTS/utils
copying build/lib/tldw_chatbook/TTS/utils/performance.py -> build/bdist.macosx-11.0-arm64/wheel/./tldw_chatbook/TTS/utils
copying build/lib/tldw_chatbook/TTS/profile_migration_namespace.py -> build/bdist.macosx-11.0-arm64/wheel/./tldw_chatbook/TTS
copying build/lib/tldw_chatbook/TTS/legacy_catalogs.py -> build/bdist.macosx-11.0-arm64/wheel/./tldw_chatbook/TTS
copying build/lib/tldw_chatbook/TTS/audio_cpp_guided_config.py -> build/bdist.macosx-11.0-arm64/wheel/./tldw_chatbook/TTS
copying build/lib/tldw_chatbook/TTS/adapter_bootstrap.py -> build/bdist.macosx-11.0-arm64/wheel/./tldw_chatbook/TTS
copying build/lib/tldw_chatbook/TTS/kokoro_pytorch.py -> build/bdist.macosx-11.0-arm64/wheel/./tldw_chatbook/TTS
copying build/lib/tldw_chatbook/TTS/TTS_Backends.py -> build/bdist.macosx-11.0-arm64/wheel/./tldw_chatbook/TTS
creating build/bdist.macosx-11.0-arm64/wheel/tldw_chatbook/TTS/adapters
copying build/lib/tldw_chatbook/TTS/adapters/audio_cpp.py -> build/bdist.macosx-11.0-arm64/wheel/./tldw_chatbook/TTS/adapters
copying build/lib/tldw_chatbook/TTS/adapters/__init__.py -> build/bdist.macosx-11.0-arm64/wheel/./tldw_chatbook/TTS/adapters
copying build/lib/tldw_chatbook/TTS/audiobook_generator.py -> build/bdist.macosx-11.0-arm64/wheel/./tldw_chatbook/TTS
copying build/lib/tldw_chatbook/TTS/adapter_registry.py -> build/bdist.macosx-11.0-arm64/wheel/./tldw_chatbook/TTS
copying build/lib/tldw_chatbook/TTS/audio_cpp_recipes.py -> build/bdist.macosx-11.0-arm64/wheel/./tldw_chatbook/TTS
copying build/lib/tldw_chatbook/TTS/audio_service.py -> build/bdist.macosx-11.0-arm64/wheel/./tldw_chatbook/TTS
copying build/lib/tldw_chatbook/TTS/request_admission.py -> build/bdist.macosx-11.0-arm64/wheel/./tldw_chatbook/TTS
copying build/lib/tldw_chatbook/TTS/effective_settings.py -> build/bdist.macosx-11.0-arm64/wheel/./tldw_chatbook/TTS
copying build/lib/tldw_chatbook/TTS/text_processor_advanced.py -> build/bdist.macosx-11.0-arm64/wheel/./tldw_chatbook/TTS
copying build/lib/tldw_chatbook/TTS/adapter_types.py -> build/bdist.macosx-11.0-arm64/wheel/./tldw_chatbook/TTS
copying build/lib/tldw_chatbook/TTS/audio_cpp_config.py -> build/bdist.macosx-11.0-arm64/wheel/./tldw_chatbook/TTS
copying build/lib/tldw_chatbook/TTS/pcm_stream.py -> build/bdist.macosx-11.0-arm64/wheel/./tldw_chatbook/TTS
copying build/lib/tldw_chatbook/TTS/audio_player.py -> build/bdist.macosx-11.0-arm64/wheel/./tldw_chatbook/TTS
copying build/lib/tldw_chatbook/TTS/base_backends.py -> build/bdist.macosx-11.0-arm64/wheel/./tldw_chatbook/TTS
copying build/lib/tldw_chatbook/TTS/TTS_Generation.py -> build/bdist.macosx-11.0-arm64/wheel/./tldw_chatbook/TTS
copying build/lib/tldw_chatbook/TTS/legacy_bridge.py -> build/bdist.macosx-11.0-arm64/wheel/./tldw_chatbook/TTS
copying build/lib/tldw_chatbook/TTS/audio_cpp_artifact_catalog.py -> build/bdist.macosx-11.0-arm64/wheel/./tldw_chatbook/TTS
copying build/lib/tldw_chatbook/TTS/profile_sqlite_proof.py -> build/bdist.macosx-11.0-arm64/wheel/./tldw_chatbook/TTS
copying build/lib/tldw_chatbook/TTS/voice_bundle_service.py -> build/bdist.macosx-11.0-arm64/wheel/./tldw_chatbook/TTS
copying build/lib/tldw_chatbook/TTS/profile_repository.py -> build/bdist.macosx-11.0-arm64/wheel/./tldw_chatbook/TTS
copying build/lib/tldw_chatbook/TTS/profile_migration_publication.py -> build/bdist.macosx-11.0-arm64/wheel/./tldw_chatbook/TTS
copying build/lib/tldw_chatbook/TTS/audio_cpp_guided_launch.py -> build/bdist.macosx-11.0-arm64/wheel/./tldw_chatbook/TTS
copying build/lib/tldw_chatbook/TTS/audio_cpp_managed_config.py -> build/bdist.macosx-11.0-arm64/wheel/./tldw_chatbook/TTS
copying build/lib/tldw_chatbook/TTS/voice_blend_paths.py -> build/bdist.macosx-11.0-arm64/wheel/./tldw_chatbook/TTS
copying build/lib/tldw_chatbook/TTS/profile_portability.py -> build/bdist.macosx-11.0-arm64/wheel/./tldw_chatbook/TTS
copying build/lib/tldw_chatbook/TTS/profile_service.py -> build/bdist.macosx-11.0-arm64/wheel/./tldw_chatbook/TTS
copying build/lib/tldw_chatbook/TTS/audio_cpp_artifact_manifest.json -> build/bdist.macosx-11.0-arm64/wheel/./tldw_chatbook/TTS
copying build/lib/tldw_chatbook/TTS/audio_stitch.py -> build/bdist.macosx-11.0-arm64/wheel/./tldw_chatbook/TTS
copying build/lib/tldw_chatbook/TTS/studio_preferences.py -> build/bdist.macosx-11.0-arm64/wheel/./tldw_chatbook/TTS
copying build/lib/tldw_chatbook/TTS/legacy_request_builder.py -> build/bdist.macosx-11.0-arm64/wheel/./tldw_chatbook/TTS
copying build/lib/tldw_chatbook/TTS/profile_validation.py -> build/bdist.macosx-11.0-arm64/wheel/./tldw_chatbook/TTS
copying build/lib/tldw_chatbook/TTS/profile_reference_storage.py -> build/bdist.macosx-11.0-arm64/wheel/./tldw_chatbook/TTS
copying build/lib/tldw_chatbook/TTS/profile_store_lock.py -> build/bdist.macosx-11.0-arm64/wheel/./tldw_chatbook/TTS
copying build/lib/tldw_chatbook/TTS/profile_reference_types.py -> build/bdist.macosx-11.0-arm64/wheel/./tldw_chatbook/TTS
copying build/lib/tldw_chatbook/TTS/provider_ids.py -> build/bdist.macosx-11.0-arm64/wheel/./tldw_chatbook/TTS
creating build/bdist.macosx-11.0-arm64/wheel/tldw_chatbook/Web_Clipper_Interop
copying build/lib/tldw_chatbook/Web_Clipper_Interop/__init__.py -> build/bdist.macosx-11.0-arm64/wheel/./tldw_chatbook/Web_Clipper_Interop
copying build/lib/tldw_chatbook/Web_Clipper_Interop/web_clipper_scope_service.py -> build/bdist.macosx-11.0-arm64/wheel/./tldw_chatbook/Web_Clipper_Interop
copying build/lib/tldw_chatbook/Web_Clipper_Interop/server_web_clipper_service.py -> build/bdist.macosx-11.0-arm64/wheel/./tldw_chatbook/Web_Clipper_Interop
copying build/lib/tldw_chatbook/app.py -> build/bdist.macosx-11.0-arm64/wheel/./tldw_chatbook
creating build/bdist.macosx-11.0-arm64/wheel/tldw_chatbook/DB
copying build/lib/tldw_chatbook/DB/transaction_observer.py -> build/bdist.macosx-11.0-arm64/wheel/./tldw_chatbook/DB
copying build/lib/tldw_chatbook/DB/Chunking_Lab_DB.py -> build/bdist.macosx-11.0-arm64/wheel/./tldw_chatbook/DB
creating build/bdist.macosx-11.0-arm64/wheel/tldw_chatbook/DB/migrations
copying build/lib/tldw_chatbook/DB/migrations/chachanotes_v44_to_v45_actor_packs.sql -> build/bdist.macosx-11.0-arm64/wheel/./tldw_chatbook/DB/migrations
copying build/lib/tldw_chatbook/DB/migrations/chachanotes_v16_to_v17_conversation_local_marks.sql -> build/bdist.macosx-11.0-arm64/wheel/./tldw_chatbook/DB/migrations
copying build/lib/tldw_chatbook/DB/migrations/chachanotes_v40_to_v41_persona_visual.sql -> build/bdist.macosx-11.0-arm64/wheel/./tldw_chatbook/DB/migrations
copying build/lib/tldw_chatbook/DB/migrations/chachanotes_v17_to_v18_conversation_system_prompt.sql -> build/bdist.macosx-11.0-arm64/wheel/./tldw_chatbook/DB/migrations
copying build/lib/tldw_chatbook/DB/migrations/chachanotes_v37_to_v38_message_trajectory_metadata.sql -> build/bdist.macosx-11.0-arm64/wheel/./tldw_chatbook/DB/migrations
copying build/lib/tldw_chatbook/DB/migrations/chachanotes_v56_to_v57_semantic_mutation_guard.sql -> build/bdist.macosx-11.0-arm64/wheel/./tldw_chatbook/DB/migrations
copying build/lib/tldw_chatbook/DB/migrations/chachanotes_v28_to_v29_kept_briefings.sql -> build/bdist.macosx-11.0-arm64/wheel/./tldw_chatbook/DB/migrations
copying build/lib/tldw_chatbook/DB/migrations/chachanotes_v29_to_v30_message_usage.sql -> build/bdist.macosx-11.0-arm64/wheel/./tldw_chatbook/DB/migrations
copying build/lib/tldw_chatbook/DB/migrations/chachanotes_v48_to_v49_messages_fts_update_scope.sql -> build/bdist.macosx-11.0-arm64/wheel/./tldw_chatbook/DB/migrations
copying build/lib/tldw_chatbook/DB/migrations/chachanotes_v31_to_v32_default_assistant_enrichment.sql -> build/bdist.macosx-11.0-arm64/wheel/./tldw_chatbook/DB/migrations
copying build/lib/tldw_chatbook/DB/migrations/chachanotes_v57_to_v58_notes_organization_sync.sql -> build/bdist.macosx-11.0-arm64/wheel/./tldw_chatbook/DB/migrations
copying build/lib/tldw_chatbook/DB/migrations/chachanotes_v64_to_v65_console_trace_compaction.sql -> build/bdist.macosx-11.0-arm64/wheel/./tldw_chatbook/DB/migrations
copying build/lib/tldw_chatbook/DB/migrations/chachanotes_v47_to_v48_console_library_policy.sql -> build/bdist.macosx-11.0-arm64/wheel/./tldw_chatbook/DB/migrations
copying build/lib/tldw_chatbook/DB/migrations/chachanotes_v65_to_v66_character_conversation_search.sql -> build/bdist.macosx-11.0-arm64/wheel/./tldw_chatbook/DB/migrations
copying build/lib/tldw_chatbook/DB/migrations/workspaces_v4_to_v5_quick_note_receipts.sql -> build/bdist.macosx-11.0-arm64/wheel/./tldw_chatbook/DB/migrations
copying build/lib/tldw_chatbook/DB/migrations/chachanotes_v18_to_v19_message_attachments.sql -> build/bdist.macosx-11.0-arm64/wheel/./tldw_chatbook/DB/migrations
copying build/lib/tldw_chatbook/DB/migrations/chachanotes_v54_to_v55_console_memory_scope_selection.sql -> build/bdist.macosx-11.0-arm64/wheel/./tldw_chatbook/DB/migrations
copying build/lib/tldw_chatbook/DB/migrations/chachanotes_v39_to_v40_transcript_annotations.sql -> build/bdist.macosx-11.0-arm64/wheel/./tldw_chatbook/DB/migrations
copying build/lib/tldw_chatbook/DB/migrations/chachanotes_v27_to_v28_character_authority.sql -> build/bdist.macosx-11.0-arm64/wheel/./tldw_chatbook/DB/migrations
copying build/lib/tldw_chatbook/DB/migrations/chachanotes_v25_to_v26_conversation_context_summary.sql -> build/bdist.macosx-11.0-arm64/wheel/./tldw_chatbook/DB/migrations
copying build/lib/tldw_chatbook/DB/migrations/chachanotes_v62_to_v63_console_trace_gc_guard.sql -> build/bdist.macosx-11.0-arm64/wheel/./tldw_chatbook/DB/migrations
copying build/lib/tldw_chatbook/DB/migrations/chachanotes_v61_to_v62_console_trace_privacy_policy.sql -> build/bdist.macosx-11.0-arm64/wheel/./tldw_chatbook/DB/migrations
copying build/lib/tldw_chatbook/DB/migrations/chachanotes_v35_to_v36_note_folders.sql -> build/bdist.macosx-11.0-arm64/wheel/./tldw_chatbook/DB/migrations
copying build/lib/tldw_chatbook/DB/migrations/workspaces_v2_to_v3_research_source_operations.sql -> build/bdist.macosx-11.0-arm64/wheel/./tldw_chatbook/DB/migrations
copying build/lib/tldw_chatbook/DB/migrations/chachanotes_v42_to_v43_research_quick_note_proofs.sql -> build/bdist.macosx-11.0-arm64/wheel/./tldw_chatbook/DB/migrations
copying build/lib/tldw_chatbook/DB/migrations/chachanotes_v26_to_v27_citation_provenance.sql -> build/bdist.macosx-11.0-arm64/wheel/./tldw_chatbook/DB/migrations
copying build/lib/tldw_chatbook/DB/migrations/chachanotes_v33_to_v34_visual_compaction_policy.sql -> build/bdist.macosx-11.0-arm64/wheel/./tldw_chatbook/DB/migrations
copying build/lib/tldw_chatbook/DB/migrations/chachanotes_v63_to_v64_auxiliary_timed_out_status.sql -> build/bdist.macosx-11.0-arm64/wheel/./tldw_chatbook/DB/migrations
copying build/lib/tldw_chatbook/DB/migrations/chachanotes_v36_to_v37_provider_continuation.sql -> build/bdist.macosx-11.0-arm64/wheel/./tldw_chatbook/DB/migrations
copying build/lib/tldw_chatbook/DB/migrations/chachanotes_v66_to_v67_canvas_revisions.sql -> build/bdist.macosx-11.0-arm64/wheel/./tldw_chatbook/DB/migrations
copying build/lib/tldw_chatbook/DB/migrations/chachanotes_v51_to_v52_console_thinking.sql -> build/bdist.macosx-11.0-arm64/wheel/./tldw_chatbook/DB/migrations
copying build/lib/tldw_chatbook/DB/migrations/chachanotes_v59_to_v60_note_sync_publication_intents.sql -> build/bdist.macosx-11.0-arm64/wheel/./tldw_chatbook/DB/migrations
copying build/lib/tldw_chatbook/DB/migrations/chachanotes_v34_to_v35_conversation_dictionary_attachments.sql -> build/bdist.macosx-11.0-arm64/wheel/./tldw_chatbook/DB/migrations
copying build/lib/tldw_chatbook/DB/migrations/chachanotes_v41_to_v42_console_project_context.sql -> build/bdist.macosx-11.0-arm64/wheel/./tldw_chatbook/DB/migrations
copying build/lib/tldw_chatbook/DB/migrations/chachanotes_v23_to_v24_conversation_active_leaf.sql -> build/bdist.macosx-11.0-arm64/wheel/./tldw_chatbook/DB/migrations
copying build/lib/tldw_chatbook/DB/migrations/workspaces_v7_to_v8_explicit_none.sql -> build/bdist.macosx-11.0-arm64/wheel/./tldw_chatbook/DB/migrations
copying build/lib/tldw_chatbook/DB/migrations/chachanotes_v21_to_v22_world_book_entry_regex.sql -> build/bdist.macosx-11.0-arm64/wheel/./tldw_chatbook/DB/migrations
copying build/lib/tldw_chatbook/DB/migrations/chachanotes_v24_to_v25_message_generation_metadata.sql -> build/bdist.macosx-11.0-arm64/wheel/./tldw_chatbook/DB/migrations
copying build/lib/tldw_chatbook/DB/migrations/chachanotes_v49_to_v50_console_policy_tombstone_cleanup.sql -> build/bdist.macosx-11.0-arm64/wheel/./tldw_chatbook/DB/migrations
copying build/lib/tldw_chatbook/DB/migrations/chachanotes_v50_to_v51_console_full_capture.sql -> build/bdist.macosx-11.0-arm64/wheel/./tldw_chatbook/DB/migrations
copying build/lib/tldw_chatbook/DB/migrations/chachanotes_v67_to_v68_canvas_runtime_profiles.sql -> build/bdist.macosx-11.0-arm64/wheel/./tldw_chatbook/DB/migrations
copying build/lib/tldw_chatbook/DB/migrations/chachanotes_v38_to_v39_visual_identity.sql -> build/bdist.macosx-11.0-arm64/wheel/./tldw_chatbook/DB/migrations
copying build/lib/tldw_chatbook/DB/migrations/workspaces_v3_to_v4_quick_note_receipts.sql -> build/bdist.macosx-11.0-arm64/wheel/./tldw_chatbook/DB/migrations
copying build/lib/tldw_chatbook/DB/migrations/chachanotes_v53_to_v54_active_leaf_before_message.sql -> build/bdist.macosx-11.0-arm64/wheel/./tldw_chatbook/DB/migrations
copying build/lib/tldw_chatbook/DB/migrations/chachanotes_v30_to_v31_message_metadata.sql -> build/bdist.macosx-11.0-arm64/wheel/./tldw_chatbook/DB/migrations
copying build/lib/tldw_chatbook/DB/migrations/chachanotes_v22_to_v23_character_expression_images.sql -> build/bdist.macosx-11.0-arm64/wheel/./tldw_chatbook/DB/migrations
copying build/lib/tldw_chatbook/DB/migrations/chachanotes_v55_to_v56_console_semantic_trace.sql -> build/bdist.macosx-11.0-arm64/wheel/./tldw_chatbook/DB/migrations
copying build/lib/tldw_chatbook/DB/migrations/workspaces_v1_to_v2_name_unique_index.sql -> build/bdist.macosx-11.0-arm64/wheel/./tldw_chatbook/DB/migrations
copying build/lib/tldw_chatbook/DB/migrations/chachanotes_v69_to_v70_independent_buddy.sql -> build/bdist.macosx-11.0-arm64/wheel/./tldw_chatbook/DB/migrations
copying build/lib/tldw_chatbook/DB/migrations/library_collections_v2_to_v3_extraction_leases.sql -> build/bdist.macosx-11.0-arm64/wheel/./tldw_chatbook/DB/migrations
copying build/lib/tldw_chatbook/DB/migrations/chachanotes_v58_to_v59_note_organization_tool_receipts.sql -> build/bdist.macosx-11.0-arm64/wheel/./tldw_chatbook/DB/migrations
copying build/lib/tldw_chatbook/DB/migrations/subscriptions_v1_to_v2_briefing_provenance.sql -> build/bdist.macosx-11.0-arm64/wheel/./tldw_chatbook/DB/migrations
copying build/lib/tldw_chatbook/DB/migrations/chachanotes_v42_to_v43_message_exchanges.sql -> build/bdist.macosx-11.0-arm64/wheel/./tldw_chatbook/DB/migrations
copying build/lib/tldw_chatbook/DB/migrations/chachanotes_v46_to_v47_messages_fts_backfill_guards.sql -> build/bdist.macosx-11.0-arm64/wheel/./tldw_chatbook/DB/migrations
copying build/lib/tldw_chatbook/DB/migrations/add_sync_fields_to_notes.sql -> build/bdist.macosx-11.0-arm64/wheel/./tldw_chatbook/DB/migrations
copying build/lib/tldw_chatbook/DB/migrations/workspaces_v6_to_v7_assistant_defaults.sql -> build/bdist.macosx-11.0-arm64/wheel/./tldw_chatbook/DB/migrations
copying build/lib/tldw_chatbook/DB/migrations/chachanotes_v20_to_v21_world_book_entry_priority.sql -> build/bdist.macosx-11.0-arm64/wheel/./tldw_chatbook/DB/migrations
copying build/lib/tldw_chatbook/DB/migrations/chachanotes_v43_to_v44_sync_conflict_preservation.sql -> build/bdist.macosx-11.0-arm64/wheel/./tldw_chatbook/DB/migrations
copying build/lib/tldw_chatbook/DB/migrations/chachanotes_v45_to_v46_sync_log_retention.sql -> build/bdist.macosx-11.0-arm64/wheel/./tldw_chatbook/DB/migrations
copying build/lib/tldw_chatbook/DB/migrations/chachanotes_v60_to_v61_agent_lessons_seed.sql -> build/bdist.macosx-11.0-arm64/wheel/./tldw_chatbook/DB/migrations
copying build/lib/tldw_chatbook/DB/migrations/chachanotes_v19_to_v20_conversation_metadata.sql -> build/bdist.macosx-11.0-arm64/wheel/./tldw_chatbook/DB/migrations
copying build/lib/tldw_chatbook/DB/migrations/chachanotes_v32_to_v33_console_context_memory.sql -> build/bdist.macosx-11.0-arm64/wheel/./tldw_chatbook/DB/migrations
copying build/lib/tldw_chatbook/DB/migrations/chachanotes_v68_to_v69_console_trace_source_pin.sql -> build/bdist.macosx-11.0-arm64/wheel/./tldw_chatbook/DB/migrations
copying build/lib/tldw_chatbook/DB/migrations/workspaces_v5_to_v6_quick_note_recovery.sql -> build/bdist.macosx-11.0-arm64/wheel/./tldw_chatbook/DB/migrations
copying build/lib/tldw_chatbook/DB/Library_Collections_DB.py -> build/bdist.macosx-11.0-arm64/wheel/./tldw_chatbook/DB
copying build/lib/tldw_chatbook/DB/chachanotes_fts_backfill.py -> build/bdist.macosx-11.0-arm64/wheel/./tldw_chatbook/DB
copying build/lib/tldw_chatbook/DB/Library_Ingest_Jobs_DB.py -> build/bdist.macosx-11.0-arm64/wheel/./tldw_chatbook/DB
copying build/lib/tldw_chatbook/DB/Prompts_DB.py -> build/bdist.macosx-11.0-arm64/wheel/./tldw_chatbook/DB
copying build/lib/tldw_chatbook/DB/private_sqlite_helper.py -> build/bdist.macosx-11.0-arm64/wheel/./tldw_chatbook/DB
copying build/lib/tldw_chatbook/DB/character_conversation_search.py -> build/bdist.macosx-11.0-arm64/wheel/./tldw_chatbook/DB
copying build/lib/tldw_chatbook/DB/Client_Media_DB_v2.py -> build/bdist.macosx-11.0-arm64/wheel/./tldw_chatbook/DB
copying build/lib/tldw_chatbook/DB/private_sqlite_helper_entry.py -> build/bdist.macosx-11.0-arm64/wheel/./tldw_chatbook/DB
copying build/lib/tldw_chatbook/DB/sqlite_datetime_fix.py -> build/bdist.macosx-11.0-arm64/wheel/./tldw_chatbook/DB
copying build/lib/tldw_chatbook/DB/sql_validation.py -> build/bdist.macosx-11.0-arm64/wheel/./tldw_chatbook/DB
copying build/lib/tldw_chatbook/DB/VisualIdentity_DB.py -> build/bdist.macosx-11.0-arm64/wheel/./tldw_chatbook/DB
copying build/lib/tldw_chatbook/DB/private_sqlite_protocol.py -> build/bdist.macosx-11.0-arm64/wheel/./tldw_chatbook/DB
copying build/lib/tldw_chatbook/DB/private_sqlite_process.py -> build/bdist.macosx-11.0-arm64/wheel/./tldw_chatbook/DB
copying build/lib/tldw_chatbook/DB/__init__.py -> build/bdist.macosx-11.0-arm64/wheel/./tldw_chatbook/DB
copying build/lib/tldw_chatbook/DB/Workspace_DB.py -> build/bdist.macosx-11.0-arm64/wheel/./tldw_chatbook/DB
copying build/lib/tldw_chatbook/DB/AgentRuns_DB.py -> build/bdist.macosx-11.0-arm64/wheel/./tldw_chatbook/DB
copying build/lib/tldw_chatbook/DB/private_sqlite.py -> build/bdist.macosx-11.0-arm64/wheel/./tldw_chatbook/DB
copying build/lib/tldw_chatbook/DB/Evals_DB.py -> build/bdist.macosx-11.0-arm64/wheel/./tldw_chatbook/DB
copying build/lib/tldw_chatbook/DB/fts_backfill_pacing.py -> build/bdist.macosx-11.0-arm64/wheel/./tldw_chatbook/DB
copying build/lib/tldw_chatbook/DB/base_db.py -> build/bdist.macosx-11.0-arm64/wheel/./tldw_chatbook/DB
copying build/lib/tldw_chatbook/DB/sql_identifier_core.py -> build/bdist.macosx-11.0-arm64/wheel/./tldw_chatbook/DB
copying build/lib/tldw_chatbook/DB/sql_logging.py -> build/bdist.macosx-11.0-arm64/wheel/./tldw_chatbook/DB
copying build/lib/tldw_chatbook/DB/ChaChaNotes_DB.py -> build/bdist.macosx-11.0-arm64/wheel/./tldw_chatbook/DB
copying build/lib/tldw_chatbook/DB/private_sqlite_files.py -> build/bdist.macosx-11.0-arm64/wheel/./tldw_chatbook/DB
copying build/lib/tldw_chatbook/DB/Subscriptions_DB.py -> build/bdist.macosx-11.0-arm64/wheel/./tldw_chatbook/DB
copying build/lib/tldw_chatbook/DB/RAG_Indexing_DB.py -> build/bdist.macosx-11.0-arm64/wheel/./tldw_chatbook/DB
creating build/bdist.macosx-11.0-arm64/wheel/tldw_chatbook/Video_Generation
copying build/lib/tldw_chatbook/Video_Generation/worker.py -> build/bdist.macosx-11.0-arm64/wheel/./tldw_chatbook/Video_Generation
copying build/lib/tldw_chatbook/Video_Generation/request_validation.py -> build/bdist.macosx-11.0-arm64/wheel/./tldw_chatbook/Video_Generation
copying build/lib/tldw_chatbook/Video_Generation/config.py -> build/bdist.macosx-11.0-arm64/wheel/./tldw_chatbook/Video_Generation
creating build/bdist.macosx-11.0-arm64/wheel/tldw_chatbook/Video_Generation/workflows
copying build/lib/tldw_chatbook/Video_Generation/workflows/minimax_h3_t2v.json -> build/bdist.macosx-11.0-arm64/wheel/./tldw_chatbook/Video_Generation/workflows
copying build/lib/tldw_chatbook/Video_Generation/workflows/minimax_h3_t2v_spectrum.json -> build/bdist.macosx-11.0-arm64/wheel/./tldw_chatbook/Video_Generation/workflows
copying build/lib/tldw_chatbook/Video_Generation/__init__.py -> build/bdist.macosx-11.0-arm64/wheel/./tldw_chatbook/Video_Generation
creating build/bdist.macosx-11.0-arm64/wheel/tldw_chatbook/Video_Generation/adapters
copying build/lib/tldw_chatbook/Video_Generation/adapters/__init__.py -> build/bdist.macosx-11.0-arm64/wheel/./tldw_chatbook/Video_Generation/adapters
copying build/lib/tldw_chatbook/Video_Generation/adapters/minimax_video_adapter.py -> build/bdist.macosx-11.0-arm64/wheel/./tldw_chatbook/Video_Generation/adapters
copying build/lib/tldw_chatbook/Video_Generation/adapters/comfyui_video_adapter.py -> build/bdist.macosx-11.0-arm64/wheel/./tldw_chatbook/Video_Generation/adapters
copying build/lib/tldw_chatbook/Video_Generation/adapters/base.py -> build/bdist.macosx-11.0-arm64/wheel/./tldw_chatbook/Video_Generation/adapters
copying build/lib/tldw_chatbook/Video_Generation/adapter_registry.py -> build/bdist.macosx-11.0-arm64/wheel/./tldw_chatbook/Video_Generation
copying build/lib/tldw_chatbook/Video_Generation/video_metadata.py -> build/bdist.macosx-11.0-arm64/wheel/./tldw_chatbook/Video_Generation
copying build/lib/tldw_chatbook/Video_Generation/video_templates.py -> build/bdist.macosx-11.0-arm64/wheel/./tldw_chatbook/Video_Generation
copying build/lib/tldw_chatbook/Video_Generation/video_store.py -> build/bdist.macosx-11.0-arm64/wheel/./tldw_chatbook/Video_Generation
copying build/lib/tldw_chatbook/Video_Generation/exceptions.py -> build/bdist.macosx-11.0-arm64/wheel/./tldw_chatbook/Video_Generation
copying build/lib/tldw_chatbook/Video_Generation/video_formats.py -> build/bdist.macosx-11.0-arm64/wheel/./tldw_chatbook/Video_Generation
creating build/bdist.macosx-11.0-arm64/wheel/tldw_chatbook/Chat_Grammars_Interop
copying build/lib/tldw_chatbook/Chat_Grammars_Interop/chat_grammars_scope_service.py -> build/bdist.macosx-11.0-arm64/wheel/./tldw_chatbook/Chat_Grammars_Interop
copying build/lib/tldw_chatbook/Chat_Grammars_Interop/__init__.py -> build/bdist.macosx-11.0-arm64/wheel/./tldw_chatbook/Chat_Grammars_Interop
copying build/lib/tldw_chatbook/Chat_Grammars_Interop/local_chat_grammars_service.py -> build/bdist.macosx-11.0-arm64/wheel/./tldw_chatbook/Chat_Grammars_Interop
copying build/lib/tldw_chatbook/Chat_Grammars_Interop/server_chat_grammars_service.py -> build/bdist.macosx-11.0-arm64/wheel/./tldw_chatbook/Chat_Grammars_Interop
creating build/bdist.macosx-11.0-arm64/wheel/tldw_chatbook/Companion_Interop
copying build/lib/tldw_chatbook/Companion_Interop/companion_scope_service.py -> build/bdist.macosx-11.0-arm64/wheel/./tldw_chatbook/Companion_Interop
copying build/lib/tldw_chatbook/Companion_Interop/__init__.py -> build/bdist.macosx-11.0-arm64/wheel/./tldw_chatbook/Companion_Interop
copying build/lib/tldw_chatbook/Companion_Interop/server_companion_service.py -> build/bdist.macosx-11.0-arm64/wheel/./tldw_chatbook/Companion_Interop
creating build/bdist.macosx-11.0-arm64/wheel/tldw_chatbook/Coding
copying build/lib/tldw_chatbook/Coding/code_mapper.py -> build/bdist.macosx-11.0-arm64/wheel/./tldw_chatbook/Coding
creating build/bdist.macosx-11.0-arm64/wheel/tldw_chatbook/Tool_Packs
copying build/lib/tldw_chatbook/Tool_Packs/service.py -> build/bdist.macosx-11.0-arm64/wheel/./tldw_chatbook/Tool_Packs
copying build/lib/tldw_chatbook/Tool_Packs/importer.py -> build/bdist.macosx-11.0-arm64/wheel/./tldw_chatbook/Tool_Packs
copying build/lib/tldw_chatbook/Tool_Packs/removal.py -> build/bdist.macosx-11.0-arm64/wheel/./tldw_chatbook/Tool_Packs
copying build/lib/tldw_chatbook/Tool_Packs/__init__.py -> build/bdist.macosx-11.0-arm64/wheel/./tldw_chatbook/Tool_Packs
copying build/lib/tldw_chatbook/Tool_Packs/export.py -> build/bdist.macosx-11.0-arm64/wheel/./tldw_chatbook/Tool_Packs
copying build/lib/tldw_chatbook/Tool_Packs/activation.py -> build/bdist.macosx-11.0-arm64/wheel/./tldw_chatbook/Tool_Packs
copying build/lib/tldw_chatbook/Tool_Packs/publication.py -> build/bdist.macosx-11.0-arm64/wheel/./tldw_chatbook/Tool_Packs
copying build/lib/tldw_chatbook/Tool_Packs/contracts.py -> build/bdist.macosx-11.0-arm64/wheel/./tldw_chatbook/Tool_Packs
copying build/lib/tldw_chatbook/Tool_Packs/catalog_snapshot.py -> build/bdist.macosx-11.0-arm64/wheel/./tldw_chatbook/Tool_Packs
copying build/lib/tldw_chatbook/Tool_Packs/binding.py -> build/bdist.macosx-11.0-arm64/wheel/./tldw_chatbook/Tool_Packs
copying build/lib/tldw_chatbook/Tool_Packs/receipt_store.py -> build/bdist.macosx-11.0-arm64/wheel/./tldw_chatbook/Tool_Packs
creating build/bdist.macosx-11.0-arm64/wheel/tldw_chatbook/Auth_Account_Interop
copying build/lib/tldw_chatbook/Auth_Account_Interop/auth_account_scope_service.py -> build/bdist.macosx-11.0-arm64/wheel/./tldw_chatbook/Auth_Account_Interop
copying build/lib/tldw_chatbook/Auth_Account_Interop/__init__.py -> build/bdist.macosx-11.0-arm64/wheel/./tldw_chatbook/Auth_Account_Interop
copying build/lib/tldw_chatbook/Auth_Account_Interop/server_auth_account_service.py -> build/bdist.macosx-11.0-arm64/wheel/./tldw_chatbook/Auth_Account_Interop
creating build/bdist.macosx-11.0-arm64/wheel/tldw_chatbook/Persona_Visual
copying build/lib/tldw_chatbook/Persona_Visual/authoring_workspace.py -> build/bdist.macosx-11.0-arm64/wheel/./tldw_chatbook/Persona_Visual
copying build/lib/tldw_chatbook/Persona_Visual/artwork.py -> build/bdist.macosx-11.0-arm64/wheel/./tldw_chatbook/Persona_Visual
copying build/lib/tldw_chatbook/Persona_Visual/importer.py -> build/bdist.macosx-11.0-arm64/wheel/./tldw_chatbook/Persona_Visual
copying build/lib/tldw_chatbook/Persona_Visual/__init__.py -> build/bdist.macosx-11.0-arm64/wheel/./tldw_chatbook/Persona_Visual
copying build/lib/tldw_chatbook/Persona_Visual/runtime.py -> build/bdist.macosx-11.0-arm64/wheel/./tldw_chatbook/Persona_Visual
copying build/lib/tldw_chatbook/Persona_Visual/authoring.py -> build/bdist.macosx-11.0-arm64/wheel/./tldw_chatbook/Persona_Visual
copying build/lib/tldw_chatbook/Persona_Visual/assets.py -> build/bdist.macosx-11.0-arm64/wheel/./tldw_chatbook/Persona_Visual
copying build/lib/tldw_chatbook/Persona_Visual/publication.py -> build/bdist.macosx-11.0-arm64/wheel/./tldw_chatbook/Persona_Visual
copying build/lib/tldw_chatbook/Persona_Visual/contracts.py -> build/bdist.macosx-11.0-arm64/wheel/./tldw_chatbook/Persona_Visual
copying build/lib/tldw_chatbook/Persona_Visual/repository.py -> build/bdist.macosx-11.0-arm64/wheel/./tldw_chatbook/Persona_Visual
copying build/lib/tldw_chatbook/Persona_Visual/builtin_pixel_migu.py -> build/bdist.macosx-11.0-arm64/wheel/./tldw_chatbook/Persona_Visual
copying build/lib/tldw_chatbook/Persona_Visual/snapshot.py -> build/bdist.macosx-11.0-arm64/wheel/./tldw_chatbook/Persona_Visual
copying build/lib/tldw_chatbook/Persona_Visual/validation.py -> build/bdist.macosx-11.0-arm64/wheel/./tldw_chatbook/Persona_Visual
creating build/bdist.macosx-11.0-arm64/wheel/tldw_chatbook/Audio_Services_Interop
copying build/lib/tldw_chatbook/Audio_Services_Interop/__init__.py -> build/bdist.macosx-11.0-arm64/wheel/./tldw_chatbook/Audio_Services_Interop
copying build/lib/tldw_chatbook/Audio_Services_Interop/local_audio_services_service.py -> build/bdist.macosx-11.0-arm64/wheel/./tldw_chatbook/Audio_Services_Interop
copying build/lib/tldw_chatbook/Audio_Services_Interop/audio_services_scope_service.py -> build/bdist.macosx-11.0-arm64/wheel/./tldw_chatbook/Audio_Services_Interop
copying build/lib/tldw_chatbook/Audio_Services_Interop/server_audio_services_service.py -> build/bdist.macosx-11.0-arm64/wheel/./tldw_chatbook/Audio_Services_Interop
creating build/bdist.macosx-11.0-arm64/wheel/tldw_chatbook/Config_Files
copying build/lib/tldw_chatbook/Config_Files/EMBEDDING_DEFAULTS_README.md -> build/bdist.macosx-11.0-arm64/wheel/./tldw_chatbook/Config_Files
copying build/lib/tldw_chatbook/Config_Files/note_templates_guide.md -> build/bdist.macosx-11.0-arm64/wheel/./tldw_chatbook/Config_Files
copying build/lib/tldw_chatbook/Config_Files/__init__.py -> build/bdist.macosx-11.0-arm64/wheel/./tldw_chatbook/Config_Files
copying build/lib/tldw_chatbook/Config_Files/openai_tts_mappings.json -> build/bdist.macosx-11.0-arm64/wheel/./tldw_chatbook/Config_Files
copying build/lib/tldw_chatbook/Config_Files/note_templates_with_sync.json -> build/bdist.macosx-11.0-arm64/wheel/./tldw_chatbook/Config_Files
copying build/lib/tldw_chatbook/Config_Files/create_custom_template.py -> build/bdist.macosx-11.0-arm64/wheel/./tldw_chatbook/Config_Files
copying build/lib/tldw_chatbook/Config_Files/rag_pipelines.toml -> build/bdist.macosx-11.0-arm64/wheel/./tldw_chatbook/Config_Files
copying build/lib/tldw_chatbook/Config_Files/note_templates.json -> build/bdist.macosx-11.0-arm64/wheel/./tldw_chatbook/Config_Files
creating build/bdist.macosx-11.0-arm64/wheel/tldw_chatbook/Prompt_Management
copying build/lib/tldw_chatbook/Prompt_Management/prompt_improvement_prompts.py -> build/bdist.macosx-11.0-arm64/wheel/./tldw_chatbook/Prompt_Management
copying build/lib/tldw_chatbook/Prompt_Management/Prompts_Interop.py -> build/bdist.macosx-11.0-arm64/wheel/./tldw_chatbook/Prompt_Management
copying build/lib/tldw_chatbook/Prompt_Management/prompt_scope_service.py -> build/bdist.macosx-11.0-arm64/wheel/./tldw_chatbook/Prompt_Management
copying build/lib/tldw_chatbook/Prompt_Management/prompt_artifact_models.py -> build/bdist.macosx-11.0-arm64/wheel/./tldw_chatbook/Prompt_Management
copying build/lib/tldw_chatbook/Prompt_Management/prompt_artifact_codec.py -> build/bdist.macosx-11.0-arm64/wheel/./tldw_chatbook/Prompt_Management
copying build/lib/tldw_chatbook/Prompt_Management/prompt_chatbook_scope_service.py -> build/bdist.macosx-11.0-arm64/wheel/./tldw_chatbook/Prompt_Management
copying build/lib/tldw_chatbook/Prompt_Management/local_prompt_service.py -> build/bdist.macosx-11.0-arm64/wheel/./tldw_chatbook/Prompt_Management
copying build/lib/tldw_chatbook/Prompt_Management/prompt_restore_errors.py -> build/bdist.macosx-11.0-arm64/wheel/./tldw_chatbook/Prompt_Management
copying build/lib/tldw_chatbook/Prompt_Management/prompt_improvement_models.py -> build/bdist.macosx-11.0-arm64/wheel/./tldw_chatbook/Prompt_Management
copying build/lib/tldw_chatbook/Prompt_Management/prompt_normalizers.py -> build/bdist.macosx-11.0-arm64/wheel/./tldw_chatbook/Prompt_Management
copying build/lib/tldw_chatbook/Prompt_Management/__init__.py -> build/bdist.macosx-11.0-arm64/wheel/./tldw_chatbook/Prompt_Management
copying build/lib/tldw_chatbook/Prompt_Management/prompt_improvement_service.py -> build/bdist.macosx-11.0-arm64/wheel/./tldw_chatbook/Prompt_Management
copying build/lib/tldw_chatbook/Prompt_Management/prompt_variables.py -> build/bdist.macosx-11.0-arm64/wheel/./tldw_chatbook/Prompt_Management
copying build/lib/tldw_chatbook/Prompt_Management/prompt_chatbook_normalizers.py -> build/bdist.macosx-11.0-arm64/wheel/./tldw_chatbook/Prompt_Management
copying build/lib/tldw_chatbook/Prompt_Management/prompt_chatbook_record.py -> build/bdist.macosx-11.0-arm64/wheel/./tldw_chatbook/Prompt_Management
copying build/lib/tldw_chatbook/Prompt_Management/server_prompt_service.py -> build/bdist.macosx-11.0-arm64/wheel/./tldw_chatbook/Prompt_Management
copying build/lib/tldw_chatbook/Prompt_Management/prompt_preservation.py -> build/bdist.macosx-11.0-arm64/wheel/./tldw_chatbook/Prompt_Management
copying build/lib/tldw_chatbook/Prompt_Management/prompt_legacy_decomposer.py -> build/bdist.macosx-11.0-arm64/wheel/./tldw_chatbook/Prompt_Management
copying build/lib/tldw_chatbook/Prompt_Management/Prompt_Engineering.py -> build/bdist.macosx-11.0-arm64/wheel/./tldw_chatbook/Prompt_Management
copying build/lib/tldw_chatbook/Prompt_Management/prompt_source_capabilities.py -> build/bdist.macosx-11.0-arm64/wheel/./tldw_chatbook/Prompt_Management
copying build/lib/tldw_chatbook/Prompt_Management/prompt_markdown_export.py -> build/bdist.macosx-11.0-arm64/wheel/./tldw_chatbook/Prompt_Management
copying build/lib/tldw_chatbook/Prompt_Management/prompt_batch_models.py -> build/bdist.macosx-11.0-arm64/wheel/./tldw_chatbook/Prompt_Management
copying build/lib/tldw_chatbook/Prompt_Management/server_prompt_adapter.py -> build/bdist.macosx-11.0-arm64/wheel/./tldw_chatbook/Prompt_Management
copying build/lib/tldw_chatbook/Prompt_Management/prompt_block_compiler.py -> build/bdist.macosx-11.0-arm64/wheel/./tldw_chatbook/Prompt_Management
copying build/lib/tldw_chatbook/chunking_engine_version.py -> build/bdist.macosx-11.0-arm64/wheel/./tldw_chatbook
creating build/bdist.macosx-11.0-arm64/wheel/tldw_chatbook/LLM_Provider_Catalog
copying build/lib/tldw_chatbook/LLM_Provider_Catalog/model_auto_refresh.py -> build/bdist.macosx-11.0-arm64/wheel/./tldw_chatbook/LLM_Provider_Catalog
copying build/lib/tldw_chatbook/LLM_Provider_Catalog/model_discovery_cache.py -> build/bdist.macosx-11.0-arm64/wheel/./tldw_chatbook/LLM_Provider_Catalog
copying build/lib/tldw_chatbook/LLM_Provider_Catalog/openai_compatible_model_discovery.py -> build/bdist.macosx-11.0-arm64/wheel/./tldw_chatbook/LLM_Provider_Catalog
copying build/lib/tldw_chatbook/LLM_Provider_Catalog/model_discovery_provider_identity.py -> build/bdist.macosx-11.0-arm64/wheel/./tldw_chatbook/LLM_Provider_Catalog
copying build/lib/tldw_chatbook/LLM_Provider_Catalog/__init__.py -> build/bdist.macosx-11.0-arm64/wheel/./tldw_chatbook/LLM_Provider_Catalog
copying build/lib/tldw_chatbook/LLM_Provider_Catalog/model_discovery_merge.py -> build/bdist.macosx-11.0-arm64/wheel/./tldw_chatbook/LLM_Provider_Catalog
copying build/lib/tldw_chatbook/LLM_Provider_Catalog/model_discovery_contracts.py -> build/bdist.macosx-11.0-arm64/wheel/./tldw_chatbook/LLM_Provider_Catalog
copying build/lib/tldw_chatbook/LLM_Provider_Catalog/local_llm_provider_catalog_service.py -> build/bdist.macosx-11.0-arm64/wheel/./tldw_chatbook/LLM_Provider_Catalog
copying build/lib/tldw_chatbook/LLM_Provider_Catalog/model_discovery_persistence.py -> build/bdist.macosx-11.0-arm64/wheel/./tldw_chatbook/LLM_Provider_Catalog
copying build/lib/tldw_chatbook/LLM_Provider_Catalog/server_llm_provider_catalog_service.py -> build/bdist.macosx-11.0-arm64/wheel/./tldw_chatbook/LLM_Provider_Catalog
copying build/lib/tldw_chatbook/LLM_Provider_Catalog/llm_provider_catalog_scope_service.py -> build/bdist.macosx-11.0-arm64/wheel/./tldw_chatbook/LLM_Provider_Catalog
copying build/lib/tldw_chatbook/LLM_Provider_Catalog/model_discovery_disk_cache.py -> build/bdist.macosx-11.0-arm64/wheel/./tldw_chatbook/LLM_Provider_Catalog
copying build/lib/tldw_chatbook/LLM_Provider_Catalog/models_dev_catalog.py -> build/bdist.macosx-11.0-arm64/wheel/./tldw_chatbook/LLM_Provider_Catalog
copying build/lib/tldw_chatbook/LLM_Provider_Catalog/model_catalog_settings.py -> build/bdist.macosx-11.0-arm64/wheel/./tldw_chatbook/LLM_Provider_Catalog
creating build/bdist.macosx-11.0-arm64/wheel/tldw_chatbook/Translation_Interop
copying build/lib/tldw_chatbook/Translation_Interop/server_translation_service.py -> build/bdist.macosx-11.0-arm64/wheel/./tldw_chatbook/Translation_Interop
copying build/lib/tldw_chatbook/Translation_Interop/__init__.py -> build/bdist.macosx-11.0-arm64/wheel/./tldw_chatbook/Translation_Interop
copying build/lib/tldw_chatbook/Translation_Interop/translation_scope_service.py -> build/bdist.macosx-11.0-arm64/wheel/./tldw_chatbook/Translation_Interop
creating build/bdist.macosx-11.0-arm64/wheel/tldw_chatbook/assets
copying build/lib/tldw_chatbook/assets/__init__.py -> build/bdist.macosx-11.0-arm64/wheel/./tldw_chatbook/assets
creating build/bdist.macosx-11.0-arm64/wheel/tldw_chatbook/assets/tiktoken_cache
copying build/lib/tldw_chatbook/assets/tiktoken_cache/6d1cbeee0f20b3d9449abfede4726ed8212e3aee -> build/bdist.macosx-11.0-arm64/wheel/./tldw_chatbook/assets/tiktoken_cache
copying build/lib/tldw_chatbook/assets/tiktoken_cache/9b5ad71b2ce5302211f9c61530b329a4922fc6a4 -> build/bdist.macosx-11.0-arm64/wheel/./tldw_chatbook/assets/tiktoken_cache
copying build/lib/tldw_chatbook/assets/tiktoken_cache/NOTICE.txt -> build/bdist.macosx-11.0-arm64/wheel/./tldw_chatbook/assets/tiktoken_cache
copying build/lib/tldw_chatbook/assets/tiktoken_cache/ec7223a39ce59f226a68acc30dc1af2788490e15 -> build/bdist.macosx-11.0-arm64/wheel/./tldw_chatbook/assets/tiktoken_cache
copying build/lib/tldw_chatbook/assets/tiktoken_cache/manifest.json -> build/bdist.macosx-11.0-arm64/wheel/./tldw_chatbook/assets/tiktoken_cache
copying build/lib/tldw_chatbook/assets/tiktoken_cache/0ea1e91bbb3a60f729a8dc8f777fd2fc07cd8df4 -> build/bdist.macosx-11.0-arm64/wheel/./tldw_chatbook/assets/tiktoken_cache
copying build/lib/tldw_chatbook/assets/tiktoken_cache/LICENSE.txt -> build/bdist.macosx-11.0-arm64/wheel/./tldw_chatbook/assets/tiktoken_cache
copying build/lib/tldw_chatbook/assets/tiktoken_cache/fb374d419588a4632f3f557e76b4b70aebbca790 -> build/bdist.macosx-11.0-arm64/wheel/./tldw_chatbook/assets/tiktoken_cache
copying build/lib/tldw_chatbook/assets/tiktoken_cache/6c7ea1a7e38e3a7f062df639a5b80947f075ffe6 -> build/bdist.macosx-11.0-arm64/wheel/./tldw_chatbook/assets/tiktoken_cache
creating build/bdist.macosx-11.0-arm64/wheel/tldw_chatbook/assets/persona_visual
creating build/bdist.macosx-11.0-arm64/wheel/tldw_chatbook/assets/persona_visual/pixel_migu
copying build/lib/tldw_chatbook/assets/persona_visual/pixel_migu/thumbs-up-2.png -> build/bdist.macosx-11.0-arm64/wheel/./tldw_chatbook/assets/persona_visual/pixel_migu
copying build/lib/tldw_chatbook/assets/persona_visual/pixel_migu/thumbs-up-3.png -> build/bdist.macosx-11.0-arm64/wheel/./tldw_chatbook/assets/persona_visual/pixel_migu
copying build/lib/tldw_chatbook/assets/persona_visual/pixel_migu/thumbs-up-1.png -> build/bdist.macosx-11.0-arm64/wheel/./tldw_chatbook/assets/persona_visual/pixel_migu
copying build/lib/tldw_chatbook/assets/persona_visual/pixel_migu/pose-surprised.png -> build/bdist.macosx-11.0-arm64/wheel/./tldw_chatbook/assets/persona_visual/pixel_migu
copying build/lib/tldw_chatbook/assets/persona_visual/pixel_migu/pose-excited.png -> build/bdist.macosx-11.0-arm64/wheel/./tldw_chatbook/assets/persona_visual/pixel_migu
copying build/lib/tldw_chatbook/assets/persona_visual/pixel_migu/idle-4.png -> build/bdist.macosx-11.0-arm64/wheel/./tldw_chatbook/assets/persona_visual/pixel_migu
copying build/lib/tldw_chatbook/assets/persona_visual/pixel_migu/thumbs-up-4.png -> build/bdist.macosx-11.0-arm64/wheel/./tldw_chatbook/assets/persona_visual/pixel_migu
copying build/lib/tldw_chatbook/assets/persona_visual/pixel_migu/pose-angry.png -> build/bdist.macosx-11.0-arm64/wheel/./tldw_chatbook/assets/persona_visual/pixel_migu
copying build/lib/tldw_chatbook/assets/persona_visual/pixel_migu/idle-1.png -> build/bdist.macosx-11.0-arm64/wheel/./tldw_chatbook/assets/persona_visual/pixel_migu
copying build/lib/tldw_chatbook/assets/persona_visual/pixel_migu/pose-type.png -> build/bdist.macosx-11.0-arm64/wheel/./tldw_chatbook/assets/persona_visual/pixel_migu
copying build/lib/tldw_chatbook/assets/persona_visual/pixel_migu/idle-3.png -> build/bdist.macosx-11.0-arm64/wheel/./tldw_chatbook/assets/persona_visual/pixel_migu
copying build/lib/tldw_chatbook/assets/persona_visual/pixel_migu/idle-2.png -> build/bdist.macosx-11.0-arm64/wheel/./tldw_chatbook/assets/persona_visual/pixel_migu
copying build/lib/tldw_chatbook/assets/persona_visual/pixel_migu/pose-sad.png -> build/bdist.macosx-11.0-arm64/wheel/./tldw_chatbook/assets/persona_visual/pixel_migu
copying build/lib/tldw_chatbook/assets/persona_visual/pixel_migu/speaking-2.png -> build/bdist.macosx-11.0-arm64/wheel/./tldw_chatbook/assets/persona_visual/pixel_migu
copying build/lib/tldw_chatbook/assets/persona_visual/pixel_migu/sleepy-1.png -> build/bdist.macosx-11.0-arm64/wheel/./tldw_chatbook/assets/persona_visual/pixel_migu
copying build/lib/tldw_chatbook/assets/persona_visual/pixel_migu/confused-4.png -> build/bdist.macosx-11.0-arm64/wheel/./tldw_chatbook/assets/persona_visual/pixel_migu
copying build/lib/tldw_chatbook/assets/persona_visual/pixel_migu/speaking-3.png -> build/bdist.macosx-11.0-arm64/wheel/./tldw_chatbook/assets/persona_visual/pixel_migu
copying build/lib/tldw_chatbook/assets/persona_visual/pixel_migu/speaking-1.png -> build/bdist.macosx-11.0-arm64/wheel/./tldw_chatbook/assets/persona_visual/pixel_migu
copying build/lib/tldw_chatbook/assets/persona_visual/pixel_migu/sleepy-2.png -> build/bdist.macosx-11.0-arm64/wheel/./tldw_chatbook/assets/persona_visual/pixel_migu
copying build/lib/tldw_chatbook/assets/persona_visual/pixel_migu/pose-listening.png -> build/bdist.macosx-11.0-arm64/wheel/./tldw_chatbook/assets/persona_visual/pixel_migu
copying build/lib/tldw_chatbook/assets/persona_visual/pixel_migu/sleepy-3.png -> build/bdist.macosx-11.0-arm64/wheel/./tldw_chatbook/assets/persona_visual/pixel_migu
copying build/lib/tldw_chatbook/assets/persona_visual/pixel_migu/speaking-4.png -> build/bdist.macosx-11.0-arm64/wheel/./tldw_chatbook/assets/persona_visual/pixel_migu
copying build/lib/tldw_chatbook/assets/persona_visual/pixel_migu/PROVENANCE.md -> build/bdist.macosx-11.0-arm64/wheel/./tldw_chatbook/assets/persona_visual/pixel_migu
copying build/lib/tldw_chatbook/assets/persona_visual/pixel_migu/pose-confused.png -> build/bdist.macosx-11.0-arm64/wheel/./tldw_chatbook/assets/persona_visual/pixel_migu
copying build/lib/tldw_chatbook/assets/persona_visual/pixel_migu/confused-3.png -> build/bdist.macosx-11.0-arm64/wheel/./tldw_chatbook/assets/persona_visual/pixel_migu
copying build/lib/tldw_chatbook/assets/persona_visual/pixel_migu/confused-2.png -> build/bdist.macosx-11.0-arm64/wheel/./tldw_chatbook/assets/persona_visual/pixel_migu
copying build/lib/tldw_chatbook/assets/persona_visual/pixel_migu/pose-neutral.png -> build/bdist.macosx-11.0-arm64/wheel/./tldw_chatbook/assets/persona_visual/pixel_migu
copying build/lib/tldw_chatbook/assets/persona_visual/pixel_migu/sleepy-4.png -> build/bdist.macosx-11.0-arm64/wheel/./tldw_chatbook/assets/persona_visual/pixel_migu
copying build/lib/tldw_chatbook/assets/persona_visual/pixel_migu/pose-thumbs_up.png -> build/bdist.macosx-11.0-arm64/wheel/./tldw_chatbook/assets/persona_visual/pixel_migu
copying build/lib/tldw_chatbook/assets/persona_visual/pixel_migu/confused-1.png -> build/bdist.macosx-11.0-arm64/wheel/./tldw_chatbook/assets/persona_visual/pixel_migu
copying build/lib/tldw_chatbook/assets/persona_visual/pixel_migu/thinking-1.png -> build/bdist.macosx-11.0-arm64/wheel/./tldw_chatbook/assets/persona_visual/pixel_migu
copying build/lib/tldw_chatbook/assets/persona_visual/pixel_migu/error-3.png -> build/bdist.macosx-11.0-arm64/wheel/./tldw_chatbook/assets/persona_visual/pixel_migu
copying build/lib/tldw_chatbook/assets/persona_visual/pixel_migu/alert-idle-1.png -> build/bdist.macosx-11.0-arm64/wheel/./tldw_chatbook/assets/persona_visual/pixel_migu
copying build/lib/tldw_chatbook/assets/persona_visual/pixel_migu/pose-sleepy.png -> build/bdist.macosx-11.0-arm64/wheel/./tldw_chatbook/assets/persona_visual/pixel_migu
copying build/lib/tldw_chatbook/assets/persona_visual/pixel_migu/error-2.png -> build/bdist.macosx-11.0-arm64/wheel/./tldw_chatbook/assets/persona_visual/pixel_migu
copying build/lib/tldw_chatbook/assets/persona_visual/pixel_migu/thinking-2.png -> build/bdist.macosx-11.0-arm64/wheel/./tldw_chatbook/assets/persona_visual/pixel_migu
copying build/lib/tldw_chatbook/assets/persona_visual/pixel_migu/alert-idle-2.png -> build/bdist.macosx-11.0-arm64/wheel/./tldw_chatbook/assets/persona_visual/pixel_migu
copying build/lib/tldw_chatbook/assets/persona_visual/pixel_migu/alert-idle-3.png -> build/bdist.macosx-11.0-arm64/wheel/./tldw_chatbook/assets/persona_visual/pixel_migu
copying build/lib/tldw_chatbook/assets/persona_visual/pixel_migu/error-1.png -> build/bdist.macosx-11.0-arm64/wheel/./tldw_chatbook/assets/persona_visual/pixel_migu
copying build/lib/tldw_chatbook/assets/persona_visual/pixel_migu/thinking-3.png -> build/bdist.macosx-11.0-arm64/wheel/./tldw_chatbook/assets/persona_visual/pixel_migu
copying build/lib/tldw_chatbook/assets/persona_visual/pixel_migu/pose-wave.png -> build/bdist.macosx-11.0-arm64/wheel/./tldw_chatbook/assets/persona_visual/pixel_migu
copying build/lib/tldw_chatbook/assets/persona_visual/pixel_migu/pose-happy.png -> build/bdist.macosx-11.0-arm64/wheel/./tldw_chatbook/assets/persona_visual/pixel_migu
copying build/lib/tldw_chatbook/assets/persona_visual/pixel_migu/pose-thinking.png -> build/bdist.macosx-11.0-arm64/wheel/./tldw_chatbook/assets/persona_visual/pixel_migu
copying build/lib/tldw_chatbook/assets/persona_visual/pixel_migu/error-4.png -> build/bdist.macosx-11.0-arm64/wheel/./tldw_chatbook/assets/persona_visual/pixel_migu
copying build/lib/tldw_chatbook/assets/persona_visual/pixel_migu/manifest.json -> build/bdist.macosx-11.0-arm64/wheel/./tldw_chatbook/assets/persona_visual/pixel_migu
copying build/lib/tldw_chatbook/assets/persona_visual/pixel_migu/thinking-4.png -> build/bdist.macosx-11.0-arm64/wheel/./tldw_chatbook/assets/persona_visual/pixel_migu
copying build/lib/tldw_chatbook/assets/persona_visual/pixel_migu/alert-idle-4.png -> build/bdist.macosx-11.0-arm64/wheel/./tldw_chatbook/assets/persona_visual/pixel_migu
copying build/lib/tldw_chatbook/assets/persona_visual/pixel_migu/think-2.png -> build/bdist.macosx-11.0-arm64/wheel/./tldw_chatbook/assets/persona_visual/pixel_migu
copying build/lib/tldw_chatbook/assets/persona_visual/pixel_migu/wave-2.png -> build/bdist.macosx-11.0-arm64/wheel/./tldw_chatbook/assets/persona_visual/pixel_migu
copying build/lib/tldw_chatbook/assets/persona_visual/pixel_migu/wave-3.png -> build/bdist.macosx-11.0-arm64/wheel/./tldw_chatbook/assets/persona_visual/pixel_migu
copying build/lib/tldw_chatbook/assets/persona_visual/pixel_migu/think-3.png -> build/bdist.macosx-11.0-arm64/wheel/./tldw_chatbook/assets/persona_visual/pixel_migu
copying build/lib/tldw_chatbook/assets/persona_visual/pixel_migu/assets.json -> build/bdist.macosx-11.0-arm64/wheel/./tldw_chatbook/assets/persona_visual/pixel_migu
copying build/lib/tldw_chatbook/assets/persona_visual/pixel_migu/think-1.png -> build/bdist.macosx-11.0-arm64/wheel/./tldw_chatbook/assets/persona_visual/pixel_migu
copying build/lib/tldw_chatbook/assets/persona_visual/pixel_migu/happy-4.png -> build/bdist.macosx-11.0-arm64/wheel/./tldw_chatbook/assets/persona_visual/pixel_migu
copying build/lib/tldw_chatbook/assets/persona_visual/pixel_migu/wave-1.png -> build/bdist.macosx-11.0-arm64/wheel/./tldw_chatbook/assets/persona_visual/pixel_migu
copying build/lib/tldw_chatbook/assets/persona_visual/pixel_migu/type-4.png -> build/bdist.macosx-11.0-arm64/wheel/./tldw_chatbook/assets/persona_visual/pixel_migu
copying build/lib/tldw_chatbook/assets/persona_visual/pixel_migu/pose-love.png -> build/bdist.macosx-11.0-arm64/wheel/./tldw_chatbook/assets/persona_visual/pixel_migu
copying build/lib/tldw_chatbook/assets/persona_visual/pixel_migu/think-4.png -> build/bdist.macosx-11.0-arm64/wheel/./tldw_chatbook/assets/persona_visual/pixel_migu
copying build/lib/tldw_chatbook/assets/persona_visual/pixel_migu/happy-1.png -> build/bdist.macosx-11.0-arm64/wheel/./tldw_chatbook/assets/persona_visual/pixel_migu
copying build/lib/tldw_chatbook/assets/persona_visual/pixel_migu/type-1.png -> build/bdist.macosx-11.0-arm64/wheel/./tldw_chatbook/assets/persona_visual/pixel_migu
copying build/lib/tldw_chatbook/assets/persona_visual/pixel_migu/wave-4.png -> build/bdist.macosx-11.0-arm64/wheel/./tldw_chatbook/assets/persona_visual/pixel_migu
copying build/lib/tldw_chatbook/assets/persona_visual/pixel_migu/pose-skeptical.png -> build/bdist.macosx-11.0-arm64/wheel/./tldw_chatbook/assets/persona_visual/pixel_migu
copying build/lib/tldw_chatbook/assets/persona_visual/pixel_migu/happy-2.png -> build/bdist.macosx-11.0-arm64/wheel/./tldw_chatbook/assets/persona_visual/pixel_migu
copying build/lib/tldw_chatbook/assets/persona_visual/pixel_migu/type-2.png -> build/bdist.macosx-11.0-arm64/wheel/./tldw_chatbook/assets/persona_visual/pixel_migu
copying build/lib/tldw_chatbook/assets/persona_visual/pixel_migu/type-3.png -> build/bdist.macosx-11.0-arm64/wheel/./tldw_chatbook/assets/persona_visual/pixel_migu
copying build/lib/tldw_chatbook/assets/persona_visual/pixel_migu/pose-celebrate.png -> build/bdist.macosx-11.0-arm64/wheel/./tldw_chatbook/assets/persona_visual/pixel_migu
copying build/lib/tldw_chatbook/assets/persona_visual/pixel_migu/happy-3.png -> build/bdist.macosx-11.0-arm64/wheel/./tldw_chatbook/assets/persona_visual/pixel_migu
creating build/bdist.macosx-11.0-arm64/wheel/tldw_chatbook/assets/characters
creating build/bdist.macosx-11.0-arm64/wheel/tldw_chatbook/assets/characters/samira
copying build/lib/tldw_chatbook/assets/characters/samira/Samira.character.json -> build/bdist.macosx-11.0-arm64/wheel/./tldw_chatbook/assets/characters/samira
copying build/lib/tldw_chatbook/assets/characters/samira/Sammy.png -> build/bdist.macosx-11.0-arm64/wheel/./tldw_chatbook/assets/characters/samira
copying build/lib/tldw_chatbook/assets/characters/samira/visual_identity_pack.json -> build/bdist.macosx-11.0-arm64/wheel/./tldw_chatbook/assets/characters/samira
creating build/bdist.macosx-11.0-arm64/wheel/tldw_chatbook/assets/characters/samira/expressions
copying build/lib/tldw_chatbook/assets/characters/samira/expressions/grief.webp -> build/bdist.macosx-11.0-arm64/wheel/./tldw_chatbook/assets/characters/samira/expressions
copying build/lib/tldw_chatbook/assets/characters/samira/expressions/amusement.webp -> build/bdist.macosx-11.0-arm64/wheel/./tldw_chatbook/assets/characters/samira/expressions
copying build/lib/tldw_chatbook/assets/characters/samira/expressions/admiration.webp -> build/bdist.macosx-11.0-arm64/wheel/./tldw_chatbook/assets/characters/samira/expressions
copying build/lib/tldw_chatbook/assets/characters/samira/expressions/relief.webp -> build/bdist.macosx-11.0-arm64/wheel/./tldw_chatbook/assets/characters/samira/expressions
copying build/lib/tldw_chatbook/assets/characters/samira/expressions/sadness.webp -> build/bdist.macosx-11.0-arm64/wheel/./tldw_chatbook/assets/characters/samira/expressions
copying build/lib/tldw_chatbook/assets/characters/samira/expressions/realization.webp -> build/bdist.macosx-11.0-arm64/wheel/./tldw_chatbook/assets/characters/samira/expressions
copying build/lib/tldw_chatbook/assets/characters/samira/expressions/confusion.webp -> build/bdist.macosx-11.0-arm64/wheel/./tldw_chatbook/assets/characters/samira/expressions
copying build/lib/tldw_chatbook/assets/characters/samira/expressions/pride.webp -> build/bdist.macosx-11.0-arm64/wheel/./tldw_chatbook/assets/characters/samira/expressions
copying build/lib/tldw_chatbook/assets/characters/samira/expressions/optimism.webp -> build/bdist.macosx-11.0-arm64/wheel/./tldw_chatbook/assets/characters/samira/expressions
copying build/lib/tldw_chatbook/assets/characters/samira/expressions/thinking.webp -> build/bdist.macosx-11.0-arm64/wheel/./tldw_chatbook/assets/characters/samira/expressions
copying build/lib/tldw_chatbook/assets/characters/samira/expressions/neutral.webp -> build/bdist.macosx-11.0-arm64/wheel/./tldw_chatbook/assets/characters/samira/expressions
copying build/lib/tldw_chatbook/assets/characters/samira/expressions/anger.webp -> build/bdist.macosx-11.0-arm64/wheel/./tldw_chatbook/assets/characters/samira/expressions
copying build/lib/tldw_chatbook/assets/characters/samira/expressions/annoyance.webp -> build/bdist.macosx-11.0-arm64/wheel/./tldw_chatbook/assets/characters/samira/expressions
copying build/lib/tldw_chatbook/assets/characters/samira/expressions/excitement.webp -> build/bdist.macosx-11.0-arm64/wheel/./tldw_chatbook/assets/characters/samira/expressions
copying build/lib/tldw_chatbook/assets/characters/samira/expressions/gratitude.webp -> build/bdist.macosx-11.0-arm64/wheel/./tldw_chatbook/assets/characters/samira/expressions
copying build/lib/tldw_chatbook/assets/characters/samira/expressions/speaking.webp -> build/bdist.macosx-11.0-arm64/wheel/./tldw_chatbook/assets/characters/samira/expressions
copying build/lib/tldw_chatbook/assets/characters/samira/expressions/disappointment.webp -> build/bdist.macosx-11.0-arm64/wheel/./tldw_chatbook/assets/characters/samira/expressions
copying build/lib/tldw_chatbook/assets/characters/samira/expressions/desire.webp -> build/bdist.macosx-11.0-arm64/wheel/./tldw_chatbook/assets/characters/samira/expressions
copying build/lib/tldw_chatbook/assets/characters/samira/expressions/approval.webp -> build/bdist.macosx-11.0-arm64/wheel/./tldw_chatbook/assets/characters/samira/expressions
copying build/lib/tldw_chatbook/assets/characters/samira/expressions/joy.webp -> build/bdist.macosx-11.0-arm64/wheel/./tldw_chatbook/assets/characters/samira/expressions
copying build/lib/tldw_chatbook/assets/characters/samira/expressions/caring.webp -> build/bdist.macosx-11.0-arm64/wheel/./tldw_chatbook/assets/characters/samira/expressions
copying build/lib/tldw_chatbook/assets/characters/samira/expressions/surprise.webp -> build/bdist.macosx-11.0-arm64/wheel/./tldw_chatbook/assets/characters/samira/expressions
copying build/lib/tldw_chatbook/assets/characters/samira/expressions/disapproval.webp -> build/bdist.macosx-11.0-arm64/wheel/./tldw_chatbook/assets/characters/samira/expressions
copying build/lib/tldw_chatbook/assets/characters/samira/expressions/embarrassment.webp -> build/bdist.macosx-11.0-arm64/wheel/./tldw_chatbook/assets/characters/samira/expressions
copying build/lib/tldw_chatbook/assets/characters/samira/expressions/fear.webp -> build/bdist.macosx-11.0-arm64/wheel/./tldw_chatbook/assets/characters/samira/expressions
copying build/lib/tldw_chatbook/assets/characters/samira/expressions/disgust.webp -> build/bdist.macosx-11.0-arm64/wheel/./tldw_chatbook/assets/characters/samira/expressions
copying build/lib/tldw_chatbook/assets/characters/samira/expressions/remorse.webp -> build/bdist.macosx-11.0-arm64/wheel/./tldw_chatbook/assets/characters/samira/expressions
copying build/lib/tldw_chatbook/assets/characters/samira/expressions/love.webp -> build/bdist.macosx-11.0-arm64/wheel/./tldw_chatbook/assets/characters/samira/expressions
copying build/lib/tldw_chatbook/assets/characters/samira/expressions/nervousness.webp -> build/bdist.macosx-11.0-arm64/wheel/./tldw_chatbook/assets/characters/samira/expressions
copying build/lib/tldw_chatbook/assets/characters/samira/expressions/error.webp -> build/bdist.macosx-11.0-arm64/wheel/./tldw_chatbook/assets/characters/samira/expressions
copying build/lib/tldw_chatbook/assets/characters/samira/expressions/curiosity.webp -> build/bdist.macosx-11.0-arm64/wheel/./tldw_chatbook/assets/characters/samira/expressions
copying build/lib/tldw_chatbook/assets/characters/samira/ASSET_LICENSE.md -> build/bdist.macosx-11.0-arm64/wheel/./tldw_chatbook/assets/characters/samira
creating build/bdist.macosx-11.0-arm64/wheel/tldw_chatbook/assets/characters/pixel_migu
copying build/lib/tldw_chatbook/assets/characters/pixel_migu/pixel-migu.character.json -> build/bdist.macosx-11.0-arm64/wheel/./tldw_chatbook/assets/characters/pixel_migu
copying build/lib/tldw_chatbook/assets/characters/pixel_migu/pixel-migu.character.png -> build/bdist.macosx-11.0-arm64/wheel/./tldw_chatbook/assets/characters/pixel_migu
copying build/lib/tldw_chatbook/assets/characters/pixel_migu/visual_identity_pack.json -> build/bdist.macosx-11.0-arm64/wheel/./tldw_chatbook/assets/characters/pixel_migu
creating build/bdist.macosx-11.0-arm64/wheel/tldw_chatbook/assets/characters/pixel_migu/expressions
copying build/lib/tldw_chatbook/assets/characters/pixel_migu/expressions/happy.png -> build/bdist.macosx-11.0-arm64/wheel/./tldw_chatbook/assets/characters/pixel_migu/expressions
copying build/lib/tldw_chatbook/assets/characters/pixel_migu/expressions/neutral.png -> build/bdist.macosx-11.0-arm64/wheel/./tldw_chatbook/assets/characters/pixel_migu/expressions
copying build/lib/tldw_chatbook/assets/characters/pixel_migu/expressions/type.png -> build/bdist.macosx-11.0-arm64/wheel/./tldw_chatbook/assets/characters/pixel_migu/expressions
copying build/lib/tldw_chatbook/assets/characters/pixel_migu/expressions/sad.png -> build/bdist.macosx-11.0-arm64/wheel/./tldw_chatbook/assets/characters/pixel_migu/expressions
copying build/lib/tldw_chatbook/assets/characters/pixel_migu/expressions/surprised.png -> build/bdist.macosx-11.0-arm64/wheel/./tldw_chatbook/assets/characters/pixel_migu/expressions
copying build/lib/tldw_chatbook/assets/characters/pixel_migu/expressions/speaking.png -> build/bdist.macosx-11.0-arm64/wheel/./tldw_chatbook/assets/characters/pixel_migu/expressions
copying build/lib/tldw_chatbook/assets/characters/pixel_migu/expressions/thumbs_up.png -> build/bdist.macosx-11.0-arm64/wheel/./tldw_chatbook/assets/characters/pixel_migu/expressions
copying build/lib/tldw_chatbook/assets/characters/pixel_migu/expressions/confused.png -> build/bdist.macosx-11.0-arm64/wheel/./tldw_chatbook/assets/characters/pixel_migu/expressions
copying build/lib/tldw_chatbook/assets/characters/pixel_migu/expressions/excited.png -> build/bdist.macosx-11.0-arm64/wheel/./tldw_chatbook/assets/characters/pixel_migu/expressions
copying build/lib/tldw_chatbook/assets/characters/pixel_migu/expressions/listening.png -> build/bdist.macosx-11.0-arm64/wheel/./tldw_chatbook/assets/characters/pixel_migu/expressions
copying build/lib/tldw_chatbook/assets/characters/pixel_migu/expressions/sleepy.png -> build/bdist.macosx-11.0-arm64/wheel/./tldw_chatbook/assets/characters/pixel_migu/expressions
copying build/lib/tldw_chatbook/assets/characters/pixel_migu/expressions/angry.png -> build/bdist.macosx-11.0-arm64/wheel/./tldw_chatbook/assets/characters/pixel_migu/expressions
copying build/lib/tldw_chatbook/assets/characters/pixel_migu/expressions/thinking.png -> build/bdist.macosx-11.0-arm64/wheel/./tldw_chatbook/assets/characters/pixel_migu/expressions
copying build/lib/tldw_chatbook/assets/characters/pixel_migu/expressions/wave.png -> build/bdist.macosx-11.0-arm64/wheel/./tldw_chatbook/assets/characters/pixel_migu/expressions
copying build/lib/tldw_chatbook/assets/characters/pixel_migu/expressions/error.png -> build/bdist.macosx-11.0-arm64/wheel/./tldw_chatbook/assets/characters/pixel_migu/expressions
copying build/lib/tldw_chatbook/assets/characters/pixel_migu/expressions/skeptical.png -> build/bdist.macosx-11.0-arm64/wheel/./tldw_chatbook/assets/characters/pixel_migu/expressions
copying build/lib/tldw_chatbook/assets/characters/pixel_migu/expressions/love.png -> build/bdist.macosx-11.0-arm64/wheel/./tldw_chatbook/assets/characters/pixel_migu/expressions
copying build/lib/tldw_chatbook/assets/characters/pixel_migu/expressions/celebrate.png -> build/bdist.macosx-11.0-arm64/wheel/./tldw_chatbook/assets/characters/pixel_migu/expressions
copying build/lib/tldw_chatbook/assets/characters/pixel_migu/ASSET_LICENSE.md -> build/bdist.macosx-11.0-arm64/wheel/./tldw_chatbook/assets/characters/pixel_migu
creating build/bdist.macosx-11.0-arm64/wheel/tldw_chatbook/Outputs
copying build/lib/tldw_chatbook/Outputs/server_outputs_scope_service.py -> build/bdist.macosx-11.0-arm64/wheel/./tldw_chatbook/Outputs
copying build/lib/tldw_chatbook/Outputs/__init__.py -> build/bdist.macosx-11.0-arm64/wheel/./tldw_chatbook/Outputs
copying build/lib/tldw_chatbook/Outputs/server_outputs_service.py -> build/bdist.macosx-11.0-arm64/wheel/./tldw_chatbook/Outputs
creating build/bdist.macosx-11.0-arm64/wheel/tldw_chatbook/MCP_Governance_Interop
copying build/lib/tldw_chatbook/MCP_Governance_Interop/mcp_governance_scope_service.py -> build/bdist.macosx-11.0-arm64/wheel/./tldw_chatbook/MCP_Governance_Interop
copying build/lib/tldw_chatbook/MCP_Governance_Interop/__init__.py -> build/bdist.macosx-11.0-arm64/wheel/./tldw_chatbook/MCP_Governance_Interop
copying build/lib/tldw_chatbook/MCP_Governance_Interop/server_mcp_governance_service.py -> build/bdist.macosx-11.0-arm64/wheel/./tldw_chatbook/MCP_Governance_Interop
copying build/lib/tldw_chatbook/__main__.py -> build/bdist.macosx-11.0-arm64/wheel/./tldw_chatbook
creating build/bdist.macosx-11.0-arm64/wheel/tldw_chatbook/Notifications
copying build/lib/tldw_chatbook/Notifications/notification_presentation.py -> build/bdist.macosx-11.0-arm64/wheel/./tldw_chatbook/Notifications
copying build/lib/tldw_chatbook/Notifications/server_notifications_service.py -> build/bdist.macosx-11.0-arm64/wheel/./tldw_chatbook/Notifications
copying build/lib/tldw_chatbook/Notifications/server_notifications_scope_service.py -> build/bdist.macosx-11.0-arm64/wheel/./tldw_chatbook/Notifications
copying build/lib/tldw_chatbook/Notifications/notifications_scope_service.py -> build/bdist.macosx-11.0-arm64/wheel/./tldw_chatbook/Notifications
copying build/lib/tldw_chatbook/Notifications/event_observer.py -> build/bdist.macosx-11.0-arm64/wheel/./tldw_chatbook/Notifications
copying build/lib/tldw_chatbook/Notifications/event_cursor_store.py -> build/bdist.macosx-11.0-arm64/wheel/./tldw_chatbook/Notifications
copying build/lib/tldw_chatbook/Notifications/notification_dispatch_service.py -> build/bdist.macosx-11.0-arm64/wheel/./tldw_chatbook/Notifications
copying build/lib/tldw_chatbook/Notifications/__init__.py -> build/bdist.macosx-11.0-arm64/wheel/./tldw_chatbook/Notifications
copying build/lib/tldw_chatbook/Notifications/client_notifications_service.py -> build/bdist.macosx-11.0-arm64/wheel/./tldw_chatbook/Notifications
copying build/lib/tldw_chatbook/Notifications/event_state_repository.py -> build/bdist.macosx-11.0-arm64/wheel/./tldw_chatbook/Notifications
copying build/lib/tldw_chatbook/Notifications/server_notification_events.py -> build/bdist.macosx-11.0-arm64/wheel/./tldw_chatbook/Notifications
copying build/lib/tldw_chatbook/Notifications/local_event_producer.py -> build/bdist.macosx-11.0-arm64/wheel/./tldw_chatbook/Notifications
copying build/lib/tldw_chatbook/Notifications/client_notifications_db.py -> build/bdist.macosx-11.0-arm64/wheel/./tldw_chatbook/Notifications
creating build/bdist.macosx-11.0-arm64/wheel/tldw_chatbook/Stats
copying build/lib/tldw_chatbook/Stats/__init__.py -> build/bdist.macosx-11.0-arm64/wheel/./tldw_chatbook/Stats
copying build/lib/tldw_chatbook/Stats/user_statistics.py -> build/bdist.macosx-11.0-arm64/wheel/./tldw_chatbook/Stats
creating build/bdist.macosx-11.0-arm64/wheel/tldw_chatbook/LLM_Management
copying build/lib/tldw_chatbook/LLM_Management/snapshot_settings.py -> build/bdist.macosx-11.0-arm64/wheel/./tldw_chatbook/LLM_Management
copying build/lib/tldw_chatbook/LLM_Management/snapshot_client.py -> build/bdist.macosx-11.0-arm64/wheel/./tldw_chatbook/LLM_Management
copying build/lib/tldw_chatbook/LLM_Management/snapshot_admission.py -> build/bdist.macosx-11.0-arm64/wheel/./tldw_chatbook/LLM_Management
copying build/lib/tldw_chatbook/LLM_Management/snapshot_models.py -> build/bdist.macosx-11.0-arm64/wheel/./tldw_chatbook/LLM_Management
copying build/lib/tldw_chatbook/LLM_Management/__init__.py -> build/bdist.macosx-11.0-arm64/wheel/./tldw_chatbook/LLM_Management
copying build/lib/tldw_chatbook/LLM_Management/snapshot_service.py -> build/bdist.macosx-11.0-arm64/wheel/./tldw_chatbook/LLM_Management
copying build/lib/tldw_chatbook/LLM_Management/snapshot_store.py -> build/bdist.macosx-11.0-arm64/wheel/./tldw_chatbook/LLM_Management
creating build/bdist.macosx-11.0-arm64/wheel/tldw_chatbook/Widgets
copying build/lib/tldw_chatbook/Widgets/prune_safe_select.py -> build/bdist.macosx-11.0-arm64/wheel/./tldw_chatbook/Widgets
copying build/lib/tldw_chatbook/Widgets/custom_list_items.py -> build/bdist.macosx-11.0-arm64/wheel/./tldw_chatbook/Widgets
creating build/bdist.macosx-11.0-arm64/wheel/tldw_chatbook/Widgets/Home
copying build/lib/tldw_chatbook/Widgets/Home/home_canvas.py -> build/bdist.macosx-11.0-arm64/wheel/./tldw_chatbook/Widgets/Home
copying build/lib/tldw_chatbook/Widgets/Home/__init__.py -> build/bdist.macosx-11.0-arm64/wheel/./tldw_chatbook/Widgets/Home
copying build/lib/tldw_chatbook/Widgets/Home/home_rail.py -> build/bdist.macosx-11.0-arm64/wheel/./tldw_chatbook/Widgets/Home
copying build/lib/tldw_chatbook/Widgets/base_components.py -> build/bdist.macosx-11.0-arm64/wheel/./tldw_chatbook/Widgets
creating build/bdist.macosx-11.0-arm64/wheel/tldw_chatbook/Widgets/Chat_Widgets
copying build/lib/tldw_chatbook/Widgets/Chat_Widgets/skill_script_confirm_card.py -> build/bdist.macosx-11.0-arm64/wheel/./tldw_chatbook/Widgets/Chat_Widgets
copying build/lib/tldw_chatbook/Widgets/Chat_Widgets/watchlists_operation_card.py -> build/bdist.macosx-11.0-arm64/wheel/./tldw_chatbook/Widgets/Chat_Widgets
copying build/lib/tldw_chatbook/Widgets/Chat_Widgets/skill_install_confirm_card.py -> build/bdist.macosx-11.0-arm64/wheel/./tldw_chatbook/Widgets/Chat_Widgets
copying build/lib/tldw_chatbook/Widgets/Chat_Widgets/chat_message.py -> build/bdist.macosx-11.0-arm64/wheel/./tldw_chatbook/Widgets/Chat_Widgets
copying build/lib/tldw_chatbook/Widgets/Chat_Widgets/__init__.py -> build/bdist.macosx-11.0-arm64/wheel/./tldw_chatbook/Widgets/Chat_Widgets
copying build/lib/tldw_chatbook/Widgets/Chat_Widgets/chat_task_cards.py -> build/bdist.macosx-11.0-arm64/wheel/./tldw_chatbook/Widgets/Chat_Widgets
copying build/lib/tldw_chatbook/Widgets/Chat_Widgets/chat_question_card.py -> build/bdist.macosx-11.0-arm64/wheel/./tldw_chatbook/Widgets/Chat_Widgets
copying build/lib/tldw_chatbook/Widgets/Chat_Widgets/chat_resume_panel.py -> build/bdist.macosx-11.0-arm64/wheel/./tldw_chatbook/Widgets/Chat_Widgets
copying build/lib/tldw_chatbook/Widgets/Chat_Widgets/chat_message_enhanced.py -> build/bdist.macosx-11.0-arm64/wheel/./tldw_chatbook/Widgets/Chat_Widgets
copying build/lib/tldw_chatbook/Widgets/Chat_Widgets/chat_shell_bar.py -> build/bdist.macosx-11.0-arm64/wheel/./tldw_chatbook/Widgets/Chat_Widgets
copying build/lib/tldw_chatbook/Widgets/Chat_Widgets/chat_approval_card.py -> build/bdist.macosx-11.0-arm64/wheel/./tldw_chatbook/Widgets/Chat_Widgets
copying build/lib/tldw_chatbook/Widgets/Chat_Widgets/chat_handoff_card.py -> build/bdist.macosx-11.0-arm64/wheel/./tldw_chatbook/Widgets/Chat_Widgets
copying build/lib/tldw_chatbook/Widgets/cancel_confirmation_dialog.py -> build/bdist.macosx-11.0-arm64/wheel/./tldw_chatbook/Widgets
copying build/lib/tldw_chatbook/Widgets/settings_video_gen_panel.py -> build/bdist.macosx-11.0-arm64/wheel/./tldw_chatbook/Widgets
copying build/lib/tldw_chatbook/Widgets/llamacpp_snapshot_manager.py -> build/bdist.macosx-11.0-arm64/wheel/./tldw_chatbook/Widgets
copying build/lib/tldw_chatbook/Widgets/enhanced_sidebar.py -> build/bdist.macosx-11.0-arm64/wheel/./tldw_chatbook/Widgets
creating build/bdist.macosx-11.0-arm64/wheel/tldw_chatbook/Widgets/Evals
copying build/lib/tldw_chatbook/Widgets/Evals/__init__.py -> build/bdist.macosx-11.0-arm64/wheel/./tldw_chatbook/Widgets/Evals
creating build/bdist.macosx-11.0-arm64/wheel/tldw_chatbook/Widgets/Study
copying build/lib/tldw_chatbook/Widgets/Study/study_dashboard.py -> build/bdist.macosx-11.0-arm64/wheel/./tldw_chatbook/Widgets/Study
copying build/lib/tldw_chatbook/Widgets/Study/__init__.py -> build/bdist.macosx-11.0-arm64/wheel/./tldw_chatbook/Widgets/Study
copying build/lib/tldw_chatbook/Widgets/Study/quiz_session_widget.py -> build/bdist.macosx-11.0-arm64/wheel/./tldw_chatbook/Widgets/Study
copying build/lib/tldw_chatbook/Widgets/conversation_selection_dialog.py -> build/bdist.macosx-11.0-arm64/wheel/./tldw_chatbook/Widgets
copying build/lib/tldw_chatbook/Widgets/emoji_picker.py -> build/bdist.macosx-11.0-arm64/wheel/./tldw_chatbook/Widgets
copying build/lib/tldw_chatbook/Widgets/confirmation_dialog.py -> build/bdist.macosx-11.0-arm64/wheel/./tldw_chatbook/Widgets
copying build/lib/tldw_chatbook/Widgets/dictation_performance_widget.py -> build/bdist.macosx-11.0-arm64/wheel/./tldw_chatbook/Widgets
copying build/lib/tldw_chatbook/Widgets/workspace_persona_default.py -> build/bdist.macosx-11.0-arm64/wheel/./tldw_chatbook/Widgets
copying build/lib/tldw_chatbook/Widgets/destination_workbench.py -> build/bdist.macosx-11.0-arm64/wheel/./tldw_chatbook/Widgets
copying build/lib/tldw_chatbook/Widgets/lazy_widgets.py -> build/bdist.macosx-11.0-arm64/wheel/./tldw_chatbook/Widgets
copying build/lib/tldw_chatbook/Widgets/settings_agents_panel.py -> build/bdist.macosx-11.0-arm64/wheel/./tldw_chatbook/Widgets
copying build/lib/tldw_chatbook/Widgets/document_generation_modal.py -> build/bdist.macosx-11.0-arm64/wheel/./tldw_chatbook/Widgets
copying build/lib/tldw_chatbook/Widgets/recompose_capture_guard.py -> build/bdist.macosx-11.0-arm64/wheel/./tldw_chatbook/Widgets
copying build/lib/tldw_chatbook/Widgets/voice_blend_dialog.py -> build/bdist.macosx-11.0-arm64/wheel/./tldw_chatbook/Widgets
copying build/lib/tldw_chatbook/Widgets/project_skills_import_modal.py -> build/bdist.macosx-11.0-arm64/wheel/./tldw_chatbook/Widgets
copying build/lib/tldw_chatbook/Widgets/settings_internal_prompts_panel.py -> build/bdist.macosx-11.0-arm64/wheel/./tldw_chatbook/Widgets
copying build/lib/tldw_chatbook/Widgets/settings_image_gen_panel.py -> build/bdist.macosx-11.0-arm64/wheel/./tldw_chatbook/Widgets
copying build/lib/tldw_chatbook/Widgets/status_widget.py -> build/bdist.macosx-11.0-arm64/wheel/./tldw_chatbook/Widgets
copying build/lib/tldw_chatbook/Widgets/media_details_widget.py -> build/bdist.macosx-11.0-arm64/wheel/./tldw_chatbook/Widgets
creating build/bdist.macosx-11.0-arm64/wheel/tldw_chatbook/Widgets/Persona_Widgets
copying build/lib/tldw_chatbook/Widgets/Persona_Widgets/personas_inspector_pane.py -> build/bdist.macosx-11.0-arm64/wheel/./tldw_chatbook/Widgets/Persona_Widgets
copying build/lib/tldw_chatbook/Widgets/Persona_Widgets/personas_pane_messages.py -> build/bdist.macosx-11.0-arm64/wheel/./tldw_chatbook/Widgets/Persona_Widgets
copying build/lib/tldw_chatbook/Widgets/Persona_Widgets/dictionary_picker.py -> build/bdist.macosx-11.0-arm64/wheel/./tldw_chatbook/Widgets/Persona_Widgets
copying build/lib/tldw_chatbook/Widgets/Persona_Widgets/buddy_conversation_modal.py -> build/bdist.macosx-11.0-arm64/wheel/./tldw_chatbook/Widgets/Persona_Widgets
copying build/lib/tldw_chatbook/Widgets/Persona_Widgets/personas_visual_identity_pack_widget.py -> build/bdist.macosx-11.0-arm64/wheel/./tldw_chatbook/Widgets/Persona_Widgets
copying build/lib/tldw_chatbook/Widgets/Persona_Widgets/character_tts_portability_dialogs.py -> build/bdist.macosx-11.0-arm64/wheel/./tldw_chatbook/Widgets/Persona_Widgets
copying build/lib/tldw_chatbook/Widgets/Persona_Widgets/personas_character_dictionaries.py -> build/bdist.macosx-11.0-arm64/wheel/./tldw_chatbook/Widgets/Persona_Widgets
copying build/lib/tldw_chatbook/Widgets/Persona_Widgets/personas_dictionary_tryit.py -> build/bdist.macosx-11.0-arm64/wheel/./tldw_chatbook/Widgets/Persona_Widgets
copying build/lib/tldw_chatbook/Widgets/Persona_Widgets/buddy_speech_controls.py -> build/bdist.macosx-11.0-arm64/wheel/./tldw_chatbook/Widgets/Persona_Widgets
copying build/lib/tldw_chatbook/Widgets/Persona_Widgets/world_book_picker.py -> build/bdist.macosx-11.0-arm64/wheel/./tldw_chatbook/Widgets/Persona_Widgets
copying build/lib/tldw_chatbook/Widgets/Persona_Widgets/personas_persona_visual_pack_widget.py -> build/bdist.macosx-11.0-arm64/wheel/./tldw_chatbook/Widgets/Persona_Widgets
copying build/lib/tldw_chatbook/Widgets/Persona_Widgets/personas_dictionary_validation.py -> build/bdist.macosx-11.0-arm64/wheel/./tldw_chatbook/Widgets/Persona_Widgets
copying build/lib/tldw_chatbook/Widgets/Persona_Widgets/buddy_management_modal.py -> build/bdist.macosx-11.0-arm64/wheel/./tldw_chatbook/Widgets/Persona_Widgets
copying build/lib/tldw_chatbook/Widgets/Persona_Widgets/personas_policy_rules_editor.py -> build/bdist.macosx-11.0-arm64/wheel/./tldw_chatbook/Widgets/Persona_Widgets
copying build/lib/tldw_chatbook/Widgets/Persona_Widgets/tag_filter_picker.py -> build/bdist.macosx-11.0-arm64/wheel/./tldw_chatbook/Widgets/Persona_Widgets
copying build/lib/tldw_chatbook/Widgets/Persona_Widgets/personas_conversation_transcript_widget.py -> build/bdist.macosx-11.0-arm64/wheel/./tldw_chatbook/Widgets/Persona_Widgets
copying build/lib/tldw_chatbook/Widgets/Persona_Widgets/personas_lore_detail.py -> build/bdist.macosx-11.0-arm64/wheel/./tldw_chatbook/Widgets/Persona_Widgets
copying build/lib/tldw_chatbook/Widgets/Persona_Widgets/personas_character_card_widget.py -> build/bdist.macosx-11.0-arm64/wheel/./tldw_chatbook/Widgets/Persona_Widgets
copying build/lib/tldw_chatbook/Widgets/Persona_Widgets/__init__.py -> build/bdist.macosx-11.0-arm64/wheel/./tldw_chatbook/Widgets/Persona_Widgets
copying build/lib/tldw_chatbook/Widgets/Persona_Widgets/personas_lore_tryit.py -> build/bdist.macosx-11.0-arm64/wheel/./tldw_chatbook/Widgets/Persona_Widgets
copying build/lib/tldw_chatbook/Widgets/Persona_Widgets/persona_profile_editor_widget.py -> build/bdist.macosx-11.0-arm64/wheel/./tldw_chatbook/Widgets/Persona_Widgets
copying build/lib/tldw_chatbook/Widgets/Persona_Widgets/personas_preview_pane.py -> build/bdist.macosx-11.0-arm64/wheel/./tldw_chatbook/Widgets/Persona_Widgets
copying build/lib/tldw_chatbook/Widgets/Persona_Widgets/personas_dictionary_detail.py -> build/bdist.macosx-11.0-arm64/wheel/./tldw_chatbook/Widgets/Persona_Widgets
copying build/lib/tldw_chatbook/Widgets/Persona_Widgets/personas_library_pane.py -> build/bdist.macosx-11.0-arm64/wheel/./tldw_chatbook/Widgets/Persona_Widgets
copying build/lib/tldw_chatbook/Widgets/Persona_Widgets/personas_messages.py -> build/bdist.macosx-11.0-arm64/wheel/./tldw_chatbook/Widgets/Persona_Widgets
copying build/lib/tldw_chatbook/Widgets/Persona_Widgets/personas_character_editor_widget.py -> build/bdist.macosx-11.0-arm64/wheel/./tldw_chatbook/Widgets/Persona_Widgets
copying build/lib/tldw_chatbook/Widgets/Persona_Widgets/personas_character_world_books.py -> build/bdist.macosx-11.0-arm64/wheel/./tldw_chatbook/Widgets/Persona_Widgets
copying build/lib/tldw_chatbook/Widgets/Persona_Widgets/personas_state.py -> build/bdist.macosx-11.0-arm64/wheel/./tldw_chatbook/Widgets/Persona_Widgets
copying build/lib/tldw_chatbook/Widgets/Persona_Widgets/actor_pack_import_review.py -> build/bdist.macosx-11.0-arm64/wheel/./tldw_chatbook/Widgets/Persona_Widgets
copying build/lib/tldw_chatbook/Widgets/Persona_Widgets/persona_profile_card_widget.py -> build/bdist.macosx-11.0-arm64/wheel/./tldw_chatbook/Widgets/Persona_Widgets
copying build/lib/tldw_chatbook/Widgets/Persona_Widgets/persona_buddy_widget.py -> build/bdist.macosx-11.0-arm64/wheel/./tldw_chatbook/Widgets/Persona_Widgets
copying build/lib/tldw_chatbook/Widgets/Persona_Widgets/dictionary_attach_picker.py -> build/bdist.macosx-11.0-arm64/wheel/./tldw_chatbook/Widgets/Persona_Widgets
copying build/lib/tldw_chatbook/Widgets/Persona_Widgets/personas_character_tts_widget.py -> build/bdist.macosx-11.0-arm64/wheel/./tldw_chatbook/Widgets/Persona_Widgets
copying build/lib/tldw_chatbook/Widgets/Persona_Widgets/conversation_attach_picker.py -> build/bdist.macosx-11.0-arm64/wheel/./tldw_chatbook/Widgets/Persona_Widgets
copying build/lib/tldw_chatbook/Widgets/Persona_Widgets/buddy_workspace_modal.py -> build/bdist.macosx-11.0-arm64/wheel/./tldw_chatbook/Widgets/Persona_Widgets
creating build/bdist.macosx-11.0-arm64/wheel/tldw_chatbook/Widgets/Tamagotchi
copying build/lib/tldw_chatbook/Widgets/Tamagotchi/validators.py -> build/bdist.macosx-11.0-arm64/wheel/./tldw_chatbook/Widgets/Tamagotchi
copying build/lib/tldw_chatbook/Widgets/Tamagotchi/__init__.py -> build/bdist.macosx-11.0-arm64/wheel/./tldw_chatbook/Widgets/Tamagotchi
copying build/lib/tldw_chatbook/Widgets/Tamagotchi/tamagotchi_behaviors.py -> build/bdist.macosx-11.0-arm64/wheel/./tldw_chatbook/Widgets/Tamagotchi
copying build/lib/tldw_chatbook/Widgets/Tamagotchi/tamagotchi_messages.py -> build/bdist.macosx-11.0-arm64/wheel/./tldw_chatbook/Widgets/Tamagotchi
creating build/bdist.macosx-11.0-arm64/wheel/tldw_chatbook/Widgets/Tamagotchi/examples
copying build/lib/tldw_chatbook/Widgets/Tamagotchi/examples/simple_tamagotchi.py -> build/bdist.macosx-11.0-arm64/wheel/./tldw_chatbook/Widgets/Tamagotchi/examples
copying build/lib/tldw_chatbook/Widgets/Tamagotchi/tamagotchi_sprites.py -> build/bdist.macosx-11.0-arm64/wheel/./tldw_chatbook/Widgets/Tamagotchi
copying build/lib/tldw_chatbook/Widgets/Tamagotchi/tamagotchi_storage.py -> build/bdist.macosx-11.0-arm64/wheel/./tldw_chatbook/Widgets/Tamagotchi
copying build/lib/tldw_chatbook/Widgets/Tamagotchi/base_tamagotchi.py -> build/bdist.macosx-11.0-arm64/wheel/./tldw_chatbook/Widgets/Tamagotchi
copying build/lib/tldw_chatbook/Widgets/chunk_preview_modal.py -> build/bdist.macosx-11.0-arm64/wheel/./tldw_chatbook/Widgets
copying build/lib/tldw_chatbook/Widgets/__init__.py -> build/bdist.macosx-11.0-arm64/wheel/./tldw_chatbook/Widgets
copying build/lib/tldw_chatbook/Widgets/modal_dismissal.py -> build/bdist.macosx-11.0-arm64/wheel/./tldw_chatbook/Widgets
creating build/bdist.macosx-11.0-arm64/wheel/tldw_chatbook/Widgets/Library
copying build/lib/tldw_chatbook/Widgets/Library/library_media_trash_canvas.py -> build/bdist.macosx-11.0-arm64/wheel/./tldw_chatbook/Widgets/Library
copying build/lib/tldw_chatbook/Widgets/Library/library_browse_reader_shell.py -> build/bdist.macosx-11.0-arm64/wheel/./tldw_chatbook/Widgets/Library
copying build/lib/tldw_chatbook/Widgets/Library/library_skills_canvas.py -> build/bdist.macosx-11.0-arm64/wheel/./tldw_chatbook/Widgets/Library
copying build/lib/tldw_chatbook/Widgets/Library/library_conversation_reader.py -> build/bdist.macosx-11.0-arm64/wheel/./tldw_chatbook/Widgets/Library
copying build/lib/tldw_chatbook/Widgets/Library/library_file_notes_events.py -> build/bdist.macosx-11.0-arm64/wheel/./tldw_chatbook/Widgets/Library
copying build/lib/tldw_chatbook/Widgets/Library/library_export_canvas.py -> build/bdist.macosx-11.0-arm64/wheel/./tldw_chatbook/Widgets/Library
copying build/lib/tldw_chatbook/Widgets/Library/library_media_canvas.py -> build/bdist.macosx-11.0-arm64/wheel/./tldw_chatbook/Widgets/Library
copying build/lib/tldw_chatbook/Widgets/Library/library_note_work_pane.py -> build/bdist.macosx-11.0-arm64/wheel/./tldw_chatbook/Widgets/Library
copying build/lib/tldw_chatbook/Widgets/Library/library_character_return.py -> build/bdist.macosx-11.0-arm64/wheel/./tldw_chatbook/Widgets/Library
copying build/lib/tldw_chatbook/Widgets/Library/library_notes_add_from_files_canvas.py -> build/bdist.macosx-11.0-arm64/wheel/./tldw_chatbook/Widgets/Library
copying build/lib/tldw_chatbook/Widgets/Library/library_prompts_canvas.py -> build/bdist.macosx-11.0-arm64/wheel/./tldw_chatbook/Widgets/Library
copying build/lib/tldw_chatbook/Widgets/Library/__init__.py -> build/bdist.macosx-11.0-arm64/wheel/./tldw_chatbook/Widgets/Library
copying build/lib/tldw_chatbook/Widgets/Library/library_search_rag_panel.py -> build/bdist.macosx-11.0-arm64/wheel/./tldw_chatbook/Widgets/Library
copying build/lib/tldw_chatbook/Widgets/Library/library_note_import_canvas.py -> build/bdist.macosx-11.0-arm64/wheel/./tldw_chatbook/Widgets/Library
copying build/lib/tldw_chatbook/Widgets/Library/prompt_delete_confirmation_modal.py -> build/bdist.macosx-11.0-arm64/wheel/./tldw_chatbook/Widgets/Library
copying build/lib/tldw_chatbook/Widgets/Library/library_canvas_sync.py -> build/bdist.macosx-11.0-arm64/wheel/./tldw_chatbook/Widgets/Library
copying build/lib/tldw_chatbook/Widgets/Library/library_ingest_canvas.py -> build/bdist.macosx-11.0-arm64/wheel/./tldw_chatbook/Widgets/Library
copying build/lib/tldw_chatbook/Widgets/Library/library_conversations_canvas.py -> build/bdist.macosx-11.0-arm64/wheel/./tldw_chatbook/Widgets/Library
copying build/lib/tldw_chatbook/Widgets/Library/library_file_notes_git_panel.py -> build/bdist.macosx-11.0-arm64/wheel/./tldw_chatbook/Widgets/Library
copying build/lib/tldw_chatbook/Widgets/Library/library_notes_canvas.py -> build/bdist.macosx-11.0-arm64/wheel/./tldw_chatbook/Widgets/Library
copying build/lib/tldw_chatbook/Widgets/Library/library_notes_sync_roots_canvas.py -> build/bdist.macosx-11.0-arm64/wheel/./tldw_chatbook/Widgets/Library
copying build/lib/tldw_chatbook/Widgets/Library/library_adaptive_reader_shell.py -> build/bdist.macosx-11.0-arm64/wheel/./tldw_chatbook/Widgets/Library
copying build/lib/tldw_chatbook/Widgets/Library/library_media_viewer.py -> build/bdist.macosx-11.0-arm64/wheel/./tldw_chatbook/Widgets/Library
copying build/lib/tldw_chatbook/Widgets/Library/library_media_content.py -> build/bdist.macosx-11.0-arm64/wheel/./tldw_chatbook/Widgets/Library
copying build/lib/tldw_chatbook/Widgets/Library/library_prompt_work_pane.py -> build/bdist.macosx-11.0-arm64/wheel/./tldw_chatbook/Widgets/Library
copying build/lib/tldw_chatbook/Widgets/Library/library_media_image_preview.py -> build/bdist.macosx-11.0-arm64/wheel/./tldw_chatbook/Widgets/Library
copying build/lib/tldw_chatbook/Widgets/Library/library_entry_canvases.py -> build/bdist.macosx-11.0-arm64/wheel/./tldw_chatbook/Widgets/Library
copying build/lib/tldw_chatbook/Widgets/Library/library_collections_capture_reader.py -> build/bdist.macosx-11.0-arm64/wheel/./tldw_chatbook/Widgets/Library
copying build/lib/tldw_chatbook/Widgets/Library/library_skill_work_pane.py -> build/bdist.macosx-11.0-arm64/wheel/./tldw_chatbook/Widgets/Library
copying build/lib/tldw_chatbook/Widgets/Library/library_media_raw_view.py -> build/bdist.macosx-11.0-arm64/wheel/./tldw_chatbook/Widgets/Library
copying build/lib/tldw_chatbook/Widgets/Library/library_note_folder_dialog.py -> build/bdist.macosx-11.0-arm64/wheel/./tldw_chatbook/Widgets/Library
copying build/lib/tldw_chatbook/Widgets/Library/library_rail.py -> build/bdist.macosx-11.0-arm64/wheel/./tldw_chatbook/Widgets/Library
copying build/lib/tldw_chatbook/Widgets/Library/library_emergency_return.py -> build/bdist.macosx-11.0-arm64/wheel/./tldw_chatbook/Widgets/Library
copying build/lib/tldw_chatbook/Widgets/Library/library_review_set_picker.py -> build/bdist.macosx-11.0-arm64/wheel/./tldw_chatbook/Widgets/Library
copying build/lib/tldw_chatbook/Widgets/Library/library_choice_strip.py -> build/bdist.macosx-11.0-arm64/wheel/./tldw_chatbook/Widgets/Library
copying build/lib/tldw_chatbook/Widgets/Library/library_file_notes_workspace.py -> build/bdist.macosx-11.0-arm64/wheel/./tldw_chatbook/Widgets/Library
copying build/lib/tldw_chatbook/Widgets/splash_screen.py -> build/bdist.macosx-11.0-arm64/wheel/./tldw_chatbook/Widgets
copying build/lib/tldw_chatbook/Widgets/enhanced_file_picker.py -> build/bdist.macosx-11.0-arm64/wheel/./tldw_chatbook/Widgets
copying build/lib/tldw_chatbook/Widgets/feedback_dialog.py -> build/bdist.macosx-11.0-arm64/wheel/./tldw_chatbook/Widgets
copying build/lib/tldw_chatbook/Widgets/file_picker_dialog.py -> build/bdist.macosx-11.0-arm64/wheel/./tldw_chatbook/Widgets
copying build/lib/tldw_chatbook/Widgets/tooltip.py -> build/bdist.macosx-11.0-arm64/wheel/./tldw_chatbook/Widgets
copying build/lib/tldw_chatbook/Widgets/destination_rail.py -> build/bdist.macosx-11.0-arm64/wheel/./tldw_chatbook/Widgets
copying build/lib/tldw_chatbook/Widgets/password_dialog.py -> build/bdist.macosx-11.0-arm64/wheel/./tldw_chatbook/Widgets
copying build/lib/tldw_chatbook/Widgets/delete_confirmation_dialog.py -> build/bdist.macosx-11.0-arm64/wheel/./tldw_chatbook/Widgets
copying build/lib/tldw_chatbook/Widgets/chunk_preview.py -> build/bdist.macosx-11.0-arm64/wheel/./tldw_chatbook/Widgets
creating build/bdist.macosx-11.0-arm64/wheel/tldw_chatbook/Widgets/Note_Widgets
copying build/lib/tldw_chatbook/Widgets/Note_Widgets/note_selection_dialog.py -> build/bdist.macosx-11.0-arm64/wheel/./tldw_chatbook/Widgets/Note_Widgets
copying build/lib/tldw_chatbook/Widgets/Note_Widgets/__init__.py -> build/bdist.macosx-11.0-arm64/wheel/./tldw_chatbook/Widgets/Note_Widgets
copying build/lib/tldw_chatbook/Widgets/Note_Widgets/note_creation_modal.py -> build/bdist.macosx-11.0-arm64/wheel/./tldw_chatbook/Widgets/Note_Widgets
copying build/lib/tldw_chatbook/Widgets/compact_model_bar.py -> build/bdist.macosx-11.0-arm64/wheel/./tldw_chatbook/Widgets
copying build/lib/tldw_chatbook/Widgets/activity_log.py -> build/bdist.macosx-11.0-arm64/wheel/./tldw_chatbook/Widgets
copying build/lib/tldw_chatbook/Widgets/voice_input_widget.py -> build/bdist.macosx-11.0-arm64/wheel/./tldw_chatbook/Widgets
copying build/lib/tldw_chatbook/Widgets/detail_value_row.py -> build/bdist.macosx-11.0-arm64/wheel/./tldw_chatbook/Widgets
copying build/lib/tldw_chatbook/Widgets/file_extraction_dialog.py -> build/bdist.macosx-11.0-arm64/wheel/./tldw_chatbook/Widgets
copying build/lib/tldw_chatbook/Widgets/toast_notification.py -> build/bdist.macosx-11.0-arm64/wheel/./tldw_chatbook/Widgets
copying build/lib/tldw_chatbook/Widgets/status_dashboard.py -> build/bdist.macosx-11.0-arm64/wheel/./tldw_chatbook/Widgets
copying build/lib/tldw_chatbook/Widgets/embedding_template_selector.py -> build/bdist.macosx-11.0-arm64/wheel/./tldw_chatbook/Widgets
copying build/lib/tldw_chatbook/Widgets/file_list_item_enhanced.py -> build/bdist.macosx-11.0-arm64/wheel/./tldw_chatbook/Widgets
creating build/bdist.macosx-11.0-arm64/wheel/tldw_chatbook/Widgets/TTS
copying build/lib/tldw_chatbook/Widgets/TTS/__init__.py -> build/bdist.macosx-11.0-arm64/wheel/./tldw_chatbook/Widgets/TTS
copying build/lib/tldw_chatbook/Widgets/TTS/chapter_editor_widget.py -> build/bdist.macosx-11.0-arm64/wheel/./tldw_chatbook/Widgets/TTS
copying build/lib/tldw_chatbook/Widgets/TTS/character_voice_widget.py -> build/bdist.macosx-11.0-arm64/wheel/./tldw_chatbook/Widgets/TTS
copying build/lib/tldw_chatbook/Widgets/model_search_picker.py -> build/bdist.macosx-11.0-arm64/wheel/./tldw_chatbook/Widgets
copying build/lib/tldw_chatbook/Widgets/settings_theme_editor.py -> build/bdist.macosx-11.0-arm64/wheel/./tldw_chatbook/Widgets
creating build/bdist.macosx-11.0-arm64/wheel/tldw_chatbook/Widgets/Prompts
copying build/lib/tldw_chatbook/Widgets/Prompts/prompt_block_editor_state.py -> build/bdist.macosx-11.0-arm64/wheel/./tldw_chatbook/Widgets/Prompts
copying build/lib/tldw_chatbook/Widgets/Prompts/prompt_block_editor.py -> build/bdist.macosx-11.0-arm64/wheel/./tldw_chatbook/Widgets/Prompts
copying build/lib/tldw_chatbook/Widgets/Prompts/__init__.py -> build/bdist.macosx-11.0-arm64/wheel/./tldw_chatbook/Widgets/Prompts
creating build/bdist.macosx-11.0-arm64/wheel/tldw_chatbook/Widgets/NewIngest
copying build/lib/tldw_chatbook/Widgets/NewIngest/ProcessingDashboard.py -> build/bdist.macosx-11.0-arm64/wheel/./tldw_chatbook/Widgets/NewIngest
copying build/lib/tldw_chatbook/Widgets/NewIngest/BackendIntegration.py -> build/bdist.macosx-11.0-arm64/wheel/./tldw_chatbook/Widgets/NewIngest
copying build/lib/tldw_chatbook/Widgets/NewIngest/SmartFileDropZone.py -> build/bdist.macosx-11.0-arm64/wheel/./tldw_chatbook/Widgets/NewIngest
copying build/lib/tldw_chatbook/Widgets/NewIngest/UnifiedProcessor.py -> build/bdist.macosx-11.0-arm64/wheel/./tldw_chatbook/Widgets/NewIngest
copying build/lib/tldw_chatbook/Widgets/NewIngest/__init__.py -> build/bdist.macosx-11.0-arm64/wheel/./tldw_chatbook/Widgets/NewIngest
copying build/lib/tldw_chatbook/Widgets/tool_message_widgets.py -> build/bdist.macosx-11.0-arm64/wheel/./tldw_chatbook/Widgets
copying build/lib/tldw_chatbook/Widgets/glyph_fallback.py -> build/bdist.macosx-11.0-arm64/wheel/./tldw_chatbook/Widgets
copying build/lib/tldw_chatbook/Widgets/AppFooterStatus.py -> build/bdist.macosx-11.0-arm64/wheel/./tldw_chatbook/Widgets
copying build/lib/tldw_chatbook/Widgets/loading_states.py -> build/bdist.macosx-11.0-arm64/wheel/./tldw_chatbook/Widgets
copying build/lib/tldw_chatbook/Widgets/settings_splash_screen_viewer.py -> build/bdist.macosx-11.0-arm64/wheel/./tldw_chatbook/Widgets
copying build/lib/tldw_chatbook/Widgets/voice_profile_dialog.py -> build/bdist.macosx-11.0-arm64/wheel/./tldw_chatbook/Widgets
creating build/bdist.macosx-11.0-arm64/wheel/tldw_chatbook/Widgets/Settings_Widgets
copying build/lib/tldw_chatbook/Widgets/Settings_Widgets/speech_tts_settings_panel.py -> build/bdist.macosx-11.0-arm64/wheel/./tldw_chatbook/Widgets/Settings_Widgets
copying build/lib/tldw_chatbook/Widgets/Settings_Widgets/speech_tts_panel_types.py -> build/bdist.macosx-11.0-arm64/wheel/./tldw_chatbook/Widgets/Settings_Widgets
copying build/lib/tldw_chatbook/Widgets/Settings_Widgets/server_switch_modal.py -> build/bdist.macosx-11.0-arm64/wheel/./tldw_chatbook/Widgets/Settings_Widgets
copying build/lib/tldw_chatbook/Widgets/Settings_Widgets/tool_pack_import_review.py -> build/bdist.macosx-11.0-arm64/wheel/./tldw_chatbook/Widgets/Settings_Widgets
copying build/lib/tldw_chatbook/Widgets/Settings_Widgets/__init__.py -> build/bdist.macosx-11.0-arm64/wheel/./tldw_chatbook/Widgets/Settings_Widgets
copying build/lib/tldw_chatbook/Widgets/Settings_Widgets/personal_context_panel.py -> build/bdist.macosx-11.0-arm64/wheel/./tldw_chatbook/Widgets/Settings_Widgets
copying build/lib/tldw_chatbook/Widgets/Settings_Widgets/personal_context_link_modal.py -> build/bdist.macosx-11.0-arm64/wheel/./tldw_chatbook/Widgets/Settings_Widgets
copying build/lib/tldw_chatbook/Widgets/Settings_Widgets/tool_profiles_panel.py -> build/bdist.macosx-11.0-arm64/wheel/./tldw_chatbook/Widgets/Settings_Widgets
copying build/lib/tldw_chatbook/Widgets/Settings_Widgets/personal_context_review_modal.py -> build/bdist.macosx-11.0-arm64/wheel/./tldw_chatbook/Widgets/Settings_Widgets
copying build/lib/tldw_chatbook/Widgets/diff_widgets.py -> build/bdist.macosx-11.0-arm64/wheel/./tldw_chatbook/Widgets
copying build/lib/tldw_chatbook/Widgets/empty_state.py -> build/bdist.macosx-11.0-arm64/wheel/./tldw_chatbook/Widgets
copying build/lib/tldw_chatbook/Widgets/form_components.py -> build/bdist.macosx-11.0-arm64/wheel/./tldw_chatbook/Widgets
copying build/lib/tldw_chatbook/Widgets/chat_message_enhanced.py -> build/bdist.macosx-11.0-arm64/wheel/./tldw_chatbook/Widgets
copying build/lib/tldw_chatbook/Widgets/audio_troubleshooting_dialog.py -> build/bdist.macosx-11.0-arm64/wheel/./tldw_chatbook/Widgets
copying build/lib/tldw_chatbook/Widgets/workbench_focus.py -> build/bdist.macosx-11.0-arm64/wheel/./tldw_chatbook/Widgets
copying build/lib/tldw_chatbook/Widgets/settings_internal_prompts_editor_modal.py -> build/bdist.macosx-11.0-arm64/wheel/./tldw_chatbook/Widgets
creating build/bdist.macosx-11.0-arm64/wheel/tldw_chatbook/Widgets/ModelArtifacts
copying build/lib/tldw_chatbook/Widgets/ModelArtifacts/activation_controls.py -> build/bdist.macosx-11.0-arm64/wheel/./tldw_chatbook/Widgets/ModelArtifacts
copying build/lib/tldw_chatbook/Widgets/ModelArtifacts/__init__.py -> build/bdist.macosx-11.0-arm64/wheel/./tldw_chatbook/Widgets/ModelArtifacts
copying build/lib/tldw_chatbook/Widgets/ModelArtifacts/runtime_choice_modal.py -> build/bdist.macosx-11.0-arm64/wheel/./tldw_chatbook/Widgets/ModelArtifacts
copying build/lib/tldw_chatbook/Widgets/ModelArtifacts/install_modal.py -> build/bdist.macosx-11.0-arm64/wheel/./tldw_chatbook/Widgets/ModelArtifacts
copying build/lib/tldw_chatbook/Widgets/ModelArtifacts/local_gguf_import.py -> build/bdist.macosx-11.0-arm64/wheel/./tldw_chatbook/Widgets/ModelArtifacts
copying build/lib/tldw_chatbook/Widgets/ModelArtifacts/plan_panel.py -> build/bdist.macosx-11.0-arm64/wheel/./tldw_chatbook/Widgets/ModelArtifacts
copying build/lib/tldw_chatbook/Widgets/ModelArtifacts/install_progress.py -> build/bdist.macosx-11.0-arm64/wheel/./tldw_chatbook/Widgets/ModelArtifacts
copying build/lib/tldw_chatbook/Widgets/detailed_progress.py -> build/bdist.macosx-11.0-arm64/wheel/./tldw_chatbook/Widgets
copying build/lib/tldw_chatbook/Widgets/pausable_progress.py -> build/bdist.macosx-11.0-arm64/wheel/./tldw_chatbook/Widgets
copying build/lib/tldw_chatbook/Widgets/reader_scroll.py -> build/bdist.macosx-11.0-arm64/wheel/./tldw_chatbook/Widgets
copying build/lib/tldw_chatbook/Widgets/template_selector.py -> build/bdist.macosx-11.0-arm64/wheel/./tldw_chatbook/Widgets
creating build/bdist.macosx-11.0-arm64/wheel/tldw_chatbook/Widgets/Console
copying build/lib/tldw_chatbook/Widgets/Console/console_turn_file_card.py -> build/bdist.macosx-11.0-arm64/wheel/./tldw_chatbook/Widgets/Console
copying build/lib/tldw_chatbook/Widgets/Console/console_settings_summary.py -> build/bdist.macosx-11.0-arm64/wheel/./tldw_chatbook/Widgets/Console
copying build/lib/tldw_chatbook/Widgets/Console/console_generate_image_modal.py -> build/bdist.macosx-11.0-arm64/wheel/./tldw_chatbook/Widgets/Console
copying build/lib/tldw_chatbook/Widgets/Console/console_prompts_state.py -> build/bdist.macosx-11.0-arm64/wheel/./tldw_chatbook/Widgets/Console
copying build/lib/tldw_chatbook/Widgets/Console/console_session_surface.py -> build/bdist.macosx-11.0-arm64/wheel/./tldw_chatbook/Widgets/Console
copying build/lib/tldw_chatbook/Widgets/Console/console_scope_picker_modal.py -> build/bdist.macosx-11.0-arm64/wheel/./tldw_chatbook/Widgets/Console
copying build/lib/tldw_chatbook/Widgets/Console/console_canvas_card.py -> build/bdist.macosx-11.0-arm64/wheel/./tldw_chatbook/Widgets/Console
copying build/lib/tldw_chatbook/Widgets/Console/prompt_variables_dialog.py -> build/bdist.macosx-11.0-arm64/wheel/./tldw_chatbook/Widgets/Console
copying build/lib/tldw_chatbook/Widgets/Console/console_style_picker_modal.py -> build/bdist.macosx-11.0-arm64/wheel/./tldw_chatbook/Widgets/Console
copying build/lib/tldw_chatbook/Widgets/Console/console_conversation_inspector.py -> build/bdist.macosx-11.0-arm64/wheel/./tldw_chatbook/Widgets/Console
copying build/lib/tldw_chatbook/Widgets/Console/console_prompt_queue_modal.py -> build/bdist.macosx-11.0-arm64/wheel/./tldw_chatbook/Widgets/Console
copying build/lib/tldw_chatbook/Widgets/Console/console_review_notes_modal.py -> build/bdist.macosx-11.0-arm64/wheel/./tldw_chatbook/Widgets/Console
copying build/lib/tldw_chatbook/Widgets/Console/console_summarize_preview_modal.py -> build/bdist.macosx-11.0-arm64/wheel/./tldw_chatbook/Widgets/Console
copying build/lib/tldw_chatbook/Widgets/Console/console_character_context.py -> build/bdist.macosx-11.0-arm64/wheel/./tldw_chatbook/Widgets/Console
copying build/lib/tldw_chatbook/Widgets/Console/console_activity_outcome_notice.py -> build/bdist.macosx-11.0-arm64/wheel/./tldw_chatbook/Widgets/Console
copying build/lib/tldw_chatbook/Widgets/Console/console_rewind_modal.py -> build/bdist.macosx-11.0-arm64/wheel/./tldw_chatbook/Widgets/Console
copying build/lib/tldw_chatbook/Widgets/Console/console_video_card.py -> build/bdist.macosx-11.0-arm64/wheel/./tldw_chatbook/Widgets/Console
copying build/lib/tldw_chatbook/Widgets/Console/console_composer_bar.py -> build/bdist.macosx-11.0-arm64/wheel/./tldw_chatbook/Widgets/Console
copying build/lib/tldw_chatbook/Widgets/Console/console_fork_chat_modal.py -> build/bdist.macosx-11.0-arm64/wheel/./tldw_chatbook/Widgets/Console
copying build/lib/tldw_chatbook/Widgets/Console/trace_export_profile_ui.py -> build/bdist.macosx-11.0-arm64/wheel/./tldw_chatbook/Widgets/Console
copying build/lib/tldw_chatbook/Widgets/Console/console_prompts_modal.py -> build/bdist.macosx-11.0-arm64/wheel/./tldw_chatbook/Widgets/Console
copying build/lib/tldw_chatbook/Widgets/Console/console_video_capacity_modal.py -> build/bdist.macosx-11.0-arm64/wheel/./tldw_chatbook/Widgets/Console
copying build/lib/tldw_chatbook/Widgets/Console/console_conversation_action_menu.py -> build/bdist.macosx-11.0-arm64/wheel/./tldw_chatbook/Widgets/Console
copying build/lib/tldw_chatbook/Widgets/Console/console_settings_modal.py -> build/bdist.macosx-11.0-arm64/wheel/./tldw_chatbook/Widgets/Console
copying build/lib/tldw_chatbook/Widgets/Console/console_save_as_modal.py -> build/bdist.macosx-11.0-arm64/wheel/./tldw_chatbook/Widgets/Console
copying build/lib/tldw_chatbook/Widgets/Console/console_staged_evidence_strip.py -> build/bdist.macosx-11.0-arm64/wheel/./tldw_chatbook/Widgets/Console
copying build/lib/tldw_chatbook/Widgets/Console/console_task_panel.py -> build/bdist.macosx-11.0-arm64/wheel/./tldw_chatbook/Widgets/Console
copying build/lib/tldw_chatbook/Widgets/Console/console_feedback_comment_modal.py -> build/bdist.macosx-11.0-arm64/wheel/./tldw_chatbook/Widgets/Console
copying build/lib/tldw_chatbook/Widgets/Console/console_rename_session_modal.py -> build/bdist.macosx-11.0-arm64/wheel/./tldw_chatbook/Widgets/Console
copying build/lib/tldw_chatbook/Widgets/Console/console_session_switcher_modal.py -> build/bdist.macosx-11.0-arm64/wheel/./tldw_chatbook/Widgets/Console
copying build/lib/tldw_chatbook/Widgets/Console/console_prompts_browse.py -> build/bdist.macosx-11.0-arm64/wheel/./tldw_chatbook/Widgets/Console
copying build/lib/tldw_chatbook/Widgets/Console/__init__.py -> build/bdist.macosx-11.0-arm64/wheel/./tldw_chatbook/Widgets/Console
copying build/lib/tldw_chatbook/Widgets/Console/console_command_popup.py -> build/bdist.macosx-11.0-arm64/wheel/./tldw_chatbook/Widgets/Console
copying build/lib/tldw_chatbook/Widgets/Console/console_setup_modal.py -> build/bdist.macosx-11.0-arm64/wheel/./tldw_chatbook/Widgets/Console
copying build/lib/tldw_chatbook/Widgets/Console/console_background_effect.py -> build/bdist.macosx-11.0-arm64/wheel/./tldw_chatbook/Widgets/Console
copying build/lib/tldw_chatbook/Widgets/Console/console_workspace_switcher_modal.py -> build/bdist.macosx-11.0-arm64/wheel/./tldw_chatbook/Widgets/Console
copying build/lib/tldw_chatbook/Widgets/Console/console_rail_handle.py -> build/bdist.macosx-11.0-arm64/wheel/./tldw_chatbook/Widgets/Console
copying build/lib/tldw_chatbook/Widgets/Console/trace_export_dialog.py -> build/bdist.macosx-11.0-arm64/wheel/./tldw_chatbook/Widgets/Console
copying build/lib/tldw_chatbook/Widgets/Console/console_prompt_comparison_modal.py -> build/bdist.macosx-11.0-arm64/wheel/./tldw_chatbook/Widgets/Console
copying build/lib/tldw_chatbook/Widgets/Console/console_citation_sources_modal.py -> build/bdist.macosx-11.0-arm64/wheel/./tldw_chatbook/Widgets/Console
copying build/lib/tldw_chatbook/Widgets/Console/console_terminal_workspace.py -> build/bdist.macosx-11.0-arm64/wheel/./tldw_chatbook/Widgets/Console
copying build/lib/tldw_chatbook/Widgets/Console/console_control_bar.py -> build/bdist.macosx-11.0-arm64/wheel/./tldw_chatbook/Widgets/Console
copying build/lib/tldw_chatbook/Widgets/Console/console_status_chips.py -> build/bdist.macosx-11.0-arm64/wheel/./tldw_chatbook/Widgets/Console
copying build/lib/tldw_chatbook/Widgets/Console/console_inspector_section.py -> build/bdist.macosx-11.0-arm64/wheel/./tldw_chatbook/Widgets/Console
copying build/lib/tldw_chatbook/Widgets/Console/console_workspace_files_modal.py -> build/bdist.macosx-11.0-arm64/wheel/./tldw_chatbook/Widgets/Console
copying build/lib/tldw_chatbook/Widgets/Console/console_character_picker_modal.py -> build/bdist.macosx-11.0-arm64/wheel/./tldw_chatbook/Widgets/Console
copying build/lib/tldw_chatbook/Widgets/Console/console_system_prompt_modal.py -> build/bdist.macosx-11.0-arm64/wheel/./tldw_chatbook/Widgets/Console
copying build/lib/tldw_chatbook/Widgets/Console/console_auto_speak_consent.py -> build/bdist.macosx-11.0-arm64/wheel/./tldw_chatbook/Widgets/Console
copying build/lib/tldw_chatbook/Widgets/Console/console_selection.py -> build/bdist.macosx-11.0-arm64/wheel/./tldw_chatbook/Widgets/Console
copying build/lib/tldw_chatbook/Widgets/Console/console_agent_steering_bar.py -> build/bdist.macosx-11.0-arm64/wheel/./tldw_chatbook/Widgets/Console
copying build/lib/tldw_chatbook/Widgets/Console/console_transcript.py -> build/bdist.macosx-11.0-arm64/wheel/./tldw_chatbook/Widgets/Console
copying build/lib/tldw_chatbook/Widgets/Console/console_workspace_tree.py -> build/bdist.macosx-11.0-arm64/wheel/./tldw_chatbook/Widgets/Console
copying build/lib/tldw_chatbook/Widgets/Console/console_staged_context.py -> build/bdist.macosx-11.0-arm64/wheel/./tldw_chatbook/Widgets/Console
copying build/lib/tldw_chatbook/Widgets/Console/console_save_markdown_modal.py -> build/bdist.macosx-11.0-arm64/wheel/./tldw_chatbook/Widgets/Console
copying build/lib/tldw_chatbook/Widgets/Console/console_run_inspector.py -> build/bdist.macosx-11.0-arm64/wheel/./tldw_chatbook/Widgets/Console
copying build/lib/tldw_chatbook/Widgets/Console/console_retrieval_scope_row.py -> build/bdist.macosx-11.0-arm64/wheel/./tldw_chatbook/Widgets/Console
copying build/lib/tldw_chatbook/Widgets/Console/console_side_chat_modal.py -> build/bdist.macosx-11.0-arm64/wheel/./tldw_chatbook/Widgets/Console
copying build/lib/tldw_chatbook/Widgets/Console/console_workspace_context.py -> build/bdist.macosx-11.0-arm64/wheel/./tldw_chatbook/Widgets/Console
copying build/lib/tldw_chatbook/Widgets/Console/console_video_preview.py -> build/bdist.macosx-11.0-arm64/wheel/./tldw_chatbook/Widgets/Console
copying build/lib/tldw_chatbook/Widgets/Console/console_run_log_modal.py -> build/bdist.macosx-11.0-arm64/wheel/./tldw_chatbook/Widgets/Console
copying build/lib/tldw_chatbook/Widgets/Console/console_prompt_improve_view.py -> build/bdist.macosx-11.0-arm64/wheel/./tldw_chatbook/Widgets/Console
copying build/lib/tldw_chatbook/Widgets/Console/console_library_search_modal.py -> build/bdist.macosx-11.0-arm64/wheel/./tldw_chatbook/Widgets/Console
copying build/lib/tldw_chatbook/Widgets/Console/console_terminal_messages.py -> build/bdist.macosx-11.0-arm64/wheel/./tldw_chatbook/Widgets/Console
copying build/lib/tldw_chatbook/Widgets/Console/console_message_more_menu.py -> build/bdist.macosx-11.0-arm64/wheel/./tldw_chatbook/Widgets/Console
copying build/lib/tldw_chatbook/Widgets/Console/console_prompt_picker_modal.py -> build/bdist.macosx-11.0-arm64/wheel/./tldw_chatbook/Widgets/Console
copying build/lib/tldw_chatbook/Widgets/Console/console_workspace_details.py -> build/bdist.macosx-11.0-arm64/wheel/./tldw_chatbook/Widgets/Console
copying build/lib/tldw_chatbook/Widgets/Console/console_model_popover.py -> build/bdist.macosx-11.0-arm64/wheel/./tldw_chatbook/Widgets/Console
copying build/lib/tldw_chatbook/Widgets/Console/console_workbench_state.py -> build/bdist.macosx-11.0-arm64/wheel/./tldw_chatbook/Widgets/Console
copying build/lib/tldw_chatbook/Widgets/Console/console_context_controls.py -> build/bdist.macosx-11.0-arm64/wheel/./tldw_chatbook/Widgets/Console
copying build/lib/tldw_chatbook/Widgets/Console/console_speech_controls.py -> build/bdist.macosx-11.0-arm64/wheel/./tldw_chatbook/Widgets/Console
copying build/lib/tldw_chatbook/Widgets/Console/console_appearance_picker_modal.py -> build/bdist.macosx-11.0-arm64/wheel/./tldw_chatbook/Widgets/Console
copying build/lib/tldw_chatbook/Widgets/Console/console_generation_card.py -> build/bdist.macosx-11.0-arm64/wheel/./tldw_chatbook/Widgets/Console
copying build/lib/tldw_chatbook/Widgets/Console/console_provider_picker.py -> build/bdist.macosx-11.0-arm64/wheel/./tldw_chatbook/Widgets/Console
copying build/lib/tldw_chatbook/Widgets/Console/console_image_viewer_modal.py -> build/bdist.macosx-11.0-arm64/wheel/./tldw_chatbook/Widgets/Console
copying build/lib/tldw_chatbook/Widgets/Console/console_exchange_export_dialog.py -> build/bdist.macosx-11.0-arm64/wheel/./tldw_chatbook/Widgets/Console
copying build/lib/tldw_chatbook/Widgets/Console/console_reaction_picker_modal.py -> build/bdist.macosx-11.0-arm64/wheel/./tldw_chatbook/Widgets/Console
copying build/lib/tldw_chatbook/Widgets/Console/console_composer_menu_modal.py -> build/bdist.macosx-11.0-arm64/wheel/./tldw_chatbook/Widgets/Console
copying build/lib/tldw_chatbook/Widgets/Console/console_terminal_session_modal.py -> build/bdist.macosx-11.0-arm64/wheel/./tldw_chatbook/Widgets/Console
copying build/lib/tldw_chatbook/Widgets/Console/console_inspector_ownership.py -> build/bdist.macosx-11.0-arm64/wheel/./tldw_chatbook/Widgets/Console
copying build/lib/tldw_chatbook/Widgets/Console/console_rag_settings_modal.py -> build/bdist.macosx-11.0-arm64/wheel/./tldw_chatbook/Widgets/Console
copying build/lib/tldw_chatbook/Widgets/Console/console_bounded_section.py -> build/bdist.macosx-11.0-arm64/wheel/./tldw_chatbook/Widgets/Console
copying build/lib/tldw_chatbook/Widgets/Console/console_library_access_modal.py -> build/bdist.macosx-11.0-arm64/wheel/./tldw_chatbook/Widgets/Console
copying build/lib/tldw_chatbook/Widgets/Console/console_capture_policy_dialog.py -> build/bdist.macosx-11.0-arm64/wheel/./tldw_chatbook/Widgets/Console
copying build/lib/tldw_chatbook/Widgets/Console/console_selection_menu.py -> build/bdist.macosx-11.0-arm64/wheel/./tldw_chatbook/Widgets/Console
copying build/lib/tldw_chatbook/Widgets/Console/console_assistant_turn.py -> build/bdist.macosx-11.0-arm64/wheel/./tldw_chatbook/Widgets/Console
copying build/lib/tldw_chatbook/Widgets/Console/console_edit_message_modal.py -> build/bdist.macosx-11.0-arm64/wheel/./tldw_chatbook/Widgets/Console
copying build/lib/tldw_chatbook/Widgets/Console/console_send_authority_summary.py -> build/bdist.macosx-11.0-arm64/wheel/./tldw_chatbook/Widgets/Console
copying build/lib/tldw_chatbook/Widgets/Console/console_project_instructions.py -> build/bdist.macosx-11.0-arm64/wheel/./tldw_chatbook/Widgets/Console
copying build/lib/tldw_chatbook/Widgets/Console/console_workspace_action_menu.py -> build/bdist.macosx-11.0-arm64/wheel/./tldw_chatbook/Widgets/Console
copying build/lib/tldw_chatbook/Widgets/workspace_create_modal.py -> build/bdist.macosx-11.0-arm64/wheel/./tldw_chatbook/Widgets
creating build/bdist.macosx-11.0-arm64/wheel/tldw_chatbook/Widgets/Writing
copying build/lib/tldw_chatbook/Widgets/Writing/writing_detail_panel.py -> build/bdist.macosx-11.0-arm64/wheel/./tldw_chatbook/Widgets/Writing
copying build/lib/tldw_chatbook/Widgets/Writing/__init__.py -> build/bdist.macosx-11.0-arm64/wheel/./tldw_chatbook/Widgets/Writing
copying build/lib/tldw_chatbook/Widgets/Writing/writing_source_panel.py -> build/bdist.macosx-11.0-arm64/wheel/./tldw_chatbook/Widgets/Writing
copying build/lib/tldw_chatbook/Widgets/Writing/writing_outline_tree.py -> build/bdist.macosx-11.0-arm64/wheel/./tldw_chatbook/Widgets/Writing
creating build/bdist.macosx-11.0-arm64/wheel/tldw_chatbook/Widgets/Coding_Widgets
copying build/lib/tldw_chatbook/Widgets/Coding_Widgets/__init__.py -> build/bdist.macosx-11.0-arm64/wheel/./tldw_chatbook/Widgets/Coding_Widgets
copying build/lib/tldw_chatbook/Widgets/Coding_Widgets/repo_tree_widgets.py -> build/bdist.macosx-11.0-arm64/wheel/./tldw_chatbook/Widgets/Coding_Widgets
creating build/bdist.macosx-11.0-arm64/wheel/tldw_chatbook/Widgets/Media
copying build/lib/tldw_chatbook/Widgets/Media/media_viewer_panel.py -> build/bdist.macosx-11.0-arm64/wheel/./tldw_chatbook/Widgets/Media
copying build/lib/tldw_chatbook/Widgets/Media/media_list_panel.py -> build/bdist.macosx-11.0-arm64/wheel/./tldw_chatbook/Widgets/Media
copying build/lib/tldw_chatbook/Widgets/Media/__init__.py -> build/bdist.macosx-11.0-arm64/wheel/./tldw_chatbook/Widgets/Media
copying build/lib/tldw_chatbook/Widgets/Media/media_navigation_panel.py -> build/bdist.macosx-11.0-arm64/wheel/./tldw_chatbook/Widgets/Media
copying build/lib/tldw_chatbook/Widgets/Media/media_search_panel.py -> build/bdist.macosx-11.0-arm64/wheel/./tldw_chatbook/Widgets/Media
creating build/bdist.macosx-11.0-arm64/wheel/tldw_chatbook/Persona_Buddy
copying build/lib/tldw_chatbook/Persona_Buddy/controller.py -> build/bdist.macosx-11.0-arm64/wheel/./tldw_chatbook/Persona_Buddy
copying build/lib/tldw_chatbook/Persona_Buddy/library.py -> build/bdist.macosx-11.0-arm64/wheel/./tldw_chatbook/Persona_Buddy
copying build/lib/tldw_chatbook/Persona_Buddy/interaction.py -> build/bdist.macosx-11.0-arm64/wheel/./tldw_chatbook/Persona_Buddy
copying build/lib/tldw_chatbook/Persona_Buddy/rendering.py -> build/bdist.macosx-11.0-arm64/wheel/./tldw_chatbook/Persona_Buddy
copying build/lib/tldw_chatbook/Persona_Buddy/console_adapter.py -> build/bdist.macosx-11.0-arm64/wheel/./tldw_chatbook/Persona_Buddy
copying build/lib/tldw_chatbook/Persona_Buddy/preferences.py -> build/bdist.macosx-11.0-arm64/wheel/./tldw_chatbook/Persona_Buddy
copying build/lib/tldw_chatbook/Persona_Buddy/__init__.py -> build/bdist.macosx-11.0-arm64/wheel/./tldw_chatbook/Persona_Buddy
copying build/lib/tldw_chatbook/Persona_Buddy/inbox.py -> build/bdist.macosx-11.0-arm64/wheel/./tldw_chatbook/Persona_Buddy
copying build/lib/tldw_chatbook/Persona_Buddy/speech.py -> build/bdist.macosx-11.0-arm64/wheel/./tldw_chatbook/Persona_Buddy
creating build/bdist.macosx-11.0-arm64/wheel/tldw_chatbook/tldw_api
copying build/lib/tldw_chatbook/tldw_api/feedback_schemas.py -> build/bdist.macosx-11.0-arm64/wheel/./tldw_chatbook/tldw_api
copying build/lib/tldw_chatbook/tldw_api/translation_schemas.py -> build/bdist.macosx-11.0-arm64/wheel/./tldw_chatbook/tldw_api
copying build/lib/tldw_chatbook/tldw_api/sync_schemas.py -> build/bdist.macosx-11.0-arm64/wheel/./tldw_chatbook/tldw_api
copying build/lib/tldw_chatbook/tldw_api/audio_schemas.py -> build/bdist.macosx-11.0-arm64/wheel/./tldw_chatbook/tldw_api
copying build/lib/tldw_chatbook/tldw_api/quizzes_schemas.py -> build/bdist.macosx-11.0-arm64/wheel/./tldw_chatbook/tldw_api
copying build/lib/tldw_chatbook/tldw_api/evaluations_schemas.py -> build/bdist.macosx-11.0-arm64/wheel/./tldw_chatbook/tldw_api
copying build/lib/tldw_chatbook/tldw_api/LICENSE -> build/bdist.macosx-11.0-arm64/wheel/./tldw_chatbook/tldw_api
copying build/lib/tldw_chatbook/tldw_api/research_runs_schemas.py -> build/bdist.macosx-11.0-arm64/wheel/./tldw_chatbook/tldw_api
copying build/lib/tldw_chatbook/tldw_api/notes_workspace_schemas.py -> build/bdist.macosx-11.0-arm64/wheel/./tldw_chatbook/tldw_api
copying build/lib/tldw_chatbook/tldw_api/llm_provider_schemas.py -> build/bdist.macosx-11.0-arm64/wheel/./tldw_chatbook/tldw_api
copying build/lib/tldw_chatbook/tldw_api/auth_user_schemas.py -> build/bdist.macosx-11.0-arm64/wheel/./tldw_chatbook/tldw_api
copying build/lib/tldw_chatbook/tldw_api/text2sql_schemas.py -> build/bdist.macosx-11.0-arm64/wheel/./tldw_chatbook/tldw_api
copying build/lib/tldw_chatbook/tldw_api/client.py -> build/bdist.macosx-11.0-arm64/wheel/./tldw_chatbook/tldw_api
copying build/lib/tldw_chatbook/tldw_api/meetings_schemas.py -> build/bdist.macosx-11.0-arm64/wheel/./tldw_chatbook/tldw_api
copying build/lib/tldw_chatbook/tldw_api/mcp_governance_schemas.py -> build/bdist.macosx-11.0-arm64/wheel/./tldw_chatbook/tldw_api
copying build/lib/tldw_chatbook/tldw_api/ocr_vlm_schemas.py -> build/bdist.macosx-11.0-arm64/wheel/./tldw_chatbook/tldw_api
copying build/lib/tldw_chatbook/tldw_api/storage_schemas.py -> build/bdist.macosx-11.0-arm64/wheel/./tldw_chatbook/tldw_api
copying build/lib/tldw_chatbook/tldw_api/__init__.py -> build/bdist.macosx-11.0-arm64/wheel/./tldw_chatbook/tldw_api
copying build/lib/tldw_chatbook/tldw_api/tools_schemas.py -> build/bdist.macosx-11.0-arm64/wheel/./tldw_chatbook/tldw_api
copying build/lib/tldw_chatbook/tldw_api/slides_schemas.py -> build/bdist.macosx-11.0-arm64/wheel/./tldw_chatbook/tldw_api
copying build/lib/tldw_chatbook/tldw_api/personalization_schemas.py -> build/bdist.macosx-11.0-arm64/wheel/./tldw_chatbook/tldw_api
copying build/lib/tldw_chatbook/tldw_api/data_tables_schemas.py -> build/bdist.macosx-11.0-arm64/wheel/./tldw_chatbook/tldw_api
copying build/lib/tldw_chatbook/tldw_api/server_runtime_schemas.py -> build/bdist.macosx-11.0-arm64/wheel/./tldw_chatbook/tldw_api
copying build/lib/tldw_chatbook/tldw_api/prompt_studio_schemas.py -> build/bdist.macosx-11.0-arm64/wheel/./tldw_chatbook/tldw_api
copying build/lib/tldw_chatbook/tldw_api/research_search_schemas.py -> build/bdist.macosx-11.0-arm64/wheel/./tldw_chatbook/tldw_api
copying build/lib/tldw_chatbook/tldw_api/voice_assistant_schemas.py -> build/bdist.macosx-11.0-arm64/wheel/./tldw_chatbook/tldw_api
copying build/lib/tldw_chatbook/tldw_api/media_reading_schemas.py -> build/bdist.macosx-11.0-arm64/wheel/./tldw_chatbook/tldw_api
copying build/lib/tldw_chatbook/tldw_api/study_suggestions_schemas.py -> build/bdist.macosx-11.0-arm64/wheel/./tldw_chatbook/tldw_api
copying build/lib/tldw_chatbook/tldw_api/schemas.py -> build/bdist.macosx-11.0-arm64/wheel/./tldw_chatbook/tldw_api
copying build/lib/tldw_chatbook/tldw_api/chat_grammar_schemas.py -> build/bdist.macosx-11.0-arm64/wheel/./tldw_chatbook/tldw_api
copying build/lib/tldw_chatbook/tldw_api/server_notifications_schemas.py -> build/bdist.macosx-11.0-arm64/wheel/./tldw_chatbook/tldw_api
copying build/lib/tldw_chatbook/tldw_api/utils.py -> build/bdist.macosx-11.0-arm64/wheel/./tldw_chatbook/tldw_api
copying build/lib/tldw_chatbook/tldw_api/chat_conversation_schemas.py -> build/bdist.macosx-11.0-arm64/wheel/./tldw_chatbook/tldw_api
copying build/lib/tldw_chatbook/tldw_api/audiobook_schemas.py -> build/bdist.macosx-11.0-arm64/wheel/./tldw_chatbook/tldw_api
copying build/lib/tldw_chatbook/tldw_api/web_clipper_schemas.py -> build/bdist.macosx-11.0-arm64/wheel/./tldw_chatbook/tldw_api
copying build/lib/tldw_chatbook/tldw_api/chat_documents_schemas.py -> build/bdist.macosx-11.0-arm64/wheel/./tldw_chatbook/tldw_api
copying build/lib/tldw_chatbook/tldw_api/notes_workspace_limits.py -> build/bdist.macosx-11.0-arm64/wheel/./tldw_chatbook/tldw_api
copying build/lib/tldw_chatbook/tldw_api/watchlists_schemas.py -> build/bdist.macosx-11.0-arm64/wheel/./tldw_chatbook/tldw_api
copying build/lib/tldw_chatbook/tldw_api/account_security_schemas.py -> build/bdist.macosx-11.0-arm64/wheel/./tldw_chatbook/tldw_api
copying build/lib/tldw_chatbook/tldw_api/prompt_chatbook_schemas.py -> build/bdist.macosx-11.0-arm64/wheel/./tldw_chatbook/tldw_api
copying build/lib/tldw_chatbook/tldw_api/outputs_schemas.py -> build/bdist.macosx-11.0-arm64/wheel/./tldw_chatbook/tldw_api
copying build/lib/tldw_chatbook/tldw_api/kanban_schemas.py -> build/bdist.macosx-11.0-arm64/wheel/./tldw_chatbook/tldw_api
copying build/lib/tldw_chatbook/tldw_api/exceptions.py -> build/bdist.macosx-11.0-arm64/wheel/./tldw_chatbook/tldw_api
copying build/lib/tldw_chatbook/tldw_api/user_governance_schemas.py -> build/bdist.macosx-11.0-arm64/wheel/./tldw_chatbook/tldw_api
copying build/lib/tldw_chatbook/tldw_api/chat_loop_schemas.py -> build/bdist.macosx-11.0-arm64/wheel/./tldw_chatbook/tldw_api
copying build/lib/tldw_chatbook/tldw_api/notifications_reminders_schemas.py -> build/bdist.macosx-11.0-arm64/wheel/./tldw_chatbook/tldw_api
copying build/lib/tldw_chatbook/tldw_api/sharing_schemas.py -> build/bdist.macosx-11.0-arm64/wheel/./tldw_chatbook/tldw_api
copying build/lib/tldw_chatbook/tldw_api/scheduled_tasks_automation_schemas.py -> build/bdist.macosx-11.0-arm64/wheel/./tldw_chatbook/tldw_api
copying build/lib/tldw_chatbook/tldw_api/connectors_schemas.py -> build/bdist.macosx-11.0-arm64/wheel/./tldw_chatbook/tldw_api
copying build/lib/tldw_chatbook/tldw_api/collections_feeds_schemas.py -> build/bdist.macosx-11.0-arm64/wheel/./tldw_chatbook/tldw_api
copying build/lib/tldw_chatbook/tldw_api/companion_schemas.py -> build/bdist.macosx-11.0-arm64/wheel/./tldw_chatbook/tldw_api
copying build/lib/tldw_chatbook/tldw_api/study_extensions_schemas.py -> build/bdist.macosx-11.0-arm64/wheel/./tldw_chatbook/tldw_api
copying build/lib/tldw_chatbook/tldw_api/character_persona_schemas.py -> build/bdist.macosx-11.0-arm64/wheel/./tldw_chatbook/tldw_api
copying build/lib/tldw_chatbook/tldw_api/chat_dictionary_schemas.py -> build/bdist.macosx-11.0-arm64/wheel/./tldw_chatbook/tldw_api
copying build/lib/tldw_chatbook/tldw_api/writing_manuscript_schemas.py -> build/bdist.macosx-11.0-arm64/wheel/./tldw_chatbook/tldw_api
copying build/lib/tldw_chatbook/tldw_api/mcp_unified_schemas.py -> build/bdist.macosx-11.0-arm64/wheel/./tldw_chatbook/tldw_api
copying build/lib/tldw_chatbook/tldw_api/user_keys_schemas.py -> build/bdist.macosx-11.0-arm64/wheel/./tldw_chatbook/tldw_api
copying build/lib/tldw_chatbook/tldw_api/mcp_unified_client.py -> build/bdist.macosx-11.0-arm64/wheel/./tldw_chatbook/tldw_api
copying build/lib/tldw_chatbook/tldw_api/flashcards_schemas.py -> build/bdist.macosx-11.0-arm64/wheel/./tldw_chatbook/tldw_api
copying build/lib/tldw_chatbook/tldw_api/skills_schemas.py -> build/bdist.macosx-11.0-arm64/wheel/./tldw_chatbook/tldw_api
copying build/lib/tldw_chatbook/tldw_api/claims_schemas.py -> build/bdist.macosx-11.0-arm64/wheel/./tldw_chatbook/tldw_api
copying build/lib/tldw_chatbook/tldw_api/rag_admin_schemas.py -> build/bdist.macosx-11.0-arm64/wheel/./tldw_chatbook/tldw_api
creating build/bdist.macosx-11.0-arm64/wheel/tldw_chatbook/Web_Server
copying build/lib/tldw_chatbook/Web_Server/__init__.py -> build/bdist.macosx-11.0-arm64/wheel/./tldw_chatbook/Web_Server
copying build/lib/tldw_chatbook/Web_Server/serve.py -> build/bdist.macosx-11.0-arm64/wheel/./tldw_chatbook/Web_Server
creating build/bdist.macosx-11.0-arm64/wheel/tldw_chatbook/Web_Server/static
copying build/lib/tldw_chatbook/Web_Server/static/served_shell.html -> build/bdist.macosx-11.0-arm64/wheel/./tldw_chatbook/Web_Server/static
copying build/lib/tldw_chatbook/Web_Server/static/served_shell.js -> build/bdist.macosx-11.0-arm64/wheel/./tldw_chatbook/Web_Server/static
copying build/lib/tldw_chatbook/Web_Server/static/served_shell.css -> build/bdist.macosx-11.0-arm64/wheel/./tldw_chatbook/Web_Server/static
creating build/bdist.macosx-11.0-arm64/wheel/tldw_chatbook/RAG_Search
copying build/lib/tldw_chatbook/RAG_Search/pipeline_types.py -> build/bdist.macosx-11.0-arm64/wheel/./tldw_chatbook/RAG_Search
copying build/lib/tldw_chatbook/RAG_Search/search_modes.py -> build/bdist.macosx-11.0-arm64/wheel/./tldw_chatbook/RAG_Search
copying build/lib/tldw_chatbook/RAG_Search/pipeline_builder_simple.py -> build/bdist.macosx-11.0-arm64/wheel/./tldw_chatbook/RAG_Search
creating build/bdist.macosx-11.0-arm64/wheel/tldw_chatbook/RAG_Search/simplified
copying build/lib/tldw_chatbook/RAG_Search/simplified/citations.py -> build/bdist.macosx-11.0-arm64/wheel/./tldw_chatbook/RAG_Search/simplified
copying build/lib/tldw_chatbook/RAG_Search/simplified/collection_indexes.py -> build/bdist.macosx-11.0-arm64/wheel/./tldw_chatbook/RAG_Search/simplified
copying build/lib/tldw_chatbook/RAG_Search/simplified/rag_factory.py -> build/bdist.macosx-11.0-arm64/wheel/./tldw_chatbook/RAG_Search/simplified
copying build/lib/tldw_chatbook/RAG_Search/simplified/config.py -> build/bdist.macosx-11.0-arm64/wheel/./tldw_chatbook/RAG_Search/simplified
copying build/lib/tldw_chatbook/RAG_Search/simplified/enhanced_rag_service_v2.py -> build/bdist.macosx-11.0-arm64/wheel/./tldw_chatbook/RAG_Search/simplified
copying build/lib/tldw_chatbook/RAG_Search/simplified/vector_store.py -> build/bdist.macosx-11.0-arm64/wheel/./tldw_chatbook/RAG_Search/simplified
copying build/lib/tldw_chatbook/RAG_Search/simplified/rag_service.py -> build/bdist.macosx-11.0-arm64/wheel/./tldw_chatbook/RAG_Search/simplified
copying build/lib/tldw_chatbook/RAG_Search/simplified/__init__.py -> build/bdist.macosx-11.0-arm64/wheel/./tldw_chatbook/RAG_Search/simplified
copying build/lib/tldw_chatbook/RAG_Search/simplified/db_connection_pool.py -> build/bdist.macosx-11.0-arm64/wheel/./tldw_chatbook/RAG_Search/simplified
copying build/lib/tldw_chatbook/RAG_Search/simplified/indexing_helpers.py -> build/bdist.macosx-11.0-arm64/wheel/./tldw_chatbook/RAG_Search/simplified
copying build/lib/tldw_chatbook/RAG_Search/simplified/circuit_breaker.py -> build/bdist.macosx-11.0-arm64/wheel/./tldw_chatbook/RAG_Search/simplified
copying build/lib/tldw_chatbook/RAG_Search/simplified/enhanced_indexing_helpers.py -> build/bdist.macosx-11.0-arm64/wheel/./tldw_chatbook/RAG_Search/simplified
copying build/lib/tldw_chatbook/RAG_Search/simplified/search_service.py -> build/bdist.macosx-11.0-arm64/wheel/./tldw_chatbook/RAG_Search/simplified
copying build/lib/tldw_chatbook/RAG_Search/simplified/health_check.py -> build/bdist.macosx-11.0-arm64/wheel/./tldw_chatbook/RAG_Search/simplified
copying build/lib/tldw_chatbook/RAG_Search/simplified/simple_cache.py -> build/bdist.macosx-11.0-arm64/wheel/./tldw_chatbook/RAG_Search/simplified
copying build/lib/tldw_chatbook/RAG_Search/simplified/data_models.py -> build/bdist.macosx-11.0-arm64/wheel/./tldw_chatbook/RAG_Search/simplified
copying build/lib/tldw_chatbook/RAG_Search/simplified/embeddings_wrapper.py -> build/bdist.macosx-11.0-arm64/wheel/./tldw_chatbook/RAG_Search/simplified
copying build/lib/tldw_chatbook/RAG_Search/simplified/active_config.py -> build/bdist.macosx-11.0-arm64/wheel/./tldw_chatbook/RAG_Search/simplified
copying build/lib/tldw_chatbook/RAG_Search/simplified/enhanced_rag_service.py -> build/bdist.macosx-11.0-arm64/wheel/./tldw_chatbook/RAG_Search/simplified
copying build/lib/tldw_chatbook/RAG_Search/simplified/collection_fingerprint.py -> build/bdist.macosx-11.0-arm64/wheel/./tldw_chatbook/RAG_Search/simplified
copying build/lib/tldw_chatbook/RAG_Search/parent_child_adapter.py -> build/bdist.macosx-11.0-arm64/wheel/./tldw_chatbook/RAG_Search
copying build/lib/tldw_chatbook/RAG_Search/parallel_processor.py -> build/bdist.macosx-11.0-arm64/wheel/./tldw_chatbook/RAG_Search
copying build/lib/tldw_chatbook/RAG_Search/reranker.py -> build/bdist.macosx-11.0-arm64/wheel/./tldw_chatbook/RAG_Search
copying build/lib/tldw_chatbook/RAG_Search/pipeline_loader.py -> build/bdist.macosx-11.0-arm64/wheel/./tldw_chatbook/RAG_Search
copying build/lib/tldw_chatbook/RAG_Search/chunking_service.py -> build/bdist.macosx-11.0-arm64/wheel/./tldw_chatbook/RAG_Search
copying build/lib/tldw_chatbook/RAG_Search/__init__.py -> build/bdist.macosx-11.0-arm64/wheel/./tldw_chatbook/RAG_Search
copying build/lib/tldw_chatbook/RAG_Search/enhanced_chunking_service.py -> build/bdist.macosx-11.0-arm64/wheel/./tldw_chatbook/RAG_Search
copying build/lib/tldw_chatbook/RAG_Search/pipeline_integration.py -> build/bdist.macosx-11.0-arm64/wheel/./tldw_chatbook/RAG_Search
copying build/lib/tldw_chatbook/RAG_Search/backfill.py -> build/bdist.macosx-11.0-arm64/wheel/./tldw_chatbook/RAG_Search
copying build/lib/tldw_chatbook/RAG_Search/semantic_availability.py -> build/bdist.macosx-11.0-arm64/wheel/./tldw_chatbook/RAG_Search
copying build/lib/tldw_chatbook/RAG_Search/fusion.py -> build/bdist.macosx-11.0-arm64/wheel/./tldw_chatbook/RAG_Search
copying build/lib/tldw_chatbook/RAG_Search/pipeline_functions_simple.py -> build/bdist.macosx-11.0-arm64/wheel/./tldw_chatbook/RAG_Search
creating build/bdist.macosx-11.0-arm64/wheel/tldw_chatbook/RAG_Search/eval
copying build/lib/tldw_chatbook/RAG_Search/eval/metrics.py -> build/bdist.macosx-11.0-arm64/wheel/./tldw_chatbook/RAG_Search/eval
copying build/lib/tldw_chatbook/RAG_Search/eval/regression.py -> build/bdist.macosx-11.0-arm64/wheel/./tldw_chatbook/RAG_Search/eval
copying build/lib/tldw_chatbook/RAG_Search/eval/gating.py -> build/bdist.macosx-11.0-arm64/wheel/./tldw_chatbook/RAG_Search/eval
copying build/lib/tldw_chatbook/RAG_Search/eval/__init__.py -> build/bdist.macosx-11.0-arm64/wheel/./tldw_chatbook/RAG_Search/eval
copying build/lib/tldw_chatbook/RAG_Search/local_citation_capture.py -> build/bdist.macosx-11.0-arm64/wheel/./tldw_chatbook/RAG_Search
copying build/lib/tldw_chatbook/RAG_Search/config_profiles.py -> build/bdist.macosx-11.0-arm64/wheel/./tldw_chatbook/RAG_Search
copying build/lib/tldw_chatbook/RAG_Search/ingestion_indexing.py -> build/bdist.macosx-11.0-arm64/wheel/./tldw_chatbook/RAG_Search
creating build/bdist.macosx-11.0-arm64/wheel/tldw_chatbook/STT
copying build/lib/tldw_chatbook/STT/coordinator.py -> build/bdist.macosx-11.0-arm64/wheel/./tldw_chatbook/STT
copying build/lib/tldw_chatbook/STT/persistence.py -> build/bdist.macosx-11.0-arm64/wheel/./tldw_chatbook/STT
copying build/lib/tldw_chatbook/STT/transcribe_cpp.py -> build/bdist.macosx-11.0-arm64/wheel/./tldw_chatbook/STT
copying build/lib/tldw_chatbook/STT/parakeet_onnx.py -> build/bdist.macosx-11.0-arm64/wheel/./tldw_chatbook/STT
copying build/lib/tldw_chatbook/STT/parakeet_external.py -> build/bdist.macosx-11.0-arm64/wheel/./tldw_chatbook/STT
copying build/lib/tldw_chatbook/STT/parakeet_sources.py -> build/bdist.macosx-11.0-arm64/wheel/./tldw_chatbook/STT
copying build/lib/tldw_chatbook/STT/registry.py -> build/bdist.macosx-11.0-arm64/wheel/./tldw_chatbook/STT
copying build/lib/tldw_chatbook/STT/__init__.py -> build/bdist.macosx-11.0-arm64/wheel/./tldw_chatbook/STT
copying build/lib/tldw_chatbook/STT/executor_worker.py -> build/bdist.macosx-11.0-arm64/wheel/./tldw_chatbook/STT
copying build/lib/tldw_chatbook/STT/transcribe_cpp_config.py -> build/bdist.macosx-11.0-arm64/wheel/./tldw_chatbook/STT
copying build/lib/tldw_chatbook/STT/routing.py -> build/bdist.macosx-11.0-arm64/wheel/./tldw_chatbook/STT
copying build/lib/tldw_chatbook/STT/parakeet_dispatch.py -> build/bdist.macosx-11.0-arm64/wheel/./tldw_chatbook/STT
copying build/lib/tldw_chatbook/STT/legacy_bridge.py -> build/bdist.macosx-11.0-arm64/wheel/./tldw_chatbook/STT
copying build/lib/tldw_chatbook/STT/contracts.py -> build/bdist.macosx-11.0-arm64/wheel/./tldw_chatbook/STT
copying build/lib/tldw_chatbook/STT/dispatch_coordinator.py -> build/bdist.macosx-11.0-arm64/wheel/./tldw_chatbook/STT
copying build/lib/tldw_chatbook/STT/executor_process_tree.py -> build/bdist.macosx-11.0-arm64/wheel/./tldw_chatbook/STT
copying build/lib/tldw_chatbook/STT/executor.py -> build/bdist.macosx-11.0-arm64/wheel/./tldw_chatbook/STT
creating build/bdist.macosx-11.0-arm64/wheel/tldw_chatbook/Media
copying build/lib/tldw_chatbook/Media/__init__.py -> build/bdist.macosx-11.0-arm64/wheel/./tldw_chatbook/Media
copying build/lib/tldw_chatbook/Media/local_media_reading_service.py -> build/bdist.macosx-11.0-arm64/wheel/./tldw_chatbook/Media
copying build/lib/tldw_chatbook/Media/media_reading_scope_service.py -> build/bdist.macosx-11.0-arm64/wheel/./tldw_chatbook/Media
copying build/lib/tldw_chatbook/Media/media_reading_normalizers.py -> build/bdist.macosx-11.0-arm64/wheel/./tldw_chatbook/Media
copying build/lib/tldw_chatbook/Media/server_media_reading_service.py -> build/bdist.macosx-11.0-arm64/wheel/./tldw_chatbook/Media
creating build/bdist.macosx-11.0-arm64/wheel/tldw_profile_core
copying build/lib/tldw_profile_core/enums.py -> build/bdist.macosx-11.0-arm64/wheel/./tldw_profile_core
copying build/lib/tldw_profile_core/semantic.py -> build/bdist.macosx-11.0-arm64/wheel/./tldw_profile_core
copying build/lib/tldw_profile_core/schema_export.py -> build/bdist.macosx-11.0-arm64/wheel/./tldw_profile_core
copying build/lib/tldw_profile_core/models.py -> build/bdist.macosx-11.0-arm64/wheel/./tldw_profile_core
copying build/lib/tldw_profile_core/interview.py -> build/bdist.macosx-11.0-arm64/wheel/./tldw_profile_core
copying build/lib/tldw_profile_core/tool_contracts.py -> build/bdist.macosx-11.0-arm64/wheel/./tldw_profile_core
copying build/lib/tldw_profile_core/__init__.py -> build/bdist.macosx-11.0-arm64/wheel/./tldw_profile_core
creating build/bdist.macosx-11.0-arm64/wheel/tldw_profile_core/schemas
copying build/lib/tldw_profile_core/schemas/personal-context-v1.json -> build/bdist.macosx-11.0-arm64/wheel/./tldw_profile_core/schemas
copying build/lib/tldw_profile_core/schemas/personal-context-v1-meta.json -> build/bdist.macosx-11.0-arm64/wheel/./tldw_profile_core/schemas
copying build/lib/tldw_profile_core/canonical.py -> build/bdist.macosx-11.0-arm64/wheel/./tldw_profile_core
copying build/lib/tldw_profile_core/payloads.py -> build/bdist.macosx-11.0-arm64/wheel/./tldw_profile_core
creating build/bdist.macosx-11.0-arm64/wheel/tldw_profile_core/fixtures
creating build/bdist.macosx-11.0-arm64/wheel/tldw_profile_core/fixtures/v1
copying build/lib/tldw_profile_core/fixtures/v1/32-lowercase-datetime-syntax.json -> build/bdist.macosx-11.0-arm64/wheel/./tldw_profile_core/fixtures/v1
copying build/lib/tldw_profile_core/fixtures/v1/19-jcs-conformance.json -> build/bdist.macosx-11.0-arm64/wheel/./tldw_profile_core/fixtures/v1
copying build/lib/tldw_profile_core/fixtures/v1/26-resolved-proposal-timestamp-order.json -> build/bdist.macosx-11.0-arm64/wheel/./tldw_profile_core/fixtures/v1
copying build/lib/tldw_profile_core/fixtures/v1/30-numeric-epoch-timestamp.json -> build/bdist.macosx-11.0-arm64/wheel/./tldw_profile_core/fixtures/v1
copying build/lib/tldw_profile_core/fixtures/v1/41-integer-proposal-confidence.json -> build/bdist.macosx-11.0-arm64/wheel/./tldw_profile_core/fixtures/v1
copying build/lib/tldw_profile_core/fixtures/v1/08-missing-proposal-base.json -> build/bdist.macosx-11.0-arm64/wheel/./tldw_profile_core/fixtures/v1
copying build/lib/tldw_profile_core/fixtures/v1/22-manifest-timestamp-order.json -> build/bdist.macosx-11.0-arm64/wheel/./tldw_profile_core/fixtures/v1
copying build/lib/tldw_profile_core/fixtures/v1/42-integral-float-schema-version.json -> build/bdist.macosx-11.0-arm64/wheel/./tldw_profile_core/fixtures/v1
copying build/lib/tldw_profile_core/fixtures/v1/03-active-record.json -> build/bdist.macosx-11.0-arm64/wheel/./tldw_profile_core/fixtures/v1
copying build/lib/tldw_profile_core/fixtures/v1/25-record-expiry-order.json -> build/bdist.macosx-11.0-arm64/wheel/./tldw_profile_core/fixtures/v1
copying build/lib/tldw_profile_core/fixtures/v1/09-deleted-with-content.json -> build/bdist.macosx-11.0-arm64/wheel/./tldw_profile_core/fixtures/v1
copying build/lib/tldw_profile_core/fixtures/v1/18-pending-deleted-proposed-record.json -> build/bdist.macosx-11.0-arm64/wheel/./tldw_profile_core/fixtures/v1
copying build/lib/tldw_profile_core/fixtures/v1/14-pending-89-day-expiry.json -> build/bdist.macosx-11.0-arm64/wheel/./tldw_profile_core/fixtures/v1
copying build/lib/tldw_profile_core/fixtures/v1/36-integral-float-manifest-counter.json -> build/bdist.macosx-11.0-arm64/wheel/./tldw_profile_core/fixtures/v1
copying build/lib/tldw_profile_core/fixtures/v1/43-boolean-schema-version.json -> build/bdist.macosx-11.0-arm64/wheel/./tldw_profile_core/fixtures/v1
copying build/lib/tldw_profile_core/fixtures/v1/07-working-context-expiry.json -> build/bdist.macosx-11.0-arm64/wheel/./tldw_profile_core/fixtures/v1
copying build/lib/tldw_profile_core/fixtures/v1/20-invalid-manifest-timestamp.json -> build/bdist.macosx-11.0-arm64/wheel/./tldw_profile_core/fixtures/v1
copying build/lib/tldw_profile_core/fixtures/v1/44-string-schema-version.json -> build/bdist.macosx-11.0-arm64/wheel/./tldw_profile_core/fixtures/v1
copying build/lib/tldw_profile_core/fixtures/v1/39-string-proposal-confidence.json -> build/bdist.macosx-11.0-arm64/wheel/./tldw_profile_core/fixtures/v1
copying build/lib/tldw_profile_core/fixtures/v1/29-proposed-record-timestamp-order.json -> build/bdist.macosx-11.0-arm64/wheel/./tldw_profile_core/fixtures/v1
copying build/lib/tldw_profile_core/fixtures/v1/27-submillisecond-timestamp.json -> build/bdist.macosx-11.0-arm64/wheel/./tldw_profile_core/fixtures/v1
copying build/lib/tldw_profile_core/fixtures/v1/34-string-manifest-counter.json -> build/bdist.macosx-11.0-arm64/wheel/./tldw_profile_core/fixtures/v1
copying build/lib/tldw_profile_core/fixtures/v1/02-scope.json -> build/bdist.macosx-11.0-arm64/wheel/./tldw_profile_core/fixtures/v1
copying build/lib/tldw_profile_core/fixtures/v1/06-unknown-field-version.json -> build/bdist.macosx-11.0-arm64/wheel/./tldw_profile_core/fixtures/v1
copying build/lib/tldw_profile_core/fixtures/v1/10-working-context-missing-expiry.json -> build/bdist.macosx-11.0-arm64/wheel/./tldw_profile_core/fixtures/v1
copying build/lib/tldw_profile_core/fixtures/v1/40-boolean-proposal-confidence.json -> build/bdist.macosx-11.0-arm64/wheel/./tldw_profile_core/fixtures/v1
copying build/lib/tldw_profile_core/fixtures/v1/23-scope-timestamp-order.json -> build/bdist.macosx-11.0-arm64/wheel/./tldw_profile_core/fixtures/v1
copying build/lib/tldw_profile_core/fixtures/v1/28-unsafe-manifest-integer.json -> build/bdist.macosx-11.0-arm64/wheel/./tldw_profile_core/fixtures/v1
copying build/lib/tldw_profile_core/fixtures/v1/05-proposal.json -> build/bdist.macosx-11.0-arm64/wheel/./tldw_profile_core/fixtures/v1
copying build/lib/tldw_profile_core/fixtures/v1/37-string-no-expiry.json -> build/bdist.macosx-11.0-arm64/wheel/./tldw_profile_core/fixtures/v1
copying build/lib/tldw_profile_core/fixtures/v1/04-deleted-tombstone.json -> build/bdist.macosx-11.0-arm64/wheel/./tldw_profile_core/fixtures/v1
copying build/lib/tldw_profile_core/fixtures/v1/33-four-digit-fraction-timestamp.json -> build/bdist.macosx-11.0-arm64/wheel/./tldw_profile_core/fixtures/v1
copying build/lib/tldw_profile_core/fixtures/v1/31-space-datetime-syntax.json -> build/bdist.macosx-11.0-arm64/wheel/./tldw_profile_core/fixtures/v1
copying build/lib/tldw_profile_core/fixtures/v1/35-boolean-manifest-counter.json -> build/bdist.macosx-11.0-arm64/wheel/./tldw_profile_core/fixtures/v1
copying build/lib/tldw_profile_core/fixtures/v1/38-numeric-no-expiry.json -> build/bdist.macosx-11.0-arm64/wheel/./tldw_profile_core/fixtures/v1
copying build/lib/tldw_profile_core/fixtures/v1/12-update-missing-content.json -> build/bdist.macosx-11.0-arm64/wheel/./tldw_profile_core/fixtures/v1
copying build/lib/tldw_profile_core/fixtures/v1/21-naive-scope-timestamp.json -> build/bdist.macosx-11.0-arm64/wheel/./tldw_profile_core/fixtures/v1
copying build/lib/tldw_profile_core/fixtures/v1/11-kind-payload-mismatch.json -> build/bdist.macosx-11.0-arm64/wheel/./tldw_profile_core/fixtures/v1
copying build/lib/tldw_profile_core/fixtures/v1/15-proposal-identity-mismatch.json -> build/bdist.macosx-11.0-arm64/wheel/./tldw_profile_core/fixtures/v1
copying build/lib/tldw_profile_core/fixtures/v1/24-record-timestamp-order.json -> build/bdist.macosx-11.0-arm64/wheel/./tldw_profile_core/fixtures/v1
copying build/lib/tldw_profile_core/fixtures/v1/01-manifest.json -> build/bdist.macosx-11.0-arm64/wheel/./tldw_profile_core/fixtures/v1
copying build/lib/tldw_profile_core/fixtures/v1/16-proposal-base-mismatch.json -> build/bdist.macosx-11.0-arm64/wheel/./tldw_profile_core/fixtures/v1
copying build/lib/tldw_profile_core/fixtures/v1/17-multibyte-canonical-overflow.json -> build/bdist.macosx-11.0-arm64/wheel/./tldw_profile_core/fixtures/v1
copying build/lib/tldw_profile_core/fixtures/v1/13-create-missing-content.json -> build/bdist.macosx-11.0-arm64/wheel/./tldw_profile_core/fixtures/v1
copying build/lib/tldw_profile_core/fixtures/v1/45-out-of-range-proposal-confidence.json -> build/bdist.macosx-11.0-arm64/wheel/./tldw_profile_core/fixtures/v1
running install_egg_info
running egg_info
writing tldw_chatbook.egg-info/PKG-INFO
writing dependency_links to tldw_chatbook.egg-info/dependency_links.txt
writing entry points to tldw_chatbook.egg-info/entry_points.txt
writing requirements to tldw_chatbook.egg-info/requires.txt
writing top-level names to tldw_chatbook.egg-info/top_level.txt
reading manifest file 'tldw_chatbook.egg-info/SOURCES.txt'
reading manifest template 'MANIFEST.in'
warning: no previously-included files matching '*' found under directory 'Tests'
warning: no previously-included files matching '*' found under directory 'STests'
warning: no previously-included files found matching '.gitignore'
warning: no previously-included files found matching '.env'
warning: no previously-included files found matching '.env.example'
warning: no previously-included files found matching '.pypirc.template'
no previously-included directories found matching '.venv'
no previously-included directories found matching '.git'
no previously-included directories found matching '__pycache__'
warning: no previously-included files found matching '.DS_Store'
warning: no previously-included files matching '.DS_Store' found under directory '*'
warning: no previously-included files matching '*.pyc' found anywhere in distribution
warning: no previously-included files matching '*.pyo' found anywhere in distribution
warning: no previously-included files matching '__pycache__' found anywhere in distribution
adding license file 'LICENSE'
writing manifest file 'tldw_chatbook.egg-info/SOURCES.txt'
Copying tldw_chatbook.egg-info to build/bdist.macosx-11.0-arm64/wheel/./tldw_chatbook-0.2.0-py3.12.egg-info
running install_scripts
creating build/bdist.macosx-11.0-arm64/wheel/tldw_chatbook-0.2.0.dist-info/WHEEL
creating '/private/tmp/tts-macos-burndown/qodo-final-wheel-03/.tmp-oh3s5bln/tldw_chatbook-0.2.0-py3-none-any.whl' and adding 'build/bdist.macosx-11.0-arm64/wheel' to it
adding 'tldw_chatbook/Constants.py'
adding 'tldw_chatbook/Logging_Config.py'
adding 'tldw_chatbook/__init__.py'
adding 'tldw_chatbook/__main__.py'
adding 'tldw_chatbook/app.py'
adding 'tldw_chatbook/chunking_engine_version.py'
adding 'tldw_chatbook/cli.py'
adding 'tldw_chatbook/config.py'
adding 'tldw_chatbook/emergency_stop.py'
adding 'tldw_chatbook/model_capabilities.py'
adding 'tldw_chatbook/ACP_Interop/__init__.py'
adding 'tldw_chatbook/ACP_Interop/runtime_process.py'
adding 'tldw_chatbook/ACP_Interop/runtime_session.py'
adding 'tldw_chatbook/Actor_Packs/__init__.py'
adding 'tldw_chatbook/Actor_Packs/activation.py'
adding 'tldw_chatbook/Actor_Packs/contracts.py'
adding 'tldw_chatbook/Actor_Packs/controller.py'
adding 'tldw_chatbook/Actor_Packs/creation.py'
adding 'tldw_chatbook/Actor_Packs/export.py'
adding 'tldw_chatbook/Actor_Packs/import_controller.py'
adding 'tldw_chatbook/Actor_Packs/importer.py'
adding 'tldw_chatbook/Actor_Packs/persona_coordinator.py'
adding 'tldw_chatbook/Actor_Packs/publication.py'
adding 'tldw_chatbook/Actor_Packs/repository.py'
adding 'tldw_chatbook/Agents/__init__.py'
adding 'tldw_chatbook/Agents/agent_lesson_promotion.py'
adding 'tldw_chatbook/Agents/agent_models.py'
adding 'tldw_chatbook/Agents/agent_presets.py'
adding 'tldw_chatbook/Agents/agent_runtime.py'
adding 'tldw_chatbook/Agents/agent_service.py'
adding 'tldw_chatbook/Agents/agent_stream.py'
adding 'tldw_chatbook/Agents/agent_worktree.py'
adding 'tldw_chatbook/Agents/ask_user_questions.py'
adding 'tldw_chatbook/Agents/builtin_tool_gate.py'
adding 'tldw_chatbook/Agents/bulk_reader_corpus.py'
adding 'tldw_chatbook/Agents/canvas_tool_provider.py'
adding 'tldw_chatbook/Agents/fallback_chain.py'
adding 'tldw_chatbook/Agents/fleet_coordinator.py'
adding 'tldw_chatbook/Agents/fs_read_ledger.py'
adding 'tldw_chatbook/Agents/history_projection.py'
adding 'tldw_chatbook/Agents/human_input_wait.py'
adding 'tldw_chatbook/Agents/library_rag_tool_provider.py'
adding 'tldw_chatbook/Agents/library_tool_provider.py'
adding 'tldw_chatbook/Agents/local_tool_provider.py'
adding 'tldw_chatbook/Agents/mcp_tool_provider.py'
adding 'tldw_chatbook/Agents/model_retry.py'
adding 'tldw_chatbook/Agents/native_tools.py'
adding 'tldw_chatbook/Agents/persona_policy.py'
adding 'tldw_chatbook/Agents/profile_tool_provider.py'
adding 'tldw_chatbook/Agents/project_instruction_resolver.py'
adding 'tldw_chatbook/Agents/project_instruction_runtime.py'
adding 'tldw_chatbook/Agents/raw_shell_tool_provider.py'
adding 'tldw_chatbook/Agents/run_context.py'
adding 'tldw_chatbook/Agents/run_log.py'
adding 'tldw_chatbook/Agents/run_log_eviction.py'
adding 'tldw_chatbook/Agents/run_log_format.py'
adding 'tldw_chatbook/Agents/run_log_search.py'
adding 'tldw_chatbook/Agents/run_tool_policy.py'
adding 'tldw_chatbook/Agents/run_webhooks.py'
adding 'tldw_chatbook/Agents/session_todo_store.py'
adding 'tldw_chatbook/Agents/tool_arg_coercion.py'
adding 'tldw_chatbook/Agents/tool_catalog.py'
adding 'tldw_chatbook/Agents/virtual_cli_provider.py'
adding 'tldw_chatbook/Audio/__init__.py'
adding 'tldw_chatbook/Audio/console_dictation.py'
adding 'tldw_chatbook/Audio/diarizer_cluster.py'
adding 'tldw_chatbook/Audio/diarizer_engine_onnx.py'
adding 'tldw_chatbook/Audio/diarizer_engine_speechbrain.py'
adding 'tldw_chatbook/Audio/diarizer_local.py'
adding 'tldw_chatbook/Audio/diarizer_worker.py'
adding 'tldw_chatbook/Audio/dictation_metrics.py'
adding 'tldw_chatbook/Audio/dictation_service.py'
adding 'tldw_chatbook/Audio/dictation_service_lazy.py'
adding 'tldw_chatbook/Audio/meeting_capture.py'
adding 'tldw_chatbook/Audio/meeting_owner.py'
adding 'tldw_chatbook/Audio/meeting_session.py'
adding 'tldw_chatbook/Audio/realtime_mic_tap.py'
adding 'tldw_chatbook/Audio/recording_service.py'
adding 'tldw_chatbook/Audio/streaming_sink.py'
adding 'tldw_chatbook/Audio/system_audio_tap.py'
adding 'tldw_chatbook/Audio/voiceprint.py'
adding 'tldw_chatbook/Audio/wav_writer.py'
adding 'tldw_chatbook/Audio/audiotap/__init__.py'
adding 'tldw_chatbook/Audio/audiotap/main.swift'
adding 'tldw_chatbook/Audio_Services_Interop/__init__.py'
adding 'tldw_chatbook/Audio_Services_Interop/audio_services_scope_service.py'
adding 'tldw_chatbook/Audio_Services_Interop/local_audio_services_service.py'
adding 'tldw_chatbook/Audio_Services_Interop/server_audio_services_service.py'
adding 'tldw_chatbook/Auth_Account_Interop/__init__.py'
adding 'tldw_chatbook/Auth_Account_Interop/auth_account_scope_service.py'
adding 'tldw_chatbook/Auth_Account_Interop/server_auth_account_service.py'
adding 'tldw_chatbook/Canvas/__init__.py'
adding 'tldw_chatbook/Canvas/archive.py'
adding 'tldw_chatbook/Canvas/authoring.py'
adding 'tldw_chatbook/Canvas/capabilities.py'
adding 'tldw_chatbook/Canvas/compilation.py'
adding 'tldw_chatbook/Canvas/compiler.py'
adding 'tldw_chatbook/Canvas/control_protocol.py'
adding 'tldw_chatbook/Canvas/gateway.py'
adding 'tldw_chatbook/Canvas/limits.py'
adding 'tldw_chatbook/Canvas/models.py'
adding 'tldw_chatbook/Canvas/native_authority.py'
adding 'tldw_chatbook/Canvas/profiles.py'
adding 'tldw_chatbook/Canvas/repository.py'
adding 'tldw_chatbook/Canvas/runtime_assets.py'
adding 'tldw_chatbook/Canvas/service.py'
adding 'tldw_chatbook/Canvas/staging.py'
adding 'tldw_chatbook/Canvas/web_auth.py'
adding 'tldw_chatbook/Canvas/mermaid/budget.js'
adding 'tldw_chatbook/Canvas/mermaid/entry.js'
adding 'tldw_chatbook/Canvas/mermaid/flow_layout.js'
adding 'tldw_chatbook/Canvas/mermaid/inputs.json'
adding 'tldw_chatbook/Canvas/mermaid/scene.js'
adding 'tldw_chatbook/Canvas/mermaid/semantic.js'
adding 'tldw_chatbook/Canvas/mermaid/sequence_layout.js'
adding 'tldw_chatbook/Canvas/mermaid/text.js'
adding 'tldw_chatbook/Canvas/static/MERMAID_THIRD_PARTY_LICENSES.txt'
adding 'tldw_chatbook/Canvas/static/THIRD_PARTY_LICENSES.txt'
adding 'tldw_chatbook/Canvas/static/canvas_renderer.js'
adding 'tldw_chatbook/Canvas/static/canvas_renderer_v2.js'
adding 'tldw_chatbook/Canvas/static/canvas_runtime_worker.js'
adding 'tldw_chatbook/Canvas/static/canvas_runtime_worker_v2.js'
adding 'tldw_chatbook/Canvas/static/canvas_shell.css'
adding 'tldw_chatbook/Canvas/static/canvas_shell.html'
adding 'tldw_chatbook/Canvas/static/canvas_shell.js'
adding 'tldw_chatbook/Canvas/static/mermaid-authoring.txt'
adding 'tldw_chatbook/Canvas/static/mermaid-runtime-manifest.json'
adding 'tldw_chatbook/Canvas/static/mermaid-subset.json'
adding 'tldw_chatbook/Canvas/static/profile-catalog.json'
adding 'tldw_chatbook/Canvas/static/quickjs-runtime.js'
adding 'tldw_chatbook/Canvas/static/runtime-manifest.json'
adding 'tldw_chatbook/Character_Chat/Character_Chat_Lib.py'
adding 'tldw_chatbook/Character_Chat/Chat_Dictionary_Lib.py'
adding 'tldw_chatbook/Character_Chat/__init__.py'
adding 'tldw_chatbook/Character_Chat/builtin_pixel_migu.py'
adding 'tldw_chatbook/Character_Chat/ccv3_parser.py'
adding 'tldw_chatbook/Character_Chat/character_card_formats.py'
adding 'tldw_chatbook/Character_Chat/character_conversation_navigation.py'
adding 'tldw_chatbook/Character_Chat/character_generation.py'
adding 'tldw_chatbook/Character_Chat/character_generation_controller.py'
adding 'tldw_chatbook/Character_Chat/character_mood.py'
adding 'tldw_chatbook/Character_Chat/character_persona_scope_service.py'
adding 'tldw_chatbook/Character_Chat/chat_dictionary_scope_service.py'
adding 'tldw_chatbook/Character_Chat/emote_directives.py'
adding 'tldw_chatbook/Character_Chat/expression_generation.py'
adding 'tldw_chatbook/Character_Chat/expression_set_io.py'
adding 'tldw_chatbook/Character_Chat/local_character_persona_service.py'
adding 'tldw_chatbook/Character_Chat/local_chat_dictionary_service.py'
adding 'tldw_chatbook/Character_Chat/persona_list_paging.py'
adding 'tldw_chatbook/Character_Chat/persona_visual_identity.py'
adding 'tldw_chatbook/Character_Chat/server_character_persona_service.py'
adding 'tldw_chatbook/Character_Chat/server_chat_dictionary_service.py'
adding 'tldw_chatbook/Character_Chat/visual_identity.py'
adding 'tldw_chatbook/Character_Chat/world_book_import.py'
adding 'tldw_chatbook/Character_Chat/world_book_manager.py'
adding 'tldw_chatbook/Character_Chat/world_info_diagnostics.py'
adding 'tldw_chatbook/Character_Chat/world_info_processor.py'
adding 'tldw_chatbook/Character_Chat/world_info_regex.py'
adding 'tldw_chatbook/Character_Chat/world_info_resolver.py'
adding 'tldw_chatbook/Chat/Chat_Deps.py'
adding 'tldw_chatbook/Chat/Chat_Functions.py'
adding 'tldw_chatbook/Chat/__init__.py'
adding 'tldw_chatbook/Chat/answer_citations.py'
adding 'tldw_chatbook/Chat/assistant_generation_state.py'
adding 'tldw_chatbook/Chat/attachment_core.py'
adding 'tldw_chatbook/Chat/chat_conversation_scope_service.py'
adding 'tldw_chatbook/Chat/chat_conversation_service.py'
adding 'tldw_chatbook/Chat/chat_handoff_messages.py'
adding 'tldw_chatbook/Chat/chat_handoff_models.py'
adding 'tldw_chatbook/Chat/chat_loop_scope_service.py'
adding 'tldw_chatbook/Chat/chat_models.py'
adding 'tldw_chatbook/Chat/chat_persistence_service.py'
adding 'tldw_chatbook/Chat/citation_artifact_ownership.py'
adding 'tldw_chatbook/Chat/citation_evidence_models.py'
adding 'tldw_chatbook/Chat/citation_legacy_migration.py'
adding 'tldw_chatbook/Chat/citation_payload_lifecycle.py'
adding 'tldw_chatbook/Chat/citation_provenance_runtime.py'
adding 'tldw_chatbook/Chat/citation_repair.py'
adding 'tldw_chatbook/Chat/citation_service_factory.py'
adding 'tldw_chatbook/Chat/citation_source_locators.py'
adding 'tldw_chatbook/Chat/citation_trace_adapters.py'
adding 'tldw_chatbook/Chat/citation_trace_builder.py'
adding 'tldw_chatbook/Chat/citation_trace_identity.py'
adding 'tldw_chatbook/Chat/citation_trace_models.py'
adding 'tldw_chatbook/Chat/citation_trace_repository.py'
adding 'tldw_chatbook/Chat/console_activity_receipts.py'
adding 'tldw_chatbook/Chat/console_agent_bridge.py'
adding 'tldw_chatbook/Chat/console_appearance.py'
adding 'tldw_chatbook/Chat/console_assistant_defaults.py'
adding 'tldw_chatbook/Chat/console_auto_speak.py'
adding 'tldw_chatbook/Chat/console_auxiliary_routing.py'
adding 'tldw_chatbook/Chat/console_canvas_controller.py'
adding 'tldw_chatbook/Chat/console_capture_policy_repository.py'
adding 'tldw_chatbook/Chat/console_chat_controller.py'
adding 'tldw_chatbook/Chat/console_chat_fork.py'
adding 'tldw_chatbook/Chat/console_chat_models.py'
adding 'tldw_chatbook/Chat/console_chat_store.py'
adding 'tldw_chatbook/Chat/console_command_grammar.py'
adding 'tldw_chatbook/Chat/console_command_suggestions.py'
adding 'tldw_chatbook/Chat/console_context_compaction.py'
adding 'tldw_chatbook/Chat/console_context_policy.py'
adding 'tldw_chatbook/Chat/console_context_repository.py'
adding 'tldw_chatbook/Chat/console_conversation_actions.py'
adding 'tldw_chatbook/Chat/console_conversation_activation.py'
adding 'tldw_chatbook/Chat/console_conversation_hydration.py'
adding 'tldw_chatbook/Chat/console_conversation_markdown.py'
adding 'tldw_chatbook/Chat/console_cost_tracker.py'
adding 'tldw_chatbook/Chat/console_dispatch_checkpoint.py'
adding 'tldw_chatbook/Chat/console_dispatch_repository.py'
adding 'tldw_chatbook/Chat/console_display_state.py'
adding 'tldw_chatbook/Chat/console_endpoint_provenance.py'
adding 'tldw_chatbook/Chat/console_environment_state.py'
adding 'tldw_chatbook/Chat/console_ephemeral.py'
adding 'tldw_chatbook/Chat/console_exchange_capture.py'
adding 'tldw_chatbook/Chat/console_exchange_export.py'
adding 'tldw_chatbook/Chat/console_expression_state.py'
adding 'tldw_chatbook/Chat/console_fleet_attention.py'
adding 'tldw_chatbook/Chat/console_fleet_wake.py'
adding 'tldw_chatbook/Chat/console_generate_image.py'
adding 'tldw_chatbook/Chat/console_generate_video.py'
adding 'tldw_chatbook/Chat/console_generation_settings_metadata.py'
adding 'tldw_chatbook/Chat/console_glyphs.py'
adding 'tldw_chatbook/Chat/console_hands_free.py'
adding 'tldw_chatbook/Chat/console_help.py'
adding 'tldw_chatbook/Chat/console_history_budget.py'
adding 'tldw_chatbook/Chat/console_image_edit_operations.py'
adding 'tldw_chatbook/Chat/console_image_view.py'
adding 'tldw_chatbook/Chat/console_interrupt_rounds.py'
adding 'tldw_chatbook/Chat/console_launch_wake.py'
adding 'tldw_chatbook/Chat/console_library_activity_buffer.py'
adding 'tldw_chatbook/Chat/console_library_destination.py'
adding 'tldw_chatbook/Chat/console_library_policy.py'
adding 'tldw_chatbook/Chat/console_library_policy_coordinator.py'
adding 'tldw_chatbook/Chat/console_library_policy_repository.py'
adding 'tldw_chatbook/Chat/console_live_work.py'
adding 'tldw_chatbook/Chat/console_message_actions.py'
adding 'tldw_chatbook/Chat/console_onboarding_state.py'
adding 'tldw_chatbook/Chat/console_paste_attach.py'
adding 'tldw_chatbook/Chat/console_persona_assignment.py'
adding 'tldw_chatbook/Chat/console_prefill.py'
adding 'tldw_chatbook/Chat/console_prepared_request.py'
adding 'tldw_chatbook/Chat/console_project_instructions.py'
adding 'tldw_chatbook/Chat/console_prompt_queue.py'
adding 'tldw_chatbook/Chat/console_prompt_queue_coordinator.py'
adding 'tldw_chatbook/Chat/console_provider_endpoints.py'
adding 'tldw_chatbook/Chat/console_provider_gateway.py'
adding 'tldw_chatbook/Chat/console_provider_support.py'
adding 'tldw_chatbook/Chat/console_rail_state.py'
adding 'tldw_chatbook/Chat/console_raw_cli.py'
adding 'tldw_chatbook/Chat/console_realtime_loop.py'
adding 'tldw_chatbook/Chat/console_references.py'
adding 'tldw_chatbook/Chat/console_roleplay_identity.py'
adding 'tldw_chatbook/Chat/console_roleplay_metadata.py'
adding 'tldw_chatbook/Chat/console_runtime.py'
adding 'tldw_chatbook/Chat/console_save_targets.py'
adding 'tldw_chatbook/Chat/console_scratch_space.py'
adding 'tldw_chatbook/Chat/console_semantic_revision.py'
adding 'tldw_chatbook/Chat/console_send_diagnostics.py'
adding 'tldw_chatbook/Chat/console_session_endpoint_policy.py'
adding 'tldw_chatbook/Chat/console_session_settings.py'
adding 'tldw_chatbook/Chat/console_settings_apply.py'
adding 'tldw_chatbook/Chat/console_settings_defaults.py'
adding 'tldw_chatbook/Chat/console_settings_durability.py'
adding 'tldw_chatbook/Chat/console_side_chat.py'
adding 'tldw_chatbook/Chat/console_skill_resolver.py'
adding 'tldw_chatbook/Chat/console_speech.py'
adding 'tldw_chatbook/Chat/console_speech_preferences.py'
adding 'tldw_chatbook/Chat/console_switcher_state.py'
adding 'tldw_chatbook/Chat/console_thinking_capture.py'
adding 'tldw_chatbook/Chat/console_thinking_history.py'
adding 'tldw_chatbook/Chat/console_trace_chunk_rows.py'
adding 'tldw_chatbook/Chat/console_trace_custom_pii.py'
adding 'tldw_chatbook/Chat/console_trace_errors.py'
adding 'tldw_chatbook/Chat/console_trace_final_values.py'
adding 'tldw_chatbook/Chat/console_trace_legacy.py'
adding 'tldw_chatbook/Chat/console_trace_maintenance.py'
adding 'tldw_chatbook/Chat/console_trace_metrics.py'
adding 'tldw_chatbook/Chat/console_trace_models.py'
adding 'tldw_chatbook/Chat/console_trace_native_reader.py'
adding 'tldw_chatbook/Chat/console_trace_projection.py'
adding 'tldw_chatbook/Chat/console_trace_provenance.py'
adding 'tldw_chatbook/Chat/console_trace_redaction.py'
adding 'tldw_chatbook/Chat/console_trace_regex_worker.py'
adding 'tldw_chatbook/Chat/console_trace_repository.py'
adding 'tldw_chatbook/Chat/console_trace_runtime.py'
adding 'tldw_chatbook/Chat/console_trace_service.py'
adding 'tldw_chatbook/Chat/console_trace_settlement.py'
adding 'tldw_chatbook/Chat/console_transaction_contribution.py'
adding 'tldw_chatbook/Chat/console_turn_context.py'
adding 'tldw_chatbook/Chat/console_turn_grouping.py'
adding 'tldw_chatbook/Chat/console_turn_preparation.py'
adding 'tldw_chatbook/Chat/console_visual_benchmark.py'
adding 'tldw_chatbook/Chat/console_visual_evaluation.py'
adding 'tldw_chatbook/Chat/console_visual_transcript.py'
adding 'tldw_chatbook/Chat/console_voice_input.py'
adding 'tldw_chatbook/Chat/console_workspace_actions.py'
adding 'tldw_chatbook/Chat/conversation_local_marks_service.py'
adding 'tldw_chatbook/Chat/cost_display.py'
adding 'tldw_chatbook/Chat/document_generator.py'
adding 'tldw_chatbook/Chat/library_activity.py'
adding 'tldw_chatbook/Chat/library_preparation.py'
adding 'tldw_chatbook/Chat/llamacpp_think_filter.py'
adding 'tldw_chatbook/Chat/local_server_discovery.py'
adding 'tldw_chatbook/Chat/message_metadata.py'
adding 'tldw_chatbook/Chat/permission_summary_service.py'
adding 'tldw_chatbook/Chat/prompt_history.py'
adding 'tldw_chatbook/Chat/prompt_template_manager.py'
adding 'tldw_chatbook/Chat/provider_catalog.py'
adding 'tldw_chatbook/Chat/provider_continuation.py'
adding 'tldw_chatbook/Chat/provider_endpoint_contract.py'
adding 'tldw_chatbook/Chat/provider_failures.py'
adding 'tldw_chatbook/Chat/provider_readiness.py'
adding 'tldw_chatbook/Chat/provider_setup_persistence.py'
adding 'tldw_chatbook/Chat/provider_test_evidence.py'
adding 'tldw_chatbook/Chat/provider_usage.py'
adding 'tldw_chatbook/Chat/rag_scope.py'
adding 'tldw_chatbook/Chat/reply_sentence_sequencer.py'
adding 'tldw_chatbook/Chat/scope_picker_listers.py'
adding 'tldw_chatbook/Chat/server_chat_conversation_service.py'
adding 'tldw_chatbook/Chat/server_chat_loop_service.py'
adding 'tldw_chatbook/Chat/stream_stall_watchdog.py'
adding 'tldw_chatbook/Chat/thinking_blocks.py'
adding 'tldw_chatbook/Chat/trace_export_profiles.py'
adding 'tldw_chatbook/Chat/trajectory.py'
adding 'tldw_chatbook/Chat/trajectory_export.py'
adding 'tldw_chatbook/Chat/trajectory_import.py'
adding 'tldw_chatbook/Chat/usage_recorder.py'
adding 'tldw_chatbook/Chat_Grammars_Interop/__init__.py'
adding 'tldw_chatbook/Chat_Grammars_Interop/chat_grammars_scope_service.py'
adding 'tldw_chatbook/Chat_Grammars_Interop/local_chat_grammars_service.py'
adding 'tldw_chatbook/Chat_Grammars_Interop/server_chat_grammars_service.py'
adding 'tldw_chatbook/Chatbooks/__init__.py'
adding 'tldw_chatbook/Chatbooks/chatbook_creator.py'
adding 'tldw_chatbook/Chatbooks/chatbook_importer.py'
adding 'tldw_chatbook/Chatbooks/chatbook_models.py'
adding 'tldw_chatbook/Chatbooks/conflict_resolver.py'
adding 'tldw_chatbook/Chatbooks/database_paths.py'
adding 'tldw_chatbook/Chatbooks/error_handler.py'
adding 'tldw_chatbook/Chatbooks/local_chatbook_service.py'
adding 'tldw_chatbook/Chatbooks/server_chatbook_service.py'
adding 'tldw_chatbook/Chunking/Chunk_Lib.py'
adding 'tldw_chatbook/Chunking/__init__.py'
adding 'tldw_chatbook/Chunking/_template_conversion.py'
adding 'tldw_chatbook/Chunking/auto_selection.py'
adding 'tldw_chatbook/Chunking/chunking_interop_library.py'
adding 'tldw_chatbook/Chunking/lab_autosave.py'
adding 'tldw_chatbook/Chunking/lab_comparison.py'
adding 'tldw_chatbook/Chunking/lab_coordinator.py'
adding 'tldw_chatbook/Chunking/lab_models.py'
adding 'tldw_chatbook/Chunking/lab_preflight.py'
adding 'tldw_chatbook/Chunking/lab_recovery.py'
adding 'tldw_chatbook/Chunking/lab_runner.py'
adding 'tldw_chatbook/Chunking/lab_state.py'
adding 'tldw_chatbook/Chunking/language_chunkers.py'
adding 'tldw_chatbook/Chunking/template_runtime.py'
adding 'tldw_chatbook/Chunking/token_chunker.py'
adding 'tldw_chatbook/Chunking/_shims/__init__.py'
adding 'tldw_chatbook/Chunking/_shims/config.py'
adding 'tldw_chatbook/Chunking/_shims/prompt_loader.py'
adding 'tldw_chatbook/Chunking/_shims/testing.py'
adding 'tldw_chatbook/Chunking/_shims/Utils/__init__.py'
adding 'tldw_chatbook/Chunking/_shims/Utils/prompt_loader.py'
adding 'tldw_chatbook/Chunking/engine/LICENSE'
adding 'tldw_chatbook/Chunking/engine/__init__.py'
adding 'tldw_chatbook/Chunking/engine/auto_planner.py'
adding 'tldw_chatbook/Chunking/engine/base.py'
adding 'tldw_chatbook/Chunking/engine/chunker.py'
adding 'tldw_chatbook/Chunking/engine/constants.py'
adding 'tldw_chatbook/Chunking/engine/error_policy.py'
adding 'tldw_chatbook/Chunking/engine/exceptions.py'
adding 'tldw_chatbook/Chunking/engine/llm_context.py'
adding 'tldw_chatbook/Chunking/engine/multilingual.py'
adding 'tldw_chatbook/Chunking/engine/option_utils.py'
adding 'tldw_chatbook/Chunking/engine/regex_safety.py'
adding 'tldw_chatbook/Chunking/engine/security_logger.py'
adding 'tldw_chatbook/Chunking/engine/templates.py'
adding 'tldw_chatbook/Chunking/engine/LICENSES/GPL-3.0-only.txt'
adding 'tldw_chatbook/Chunking/engine/process_text/__init__.py'
adding 'tldw_chatbook/Chunking/engine/process_text/dispatch.py'
adding 'tldw_chatbook/Chunking/engine/process_text/metadata.py'
adding 'tldw_chatbook/Chunking/engine/process_text/models.py'
adding 'tldw_chatbook/Chunking/engine/process_text/options.py'
adding 'tldw_chatbook/Chunking/engine/process_text/pipeline.py'
adding 'tldw_chatbook/Chunking/engine/process_text/preparation.py'
adding 'tldw_chatbook/Chunking/engine/splitters/__init__.py'
adding 'tldw_chatbook/Chunking/engine/splitters/blingfire.py'
adding 'tldw_chatbook/Chunking/engine/splitters/regex.py'
adding 'tldw_chatbook/Chunking/engine/strategies/__init__.py'
adding 'tldw_chatbook/Chunking/engine/strategies/code.py'
adding 'tldw_chatbook/Chunking/engine/strategies/code_ast.py'
adding 'tldw_chatbook/Chunking/engine/strategies/ebook_chapters.py'
adding 'tldw_chatbook/Chunking/engine/strategies/ebook_chapters_patch.py'
adding 'tldw_chatbook/Chunking/engine/strategies/fixed_size.py'
adding 'tldw_chatbook/Chunking/engine/strategies/json_xml.py'
adding 'tldw_chatbook/Chunking/engine/strategies/paragraphs.py'
adding 'tldw_chatbook/Chunking/engine/strategies/propositions.py'
adding 'tldw_chatbook/Chunking/engine/strategies/rolling_summarize.py'
adding 'tldw_chatbook/Chunking/engine/strategies/semantic.py'
adding 'tldw_chatbook/Chunking/engine/strategies/sentences.py'
adding 'tldw_chatbook/Chunking/engine/strategies/structure_aware.py'
adding 'tldw_chatbook/Chunking/engine/strategies/tokens.py'
adding 'tldw_chatbook/Chunking/engine/strategies/words.py'
adding 'tldw_chatbook/Chunking/engine/utils/metrics.py'
adding 'tldw_chatbook/Claims_Interop/__init__.py'
adding 'tldw_chatbook/Claims_Interop/claims_scope_service.py'
adding 'tldw_chatbook/Claims_Interop/server_claims_service.py'
adding 'tldw_chatbook/Coding/code_mapper.py'
adding 'tldw_chatbook/Collections_Interop/__init__.py'
adding 'tldw_chatbook/Collections_Interop/collections_feeds_scope_service.py'
adding 'tldw_chatbook/Collections_Interop/server_collections_feeds_service.py'
adding 'tldw_chatbook/Companion_Interop/__init__.py'
adding 'tldw_chatbook/Companion_Interop/companion_scope_service.py'
adding 'tldw_chatbook/Companion_Interop/server_companion_service.py'
adding 'tldw_chatbook/Config_Files/EMBEDDING_DEFAULTS_README.md'
adding 'tldw_chatbook/Config_Files/__init__.py'
adding 'tldw_chatbook/Config_Files/create_custom_template.py'
adding 'tldw_chatbook/Config_Files/note_templates.json'
adding 'tldw_chatbook/Config_Files/note_templates_guide.md'
adding 'tldw_chatbook/Config_Files/note_templates_with_sync.json'
adding 'tldw_chatbook/Config_Files/openai_tts_mappings.json'
adding 'tldw_chatbook/Config_Files/rag_pipelines.toml'
adding 'tldw_chatbook/DB/AgentRuns_DB.py'
adding 'tldw_chatbook/DB/ChaChaNotes_DB.py'
adding 'tldw_chatbook/DB/Chunking_Lab_DB.py'
adding 'tldw_chatbook/DB/Client_Media_DB_v2.py'
adding 'tldw_chatbook/DB/Evals_DB.py'
adding 'tldw_chatbook/DB/Library_Collections_DB.py'
adding 'tldw_chatbook/DB/Library_Ingest_Jobs_DB.py'
adding 'tldw_chatbook/DB/Prompts_DB.py'
adding 'tldw_chatbook/DB/RAG_Indexing_DB.py'
adding 'tldw_chatbook/DB/Subscriptions_DB.py'
adding 'tldw_chatbook/DB/VisualIdentity_DB.py'
adding 'tldw_chatbook/DB/Workspace_DB.py'
adding 'tldw_chatbook/DB/__init__.py'
adding 'tldw_chatbook/DB/base_db.py'
adding 'tldw_chatbook/DB/chachanotes_fts_backfill.py'
adding 'tldw_chatbook/DB/character_conversation_search.py'
adding 'tldw_chatbook/DB/fts_backfill_pacing.py'
adding 'tldw_chatbook/DB/private_sqlite.py'
adding 'tldw_chatbook/DB/private_sqlite_files.py'
adding 'tldw_chatbook/DB/private_sqlite_helper.py'
adding 'tldw_chatbook/DB/private_sqlite_helper_entry.py'
adding 'tldw_chatbook/DB/private_sqlite_process.py'
adding 'tldw_chatbook/DB/private_sqlite_protocol.py'
adding 'tldw_chatbook/DB/sql_identifier_core.py'
adding 'tldw_chatbook/DB/sql_logging.py'
adding 'tldw_chatbook/DB/sql_validation.py'
adding 'tldw_chatbook/DB/sqlite_datetime_fix.py'
adding 'tldw_chatbook/DB/transaction_observer.py'
adding 'tldw_chatbook/DB/migrations/add_sync_fields_to_notes.sql'
adding 'tldw_chatbook/DB/migrations/chachanotes_v16_to_v17_conversation_local_marks.sql'
adding 'tldw_chatbook/DB/migrations/chachanotes_v17_to_v18_conversation_system_prompt.sql'
adding 'tldw_chatbook/DB/migrations/chachanotes_v18_to_v19_message_attachments.sql'
adding 'tldw_chatbook/DB/migrations/chachanotes_v19_to_v20_conversation_metadata.sql'
adding 'tldw_chatbook/DB/migrations/chachanotes_v20_to_v21_world_book_entry_priority.sql'
adding 'tldw_chatbook/DB/migrations/chachanotes_v21_to_v22_world_book_entry_regex.sql'
adding 'tldw_chatbook/DB/migrations/chachanotes_v22_to_v23_character_expression_images.sql'
adding 'tldw_chatbook/DB/migrations/chachanotes_v23_to_v24_conversation_active_leaf.sql'
adding 'tldw_chatbook/DB/migrations/chachanotes_v24_to_v25_message_generation_metadata.sql'
adding 'tldw_chatbook/DB/migrations/chachanotes_v25_to_v26_conversation_context_summary.sql'
adding 'tldw_chatbook/DB/migrations/chachanotes_v26_to_v27_citation_provenance.sql'
adding 'tldw_chatbook/DB/migrations/chachanotes_v27_to_v28_character_authority.sql'
adding 'tldw_chatbook/DB/migrations/chachanotes_v28_to_v29_kept_briefings.sql'
adding 'tldw_chatbook/DB/migrations/chachanotes_v29_to_v30_message_usage.sql'
adding 'tldw_chatbook/DB/migrations/chachanotes_v30_to_v31_message_metadata.sql'
adding 'tldw_chatbook/DB/migrations/chachanotes_v31_to_v32_default_assistant_enrichment.sql'
adding 'tldw_chatbook/DB/migrations/chachanotes_v32_to_v33_console_context_memory.sql'
adding 'tldw_chatbook/DB/migrations/chachanotes_v33_to_v34_visual_compaction_policy.sql'
adding 'tldw_chatbook/DB/migrations/chachanotes_v34_to_v35_conversation_dictionary_attachments.sql'
adding 'tldw_chatbook/DB/migrations/chachanotes_v35_to_v36_note_folders.sql'
adding 'tldw_chatbook/DB/migrations/chachanotes_v36_to_v37_provider_continuation.sql'
adding 'tldw_chatbook/DB/migrations/chachanotes_v37_to_v38_message_trajectory_metadata.sql'
adding 'tldw_chatbook/DB/migrations/chachanotes_v38_to_v39_visual_identity.sql'
adding 'tldw_chatbook/DB/migrations/chachanotes_v39_to_v40_transcript_annotations.sql'
adding 'tldw_chatbook/DB/migrations/chachanotes_v40_to_v41_persona_visual.sql'
adding 'tldw_chatbook/DB/migrations/chachanotes_v41_to_v42_console_project_context.sql'
adding 'tldw_chatbook/DB/migrations/chachanotes_v42_to_v43_message_exchanges.sql'
adding 'tldw_chatbook/DB/migrations/chachanotes_v42_to_v43_research_quick_note_proofs.sql'
adding 'tldw_chatbook/DB/migrations/chachanotes_v43_to_v44_sync_conflict_preservation.sql'
adding 'tldw_chatbook/DB/migrations/chachanotes_v44_to_v45_actor_packs.sql'
adding 'tldw_chatbook/DB/migrations/chachanotes_v45_to_v46_sync_log_retention.sql'
adding 'tldw_chatbook/DB/migrations/chachanotes_v46_to_v47_messages_fts_backfill_guards.sql'
adding 'tldw_chatbook/DB/migrations/chachanotes_v47_to_v48_console_library_policy.sql'
adding 'tldw_chatbook/DB/migrations/chachanotes_v48_to_v49_messages_fts_update_scope.sql'
adding 'tldw_chatbook/DB/migrations/chachanotes_v49_to_v50_console_policy_tombstone_cleanup.sql'
adding 'tldw_chatbook/DB/migrations/chachanotes_v50_to_v51_console_full_capture.sql'
adding 'tldw_chatbook/DB/migrations/chachanotes_v51_to_v52_console_thinking.sql'
adding 'tldw_chatbook/DB/migrations/chachanotes_v53_to_v54_active_leaf_before_message.sql'
adding 'tldw_chatbook/DB/migrations/chachanotes_v54_to_v55_console_memory_scope_selection.sql'
adding 'tldw_chatbook/DB/migrations/chachanotes_v55_to_v56_console_semantic_trace.sql'
adding 'tldw_chatbook/DB/migrations/chachanotes_v56_to_v57_semantic_mutation_guard.sql'
adding 'tldw_chatbook/DB/migrations/chachanotes_v57_to_v58_notes_organization_sync.sql'
adding 'tldw_chatbook/DB/migrations/chachanotes_v58_to_v59_note_organization_tool_receipts.sql'
adding 'tldw_chatbook/DB/migrations/chachanotes_v59_to_v60_note_sync_publication_intents.sql'
adding 'tldw_chatbook/DB/migrations/chachanotes_v60_to_v61_agent_lessons_seed.sql'
adding 'tldw_chatbook/DB/migrations/chachanotes_v61_to_v62_console_trace_privacy_policy.sql'
adding 'tldw_chatbook/DB/migrations/chachanotes_v62_to_v63_console_trace_gc_guard.sql'
adding 'tldw_chatbook/DB/migrations/chachanotes_v63_to_v64_auxiliary_timed_out_status.sql'
adding 'tldw_chatbook/DB/migrations/chachanotes_v64_to_v65_console_trace_compaction.sql'
adding 'tldw_chatbook/DB/migrations/chachanotes_v65_to_v66_character_conversation_search.sql'
adding 'tldw_chatbook/DB/migrations/chachanotes_v66_to_v67_canvas_revisions.sql'
adding 'tldw_chatbook/DB/migrations/chachanotes_v67_to_v68_canvas_runtime_profiles.sql'
adding 'tldw_chatbook/DB/migrations/chachanotes_v68_to_v69_console_trace_source_pin.sql'
adding 'tldw_chatbook/DB/migrations/chachanotes_v69_to_v70_independent_buddy.sql'
adding 'tldw_chatbook/DB/migrations/library_collections_v2_to_v3_extraction_leases.sql'
adding 'tldw_chatbook/DB/migrations/subscriptions_v1_to_v2_briefing_provenance.sql'
adding 'tldw_chatbook/DB/migrations/workspaces_v1_to_v2_name_unique_index.sql'
adding 'tldw_chatbook/DB/migrations/workspaces_v2_to_v3_research_source_operations.sql'
adding 'tldw_chatbook/DB/migrations/workspaces_v3_to_v4_quick_note_receipts.sql'
adding 'tldw_chatbook/DB/migrations/workspaces_v4_to_v5_quick_note_receipts.sql'
adding 'tldw_chatbook/DB/migrations/workspaces_v5_to_v6_quick_note_recovery.sql'
adding 'tldw_chatbook/DB/migrations/workspaces_v6_to_v7_assistant_defaults.sql'
adding 'tldw_chatbook/DB/migrations/workspaces_v7_to_v8_explicit_none.sql'
adding 'tldw_chatbook/Embeddings/Embeddings_Lib.py'
adding 'tldw_chatbook/Embeddings/__init__.py'
adding 'tldw_chatbook/Evals/__init__.py'
adding 'tldw_chatbook/Evals/ab_testing.py'
adding 'tldw_chatbook/Evals/base_runner.py'
adding 'tldw_chatbook/Evals/concurrency_manager.py'
adding 'tldw_chatbook/Evals/config_loader.py'
adding 'tldw_chatbook/Evals/configuration_validator.py'
adding 'tldw_chatbook/Evals/dataset_loader.py'
adding 'tldw_chatbook/Evals/dataset_validator.py'
adding 'tldw_chatbook/Evals/eval_errors.py'
adding 'tldw_chatbook/Evals/eval_orchestrator.py'
adding 'tldw_chatbook/Evals/eval_runner.py'
adding 'tldw_chatbook/Evals/eval_templates.py'
adding 'tldw_chatbook/Evals/exporters.py'
adding 'tldw_chatbook/Evals/research_report_scorer.py'
adding 'tldw_chatbook/Evals/specialized_runners.py'
adding 'tldw_chatbook/Evals/steering.py'
adding 'tldw_chatbook/Evals/task_loader.py'
adding 'tldw_chatbook/Evals/ui_integration.py'
adding 'tldw_chatbook/Evals/character_probe/__init__.py'
adding 'tldw_chatbook/Evals/character_probe/cards.py'
adding 'tldw_chatbook/Evals/character_probe/models.py'
adding 'tldw_chatbook/Evals/character_probe/probe_format.py'
adding 'tldw_chatbook/Evals/character_probe/prompt.py'
adding 'tldw_chatbook/Evals/character_probe/runner.py'
adding 'tldw_chatbook/Evals/character_probe/storage.py'
adding 'tldw_chatbook/Evals/character_probe/tags.py'
adding 'tldw_chatbook/Evals/character_probe/targets.py'
adding 'tldw_chatbook/Evals/config/eval_config.yaml'
adding 'tldw_chatbook/Evals/eval_datasets/research_report_verification.json'
adding 'tldw_chatbook/Evals/eval_templates/__init__.py'
adding 'tldw_chatbook/Evals/eval_templates/base.py'
adding 'tldw_chatbook/Evals/eval_templates/coding.py'
adding 'tldw_chatbook/Evals/eval_templates/creative.py'
adding 'tldw_chatbook/Evals/eval_templates/language.py'
adding 'tldw_chatbook/Evals/eval_templates/multimodal.py'
adding 'tldw_chatbook/Evals/eval_templates/reasoning.py'
adding 'tldw_chatbook/Evals/eval_templates/research.py'
adding 'tldw_chatbook/Evals/eval_templates/safety.py'
adding 'tldw_chatbook/Evals/word_bench/__init__.py'
adding 'tldw_chatbook/Evals/word_bench/analysis.py'
adding 'tldw_chatbook/Evals/word_bench/capture_client.py'
adding 'tldw_chatbook/Evals/word_bench/models.py'
adding 'tldw_chatbook/Evals/word_bench/normalizer.py'
adding 'tldw_chatbook/Evals/word_bench/runner.py'
adding 'tldw_chatbook/Evals/word_bench/storage.py'
adding 'tldw_chatbook/Evaluations_Interop/__init__.py'
adding 'tldw_chatbook/Evaluations_Interop/evaluation_normalizers.py'
adding 'tldw_chatbook/Evaluations_Interop/evaluation_scope_service.py'
adding 'tldw_chatbook/Evaluations_Interop/local_evaluations_service.py'
adding 'tldw_chatbook/Evaluations_Interop/server_evaluations_service.py'
adding 'tldw_chatbook/Event_Handlers/__init__.py'
adding 'tldw_chatbook/Event_Handlers/app_lifecycle.py'
adding 'tldw_chatbook/Event_Handlers/eval_db_operations.py'
adding 'tldw_chatbook/Event_Handlers/ingest_events.py'
adding 'tldw_chatbook/Event_Handlers/ingest_status_helper.py'
adding 'tldw_chatbook/Event_Handlers/ingest_utils.py'
adding 'tldw_chatbook/Event_Handlers/media_events.py'
adding 'tldw_chatbook/Event_Handlers/note_ingest_events.py'
adding 'tldw_chatbook/Event_Handlers/notes_events.py'
adding 'tldw_chatbook/Event_Handlers/tab_events.py'
adding 'tldw_chatbook/Event_Handlers/worker_events.py'
adding 'tldw_chatbook/Event_Handlers/Audio_Events/__init__.py'
adding 'tldw_chatbook/Event_Handlers/Audio_Events/dictation_events.py'
adding 'tldw_chatbook/Event_Handlers/Audio_Events/dictation_integration_events.py'
adding 'tldw_chatbook/Event_Handlers/Audio_Events/recording_events.py'
adding 'tldw_chatbook/Event_Handlers/Chat_Events/__init__.py'
adding 'tldw_chatbook/Event_Handlers/Chat_Events/chat_events_console_dictionaries.py'
adding 'tldw_chatbook/Event_Handlers/Chat_Events/chat_image_events.py'
adding 'tldw_chatbook/Event_Handlers/Chat_Events/chat_messages.py'
adding 'tldw_chatbook/Event_Handlers/Chat_Events/chat_rag_events.py'
adding 'tldw_chatbook/Event_Handlers/LLM_Management_Events/__init__.py'
adding 'tldw_chatbook/Event_Handlers/LLM_Management_Events/gguf_source_modes.py'
adding 'tldw_chatbook/Event_Handlers/LLM_Management_Events/llm_management_events.py'
adding 'tldw_chatbook/Event_Handlers/LLM_Management_Events/llm_management_events_llamacpp.py'
adding 'tldw_chatbook/Event_Handlers/LLM_Management_Events/llm_management_events_llamafile.py'
adding 'tldw_chatbook/Event_Handlers/LLM_Management_Events/llm_management_events_mlx_lm.py'
adding 'tldw_chatbook/Event_Handlers/LLM_Management_Events/llm_management_events_ollama.py'
adding 'tldw_chatbook/Event_Handlers/LLM_Management_Events/llm_management_events_onnx.py'
adding 'tldw_chatbook/Event_Handlers/LLM_Management_Events/llm_management_events_transformers.py'
adding 'tldw_chatbook/Event_Handlers/LLM_Management_Events/llm_management_events_vllm.py'
adding 'tldw_chatbook/Event_Handlers/LLM_Management_Events/server_lifecycle.py'
adding 'tldw_chatbook/Event_Handlers/Media_Creation_Events/__init__.py'
adding 'tldw_chatbook/Event_Handlers/Media_Creation_Events/swarmui_events.py'
adding 'tldw_chatbook/Event_Handlers/STTS_Events/__init__.py'
adding 'tldw_chatbook/Event_Handlers/STTS_Events/stts_events.py'
adding 'tldw_chatbook/Event_Handlers/TTS_Events/__init__.py'
adding 'tldw_chatbook/Event_Handlers/TTS_Events/tts_events.py'
adding 'tldw_chatbook/Event_Handlers/worker_handlers/__init__.py'
adding 'tldw_chatbook/Event_Handlers/worker_handlers/base_handler.py'
adding 'tldw_chatbook/Event_Handlers/worker_handlers/misc_worker_handler.py'
adding 'tldw_chatbook/External_Connectors_Interop/__init__.py'
adding 'tldw_chatbook/External_Connectors_Interop/connectors_scope_service.py'
adding 'tldw_chatbook/External_Connectors_Interop/server_connectors_service.py'
adding 'tldw_chatbook/Feedback_Interop/__init__.py'
adding 'tldw_chatbook/Feedback_Interop/feedback_scope_service.py'
adding 'tldw_chatbook/Feedback_Interop/local_feedback_service.py'
adding 'tldw_chatbook/Feedback_Interop/server_feedback_service.py'
adding 'tldw_chatbook/Home/__init__.py'
adding 'tldw_chatbook/Home/active_work_adapter.py'
adding 'tldw_chatbook/Home/dashboard_state.py'
adding 'tldw_chatbook/Home/home_rail_state.py'
adding 'tldw_chatbook/Image_Generation/__init__.py'
adding 'tldw_chatbook/Image_Generation/adapter_registry.py'
adding 'tldw_chatbook/Image_Generation/capabilities.py'
adding 'tldw_chatbook/Image_Generation/config.py'
adding 'tldw_chatbook/Image_Generation/exceptions.py'
adding 'tldw_chatbook/Image_Generation/http_client.py'
adding 'tldw_chatbook/Image_Generation/listing.py'
adding 'tldw_chatbook/Image_Generation/prompt_refinement.py'
adding 'tldw_chatbook/Image_Generation/request_validation.py'
adding 'tldw_chatbook/Image_Generation/worker.py'
adding 'tldw_chatbook/Image_Generation/adapters/__init__.py'
adding 'tldw_chatbook/Image_Generation/adapters/base.py'
adding 'tldw_chatbook/Image_Generation/adapters/comfyui_image_adapter.py'
adding 'tldw_chatbook/Image_Generation/adapters/fal_image_adapter.py'
adding 'tldw_chatbook/Image_Generation/adapters/gemini_image_adapter.py'
adding 'tldw_chatbook/Image_Generation/adapters/image_format_utils.py'
adding 'tldw_chatbook/Image_Generation/adapters/modelstudio_image_adapter.py'
adding 'tldw_chatbook/Image_Generation/adapters/novita_image_adapter.py'
adding 'tldw_chatbook/Image_Generation/adapters/openrouter_image_adapter.py'
adding 'tldw_chatbook/Image_Generation/adapters/stable_diffusion_cpp_adapter.py'
adding 'tldw_chatbook/Image_Generation/adapters/swarmui_adapter.py'
adding 'tldw_chatbook/Image_Generation/adapters/together_image_adapter.py'
adding 'tldw_chatbook/Image_Generation/workflows/minimax_h3_image_edit.json'
adding 'tldw_chatbook/Internal_Prompts/__init__.py'
adding 'tldw_chatbook/Internal_Prompts/agents_prompts.py'
adding 'tldw_chatbook/Internal_Prompts/authoring.py'
adding 'tldw_chatbook/Internal_Prompts/catalog.py'
adding 'tldw_chatbook/Internal_Prompts/character_prompts.py'
adding 'tldw_chatbook/Internal_Prompts/console_prompts.py'
adding 'tldw_chatbook/Internal_Prompts/document_generation_prompts.py'
adding 'tldw_chatbook/Internal_Prompts/rag_reranker_prompts.py'
adding 'tldw_chatbook/Internal_Prompts/resolver.py'
adding 'tldw_chatbook/Internal_Prompts/summarization_prompts.py'
adding 'tldw_chatbook/Internal_Prompts/websearch_prompts.py'
adding 'tldw_chatbook/Kanban_Interop/__init__.py'
adding 'tldw_chatbook/Kanban_Interop/kanban_scope_service.py'
adding 'tldw_chatbook/Kanban_Interop/local_kanban_db.py'
adding 'tldw_chatbook/Kanban_Interop/local_kanban_service.py'
adding 'tldw_chatbook/Kanban_Interop/server_kanban_service.py'
adding 'tldw_chatbook/LLM_Calls/LICENSE'
adding 'tldw_chatbook/LLM_Calls/LLM_API_Calls.py'
adding 'tldw_chatbook/LLM_Calls/LLM_API_Calls_Local.py'
adding 'tldw_chatbook/LLM_Calls/Local_Summarization_Lib.py'
adding 'tldw_chatbook/LLM_Calls/Summarization_General_Lib.py'
adding 'tldw_chatbook/LLM_Calls/__init__.py'
adding 'tldw_chatbook/LLM_Calls/anthropic_subscription.py'
adding 'tldw_chatbook/LLM_Calls/hosted_chat.py'
adding 'tldw_chatbook/LLM_Calls/hosted_chat_streaming.py'
adding 'tldw_chatbook/LLM_Calls/moonshot.py'
adding 'tldw_chatbook/LLM_Calls/pricing_catalog.py'
adding 'tldw_chatbook/LLM_Calls/qwencloud.py'
adding 'tldw_chatbook/LLM_Calls/qwencloud_streaming.py'
adding 'tldw_chatbook/LLM_Calls/qwencloud_url.py'
adding 'tldw_chatbook/LLM_Calls/zai.py'
adding 'tldw_chatbook/LLM_Calls/realtime/__init__.py'
adding 'tldw_chatbook/LLM_Calls/realtime/openai_session.py'
adding 'tldw_chatbook/LLM_Calls/realtime/protocol.py'
adding 'tldw_chatbook/LLM_Calls/realtime/transport.py'
adding 'tldw_chatbook/LLM_Management/__init__.py'
adding 'tldw_chatbook/LLM_Management/snapshot_admission.py'
adding 'tldw_chatbook/LLM_Management/snapshot_client.py'
adding 'tldw_chatbook/LLM_Management/snapshot_models.py'
adding 'tldw_chatbook/LLM_Management/snapshot_service.py'
adding 'tldw_chatbook/LLM_Management/snapshot_settings.py'
adding 'tldw_chatbook/LLM_Management/snapshot_store.py'
adding 'tldw_chatbook/LLM_Provider_Catalog/__init__.py'
adding 'tldw_chatbook/LLM_Provider_Catalog/llm_provider_catalog_scope_service.py'
adding 'tldw_chatbook/LLM_Provider_Catalog/local_llm_provider_catalog_service.py'
adding 'tldw_chatbook/LLM_Provider_Catalog/model_auto_refresh.py'
adding 'tldw_chatbook/LLM_Provider_Catalog/model_catalog_settings.py'
adding 'tldw_chatbook/LLM_Provider_Catalog/model_discovery_cache.py'
adding 'tldw_chatbook/LLM_Provider_Catalog/model_discovery_contracts.py'
adding 'tldw_chatbook/LLM_Provider_Catalog/model_discovery_disk_cache.py'
adding 'tldw_chatbook/LLM_Provider_Catalog/model_discovery_merge.py'
adding 'tldw_chatbook/LLM_Provider_Catalog/model_discovery_persistence.py'
adding 'tldw_chatbook/LLM_Provider_Catalog/model_discovery_provider_identity.py'
adding 'tldw_chatbook/LLM_Provider_Catalog/models_dev_catalog.py'
adding 'tldw_chatbook/LLM_Provider_Catalog/openai_compatible_model_discovery.py'
adding 'tldw_chatbook/LLM_Provider_Catalog/server_llm_provider_catalog_service.py'
adding 'tldw_chatbook/Library/__init__.py'
adding 'tldw_chatbook/Library/collections_capture_models.py'
adding 'tldw_chatbook/Library/collections_capture_repository.py'
adding 'tldw_chatbook/Library/collections_capture_service.py'
adding 'tldw_chatbook/Library/collections_legacy_recovery.py'
adding 'tldw_chatbook/Library/collections_offline_store.py'
adding 'tldw_chatbook/Library/export_progress.py'
adding 'tldw_chatbook/Library/ingest_analysis.py'
adding 'tldw_chatbook/Library/ingest_capabilities.py'
adding 'tldw_chatbook/Library/ingest_preflight.py'
adding 'tldw_chatbook/Library/ingest_types.py'
adding 'tldw_chatbook/Library/library_collections_service.py'
adding 'tldw_chatbook/Library/library_content_evidence.py'
adding 'tldw_chatbook/Library/library_conversation_reader_state.py'
adding 'tldw_chatbook/Library/library_conversations_state.py'
adding 'tldw_chatbook/Library/library_expand_policy.py'
adding 'tldw_chatbook/Library/library_export_scope.py'
adding 'tldw_chatbook/Library/library_export_state.py'
adding 'tldw_chatbook/Library/library_fts_query.py'
adding 'tldw_chatbook/Library/library_ingest_jobs.py'
adding 'tldw_chatbook/Library/library_ingest_state.py'
adding 'tldw_chatbook/Library/library_local_rag_search_service.py'
adding 'tldw_chatbook/Library/library_media_reader_state.py'
adding 'tldw_chatbook/Library/library_media_state.py'
adding 'tldw_chatbook/Library/library_media_viewer_state.py'
adding 'tldw_chatbook/Library/library_note_import_state.py'
adding 'tldw_chatbook/Library/library_notes_lasting_sync_state.py'
adding 'tldw_chatbook/Library/library_notes_session.py'
adding 'tldw_chatbook/Library/library_notes_state.py'
adding 'tldw_chatbook/Library/library_notes_tree_paging.py'
adding 'tldw_chatbook/Library/library_notes_tree_state.py'
adding 'tldw_chatbook/Library/library_pager_state.py'
adding 'tldw_chatbook/Library/library_prompts_state.py'
adding 'tldw_chatbook/Library/library_rag_answer_service.py'
adding 'tldw_chatbook/Library/library_rag_score_kinds.py'
adding 'tldw_chatbook/Library/library_rag_service.py'
adding 'tldw_chatbook/Library/library_rag_state.py'
adding 'tldw_chatbook/Library/library_rail_state.py'
adding 'tldw_chatbook/Library/library_rechunk_service.py'
adding 'tldw_chatbook/Library/library_shell_state.py'
adding 'tldw_chatbook/Library/library_skills_state.py'
adding 'tldw_chatbook/Library/library_structural_wait.py'
adding 'tldw_chatbook/Library/library_tool_contract.py'
adding 'tldw_chatbook/Library/local_library_tool_service.py'
adding 'tldw_chatbook/Library/local_media_chunk_tool_service.py'
adding 'tldw_chatbook/Library/meeting_speaker_rename.py'
adding 'tldw_chatbook/Library/review_set_service.py'
adding 'tldw_chatbook/Library/review_set_state.py'
adding 'tldw_chatbook/Library/row_selection.py'
adding 'tldw_chatbook/Library/server_collections_capture_service.py'
adding 'tldw_chatbook/Library/server_ingest_reconcile.py'
adding 'tldw_chatbook/Library/server_ingest_request.py'
adding 'tldw_chatbook/Library/server_ingest_status.py'
adding 'tldw_chatbook/Library/web_clip_request.py'
adding 'tldw_chatbook/Local_Inference/__init__.py'
adding 'tldw_chatbook/Local_Inference/mlx_lm_inference_local.py'
adding 'tldw_chatbook/Local_Inference/ollama_model_mgmt.py'
adding 'tldw_chatbook/Local_Ingestion/API_Endpoint_Sample.py'
adding 'tldw_chatbook/Local_Ingestion/Book_Ingestion_Lib.py'
adding 'tldw_chatbook/Local_Ingestion/Document_Processing_Lib.py'
adding 'tldw_chatbook/Local_Ingestion/Image_Processing_Lib.py'
adding 'tldw_chatbook/Local_Ingestion/OCR_Backends.py'
adding 'tldw_chatbook/Local_Ingestion/PDF_Processing_Lib.py'
adding 'tldw_chatbook/Local_Ingestion/XML_Ingestion.py'
adding 'tldw_chatbook/Local_Ingestion/__init__.py'
adding 'tldw_chatbook/Local_Ingestion/analysis_gate.py'
adding 'tldw_chatbook/Local_Ingestion/audio_processing.py'
adding 'tldw_chatbook/Local_Ingestion/diarization_service.py'
adding 'tldw_chatbook/Local_Ingestion/ingest_parse_progress.py'
adding 'tldw_chatbook/Local_Ingestion/ingest_parse_worker.py'
adding 'tldw_chatbook/Local_Ingestion/local_file_ingestion.py'
adding 'tldw_chatbook/Local_Ingestion/parakeet_v2_artifact.py'
adding 'tldw_chatbook/Local_Ingestion/parakeet_v2_installer.py'
adding 'tldw_chatbook/Local_Ingestion/stt_batch_routing.py'
adding 'tldw_chatbook/Local_Ingestion/transcription_service.py'
adding 'tldw_chatbook/Local_Ingestion/video_processing.py'
adding 'tldw_chatbook/Local_Ingestion/web_article_ingestion.py'
adding 'tldw_chatbook/MCP/__init__.py'
adding 'tldw_chatbook/MCP/__main__.py'
adding 'tldw_chatbook/MCP/client.py'
adding 'tldw_chatbook/MCP/execution_log.py'
adding 'tldw_chatbook/MCP/gateway_runtime.py'
adding 'tldw_chatbook/MCP/hub_test_execution.py'
adding 'tldw_chatbook/MCP/hub_tool_catalog.py'
adding 'tldw_chatbook/MCP/live_server_request_wiring.py'
adding 'tldw_chatbook/MCP/local_control_service.py'
adding 'tldw_chatbook/MCP/local_runtime_delegate.py'
adding 'tldw_chatbook/MCP/local_server_tools.py'
adding 'tldw_chatbook/MCP/local_store.py'
adding 'tldw_chatbook/MCP/mcp_import.py'
adding 'tldw_chatbook/MCP/permission_prompt_reducer.py'
adding 'tldw_chatbook/MCP/permission_store.py'
adding 'tldw_chatbook/MCP/prompts.py'
adding 'tldw_chatbook/MCP/readiness.py'
adding 'tldw_chatbook/MCP/redaction.py'
adding 'tldw_chatbook/MCP/resources.py'
adding 'tldw_chatbook/MCP/server.py'
adding 'tldw_chatbook/MCP/server_request_handlers.py'
adding 'tldw_chatbook/MCP/server_target_store.py'
adding 'tldw_chatbook/MCP/server_unified_service.py'
adding 'tldw_chatbook/MCP/spawn_guard.py'
adding 'tldw_chatbook/MCP/tool_naming.py'
adding 'tldw_chatbook/MCP/tools.py'
adding 'tldw_chatbook/MCP/unified_context_store.py'
adding 'tldw_chatbook/MCP/unified_control_models.py'
adding 'tldw_chatbook/MCP/unified_control_plane_service.py'
adding 'tldw_chatbook/MCP_Governance_Interop/__init__.py'
adding 'tldw_chatbook/MCP_Governance_Interop/mcp_governance_scope_service.py'
adding 'tldw_chatbook/MCP_Governance_Interop/server_mcp_governance_service.py'
adding 'tldw_chatbook/Media/__init__.py'
adding 'tldw_chatbook/Media/local_media_reading_service.py'
adding 'tldw_chatbook/Media/media_reading_normalizers.py'
adding 'tldw_chatbook/Media/media_reading_scope_service.py'
adding 'tldw_chatbook/Media/server_media_reading_service.py'
adding 'tldw_chatbook/Media_Creation/__init__.py'
adding 'tldw_chatbook/Media_Creation/generation_templates.py'
adding 'tldw_chatbook/Media_Creation/image_generation_service.py'
adding 'tldw_chatbook/Media_Creation/swarmui_client.py'
adding 'tldw_chatbook/Media_Playback/__init__.py'
adding 'tldw_chatbook/Media_Playback/availability.py'
adding 'tldw_chatbook/Media_Playback/frame_source.py'
adding 'tldw_chatbook/Media_Playback/player_pipeline.py'
adding 'tldw_chatbook/Media_Playback/preview_policy.py'
adding 'tldw_chatbook/Media_Playback/render_mode.py'
adding 'tldw_chatbook/Media_Playback/stream_resolve.py'
adding 'tldw_chatbook/Meetings_Interop/__init__.py'
adding 'tldw_chatbook/Meetings_Interop/meetings_scope_service.py'
adding 'tldw_chatbook/Meetings_Interop/server_meetings_service.py'
adding 'tldw_chatbook/Metrics/Otel_Metrics.py'
adding 'tldw_chatbook/Metrics/__init__.py'
adding 'tldw_chatbook/Metrics/logger_config.py'
adding 'tldw_chatbook/Metrics/metrics.py'
adding 'tldw_chatbook/Metrics/metrics_logger.py'
adding 'tldw_chatbook/Model_Artifacts/__init__.py'
adding 'tldw_chatbook/Model_Artifacts/_deferred_gguf_managed_import.py'
adding 'tldw_chatbook/Model_Artifacts/acquisition.py'
adding 'tldw_chatbook/Model_Artifacts/curated_registry.py'
adding 'tldw_chatbook/Model_Artifacts/fetch.py'
adding 'tldw_chatbook/Model_Artifacts/gguf_admission.py'
adding 'tldw_chatbook/Model_Artifacts/leases.py'
adding 'tldw_chatbook/Model_Artifacts/machine_memory.py'
adding 'tldw_chatbook/Model_Artifacts/machine_memory_probe.py'
adding 'tldw_chatbook/Model_Artifacts/remote_huggingface.py'
adding 'tldw_chatbook/Model_Artifacts/service.py'
adding 'tldw_chatbook/Model_Artifacts/store.py'
adding 'tldw_chatbook/Models/evaluation_state.py'
adding 'tldw_chatbook/Notes/Notes_Library.py'
adding 'tldw_chatbook/Notes/__init__.py'
adding 'tldw_chatbook/Notes/agent_lessons.py'
adding 'tldw_chatbook/Notes/file_notes_conflict_compare.py'
adding 'tldw_chatbook/Notes/file_notes_git_commit.py'
adding 'tldw_chatbook/Notes/file_notes_git_network.py'
adding 'tldw_chatbook/Notes/file_notes_git_push.py'
adding 'tldw_chatbook/Notes/file_notes_git_service.py'
adding 'tldw_chatbook/Notes/file_notes_replica.py'
adding 'tldw_chatbook/Notes/file_notes_service.py'
adding 'tldw_chatbook/Notes/file_notes_session_owner.py'
adding 'tldw_chatbook/Notes/git_process_containment.py'
adding 'tldw_chatbook/Notes/note_folder_models.py'
adding 'tldw_chatbook/Notes/note_folder_repository.py'
adding 'tldw_chatbook/Notes/note_import_discovery.py'
adding 'tldw_chatbook/Notes/note_import_execution_models.py'
adding 'tldw_chatbook/Notes/note_import_executor.py'
adding 'tldw_chatbook/Notes/note_import_parsers.py'
adding 'tldw_chatbook/Notes/note_import_plan_models.py'
adding 'tldw_chatbook/Notes/note_import_planner.py'
adding 'tldw_chatbook/Notes/note_import_receipts.py'
adding 'tldw_chatbook/Notes/note_import_windows_fs.py'
adding 'tldw_chatbook/Notes/notes_device_state_schema.py'
adding 'tldw_chatbook/Notes/notes_device_state_store.py'
adding 'tldw_chatbook/Notes/notes_organization_repository.py'
adding 'tldw_chatbook/Notes/notes_scope_service.py'
adding 'tldw_chatbook/Notes/notes_sync_authority.py'
adding 'tldw_chatbook/Notes/notes_sync_conflicts.py'
adding 'tldw_chatbook/Notes/notes_sync_coordinator.py'
adding 'tldw_chatbook/Notes/notes_sync_executor.py'
adding 'tldw_chatbook/Notes/notes_sync_filesystem.py'
adding 'tldw_chatbook/Notes/notes_sync_legacy.py'
adding 'tldw_chatbook/Notes/notes_sync_models.py'
adding 'tldw_chatbook/Notes/notes_sync_reconciler.py'
adding 'tldw_chatbook/Notes/notes_sync_runtime.py'
adding 'tldw_chatbook/Notes/notes_sync_watcher.py'
adding 'tldw_chatbook/Notes/server_notes_workspace_service.py'
adding 'tldw_chatbook/Notes/sync_paths.py'
adding 'tldw_chatbook/Notifications/__init__.py'
adding 'tldw_chatbook/Notifications/client_notifications_db.py'
adding 'tldw_chatbook/Notifications/client_notifications_service.py'
adding 'tldw_chatbook/Notifications/event_cursor_store.py'
adding 'tldw_chatbook/Notifications/event_observer.py'
adding 'tldw_chatbook/Notifications/event_state_repository.py'
adding 'tldw_chatbook/Notifications/local_event_producer.py'
adding 'tldw_chatbook/Notifications/notification_dispatch_service.py'
adding 'tldw_chatbook/Notifications/notification_presentation.py'
adding 'tldw_chatbook/Notifications/notifications_scope_service.py'
adding 'tldw_chatbook/Notifications/server_notification_events.py'
adding 'tldw_chatbook/Notifications/server_notifications_scope_service.py'
adding 'tldw_chatbook/Notifications/server_notifications_service.py'
adding 'tldw_chatbook/Outputs/__init__.py'
adding 'tldw_chatbook/Outputs/server_outputs_scope_service.py'
adding 'tldw_chatbook/Outputs/server_outputs_service.py'
adding 'tldw_chatbook/Outputs_Interop/__init__.py'
adding 'tldw_chatbook/Outputs_Interop/outputs_scope_service.py'
adding 'tldw_chatbook/Outputs_Interop/server_outputs_service.py'
adding 'tldw_chatbook/Persona_Buddy/__init__.py'
adding 'tldw_chatbook/Persona_Buddy/console_adapter.py'
adding 'tldw_chatbook/Persona_Buddy/controller.py'
adding 'tldw_chatbook/Persona_Buddy/inbox.py'
adding 'tldw_chatbook/Persona_Buddy/interaction.py'
adding 'tldw_chatbook/Persona_Buddy/library.py'
adding 'tldw_chatbook/Persona_Buddy/preferences.py'
adding 'tldw_chatbook/Persona_Buddy/rendering.py'
adding 'tldw_chatbook/Persona_Buddy/speech.py'
adding 'tldw_chatbook/Persona_Visual/__init__.py'
adding 'tldw_chatbook/Persona_Visual/artwork.py'
adding 'tldw_chatbook/Persona_Visual/assets.py'
adding 'tldw_chatbook/Persona_Visual/authoring.py'
adding 'tldw_chatbook/Persona_Visual/authoring_workspace.py'
adding 'tldw_chatbook/Persona_Visual/builtin_pixel_migu.py'
adding 'tldw_chatbook/Persona_Visual/contracts.py'
adding 'tldw_chatbook/Persona_Visual/importer.py'
adding 'tldw_chatbook/Persona_Visual/publication.py'
adding 'tldw_chatbook/Persona_Visual/repository.py'
adding 'tldw_chatbook/Persona_Visual/runtime.py'
adding 'tldw_chatbook/Persona_Visual/snapshot.py'
adding 'tldw_chatbook/Persona_Visual/validation.py'
adding 'tldw_chatbook/Personal_Context/__init__.py'
adding 'tldw_chatbook/Personal_Context/bootstrap.py'
adding 'tldw_chatbook/Personal_Context/context_service.py'
adding 'tldw_chatbook/Personal_Context/crypto.py'
adding 'tldw_chatbook/Personal_Context/export_service.py'
adding 'tldw_chatbook/Personal_Context/interview_coordinator.py'
adding 'tldw_chatbook/Personal_Context/interview_diff.py'
adding 'tldw_chatbook/Personal_Context/interview_draft_repository.py'
adding 'tldw_chatbook/Personal_Context/interview_launch.py'
adding 'tldw_chatbook/Personal_Context/interview_provider.py'
adding 'tldw_chatbook/Personal_Context/key_protector.py'
adding 'tldw_chatbook/Personal_Context/link_key_custody.py'
adding 'tldw_chatbook/Personal_Context/link_service.py'
adding 'tldw_chatbook/Personal_Context/paths.py'
adding 'tldw_chatbook/Personal_Context/proposal_service.py'
adding 'tldw_chatbook/Personal_Context/reconciliation.py'
adding 'tldw_chatbook/Personal_Context/repository.py'
adding 'tldw_chatbook/Personal_Context/repository_models.py'
adding 'tldw_chatbook/Personal_Context/runtime_policy.py'
adding 'tldw_chatbook/Personal_Context/service.py'
adding 'tldw_chatbook/Personal_Context/sync_outbox.py'
adding 'tldw_chatbook/Personalization_Interop/__init__.py'
adding 'tldw_chatbook/Personalization_Interop/personalization_scope_service.py'
adding 'tldw_chatbook/Personalization_Interop/server_personalization_service.py'
adding 'tldw_chatbook/Prompt_Management/Prompt_Engineering.py'
adding 'tldw_chatbook/Prompt_Management/Prompts_Interop.py'
adding 'tldw_chatbook/Prompt_Management/__init__.py'
adding 'tldw_chatbook/Prompt_Management/local_prompt_service.py'
adding 'tldw_chatbook/Prompt_Management/prompt_artifact_codec.py'
adding 'tldw_chatbook/Prompt_Management/prompt_artifact_models.py'
adding 'tldw_chatbook/Prompt_Management/prompt_batch_models.py'
adding 'tldw_chatbook/Prompt_Management/prompt_block_compiler.py'
adding 'tldw_chatbook/Prompt_Management/prompt_chatbook_normalizers.py'
adding 'tldw_chatbook/Prompt_Management/prompt_chatbook_record.py'
adding 'tldw_chatbook/Prompt_Management/prompt_chatbook_scope_service.py'
adding 'tldw_chatbook/Prompt_Management/prompt_improvement_models.py'
adding 'tldw_chatbook/Prompt_Management/prompt_improvement_prompts.py'
adding 'tldw_chatbook/Prompt_Management/prompt_improvement_service.py'
adding 'tldw_chatbook/Prompt_Management/prompt_legacy_decomposer.py'
adding 'tldw_chatbook/Prompt_Management/prompt_markdown_export.py'
adding 'tldw_chatbook/Prompt_Management/prompt_normalizers.py'
adding 'tldw_chatbook/Prompt_Management/prompt_preservation.py'
adding 'tldw_chatbook/Prompt_Management/prompt_restore_errors.py'
adding 'tldw_chatbook/Prompt_Management/prompt_scope_service.py'
adding 'tldw_chatbook/Prompt_Management/prompt_source_capabilities.py'
adding 'tldw_chatbook/Prompt_Management/prompt_variables.py'
adding 'tldw_chatbook/Prompt_Management/server_prompt_adapter.py'
adding 'tldw_chatbook/Prompt_Management/server_prompt_service.py'
adding 'tldw_chatbook/Prompt_Studio_Interop/__init__.py'
adding 'tldw_chatbook/Prompt_Studio_Interop/prompt_studio_scope_service.py'
adding 'tldw_chatbook/Prompt_Studio_Interop/server_prompt_studio_service.py'
adding 'tldw_chatbook/RAG_Admin/__init__.py'
adding 'tldw_chatbook/RAG_Admin/chunking_lab_service.py'
adding 'tldw_chatbook/RAG_Admin/local_rag_admin_service.py'
adding 'tldw_chatbook/RAG_Admin/rag_admin_normalizers.py'
adding 'tldw_chatbook/RAG_Admin/rag_admin_scope_service.py'
adding 'tldw_chatbook/RAG_Admin/server_rag_admin_service.py'
adding 'tldw_chatbook/RAG_Admin/template_validation.py'
adding 'tldw_chatbook/RAG_Search/__init__.py'
adding 'tldw_chatbook/RAG_Search/backfill.py'
adding 'tldw_chatbook/RAG_Search/chunking_service.py'
adding 'tldw_chatbook/RAG_Search/config_profiles.py'
adding 'tldw_chatbook/RAG_Search/enhanced_chunking_service.py'
adding 'tldw_chatbook/RAG_Search/fusion.py'
adding 'tldw_chatbook/RAG_Search/ingestion_indexing.py'
adding 'tldw_chatbook/RAG_Search/local_citation_capture.py'
adding 'tldw_chatbook/RAG_Search/parallel_processor.py'
adding 'tldw_chatbook/RAG_Search/parent_child_adapter.py'
adding 'tldw_chatbook/RAG_Search/pipeline_builder_simple.py'
adding 'tldw_chatbook/RAG_Search/pipeline_functions_simple.py'
adding 'tldw_chatbook/RAG_Search/pipeline_integration.py'
adding 'tldw_chatbook/RAG_Search/pipeline_loader.py'
adding 'tldw_chatbook/RAG_Search/pipeline_types.py'
adding 'tldw_chatbook/RAG_Search/reranker.py'
adding 'tldw_chatbook/RAG_Search/search_modes.py'
adding 'tldw_chatbook/RAG_Search/semantic_availability.py'
adding 'tldw_chatbook/RAG_Search/eval/__init__.py'
adding 'tldw_chatbook/RAG_Search/eval/gating.py'
adding 'tldw_chatbook/RAG_Search/eval/metrics.py'
adding 'tldw_chatbook/RAG_Search/eval/regression.py'
adding 'tldw_chatbook/RAG_Search/simplified/__init__.py'
adding 'tldw_chatbook/RAG_Search/simplified/active_config.py'
adding 'tldw_chatbook/RAG_Search/simplified/circuit_breaker.py'
adding 'tldw_chatbook/RAG_Search/simplified/citations.py'
adding 'tldw_chatbook/RAG_Search/simplified/collection_fingerprint.py'
adding 'tldw_chatbook/RAG_Search/simplified/collection_indexes.py'
adding 'tldw_chatbook/RAG_Search/simplified/config.py'
adding 'tldw_chatbook/RAG_Search/simplified/data_models.py'
adding 'tldw_chatbook/RAG_Search/simplified/db_connection_pool.py'
adding 'tldw_chatbook/RAG_Search/simplified/embeddings_wrapper.py'
adding 'tldw_chatbook/RAG_Search/simplified/enhanced_indexing_helpers.py'
adding 'tldw_chatbook/RAG_Search/simplified/enhanced_rag_service.py'
adding 'tldw_chatbook/RAG_Search/simplified/enhanced_rag_service_v2.py'
adding 'tldw_chatbook/RAG_Search/simplified/health_check.py'
adding 'tldw_chatbook/RAG_Search/simplified/indexing_helpers.py'
adding 'tldw_chatbook/RAG_Search/simplified/rag_factory.py'
adding 'tldw_chatbook/RAG_Search/simplified/rag_service.py'
adding 'tldw_chatbook/RAG_Search/simplified/search_service.py'
adding 'tldw_chatbook/RAG_Search/simplified/simple_cache.py'
adding 'tldw_chatbook/RAG_Search/simplified/vector_store.py'
adding 'tldw_chatbook/Research_Interop/__init__.py'
adding 'tldw_chatbook/Research_Interop/academic_providers.py'
adding 'tldw_chatbook/Research_Interop/chat_handoff.py'
adding 'tldw_chatbook/Research_Interop/local_research_engine.py'
adding 'tldw_chatbook/Research_Interop/local_research_search_service.py'
adding 'tldw_chatbook/Research_Interop/local_research_service.py'
adding 'tldw_chatbook/Research_Interop/research_budget.py'
adding 'tldw_chatbook/Research_Interop/research_models.py'
adding 'tldw_chatbook/Research_Interop/research_normalizers.py'
adding 'tldw_chatbook/Research_Interop/research_scope_service.py'
adding 'tldw_chatbook/Research_Interop/research_search_scope_service.py'
adding 'tldw_chatbook/Research_Interop/research_source_catalog.py'
adding 'tldw_chatbook/Research_Interop/server_research_search_service.py'
adding 'tldw_chatbook/Research_Interop/server_research_service.py'
adding 'tldw_chatbook/Research_Interop/migrations/__init__.py'
adding 'tldw_chatbook/Research_Interop/migrations/v0_to_v1_run_lease_columns.py'
adding 'tldw_chatbook/Research_Workspace/__init__.py'
adding 'tldw_chatbook/Research_Workspace/contracts.py'
adding 'tldw_chatbook/Research_Workspace/controller.py'
adding 'tldw_chatbook/Research_Workspace/layout_state.py'
adding 'tldw_chatbook/Research_Workspace/local_adapter.py'
adding 'tldw_chatbook/Research_Workspace/overlay_store.py'
adding 'tldw_chatbook/Research_Workspace/paste_staging.py'
adding 'tldw_chatbook/Research_Workspace/quick_notes.py'
adding 'tldw_chatbook/Research_Workspace/server_adapter.py'
adding 'tldw_chatbook/Research_Workspace/source_association.py'
adding 'tldw_chatbook/Research_Workspace/source_operation_store.py'
adding 'tldw_chatbook/Research_Workspace/source_operations.py'
adding 'tldw_chatbook/Research_Workspace/source_readiness.py'
adding 'tldw_chatbook/Research_Workspace/source_urls.py'
adding 'tldw_chatbook/STT/__init__.py'
adding 'tldw_chatbook/STT/contracts.py'
adding 'tldw_chatbook/STT/coordinator.py'
adding 'tldw_chatbook/STT/dispatch_coordinator.py'
adding 'tldw_chatbook/STT/executor.py'
adding 'tldw_chatbook/STT/executor_process_tree.py'
adding 'tldw_chatbook/STT/executor_worker.py'
adding 'tldw_chatbook/STT/legacy_bridge.py'
adding 'tldw_chatbook/STT/parakeet_dispatch.py'
adding 'tldw_chatbook/STT/parakeet_external.py'
adding 'tldw_chatbook/STT/parakeet_onnx.py'
adding 'tldw_chatbook/STT/parakeet_sources.py'
adding 'tldw_chatbook/STT/persistence.py'
adding 'tldw_chatbook/STT/registry.py'
adding 'tldw_chatbook/STT/routing.py'
adding 'tldw_chatbook/STT/transcribe_cpp.py'
adding 'tldw_chatbook/STT/transcribe_cpp_config.py'
adding 'tldw_chatbook/Scheduling/__init__.py'
adding 'tldw_chatbook/Scheduling/automation_execution.py'
adding 'tldw_chatbook/Scheduling/automation_health.py'
adding 'tldw_chatbook/Scheduling/automation_preview.py'
adding 'tldw_chatbook/Scheduling/automation_validation.py'
adding 'tldw_chatbook/Scheduling/constants.py'
adding 'tldw_chatbook/Scheduling/events.py'
adding 'tldw_chatbook/Scheduling/models.py'
adding 'tldw_chatbook/Scheduling/recurring_question_scope.py'
adding 'tldw_chatbook/Scheduling/schedule_compute.py'
adding 'tldw_chatbook/Scheduling/schedule_input_parsing.py'
adding 'tldw_chatbook/Scheduling/schedule_vocabulary.py'
adding 'tldw_chatbook/Scheduling/scheduler_heartbeat.py'
adding 'tldw_chatbook/Scheduling/slot_keys.py'
adding 'tldw_chatbook/Scheduling/task_incidents.py'
adding 'tldw_chatbook/Scheduling/db/__init__.py'
adding 'tldw_chatbook/Scheduling/db/scheduled_tasks_db.py'
adding 'tldw_chatbook/Scheduling/db/schema.py'
adding 'tldw_chatbook/Scheduling/db/migrations/__init__.py'
adding 'tldw_chatbook/Scheduling/db/migrations/v0_to_v1.py'
adding 'tldw_chatbook/Scheduling/db/migrations/v1_to_v2.py'
adding 'tldw_chatbook/Scheduling/db/migrations/v2_to_v3.py'
adding 'tldw_chatbook/Scheduling/db/migrations/v3_to_v4.py'
adding 'tldw_chatbook/Scheduling/db/migrations/v4_to_v5.py'
adding 'tldw_chatbook/Scheduling/db/migrations/v5_to_v6.py'
adding 'tldw_chatbook/Scheduling/db/migrations/v6_to_v7.py'
adding 'tldw_chatbook/Scheduling/scheduler/__init__.py'
adding 'tldw_chatbook/Scheduling/scheduler/loop.py'
adding 'tldw_chatbook/Scheduling/scheduler/queue.py'
adding 'tldw_chatbook/Scheduling/scheduler/handlers/__init__.py'
adding 'tldw_chatbook/Scheduling/scheduler/handlers/automation_handler.py'
adding 'tldw_chatbook/Scheduling/scheduler/handlers/briefing_handler.py'
adding 'tldw_chatbook/Scheduling/scheduler/handlers/reminder_handler.py'
adding 'tldw_chatbook/Scheduling/scheduler/handlers/watchlist_check_handler.py'
adding 'tldw_chatbook/Scheduling/services/__init__.py'
adding 'tldw_chatbook/Scheduling/services/briefing_projection.py'
adding 'tldw_chatbook/Scheduling/services/scheduling_service.py'
adding 'tldw_chatbook/Scheduling/services/server_client.py'
adding 'tldw_chatbook/Scheduling/services/sync_engine.py'
adding 'tldw_chatbook/Scheduling/services/watchlist_projection.py'
adding 'tldw_chatbook/Server_Runtime_Interop/__init__.py'
adding 'tldw_chatbook/Server_Runtime_Interop/server_runtime_scope_service.py'
adding 'tldw_chatbook/Server_Runtime_Interop/server_runtime_service.py'
adding 'tldw_chatbook/Sharing/__init__.py'
adding 'tldw_chatbook/Sharing/server_sharing_scope_service.py'
adding 'tldw_chatbook/Sharing/server_sharing_service.py'
adding 'tldw_chatbook/Sharing_Interop/__init__.py'
adding 'tldw_chatbook/Sharing_Interop/server_sharing_service.py'
adding 'tldw_chatbook/Sharing_Interop/sharing_scope_service.py'
adding 'tldw_chatbook/Skills_Interop/__init__.py'
adding 'tldw_chatbook/Skills_Interop/atomic_write.py'
adding 'tldw_chatbook/Skills_Interop/local_skills_service.py'
adding 'tldw_chatbook/Skills_Interop/project_skills_discovery.py'
adding 'tldw_chatbook/Skills_Interop/project_skills_prompt.py'
adding 'tldw_chatbook/Skills_Interop/server_skills_service.py'
adding 'tldw_chatbook/Skills_Interop/skill_package_inspection.py'
adding 'tldw_chatbook/Skills_Interop/skill_remote_fetch.py'
adding 'tldw_chatbook/Skills_Interop/skill_script_runner.py'
adding 'tldw_chatbook/Skills_Interop/skill_trust_crypto.py'
adding 'tldw_chatbook/Skills_Interop/skill_trust_models.py'
adding 'tldw_chatbook/Skills_Interop/skill_trust_scanner.py'
adding 'tldw_chatbook/Skills_Interop/skill_trust_service.py'
adding 'tldw_chatbook/Skills_Interop/skill_trust_store.py'
adding 'tldw_chatbook/Skills_Interop/skills_scope_service.py'
adding 'tldw_chatbook/Stats/__init__.py'
adding 'tldw_chatbook/Stats/user_statistics.py'
adding 'tldw_chatbook/Study_Interop/__init__.py'
adding 'tldw_chatbook/Study_Interop/local_quiz_service.py'
adding 'tldw_chatbook/Study_Interop/local_study_service.py'
adding 'tldw_chatbook/Study_Interop/quiz_normalizers.py'
adding 'tldw_chatbook/Study_Interop/quiz_scope_service.py'
adding 'tldw_chatbook/Study_Interop/server_quiz_service.py'
adding 'tldw_chatbook/Study_Interop/server_study_service.py'
adding 'tldw_chatbook/Study_Interop/study_normalizers.py'
adding 'tldw_chatbook/Study_Interop/study_scope_service.py'
adding 'tldw_chatbook/Subscriptions/__init__.py'
adding 'tldw_chatbook/Subscriptions/baseline_manager.py'
adding 'tldw_chatbook/Subscriptions/briefing_audio.py'
adding 'tldw_chatbook/Subscriptions/briefing_cast.py'
adding 'tldw_chatbook/Subscriptions/briefing_export.py'
adding 'tldw_chatbook/Subscriptions/briefing_feed.py'
adding 'tldw_chatbook/Subscriptions/briefing_keep.py'
adding 'tldw_chatbook/Subscriptions/briefing_selection.py'
adding 'tldw_chatbook/Subscriptions/briefing_service.py'
adding 'tldw_chatbook/Subscriptions/briefing_voices.py'
adding 'tldw_chatbook/Subscriptions/daily_report_demo.py'
adding 'tldw_chatbook/Subscriptions/daily_reports_view.py'
adding 'tldw_chatbook/Subscriptions/db_offload.py'
adding 'tldw_chatbook/Subscriptions/feed_server.py'
adding 'tldw_chatbook/Subscriptions/fts_backfill.py'
adding 'tldw_chatbook/Subscriptions/html_text.py'
adding 'tldw_chatbook/Subscriptions/item_dates.py'
adding 'tldw_chatbook/Subscriptions/item_persist.py'
adding 'tldw_chatbook/Subscriptions/local_watchlists_service.py'
adding 'tldw_chatbook/Subscriptions/monitoring_engine.py'
adding 'tldw_chatbook/Subscriptions/noise_defaults.py'
adding 'tldw_chatbook/Subscriptions/security.py'
adding 'tldw_chatbook/Subscriptions/server_watchlists_service.py'
adding 'tldw_chatbook/Subscriptions/site_config_manager.py'
adding 'tldw_chatbook/Subscriptions/startup_reconcile.py'
adding 'tldw_chatbook/Subscriptions/token_manager.py'
adding 'tldw_chatbook/Subscriptions/watchlist_bundle_service.py'
adding 'tldw_chatbook/Subscriptions/watchlist_content_alert_service.py'
adding 'tldw_chatbook/Subscriptions/watchlist_failure.py'
adding 'tldw_chatbook/Subscriptions/watchlist_filter_service.py'
adding 'tldw_chatbook/Subscriptions/watchlist_item_page.py'
adding 'tldw_chatbook/Subscriptions/watchlist_normalizers.py'
adding 'tldw_chatbook/Subscriptions/watchlist_opml_service.py'
adding 'tldw_chatbook/Subscriptions/watchlist_preview_service.py'
adding 'tldw_chatbook/Subscriptions/watchlist_rule_matching.py'
adding 'tldw_chatbook/Subscriptions/watchlist_scope_service.py'
adding 'tldw_chatbook/Subscriptions/watchlists_operation_coordinator.py'
adding 'tldw_chatbook/Subscriptions/web_scraping_pipelines.py'
adding 'tldw_chatbook/Subscriptions/scrapers/__init__.py'
adding 'tldw_chatbook/Subscriptions/scrapers/custom_scraper.py'
adding 'tldw_chatbook/Subscriptions/scrapers/generic_scraper.py'
adding 'tldw_chatbook/Subscriptions/scrapers/github_scraper.py'
adding 'tldw_chatbook/Subscriptions/scrapers/hackernews_scraper.py'
adding 'tldw_chatbook/Subscriptions/scrapers/reddit_scraper.py'
adding 'tldw_chatbook/Subscriptions/scrapers/youtube_scraper.py'
adding 'tldw_chatbook/Sync_Interop/__init__.py'
adding 'tldw_chatbook/Sync_Interop/chat_outbox_producer.py'
adding 'tldw_chatbook/Sync_Interop/conflict_review.py'
adding 'tldw_chatbook/Sync_Interop/crypto.py'
adding 'tldw_chatbook/Sync_Interop/envelope_applier.py'
adding 'tldw_chatbook/Sync_Interop/envelope_builder.py'
adding 'tldw_chatbook/Sync_Interop/hashing.py'
adding 'tldw_chatbook/Sync_Interop/key_recovery_service.py'
adding 'tldw_chatbook/Sync_Interop/local_first_sync_service.py'
adding 'tldw_chatbook/Sync_Interop/manual_sync_control.py'
adding 'tldw_chatbook/Sync_Interop/notes_local_store.py'
adding 'tldw_chatbook/Sync_Interop/notes_m1_flow.py'
adding 'tldw_chatbook/Sync_Interop/notes_mirror.py'
adding 'tldw_chatbook/Sync_Interop/notes_organization.py'
adding 'tldw_chatbook/Sync_Interop/notes_organization_inventory.py'
adding 'tldw_chatbook/Sync_Interop/notes_organization_sync_service.py'
adding 'tldw_chatbook/Sync_Interop/notes_outbox_producer.py'
adding 'tldw_chatbook/Sync_Interop/personal_context_adapter.py'
adding 'tldw_chatbook/Sync_Interop/personal_context_dispatcher.py'
adding 'tldw_chatbook/Sync_Interop/personal_context_first_link_sync.py'
adding 'tldw_chatbook/Sync_Interop/restore_service.py'
adding 'tldw_chatbook/Sync_Interop/server_sync_service.py'
adding 'tldw_chatbook/Sync_Interop/sync_mirror_report.py'
adding 'tldw_chatbook/Sync_Interop/sync_profile_status_state.py'
adding 'tldw_chatbook/Sync_Interop/sync_promotion_state.py'
adding 'tldw_chatbook/Sync_Interop/sync_readiness.py'
adding 'tldw_chatbook/Sync_Interop/sync_scope_service.py'
adding 'tldw_chatbook/Sync_Interop/sync_state.py'
adding 'tldw_chatbook/Sync_Interop/sync_state_repository.py'
adding 'tldw_chatbook/Sync_Interop/validation.py'
adding 'tldw_chatbook/Sync_Interop/domain_adapters/__init__.py'
adding 'tldw_chatbook/Sync_Interop/domain_adapters/_helpers.py'
adding 'tldw_chatbook/Sync_Interop/domain_adapters/chat.py'
adding 'tldw_chatbook/Sync_Interop/domain_adapters/media.py'
adding 'tldw_chatbook/Sync_Interop/domain_adapters/notes.py'
adding 'tldw_chatbook/Sync_Interop/domain_adapters/notes_m1.py'
adding 'tldw_chatbook/Sync_Interop/domain_adapters/notes_organization.py'
adding 'tldw_chatbook/Sync_Interop/domain_adapters/source_cache.py'
adding 'tldw_chatbook/Sync_Interop/domain_adapters/workspaces.py'
adding 'tldw_chatbook/TTS/TTS_Backends.py'
adding 'tldw_chatbook/TTS/TTS_Generation.py'
adding 'tldw_chatbook/TTS/__init__.py'
adding 'tldw_chatbook/TTS/_async_lifecycle.py'
adding 'tldw_chatbook/TTS/adapter_bootstrap.py'
adding 'tldw_chatbook/TTS/adapter_registry.py'
adding 'tldw_chatbook/TTS/adapter_types.py'
adding 'tldw_chatbook/TTS/audio_cpp_artifact_catalog.py'
adding 'tldw_chatbook/TTS/audio_cpp_artifact_dependencies.py'
adding 'tldw_chatbook/TTS/audio_cpp_artifact_manifest.json'
adding 'tldw_chatbook/TTS/audio_cpp_config.py'
adding 'tldw_chatbook/TTS/audio_cpp_contract.py'
adding 'tldw_chatbook/TTS/audio_cpp_guided_config.py'
adding 'tldw_chatbook/TTS/audio_cpp_guided_launch.py'
adding 'tldw_chatbook/TTS/audio_cpp_managed_config.py'
adding 'tldw_chatbook/TTS/audio_cpp_package_scanner.py'
adding 'tldw_chatbook/TTS/audio_cpp_recipes.py'
adding 'tldw_chatbook/TTS/audio_cpp_supervisor.py'
adding 'tldw_chatbook/TTS/audio_limits.py'
adding 'tldw_chatbook/TTS/audio_player.py'
adding 'tldw_chatbook/TTS/audio_schemas.py'
adding 'tldw_chatbook/TTS/audio_service.py'
adding 'tldw_chatbook/TTS/audio_stitch.py'
adding 'tldw_chatbook/TTS/audiobook_generator.py'
adding 'tldw_chatbook/TTS/base_backends.py'
adding 'tldw_chatbook/TTS/character_request_resolver.py'
adding 'tldw_chatbook/TTS/default_profile_request_resolver.py'
adding 'tldw_chatbook/TTS/effective_settings.py'
adding 'tldw_chatbook/TTS/kokoro_languages.py'
adding 'tldw_chatbook/TTS/kokoro_pytorch.py'
adding 'tldw_chatbook/TTS/legacy_bridge.py'
adding 'tldw_chatbook/TTS/legacy_catalogs.py'
adding 'tldw_chatbook/TTS/legacy_request_builder.py'
adding 'tldw_chatbook/TTS/openai_compatible_config.py'
adding 'tldw_chatbook/TTS/pcm_playback.py'
adding 'tldw_chatbook/TTS/pcm_stream.py'
adding 'tldw_chatbook/TTS/playground_types.py'
adding 'tldw_chatbook/TTS/preferences.py'
adding 'tldw_chatbook/TTS/profile_errors.py'
adding 'tldw_chatbook/TTS/profile_migration_candidate.py'
adding 'tldw_chatbook/TTS/profile_migration_journal.py'
adding 'tldw_chatbook/TTS/profile_migration_namespace.py'
adding 'tldw_chatbook/TTS/profile_migration_publication.py'
adding 'tldw_chatbook/TTS/profile_migration_recovery.py'
adding 'tldw_chatbook/TTS/profile_portability.py'
adding 'tldw_chatbook/TTS/profile_reference_audio.py'
adding 'tldw_chatbook/TTS/profile_reference_materialization.py'
adding 'tldw_chatbook/TTS/profile_reference_storage.py'
adding 'tldw_chatbook/TTS/profile_reference_types.py'
adding 'tldw_chatbook/TTS/profile_repository.py'
adding 'tldw_chatbook/TTS/profile_schema.py'
adding 'tldw_chatbook/TTS/profile_service.py'
adding 'tldw_chatbook/TTS/profile_sqlite_policy.py'
adding 'tldw_chatbook/TTS/profile_sqlite_proof.py'
adding 'tldw_chatbook/TTS/profile_store_lock.py'
adding 'tldw_chatbook/TTS/profile_types.py'
adding 'tldw_chatbook/TTS/profile_validation.py'
adding 'tldw_chatbook/TTS/provider_ids.py'
adding 'tldw_chatbook/TTS/request_admission.py'
adding 'tldw_chatbook/TTS/sample_audio_validation.py'
adding 'tldw_chatbook/TTS/studio_preferences.py'
adding 'tldw_chatbook/TTS/text_processing.py'
adding 'tldw_chatbook/TTS/text_processor_advanced.py'
adding 'tldw_chatbook/TTS/voice_blend_paths.py'
adding 'tldw_chatbook/TTS/voice_bundle_codec.py'
adding 'tldw_chatbook/TTS/voice_bundle_service.py'
adding 'tldw_chatbook/TTS/adapters/__init__.py'
adding 'tldw_chatbook/TTS/adapters/audio_cpp.py'
adding 'tldw_chatbook/TTS/backends/__init__.py'
adding 'tldw_chatbook/TTS/backends/alltalk.py'
adding 'tldw_chatbook/TTS/backends/chatterbox.py'
adding 'tldw_chatbook/TTS/backends/chatterbox_isolated.py'
adding 'tldw_chatbook/TTS/backends/chatterbox_process.py'
adding 'tldw_chatbook/TTS/backends/chatterbox_voice_manager.py'
adding 'tldw_chatbook/TTS/backends/elevenlabs.py'
adding 'tldw_chatbook/TTS/backends/higgs.py'
adding 'tldw_chatbook/TTS/backends/higgs_voice_manager.py'
adding 'tldw_chatbook/TTS/backends/kokoro.py'
adding 'tldw_chatbook/TTS/backends/openai.py'
adding 'tldw_chatbook/TTS/backends/voice_manager_base.py'
adding 'tldw_chatbook/TTS/migrations/__init__.py'
adding 'tldw_chatbook/TTS/migrations/v0_to_v1.py'
adding 'tldw_chatbook/TTS/migrations/v1_to_v2.py'
adding 'tldw_chatbook/TTS/migrations/v2_to_v3.py'
adding 'tldw_chatbook/TTS/migrations/v3_to_v4.py'
adding 'tldw_chatbook/TTS/utils/__init__.py'
adding 'tldw_chatbook/TTS/utils/download_models.py'
adding 'tldw_chatbook/TTS/utils/performance.py'
adding 'tldw_chatbook/Terminal/__init__.py'
adding 'tldw_chatbook/Terminal/backend.py'
adding 'tldw_chatbook/Terminal/contracts.py'
adding 'tldw_chatbook/Terminal/io_actors.py'
adding 'tldw_chatbook/Terminal/launch.py'
adding 'tldw_chatbook/Terminal/posix_backend.py'
adding 'tldw_chatbook/Terminal/posix_launcher.py'
adding 'tldw_chatbook/Terminal/protocol_gate.py'
adding 'tldw_chatbook/Terminal/screen_model.py'
adding 'tldw_chatbook/Terminal/session_manager.py'
adding 'tldw_chatbook/Text2SQL_Interop/__init__.py'
adding 'tldw_chatbook/Text2SQL_Interop/server_text2sql_service.py'
adding 'tldw_chatbook/Text2SQL_Interop/text2sql_scope_service.py'
adding 'tldw_chatbook/Third_Party/__init__.py'
adding 'tldw_chatbook/Third_Party/aider/LICENSE.txt'
adding 'tldw_chatbook/Third_Party/aider/__init__.py'
adding 'tldw_chatbook/Third_Party/aider/dump.py'
adding 'tldw_chatbook/Third_Party/aider/repomap.py'
adding 'tldw_chatbook/Third_Party/aider/special.py'
adding 'tldw_chatbook/Third_Party/aider/waiting.py'
adding 'tldw_chatbook/Third_Party/textual_fspicker/LICENSE'
adding 'tldw_chatbook/Third_Party/textual_fspicker/__init__.py'
adding 'tldw_chatbook/Third_Party/textual_fspicker/__main__.py'
adding 'tldw_chatbook/Third_Party/textual_fspicker/base_dialog.py'
adding 'tldw_chatbook/Third_Party/textual_fspicker/example_enhanced.py'
adding 'tldw_chatbook/Third_Party/textual_fspicker/file_dialog.py'
adding 'tldw_chatbook/Third_Party/textual_fspicker/file_open.py'
adding 'tldw_chatbook/Third_Party/textual_fspicker/file_save.py'
adding 'tldw_chatbook/Third_Party/textual_fspicker/path_filters.py'
adding 'tldw_chatbook/Third_Party/textual_fspicker/path_maker.py'
adding 'tldw_chatbook/Third_Party/textual_fspicker/safe_tests.py'
adding 'tldw_chatbook/Third_Party/textual_fspicker/select_directory.py'
adding 'tldw_chatbook/Third_Party/textual_fspicker/parts/__init__.py'
adding 'tldw_chatbook/Third_Party/textual_fspicker/parts/directory_navigation.py'
adding 'tldw_chatbook/Third_Party/textual_fspicker/parts/drive_navigation.py'
adding 'tldw_chatbook/Tool_Packs/__init__.py'
adding 'tldw_chatbook/Tool_Packs/activation.py'
adding 'tldw_chatbook/Tool_Packs/binding.py'
adding 'tldw_chatbook/Tool_Packs/catalog_snapshot.py'
adding 'tldw_chatbook/Tool_Packs/contracts.py'
adding 'tldw_chatbook/Tool_Packs/export.py'
adding 'tldw_chatbook/Tool_Packs/importer.py'
adding 'tldw_chatbook/Tool_Packs/publication.py'
adding 'tldw_chatbook/Tool_Packs/receipt_store.py'
adding 'tldw_chatbook/Tool_Packs/removal.py'
adding 'tldw_chatbook/Tool_Packs/service.py'
adding 'tldw_chatbook/Tools/__init__.py'
adding 'tldw_chatbook/Tools/_grep_worker.py'
adding 'tldw_chatbook/Tools/code_audit_tool.py'
adding 'tldw_chatbook/Tools/document_expansion_tool.py'
adding 'tldw_chatbook/Tools/file_operation_hooks.py'
adding 'tldw_chatbook/Tools/file_operation_tools.py'
adding 'tldw_chatbook/Tools/git_tool_impls.py'
adding 'tldw_chatbook/Tools/local_tool_impls.py'
adding 'tldw_chatbook/Tools/note_management_tools.py'
adding 'tldw_chatbook/Tools/patch_tool_impls.py'
adding 'tldw_chatbook/Tools/rag_search_tool.py'
adding 'tldw_chatbook/Tools/raw_cli_executor.py'
adding 'tldw_chatbook/Tools/tool_executor.py'
adding 'tldw_chatbook/Tools/virtual_cli_impls.py'
adding 'tldw_chatbook/Tools/watchlists_command_service.py'
adding 'tldw_chatbook/Tools/watchlists_tool_service.py'
adding 'tldw_chatbook/Tools/web_search_tool.py'
adding 'tldw_chatbook/Tools/web_tool_impls.py'
adding 'tldw_chatbook/Tools/workspace_file_roots.py'
adding 'tldw_chatbook/Tools/workspace_root_pin.py'
adding 'tldw_chatbook/Tools/workspace_tool_dispatch.py'
adding 'tldw_chatbook/Tools/workspace_tool_executor.py'
adding 'tldw_chatbook/Tools/workspace_tool_protocol.py'
adding 'tldw_chatbook/Tools/workspace_tool_worker.py'
adding 'tldw_chatbook/Tools/repo2txt/__init__.py'
adding 'tldw_chatbook/Tools_Interop/__init__.py'
adding 'tldw_chatbook/Tools_Interop/server_tools_service.py'
adding 'tldw_chatbook/Tools_Interop/tools_scope_service.py'
adding 'tldw_chatbook/Translation_Interop/__init__.py'
adding 'tldw_chatbook/Translation_Interop/server_translation_service.py'
adding 'tldw_chatbook/Translation_Interop/translation_scope_service.py'
adding 'tldw_chatbook/UI/ChatbookCreationWindow.py'
adding 'tldw_chatbook/UI/ChatbookExportManagementWindow.py'
adding 'tldw_chatbook/UI/ChatbookTemplatesWindow.py'
adding 'tldw_chatbook/UI/Chatbooks_Window.py'
adding 'tldw_chatbook/UI/Chatbooks_Window_Improved.py'
adding 'tldw_chatbook/UI/CodeRepoCopyPasteWindow.py'
adding 'tldw_chatbook/UI/Dictation_Window_Improved.py'
adding 'tldw_chatbook/UI/LLM_Management_Window.py'
adding 'tldw_chatbook/UI/Logs_Window.py'
adding 'tldw_chatbook/UI/MediaWindowV88.py'
adding 'tldw_chatbook/UI/MediaWindow_v2.py'
adding 'tldw_chatbook/UI/Outputs_Panel.py'
adding 'tldw_chatbook/UI/Research_Window.py'
adding 'tldw_chatbook/UI/STTS_Window.py'
adding 'tldw_chatbook/UI/Sharing_Panel.py'
adding 'tldw_chatbook/UI/SiteConfigSettings.py'
adding 'tldw_chatbook/UI/Stats_Window.py'
adding 'tldw_chatbook/UI/Study_Window.py'
adding 'tldw_chatbook/UI/Tools_Settings_Window.py'
adding 'tldw_chatbook/UI/Voice_Cloning_Window.py'
adding 'tldw_chatbook/UI/Writing_Window.py'
adding 'tldw_chatbook/UI/__init__.py'
adding 'tldw_chatbook/UI/character_display_text.py'
adding 'tldw_chatbook/UI/console_command_provider.py'
adding 'tldw_chatbook/UI/destination_recovery.py'
adding 'tldw_chatbook/UI/focus_ownership.py'
adding 'tldw_chatbook/UI/image_gen_command_provider.py'
adding 'tldw_chatbook/UI/server_chatbook_service_lease.py'
adding 'tldw_chatbook/UI/stable_command_palette.py'
adding 'tldw_chatbook/UI/stts_playground_catalog.py'
adding 'tldw_chatbook/UI/stts_profile_library.py'
adding 'tldw_chatbook/UI/tools_settings_messages.py'
adding 'tldw_chatbook/UI/tts_profile_recovery.py'
adding 'tldw_chatbook/UI/CCP_Modules/__init__.py'
adding 'tldw_chatbook/UI/CCP_Modules/ccp_character_handler.py'
adding 'tldw_chatbook/UI/CCP_Modules/ccp_enhanced_handlers.py'
adding 'tldw_chatbook/UI/CCP_Modules/ccp_loading_indicators.py'
adding 'tldw_chatbook/UI/CCP_Modules/ccp_message_manager.py'
adding 'tldw_chatbook/UI/CCP_Modules/ccp_messages.py'
adding 'tldw_chatbook/UI/CCP_Modules/ccp_persona_handler.py'
adding 'tldw_chatbook/UI/CCP_Modules/ccp_validation_decorators.py'
adding 'tldw_chatbook/UI/CCP_Modules/ccp_validators.py'
adding 'tldw_chatbook/UI/Chunking_Lab_Modules/__init__.py'
adding 'tldw_chatbook/UI/Chunking_Lab_Modules/dialogs.py'
adding 'tldw_chatbook/UI/Chunking_Lab_Modules/editor_region.py'
adding 'tldw_chatbook/UI/Chunking_Lab_Modules/results_region.py'
adding 'tldw_chatbook/UI/Chunking_Lab_Modules/sample_region.py'
adding 'tldw_chatbook/UI/Console_Modules/__init__.py'
adding 'tldw_chatbook/UI/Console_Modules/agent.py'
adding 'tldw_chatbook/UI/Console_Modules/capture_policy_bindings.py'
adding 'tldw_chatbook/UI/Console_Modules/character.py'
adding 'tldw_chatbook/UI/Console_Modules/character_avatar_layout.py'
adding 'tldw_chatbook/UI/Console_Modules/character_context.py'
adding 'tldw_chatbook/UI/Console_Modules/console_spend_projection.py'
adding 'tldw_chatbook/UI/Console_Modules/conversation_token_preparation.py'
adding 'tldw_chatbook/UI/Console_Modules/dictation.py'
adding 'tldw_chatbook/UI/Console_Modules/dispatch_recovery.py'
adding 'tldw_chatbook/UI/Console_Modules/environment.py'
adding 'tldw_chatbook/UI/Console_Modules/fleet.py'
adding 'tldw_chatbook/UI/Console_Modules/frame.py'
adding 'tldw_chatbook/UI/Console_Modules/hands_free.py'
adding 'tldw_chatbook/UI/Console_Modules/image.py'
adding 'tldw_chatbook/UI/Console_Modules/left_rail.py'
adding 'tldw_chatbook/UI/Console_Modules/library_activity.py'
adding 'tldw_chatbook/UI/Console_Modules/library_policy.py'
adding 'tldw_chatbook/UI/Console_Modules/message.py'
adding 'tldw_chatbook/UI/Console_Modules/prompt_queue.py'
adding 'tldw_chatbook/UI/Console_Modules/prompts.py'
adding 'tldw_chatbook/UI/Console_Modules/provider_continuation_recovery.py'
adding 'tldw_chatbook/UI/Console_Modules/rail_section_layout.py'
adding 'tldw_chatbook/UI/Console_Modules/raw_cli.py'
adding 'tldw_chatbook/UI/Console_Modules/reaction_preview.py'
adding 'tldw_chatbook/UI/Console_Modules/realtime.py'
adding 'tldw_chatbook/UI/Console_Modules/research_command.py'
adding 'tldw_chatbook/UI/Console_Modules/retrieval.py'
adding 'tldw_chatbook/UI/Console_Modules/review_selection.py'
adding 'tldw_chatbook/UI/Console_Modules/right_rail.py'
adding 'tldw_chatbook/UI/Console_Modules/send_price.py'
adding 'tldw_chatbook/UI/Console_Modules/session.py'
adding 'tldw_chatbook/UI/Console_Modules/skill.py'
adding 'tldw_chatbook/UI/Console_Modules/status_row.py'
adding 'tldw_chatbook/UI/Console_Modules/terminal.py'
adding 'tldw_chatbook/UI/Console_Modules/trace_call_recovery.py'
adding 'tldw_chatbook/UI/Console_Modules/transcript.py'
adding 'tldw_chatbook/UI/Console_Modules/video.py'
adding 'tldw_chatbook/UI/Console_Modules/wiring.py'
adding 'tldw_chatbook/UI/Console_Modules/workspace.py'
adding 'tldw_chatbook/UI/Evals/bench_editor.py'
adding 'tldw_chatbook/UI/Evals/card_picker.py'
adding 'tldw_chatbook/UI/Evals/character_bench_editor.py'
adding 'tldw_chatbook/UI/Evals/evals_state.py'
adding 'tldw_chatbook/UI/Evals/inspector.py'
adding 'tldw_chatbook/UI/Evals/library_rail.py'
adding 'tldw_chatbook/UI/Evals/notify_mixin.py'
adding 'tldw_chatbook/UI/Evals/results_grid.py'
adding 'tldw_chatbook/UI/Evals/sample_bench.py'
adding 'tldw_chatbook/UI/Evals/snippet_editor.py'
adding 'tldw_chatbook/UI/LLM_Management/__init__.py'
adding 'tldw_chatbook/UI/LLM_Management/vllm_connection.py'
adding 'tldw_chatbook/UI/LLM_Management/vllm_profiles.py'
adding 'tldw_chatbook/UI/LLM_Management/vllm_setup.py'
adding 'tldw_chatbook/UI/LLM_Management/vllm_setup_view.py'
adding 'tldw_chatbook/UI/Lab_Modules/__init__.py'
adding 'tldw_chatbook/UI/Lab_Modules/lab_rail_layout.py'
adding 'tldw_chatbook/UI/Lab_Modules/lab_rail_store.py'
adding 'tldw_chatbook/UI/Lab_Modules/lab_server_status.py'
adding 'tldw_chatbook/UI/Lab_Modules/lab_speech_status.py'
adding 'tldw_chatbook/UI/Lab_Modules/lab_workbench.py'
adding 'tldw_chatbook/UI/Library_Modules/__init__.py'
adding 'tldw_chatbook/UI/Library_Modules/canvas_sync.py'
adding 'tldw_chatbook/UI/Library_Modules/library_browse_route_swap.py'
adding 'tldw_chatbook/UI/Library_Modules/library_character_repair_controller.py'
adding 'tldw_chatbook/UI/Library_Modules/library_collections_capture_controller.py'
adding 'tldw_chatbook/UI/Library_Modules/library_collections_controller.py'
adding 'tldw_chatbook/UI/Library_Modules/library_collections_state.py'
adding 'tldw_chatbook/UI/Library_Modules/library_conversation_reader_controller.py'
adding 'tldw_chatbook/UI/Library_Modules/library_conversations_controller.py'
adding 'tldw_chatbook/UI/Library_Modules/library_conversations_state.py'
adding 'tldw_chatbook/UI/Library_Modules/library_export_controller.py'
adding 'tldw_chatbook/UI/Library_Modules/library_export_state.py'
adding 'tldw_chatbook/UI/Library_Modules/library_ingest_controller.py'
adding 'tldw_chatbook/UI/Library_Modules/library_ingest_state.py'
adding 'tldw_chatbook/UI/Library_Modules/library_inspection_admission.py'
adding 'tldw_chatbook/UI/Library_Modules/library_media_browse_controller.py'
adding 'tldw_chatbook/UI/Library_Modules/library_media_controller.py'
adding 'tldw_chatbook/UI/Library_Modules/library_media_state.py'
adding 'tldw_chatbook/UI/Library_Modules/library_media_trash_browse_controller.py'
adding 'tldw_chatbook/UI/Library_Modules/library_navigation_controller.py'
adding 'tldw_chatbook/UI/Library_Modules/library_note_import_controller.py'
adding 'tldw_chatbook/UI/Library_Modules/library_notes_controller.py'
adding 'tldw_chatbook/UI/Library_Modules/library_notes_state.py'
adding 'tldw_chatbook/UI/Library_Modules/library_notes_sync_controller.py'
adding 'tldw_chatbook/UI/Library_Modules/library_notes_work_session.py'
adding 'tldw_chatbook/UI/Library_Modules/library_prompt_browse_controller.py'
adding 'tldw_chatbook/UI/Library_Modules/library_prompts_controller.py'
adding 'tldw_chatbook/UI/Library_Modules/library_prompts_state.py'
adding 'tldw_chatbook/UI/Library_Modules/library_rag_search_controller.py'
adding 'tldw_chatbook/UI/Library_Modules/library_rag_search_state.py'
adding 'tldw_chatbook/UI/Library_Modules/library_skill_import_controller.py'
adding 'tldw_chatbook/UI/Library_Modules/library_skills_browse_controller.py'
adding 'tldw_chatbook/UI/Library_Modules/library_skills_controller.py'
adding 'tldw_chatbook/UI/Library_Modules/library_skills_state.py'
adding 'tldw_chatbook/UI/Library_Modules/library_snapshot_cache.py'
adding 'tldw_chatbook/UI/Library_Modules/library_unavailable_navigation.py'
adding 'tldw_chatbook/UI/Library_Modules/note_session_port.py'
adding 'tldw_chatbook/UI/Library_Modules/prompt_collection_manager_modal.py'
adding 'tldw_chatbook/UI/Library_Modules/prompt_collections.py'
adding 'tldw_chatbook/UI/Library_Modules/prompt_history.py'
adding 'tldw_chatbook/UI/Library_Modules/prompt_history_region.py'
adding 'tldw_chatbook/UI/Library_Modules/screen_constants.py'
adding 'tldw_chatbook/UI/Library_Modules/screen_helpers.py'
adding 'tldw_chatbook/UI/Library_Modules/screen_support_types.py'
adding 'tldw_chatbook/UI/Library_Modules/skill_import_choice_modal.py'
adding 'tldw_chatbook/UI/MCP_Modules/__init__.py'
adding 'tldw_chatbook/UI/MCP_Modules/mcp_audit_mode.py'
adding 'tldw_chatbook/UI/MCP_Modules/mcp_inspector.py'
adding 'tldw_chatbook/UI/MCP_Modules/mcp_permissions_mode.py'
adding 'tldw_chatbook/UI/MCP_Modules/mcp_profile_form.py'
adding 'tldw_chatbook/UI/MCP_Modules/mcp_rail.py'
adding 'tldw_chatbook/UI/MCP_Modules/mcp_schema_form.py'
adding 'tldw_chatbook/UI/MCP_Modules/mcp_server_mutations.py'
adding 'tldw_chatbook/UI/MCP_Modules/mcp_servers_mode.py'
adding 'tldw_chatbook/UI/MCP_Modules/mcp_tools_mode.py'
adding 'tldw_chatbook/UI/MCP_Modules/mcp_workbench.py'
adding 'tldw_chatbook/UI/Navigation/__init__.py'
adding 'tldw_chatbook/UI/Navigation/_character_conversation_wire.py'
adding 'tldw_chatbook/UI/Navigation/audio_cpp_model_handoff.py'
adding 'tldw_chatbook/UI/Navigation/base_app_screen.py'
adding 'tldw_chatbook/UI/Navigation/buddy_conversation.py'
adding 'tldw_chatbook/UI/Navigation/buddy_management.py'
adding 'tldw_chatbook/UI/Navigation/buddy_speech.py'
adding 'tldw_chatbook/UI/Navigation/buddy_workspace.py'
adding 'tldw_chatbook/UI/Navigation/character_conversation_navigation.py'
adding 'tldw_chatbook/UI/Navigation/conversation_settings_navigation.py'
adding 'tldw_chatbook/UI/Navigation/main_navigation.py'
adding 'tldw_chatbook/UI/Navigation/nav_overflow_menu.py'
adding 'tldw_chatbook/UI/Navigation/pending_handoff_store.py'
adding 'tldw_chatbook/UI/Navigation/persona_buddy_overlay.py'
adding 'tldw_chatbook/UI/Navigation/screen_registry.py'
adding 'tldw_chatbook/UI/Navigation/screen_state_store.py'
adding 'tldw_chatbook/UI/Navigation/shell_destinations.py'
adding 'tldw_chatbook/UI/Navigation/shortcut_context.py'
adding 'tldw_chatbook/UI/Navigation/vllm_handoff.py'
adding 'tldw_chatbook/UI/Persona_Modules/__init__.py'
adding 'tldw_chatbook/UI/Persona_Modules/personas_conversations_controller.py'
adding 'tldw_chatbook/UI/Persona_Modules/personas_preview_controller.py'
adding 'tldw_chatbook/UI/Persona_Modules/personas_preview_coordinator.py'
adding 'tldw_chatbook/UI/Research_Modules/__init__.py'
adding 'tldw_chatbook/UI/Research_Modules/bundle_rendering.py'
adding 'tldw_chatbook/UI/Research_Modules/research_controller.py'
adding 'tldw_chatbook/UI/Research_Workspace_Modules/__init__.py'
adding 'tldw_chatbook/UI/Research_Workspace_Modules/add_source_modal.py'
adding 'tldw_chatbook/UI/Research_Workspace_Modules/chat_region.py'
adding 'tldw_chatbook/UI/Research_Workspace_Modules/header_region.py'
adding 'tldw_chatbook/UI/Research_Workspace_Modules/mode_bar.py'
adding 'tldw_chatbook/UI/Research_Workspace_Modules/overlay_conflict_modal.py'
adding 'tldw_chatbook/UI/Research_Workspace_Modules/pane_handle.py'
adding 'tldw_chatbook/UI/Research_Workspace_Modules/quick_note_modals.py'
adding 'tldw_chatbook/UI/Research_Workspace_Modules/quick_notes_section.py'
adding 'tldw_chatbook/UI/Research_Workspace_Modules/source_inspector.py'
adding 'tldw_chatbook/UI/Research_Workspace_Modules/source_list.py'
adding 'tldw_chatbook/UI/Research_Workspace_Modules/source_receipt.py'
adding 'tldw_chatbook/UI/Research_Workspace_Modules/sources_region.py'
adding 'tldw_chatbook/UI/Research_Workspace_Modules/studio_region.py'
adding 'tldw_chatbook/UI/Research_Workspace_Modules/workspace_menu.py'
adding 'tldw_chatbook/UI/Screens/__init__.py'
adding 'tldw_chatbook/UI/Screens/acp_screen.py'
adding 'tldw_chatbook/UI/Screens/artifacts_screen.py'
adding 'tldw_chatbook/UI/Screens/change_review_screen.py'
adding 'tldw_chatbook/UI/Screens/chat_screen.py'
adding 'tldw_chatbook/UI/Screens/chat_screen_state.py'
adding 'tldw_chatbook/UI/Screens/chatbooks_screen.py'
adding 'tldw_chatbook/UI/Screens/chunking_lab_screen.py'
adding 'tldw_chatbook/UI/Screens/destination_recovery.py'
adding 'tldw_chatbook/UI/Screens/evals_screen.py'
adding 'tldw_chatbook/UI/Screens/home_screen.py'
adding 'tldw_chatbook/UI/Screens/image_gen_demo_screen.py'
adding 'tldw_chatbook/UI/Screens/lab_frame.py'
adding 'tldw_chatbook/UI/Screens/lab_mode_strip.py'
adding 'tldw_chatbook/UI/Screens/library_conversations_screen.py'
adding 'tldw_chatbook/UI/Screens/library_screen.py'
adding 'tldw_chatbook/UI/Screens/llm_screen.py'
adding 'tldw_chatbook/UI/Screens/logs_screen.py'
adding 'tldw_chatbook/UI/Screens/mcp_screen.py'
adding 'tldw_chatbook/UI/Screens/media_runtime_state.py'
adding 'tldw_chatbook/UI/Screens/media_screen.py'
adding 'tldw_chatbook/UI/Screens/meetings_screen.py'
adding 'tldw_chatbook/UI/Screens/model_browser_state.py'
adding 'tldw_chatbook/UI/Screens/model_catalog_consent.py'
adding 'tldw_chatbook/UI/Screens/model_curated_view.py'
adding 'tldw_chatbook/UI/Screens/model_external_view.py'
adding 'tldw_chatbook/UI/Screens/model_installed_view.py'
adding 'tldw_chatbook/UI/Screens/model_memory_presenter.py'
adding 'tldw_chatbook/UI/Screens/model_remote_view.py'
adding 'tldw_chatbook/UI/Screens/notes_scope_models.py'
adding 'tldw_chatbook/UI/Screens/personas_screen.py'
adding 'tldw_chatbook/UI/Screens/profile_interview_screen.py'
adding 'tldw_chatbook/UI/Screens/provider_model_resolution.py'
adding 'tldw_chatbook/UI/Screens/research_screen.py'
adding 'tldw_chatbook/UI/Screens/research_workspace_screen.py'
adding 'tldw_chatbook/UI/Screens/schedules_screen.py'
adding 'tldw_chatbook/UI/Screens/settings_appearance_defaults.py'
adding 'tldw_chatbook/UI/Screens/settings_config_adapter.py'
adding 'tldw_chatbook/UI/Screens/settings_config_models.py'
adding 'tldw_chatbook/UI/Screens/settings_context_memory.py'
adding 'tldw_chatbook/UI/Screens/settings_endpoint_probe.py'
adding 'tldw_chatbook/UI/Screens/settings_image_gen_defaults.py'
adding 'tldw_chatbook/UI/Screens/settings_library_rag_defaults.py'
adding 'tldw_chatbook/UI/Screens/settings_network_defaults.py'
adding 'tldw_chatbook/UI/Screens/settings_privacy_security.py'
adding 'tldw_chatbook/UI/Screens/settings_provider_view_model.py'
adding 'tldw_chatbook/UI/Screens/settings_rag_profile_adapter.py'
adding 'tldw_chatbook/UI/Screens/settings_screen.py'
adding 'tldw_chatbook/UI/Screens/settings_search_index.py'
adding 'tldw_chatbook/UI/Screens/settings_speech_tts.py'
adding 'tldw_chatbook/UI/Screens/settings_storage_defaults.py'
adding 'tldw_chatbook/UI/Screens/settings_video_gen_defaults.py'
adding 'tldw_chatbook/UI/Screens/skills_screen.py'
adding 'tldw_chatbook/UI/Screens/stats_screen.py'
adding 'tldw_chatbook/UI/Screens/stts_screen.py'
adding 'tldw_chatbook/UI/Screens/study_scope_models.py'
adding 'tldw_chatbook/UI/Screens/study_screen.py'
adding 'tldw_chatbook/UI/Screens/tools_settings_screen.py'
adding 'tldw_chatbook/UI/Screens/trajectory_screen.py'
adding 'tldw_chatbook/UI/Screens/video_player_screen.py'
adding 'tldw_chatbook/UI/Screens/watchlists_collections_screen.py'
adding 'tldw_chatbook/UI/Screens/workflows_screen.py'
adding 'tldw_chatbook/UI/Screens/writing_screen.py'
adding 'tldw_chatbook/UI/Screens/scheduling/__init__.py'
adding 'tldw_chatbook/UI/Screens/scheduling/conflicts_tab.py'
adding 'tldw_chatbook/UI/Screens/scheduling/definition_audit_view.py'
adding 'tldw_chatbook/UI/Screens/scheduling/definition_detail.py'
adding 'tldw_chatbook/UI/Screens/scheduling/results_tab.py'
adding 'tldw_chatbook/UI/Screens/scheduling/schedules_workbench.py'
adding 'tldw_chatbook/UI/Screens/scheduling/sync_status_widget.py'
adding 'tldw_chatbook/UI/Screens/scheduling/task_detail.py'
adding 'tldw_chatbook/UI/Screens/scheduling/unified_rows.py'
adding 'tldw_chatbook/UI/Screens/scheduling/workbench_host_screen.py'
adding 'tldw_chatbook/UI/Screens/scheduling/forms/__init__.py'
adding 'tldw_chatbook/UI/Screens/scheduling/forms/automation_definition_form.py'
adding 'tldw_chatbook/UI/Screens/scheduling/forms/new_task_choice_modal.py'
adding 'tldw_chatbook/UI/Screens/scheduling/forms/reminder_form.py'
adding 'tldw_chatbook/UI/Speech/__init__.py'
adding 'tldw_chatbook/UI/Speech/audio_cpp_runtime_card.py'
adding 'tldw_chatbook/UI/Speech/speech_action_strip.py'
adding 'tldw_chatbook/UI/Speech/speech_axis_row.py'
adding 'tldw_chatbook/UI/Speech/speech_catalog_mixin.py'
adding 'tldw_chatbook/UI/Speech/speech_clone_setup.py'
adding 'tldw_chatbook/UI/Speech/speech_effects_pane.py'
adding 'tldw_chatbook/UI/Speech/speech_param_group.py'
adding 'tldw_chatbook/UI/Speech/speech_playback_mixin.py'
adding 'tldw_chatbook/UI/Speech/speech_playground_model.py'
adding 'tldw_chatbook/UI/Speech/speech_playground_pane.py'
adding 'tldw_chatbook/UI/Speech/speech_profile_mixin.py'
adding 'tldw_chatbook/UI/Speech/speech_runtime_status.py'
adding 'tldw_chatbook/UI/Speech/speech_settings_contracts.py'
adding 'tldw_chatbook/UI/Speech/speech_settings_group.py'
adding 'tldw_chatbook/UI/Speech/speech_settings_mixin.py'
adding 'tldw_chatbook/UI/Speech/speech_settings_model.py'
adding 'tldw_chatbook/UI/Speech/speech_settings_pane.py'
adding 'tldw_chatbook/UI/Speech/speech_synthesis_mixin.py'
adding 'tldw_chatbook/UI/Study_Modules/__init__.py'
adding 'tldw_chatbook/UI/Study_Modules/flashcards_handler.py'
adding 'tldw_chatbook/UI/Study_Modules/quizzes_handler.py'
adding 'tldw_chatbook/UI/Subscription_Modules/__init__.py'
adding 'tldw_chatbook/UI/Subscription_Modules/notifications_inbox_controller.py'
adding 'tldw_chatbook/UI/Views/RAGSearch/__init__.py'
adding 'tldw_chatbook/UI/Views/RAGSearch/search_handoff.py'
adding 'tldw_chatbook/UI/Watchlists_Modules/__init__.py'
adding 'tldw_chatbook/UI/Watchlists_Modules/article_list.py'
adding 'tldw_chatbook/UI/Watchlists_Modules/artifacts_pane.py'
adding 'tldw_chatbook/UI/Watchlists_Modules/briefing_preset_modal.py'
adding 'tldw_chatbook/UI/Watchlists_Modules/bulk_sources_modal.py'
adding 'tldw_chatbook/UI/Watchlists_Modules/content_pane.py'
adding 'tldw_chatbook/UI/Watchlists_Modules/humane_time.py'
adding 'tldw_chatbook/UI/Watchlists_Modules/inspector_pane.py'
adding 'tldw_chatbook/UI/Watchlists_Modules/items_pane.py'
adding 'tldw_chatbook/UI/Watchlists_Modules/kept_briefings_modal.py'
adding 'tldw_chatbook/UI/Watchlists_Modules/notifications_pane.py'
adding 'tldw_chatbook/UI/Watchlists_Modules/opml_dialogs.py'
adding 'tldw_chatbook/UI/Watchlists_Modules/overview_pane.py'
adding 'tldw_chatbook/UI/Watchlists_Modules/pane_grip.py'
adding 'tldw_chatbook/UI/Watchlists_Modules/reader_item_snapshot.py'
adding 'tldw_chatbook/UI/Watchlists_Modules/region_layout.py'
adding 'tldw_chatbook/UI/Watchlists_Modules/region_layout_store.py'
adding 'tldw_chatbook/UI/Watchlists_Modules/rules_pane.py'
adding 'tldw_chatbook/UI/Watchlists_Modules/runs_pane.py'
adding 'tldw_chatbook/UI/Watchlists_Modules/snapshot_view_modal.py'
adding 'tldw_chatbook/UI/Watchlists_Modules/sources_pane.py'
adding 'tldw_chatbook/UI/Watchlists_Modules/table_selection.py'
adding 'tldw_chatbook/UI/Watchlists_Modules/watchlist_tree.py'
adding 'tldw_chatbook/UI/Watchlists_Modules/watchlists_backend_controller.py'
adding 'tldw_chatbook/UI/Watchlists_Modules/watchlists_console_handoff.py'
adding 'tldw_chatbook/UI/Watchlists_Modules/watchlists_tab_strip.py'
adding 'tldw_chatbook/UI/Watchlists_Modules/watchlists_workbench.py'
adding 'tldw_chatbook/UI/Widgets/SmartContentTree.py'
adding 'tldw_chatbook/UI/Widgets/__init__.py'
adding 'tldw_chatbook/UI/Widgets/config_search_widget.py'
adding 'tldw_chatbook/UI/Widgets/table_click_select.py'
adding 'tldw_chatbook/UI/Widgets/trace_filter_bar.py'
adding 'tldw_chatbook/UI/Widgets/trajectory_timeline.py'
adding 'tldw_chatbook/UI/Wizards/BaseWizard.py'
adding 'tldw_chatbook/UI/Wizards/ChatbookCreationWizard.py'
adding 'tldw_chatbook/UI/Wizards/ChatbookImportWizard.py'
adding 'tldw_chatbook/UI/Wizards/FirstRunSetupWizard.py'
adding 'tldw_chatbook/UI/Wizards/__init__.py'
adding 'tldw_chatbook/UI/Wizards/first_run_recovery_dialog.py'
adding 'tldw_chatbook/UI/Wizards/first_run_setup_state.py'
adding 'tldw_chatbook/UI/Wizards/first_run_speech_step_state.py'
adding 'tldw_chatbook/UI/Wizards/first_run_voice_step_state.py'
adding 'tldw_chatbook/UI/Workbench/__init__.py'
adding 'tldw_chatbook/UI/Workbench/focus.py'
adding 'tldw_chatbook/UI/Workbench/help.py'
adding 'tldw_chatbook/UI/Workbench/route_inventory.py'
adding 'tldw_chatbook/UI/Workbench/workbench_state.py'
adding 'tldw_chatbook/UI/Workbench/workbench_widgets.py'
adding 'tldw_chatbook/UI/Writing_Modules/__init__.py'
adding 'tldw_chatbook/UI/Writing_Modules/writing_controller.py'
adding 'tldw_chatbook/UX_Interop/__init__.py'
adding 'tldw_chatbook/UX_Interop/server_connection_contracts.py'
adding 'tldw_chatbook/UX_Interop/server_parity_contracts.py'
adding 'tldw_chatbook/User_Governance_Interop/__init__.py'
adding 'tldw_chatbook/User_Governance_Interop/server_user_governance_service.py'
adding 'tldw_chatbook/User_Governance_Interop/user_governance_scope_service.py'
adding 'tldw_chatbook/Utils/Emoji_Handling.py'
adding 'tldw_chatbook/Utils/NotificationHelper.py'
adding 'tldw_chatbook/Utils/Splash.py'
adding 'tldw_chatbook/Utils/Splash_Strings.py'
adding 'tldw_chatbook/Utils/Utils.py'
adding 'tldw_chatbook/Utils/__init__.py'
adding 'tldw_chatbook/Utils/about_text.py'
adding 'tldw_chatbook/Utils/adaptive_reader_state.py'
adding 'tldw_chatbook/Utils/app_shutdown.py'
adding 'tldw_chatbook/Utils/atomic_file_ops.py'
adding 'tldw_chatbook/Utils/boot_worker_policy.py'
adding 'tldw_chatbook/Utils/config_encryption.py'
adding 'tldw_chatbook/Utils/console_background_effects.py'
adding 'tldw_chatbook/Utils/cost_estimation.py'
adding 'tldw_chatbook/Utils/custom_tokenizers.py'
adding 'tldw_chatbook/Utils/db_status_manager.py'
adding 'tldw_chatbook/Utils/db_upgrade_notice.py'
adding 'tldw_chatbook/Utils/debug_helpers.py'
adding 'tldw_chatbook/Utils/doctor.py'
adding 'tldw_chatbook/Utils/egress.py'
adding 'tldw_chatbook/Utils/embedding_templates.py'
adding 'tldw_chatbook/Utils/fd_protection.py'
adding 'tldw_chatbook/Utils/file_extraction.py'
adding 'tldw_chatbook/Utils/file_handlers.py'
adding 'tldw_chatbook/Utils/filesystem_identity.py'
adding 'tldw_chatbook/Utils/fts5_match_forms.py'
adding 'tldw_chatbook/Utils/github_api_client.py'
adding 'tldw_chatbook/Utils/ingestion_preferences.py'
adding 'tldw_chatbook/Utils/input_validation.py'
adding 'tldw_chatbook/Utils/instance_lock.py'
adding 'tldw_chatbook/Utils/library_rail_width.py'
adding 'tldw_chatbook/Utils/local_stt_providers.py'
adding 'tldw_chatbook/Utils/log_sanitizer.py'
adding 'tldw_chatbook/Utils/log_widget_manager.py'
adding 'tldw_chatbook/Utils/markdown_parsing.py'
adding 'tldw_chatbook/Utils/mosaic_render.py'
adding 'tldw_chatbook/Utils/note_importers.py'
adding 'tldw_chatbook/Utils/optional_deps.py'
adding 'tldw_chatbook/Utils/pagination.py'
adding 'tldw_chatbook/Utils/path_validation.py'
adding 'tldw_chatbook/Utils/paths.py'
adding 'tldw_chatbook/Utils/persistent_diagnostics.py'
adding 'tldw_chatbook/Utils/private_paths.py'
adding 'tldw_chatbook/Utils/secure_temp_files.py'
adding 'tldw_chatbook/Utils/sensitive_config_keys.py'
adding 'tldw_chatbook/Utils/sensitive_llm_logging.py'
adding 'tldw_chatbook/Utils/sensitive_paths.py'
adding 'tldw_chatbook/Utils/splash_animations.py'
adding 'tldw_chatbook/Utils/startup_logging.py'
adding 'tldw_chatbook/Utils/terminal_utils.py'
adding 'tldw_chatbook/Utils/text.py'
adding 'tldw_chatbook/Utils/text_selection_crash_guard.py'
adding 'tldw_chatbook/Utils/text_wrap_index.py'
adding 'tldw_chatbook/Utils/textual_css_fastpath.py'
adding 'tldw_chatbook/Utils/tiktoken_runtime.py'
adding 'tldw_chatbook/Utils/tls_trust.py'
adding 'tldw_chatbook/Utils/token_counter.py'
adding 'tldw_chatbook/Utils/ui_helpers.py'
adding 'tldw_chatbook/Utils/ui_responsiveness.py'
adding 'tldw_chatbook/Utils/ui_responsiveness_artifacts.py'
adding 'tldw_chatbook/Utils/widget_helpers.py'
adding 'tldw_chatbook/Utils/Splash_Screens/__init__.py'
adding 'tldw_chatbook/Utils/Splash_Screens/base_effect.py'
adding 'tldw_chatbook/Utils/Splash_Screens/card_definitions.py'
adding 'tldw_chatbook/Utils/Splash_Screens/classic/__init__.py'
adding 'tldw_chatbook/Utils/Splash_Screens/classic/ascii_morph.py'
adding 'tldw_chatbook/Utils/Splash_Screens/classic/blink.py'
adding 'tldw_chatbook/Utils/Splash_Screens/classic/fade.py'
adding 'tldw_chatbook/Utils/Splash_Screens/classic/glitch.py'
adding 'tldw_chatbook/Utils/Splash_Screens/classic/glitch_reveal.py'
adding 'tldw_chatbook/Utils/Splash_Screens/classic/loading_bar.py'
adding 'tldw_chatbook/Utils/Splash_Screens/classic/matrix_rain.py'
adding 'tldw_chatbook/Utils/Splash_Screens/classic/old_film.py'
adding 'tldw_chatbook/Utils/Splash_Screens/classic/pixel_dissolve.py'
adding 'tldw_chatbook/Utils/Splash_Screens/classic/pixel_zoom.py'
adding 'tldw_chatbook/Utils/Splash_Screens/classic/pulse.py'
adding 'tldw_chatbook/Utils/Splash_Screens/classic/retro_terminal.py'
adding 'tldw_chatbook/Utils/Splash_Screens/classic/scrolling_credits.py'
adding 'tldw_chatbook/Utils/Splash_Screens/classic/spotlight.py'
adding 'tldw_chatbook/Utils/Splash_Screens/classic/text_explosion.py'
adding 'tldw_chatbook/Utils/Splash_Screens/classic/typewriter.py'
adding 'tldw_chatbook/Utils/Splash_Screens/custom/__init__.py'
adding 'tldw_chatbook/Utils/Splash_Screens/custom/custom_image.py'
adding 'tldw_chatbook/Utils/Splash_Screens/custom/emoji_face.py'
adding 'tldw_chatbook/Utils/Splash_Screens/environmental/__init__.py'
adding 'tldw_chatbook/Utils/Splash_Screens/environmental/ant_colony.py'
adding 'tldw_chatbook/Utils/Splash_Screens/environmental/ascii_aquarium.py'
adding 'tldw_chatbook/Utils/Splash_Screens/environmental/ascii_fire.py'
adding 'tldw_chatbook/Utils/Splash_Screens/environmental/ascii_kaleidoscope.py'
adding 'tldw_chatbook/Utils/Splash_Screens/environmental/ascii_wave.py'
adding 'tldw_chatbook/Utils/Splash_Screens/environmental/bookshelf_browser.py'
adding 'tldw_chatbook/Utils/Splash_Screens/environmental/clock_mechanism.py'
adding 'tldw_chatbook/Utils/Splash_Screens/environmental/constellation_map.py'
adding 'tldw_chatbook/Utils/Splash_Screens/environmental/dna_helix.py'
adding 'tldw_chatbook/Utils/Splash_Screens/environmental/doom_fire.py'
adding 'tldw_chatbook/Utils/Splash_Screens/environmental/fireworks.py'
adding 'tldw_chatbook/Utils/Splash_Screens/environmental/morphing_shape.py'
adding 'tldw_chatbook/Utils/Splash_Screens/environmental/origami_folding.py'
adding 'tldw_chatbook/Utils/Splash_Screens/environmental/particle_swarm.py'
adding 'tldw_chatbook/Utils/Splash_Screens/environmental/plasma_field.py'
adding 'tldw_chatbook/Utils/Splash_Screens/environmental/quantum_particles.py'
adding 'tldw_chatbook/Utils/Splash_Screens/environmental/raindrops.py'
adding 'tldw_chatbook/Utils/Splash_Screens/environmental/spiral_galaxy.py'
adding 'tldw_chatbook/Utils/Splash_Screens/environmental/starfield.py'
adding 'tldw_chatbook/Utils/Splash_Screens/environmental/train_journey.py'
adding 'tldw_chatbook/Utils/Splash_Screens/environmental/wave_ripple.py'
adding 'tldw_chatbook/Utils/Splash_Screens/environmental/weather_system.py'
adding 'tldw_chatbook/Utils/Splash_Screens/environmental/zen_garden.py'
adding 'tldw_chatbook/Utils/Splash_Screens/gaming/__init__.py'
adding 'tldw_chatbook/Utils/Splash_Screens/gaming/achievement_unlocked.py'
adding 'tldw_chatbook/Utils/Splash_Screens/gaming/character_select.py'
adding 'tldw_chatbook/Utils/Splash_Screens/gaming/game_of_life.py'
adding 'tldw_chatbook/Utils/Splash_Screens/gaming/level_up.py'
adding 'tldw_chatbook/Utils/Splash_Screens/gaming/maze_generator.py'
adding 'tldw_chatbook/Utils/Splash_Screens/gaming/pacman.py'
adding 'tldw_chatbook/Utils/Splash_Screens/gaming/retro_gaming_intro.py'
adding 'tldw_chatbook/Utils/Splash_Screens/gaming/sound_bars.py'
adding 'tldw_chatbook/Utils/Splash_Screens/gaming/space_invaders.py'
adding 'tldw_chatbook/Utils/Splash_Screens/gaming/tetris.py'
adding 'tldw_chatbook/Utils/Splash_Screens/gaming/tetris_block.py'
adding 'tldw_chatbook/Utils/Splash_Screens/gaming/versus_screen.py'
adding 'tldw_chatbook/Utils/Splash_Screens/gaming/world_map.py'
adding 'tldw_chatbook/Utils/Splash_Screens/psychedelic/__init__.py'
adding 'tldw_chatbook/Utils/Splash_Screens/psychedelic/ascii_mandala.py'
adding 'tldw_chatbook/Utils/Splash_Screens/psychedelic/deep_dream.py'
adding 'tldw_chatbook/Utils/Splash_Screens/psychedelic/electric_sheep.py'
adding 'tldw_chatbook/Utils/Splash_Screens/psychedelic/hypno_swirl.py'
adding 'tldw_chatbook/Utils/Splash_Screens/psychedelic/kaleidoscope.py'
adding 'tldw_chatbook/Utils/Splash_Screens/psychedelic/lava_lamp.py'
adding 'tldw_chatbook/Utils/Splash_Screens/psychedelic/melting_screen.py'
adding 'tldw_chatbook/Utils/Splash_Screens/psychedelic/psychedelic_mandala.py'
adding 'tldw_chatbook/Utils/Splash_Screens/psychedelic/shroom_vision.py'
adding 'tldw_chatbook/Utils/Splash_Screens/psychedelic/trippy_tunnel.py'
adding 'tldw_chatbook/Utils/Splash_Screens/tech/__init__.py'
adding 'tldw_chatbook/Utils/Splash_Screens/tech/ascii_spinner.py'
adding 'tldw_chatbook/Utils/Splash_Screens/tech/binary_matrix.py'
adding 'tldw_chatbook/Utils/Splash_Screens/tech/chaotic_typewriter.py'
adding 'tldw_chatbook/Utils/Splash_Screens/tech/circuit_board.py'
adding 'tldw_chatbook/Utils/Splash_Screens/tech/circuit_trace.py'
adding 'tldw_chatbook/Utils/Splash_Screens/tech/code_scroll.py'
adding 'tldw_chatbook/Utils/Splash_Screens/tech/cyberpunk_glitch.py'
adding 'tldw_chatbook/Utils/Splash_Screens/tech/data_stream.py'
adding 'tldw_chatbook/Utils/Splash_Screens/tech/digital_rain.py'
adding 'tldw_chatbook/Utils/Splash_Screens/tech/dna_sequence.py'
adding 'tldw_chatbook/Utils/Splash_Screens/tech/fractal_zoom.py'
adding 'tldw_chatbook/Utils/Splash_Screens/tech/hacker_terminal.py'
adding 'tldw_chatbook/Utils/Splash_Screens/tech/holographic_interface.py'
adding 'tldw_chatbook/Utils/Splash_Screens/tech/mining.py'
adding 'tldw_chatbook/Utils/Splash_Screens/tech/music_visualizer.py'
adding 'tldw_chatbook/Utils/Splash_Screens/tech/neon_sign_flicker.py'
adding 'tldw_chatbook/Utils/Splash_Screens/tech/neural_network.py'
adding 'tldw_chatbook/Utils/Splash_Screens/tech/phonebooths_dialing.py'
adding 'tldw_chatbook/Utils/Splash_Screens/tech/quantum_tunnel.py'
adding 'tldw_chatbook/Utils/Splash_Screens/tech/rubiks_cube.py'
adding 'tldw_chatbook/Utils/Splash_Screens/tech/spy_vs_spy.py'
adding 'tldw_chatbook/Utils/Splash_Screens/tech/terminal_boot.py'
adding 'tldw_chatbook/Utils/Splash_Screens/tech/typewriter_news.py'
adding 'tldw_chatbook/Video_Generation/__init__.py'
adding 'tldw_chatbook/Video_Generation/adapter_registry.py'
adding 'tldw_chatbook/Video_Generation/config.py'
adding 'tldw_chatbook/Video_Generation/exceptions.py'
adding 'tldw_chatbook/Video_Generation/request_validation.py'
adding 'tldw_chatbook/Video_Generation/video_formats.py'
adding 'tldw_chatbook/Video_Generation/video_metadata.py'
adding 'tldw_chatbook/Video_Generation/video_store.py'
adding 'tldw_chatbook/Video_Generation/video_templates.py'
adding 'tldw_chatbook/Video_Generation/worker.py'
adding 'tldw_chatbook/Video_Generation/adapters/__init__.py'
adding 'tldw_chatbook/Video_Generation/adapters/base.py'
adding 'tldw_chatbook/Video_Generation/adapters/comfyui_video_adapter.py'
adding 'tldw_chatbook/Video_Generation/adapters/minimax_video_adapter.py'
adding 'tldw_chatbook/Video_Generation/workflows/minimax_h3_t2v.json'
adding 'tldw_chatbook/Video_Generation/workflows/minimax_h3_t2v_spectrum.json'
adding 'tldw_chatbook/Voice_Assistant_Interop/__init__.py'
adding 'tldw_chatbook/Voice_Assistant_Interop/server_voice_assistant_service.py'
adding 'tldw_chatbook/Voice_Assistant_Interop/voice_assistant_scope_service.py'
adding 'tldw_chatbook/WebClipper/__init__.py'
adding 'tldw_chatbook/WebClipper/server_web_clipper_scope_service.py'
adding 'tldw_chatbook/WebClipper/server_web_clipper_service.py'
adding 'tldw_chatbook/Web_Clipper_Interop/__init__.py'
adding 'tldw_chatbook/Web_Clipper_Interop/server_web_clipper_service.py'
adding 'tldw_chatbook/Web_Clipper_Interop/web_clipper_scope_service.py'
adding 'tldw_chatbook/Web_Scraping/Article_Extractor_Lib.py'
adding 'tldw_chatbook/Web_Scraping/WebSearch_APIs.py'
adding 'tldw_chatbook/Web_Scraping/__init__.py'
adding 'tldw_chatbook/Web_Scraping/deep_search_citations.py'
adding 'tldw_chatbook/Web_Scraping/exceptions.py'
adding 'tldw_chatbook/Web_Scraping/Article_Scraper/__init__.py'
adding 'tldw_chatbook/Web_Scraping/Article_Scraper/config.py'
adding 'tldw_chatbook/Web_Scraping/Article_Scraper/crawler.py'
adding 'tldw_chatbook/Web_Scraping/Article_Scraper/importers.py'
adding 'tldw_chatbook/Web_Scraping/Article_Scraper/main.py'
adding 'tldw_chatbook/Web_Scraping/Article_Scraper/processors.py'
adding 'tldw_chatbook/Web_Scraping/Article_Scraper/scraper.py'
adding 'tldw_chatbook/Web_Scraping/Article_Scraper/utils.py'
adding 'tldw_chatbook/Web_Scraping/Confluence/__init__.py'
adding 'tldw_chatbook/Web_Scraping/Confluence/confluence_auth.py'
adding 'tldw_chatbook/Web_Scraping/Confluence/confluence_crawler.py'
adding 'tldw_chatbook/Web_Scraping/Confluence/confluence_main.py'
adding 'tldw_chatbook/Web_Scraping/Confluence/confluence_scraper.py'
adding 'tldw_chatbook/Web_Scraping/Confluence/confluence_utils.py'
adding 'tldw_chatbook/Web_Scraping/cookie_scraping/cookie_cloner.py'
adding 'tldw_chatbook/Web_Scraping_Interop/__init__.py'
adding 'tldw_chatbook/Web_Scraping_Interop/server_web_scraping_service.py'
adding 'tldw_chatbook/Web_Scraping_Interop/web_scraping_scope_service.py'
adding 'tldw_chatbook/Web_Server/__init__.py'
adding 'tldw_chatbook/Web_Server/serve.py'
adding 'tldw_chatbook/Web_Server/static/served_shell.css'
adding 'tldw_chatbook/Web_Server/static/served_shell.html'
adding 'tldw_chatbook/Web_Server/static/served_shell.js'
adding 'tldw_chatbook/Widgets/AppFooterStatus.py'
adding 'tldw_chatbook/Widgets/__init__.py'
adding 'tldw_chatbook/Widgets/activity_log.py'
adding 'tldw_chatbook/Widgets/audio_troubleshooting_dialog.py'
adding 'tldw_chatbook/Widgets/base_components.py'
adding 'tldw_chatbook/Widgets/cancel_confirmation_dialog.py'
adding 'tldw_chatbook/Widgets/chat_message_enhanced.py'
adding 'tldw_chatbook/Widgets/chunk_preview.py'
adding 'tldw_chatbook/Widgets/chunk_preview_modal.py'
adding 'tldw_chatbook/Widgets/compact_model_bar.py'
adding 'tldw_chatbook/Widgets/confirmation_dialog.py'
adding 'tldw_chatbook/Widgets/conversation_selection_dialog.py'
adding 'tldw_chatbook/Widgets/custom_list_items.py'
adding 'tldw_chatbook/Widgets/delete_confirmation_dialog.py'
adding 'tldw_chatbook/Widgets/destination_rail.py'
adding 'tldw_chatbook/Widgets/destination_workbench.py'
adding 'tldw_chatbook/Widgets/detail_value_row.py'
adding 'tldw_chatbook/Widgets/detailed_progress.py'
adding 'tldw_chatbook/Widgets/dictation_performance_widget.py'
adding 'tldw_chatbook/Widgets/diff_widgets.py'
adding 'tldw_chatbook/Widgets/document_generation_modal.py'
adding 'tldw_chatbook/Widgets/embedding_template_selector.py'
adding 'tldw_chatbook/Widgets/emoji_picker.py'
adding 'tldw_chatbook/Widgets/empty_state.py'
adding 'tldw_chatbook/Widgets/enhanced_file_picker.py'
adding 'tldw_chatbook/Widgets/enhanced_sidebar.py'
adding 'tldw_chatbook/Widgets/feedback_dialog.py'
adding 'tldw_chatbook/Widgets/file_extraction_dialog.py'
adding 'tldw_chatbook/Widgets/file_list_item_enhanced.py'
adding 'tldw_chatbook/Widgets/file_picker_dialog.py'
adding 'tldw_chatbook/Widgets/form_components.py'
adding 'tldw_chatbook/Widgets/glyph_fallback.py'
adding 'tldw_chatbook/Widgets/lazy_widgets.py'
adding 'tldw_chatbook/Widgets/llamacpp_snapshot_manager.py'
adding 'tldw_chatbook/Widgets/loading_states.py'
adding 'tldw_chatbook/Widgets/media_details_widget.py'
adding 'tldw_chatbook/Widgets/modal_dismissal.py'
adding 'tldw_chatbook/Widgets/model_search_picker.py'
adding 'tldw_chatbook/Widgets/password_dialog.py'
adding 'tldw_chatbook/Widgets/pausable_progress.py'
adding 'tldw_chatbook/Widgets/project_skills_import_modal.py'
adding 'tldw_chatbook/Widgets/prune_safe_select.py'
adding 'tldw_chatbook/Widgets/reader_scroll.py'
adding 'tldw_chatbook/Widgets/recompose_capture_guard.py'
adding 'tldw_chatbook/Widgets/settings_agents_panel.py'
adding 'tldw_chatbook/Widgets/settings_image_gen_panel.py'
adding 'tldw_chatbook/Widgets/settings_internal_prompts_editor_modal.py'
adding 'tldw_chatbook/Widgets/settings_internal_prompts_panel.py'
adding 'tldw_chatbook/Widgets/settings_splash_screen_viewer.py'
adding 'tldw_chatbook/Widgets/settings_theme_editor.py'
adding 'tldw_chatbook/Widgets/settings_video_gen_panel.py'
adding 'tldw_chatbook/Widgets/splash_screen.py'
adding 'tldw_chatbook/Widgets/status_dashboard.py'
adding 'tldw_chatbook/Widgets/status_widget.py'
adding 'tldw_chatbook/Widgets/template_selector.py'
adding 'tldw_chatbook/Widgets/toast_notification.py'
adding 'tldw_chatbook/Widgets/tool_message_widgets.py'
adding 'tldw_chatbook/Widgets/tooltip.py'
adding 'tldw_chatbook/Widgets/voice_blend_dialog.py'
adding 'tldw_chatbook/Widgets/voice_input_widget.py'
adding 'tldw_chatbook/Widgets/voice_profile_dialog.py'
adding 'tldw_chatbook/Widgets/workbench_focus.py'
adding 'tldw_chatbook/Widgets/workspace_create_modal.py'
adding 'tldw_chatbook/Widgets/workspace_persona_default.py'
adding 'tldw_chatbook/Widgets/Chat_Widgets/__init__.py'
adding 'tldw_chatbook/Widgets/Chat_Widgets/chat_approval_card.py'
adding 'tldw_chatbook/Widgets/Chat_Widgets/chat_handoff_card.py'
adding 'tldw_chatbook/Widgets/Chat_Widgets/chat_message.py'
adding 'tldw_chatbook/Widgets/Chat_Widgets/chat_message_enhanced.py'
adding 'tldw_chatbook/Widgets/Chat_Widgets/chat_question_card.py'
adding 'tldw_chatbook/Widgets/Chat_Widgets/chat_resume_panel.py'
adding 'tldw_chatbook/Widgets/Chat_Widgets/chat_shell_bar.py'
adding 'tldw_chatbook/Widgets/Chat_Widgets/chat_task_cards.py'
adding 'tldw_chatbook/Widgets/Chat_Widgets/skill_install_confirm_card.py'
adding 'tldw_chatbook/Widgets/Chat_Widgets/skill_script_confirm_card.py'
adding 'tldw_chatbook/Widgets/Chat_Widgets/watchlists_operation_card.py'
adding 'tldw_chatbook/Widgets/Coding_Widgets/__init__.py'
adding 'tldw_chatbook/Widgets/Coding_Widgets/repo_tree_widgets.py'
adding 'tldw_chatbook/Widgets/Console/__init__.py'
adding 'tldw_chatbook/Widgets/Console/console_activity_outcome_notice.py'
adding 'tldw_chatbook/Widgets/Console/console_agent_steering_bar.py'
adding 'tldw_chatbook/Widgets/Console/console_appearance_picker_modal.py'
adding 'tldw_chatbook/Widgets/Console/console_assistant_turn.py'
adding 'tldw_chatbook/Widgets/Console/console_auto_speak_consent.py'
adding 'tldw_chatbook/Widgets/Console/console_background_effect.py'
adding 'tldw_chatbook/Widgets/Console/console_bounded_section.py'
adding 'tldw_chatbook/Widgets/Console/console_canvas_card.py'
adding 'tldw_chatbook/Widgets/Console/console_capture_policy_dialog.py'
adding 'tldw_chatbook/Widgets/Console/console_character_context.py'
adding 'tldw_chatbook/Widgets/Console/console_character_picker_modal.py'
adding 'tldw_chatbook/Widgets/Console/console_citation_sources_modal.py'
adding 'tldw_chatbook/Widgets/Console/console_command_popup.py'
adding 'tldw_chatbook/Widgets/Console/console_composer_bar.py'
adding 'tldw_chatbook/Widgets/Console/console_composer_menu_modal.py'
adding 'tldw_chatbook/Widgets/Console/console_context_controls.py'
adding 'tldw_chatbook/Widgets/Console/console_control_bar.py'
adding 'tldw_chatbook/Widgets/Console/console_conversation_action_menu.py'
adding 'tldw_chatbook/Widgets/Console/console_conversation_inspector.py'
adding 'tldw_chatbook/Widgets/Console/console_edit_message_modal.py'
adding 'tldw_chatbook/Widgets/Console/console_exchange_export_dialog.py'
adding 'tldw_chatbook/Widgets/Console/console_feedback_comment_modal.py'
adding 'tldw_chatbook/Widgets/Console/console_fork_chat_modal.py'
adding 'tldw_chatbook/Widgets/Console/console_generate_image_modal.py'
adding 'tldw_chatbook/Widgets/Console/console_generation_card.py'
adding 'tldw_chatbook/Widgets/Console/console_image_viewer_modal.py'
adding 'tldw_chatbook/Widgets/Console/console_inspector_ownership.py'
adding 'tldw_chatbook/Widgets/Console/console_inspector_section.py'
adding 'tldw_chatbook/Widgets/Console/console_library_access_modal.py'
adding 'tldw_chatbook/Widgets/Console/console_library_search_modal.py'
adding 'tldw_chatbook/Widgets/Console/console_message_more_menu.py'
adding 'tldw_chatbook/Widgets/Console/console_model_popover.py'
adding 'tldw_chatbook/Widgets/Console/console_project_instructions.py'
adding 'tldw_chatbook/Widgets/Console/console_prompt_comparison_modal.py'
adding 'tldw_chatbook/Widgets/Console/console_prompt_improve_view.py'
adding 'tldw_chatbook/Widgets/Console/console_prompt_picker_modal.py'
adding 'tldw_chatbook/Widgets/Console/console_prompt_queue_modal.py'
adding 'tldw_chatbook/Widgets/Console/console_prompts_browse.py'
adding 'tldw_chatbook/Widgets/Console/console_prompts_modal.py'
adding 'tldw_chatbook/Widgets/Console/console_prompts_state.py'
adding 'tldw_chatbook/Widgets/Console/console_provider_picker.py'
adding 'tldw_chatbook/Widgets/Console/console_rag_settings_modal.py'
adding 'tldw_chatbook/Widgets/Console/console_rail_handle.py'
adding 'tldw_chatbook/Widgets/Console/console_reaction_picker_modal.py'
adding 'tldw_chatbook/Widgets/Console/console_rename_session_modal.py'
adding 'tldw_chatbook/Widgets/Console/console_retrieval_scope_row.py'
adding 'tldw_chatbook/Widgets/Console/console_review_notes_modal.py'
adding 'tldw_chatbook/Widgets/Console/console_rewind_modal.py'
adding 'tldw_chatbook/Widgets/Console/console_run_inspector.py'
adding 'tldw_chatbook/Widgets/Console/console_run_log_modal.py'
adding 'tldw_chatbook/Widgets/Console/console_save_as_modal.py'
adding 'tldw_chatbook/Widgets/Console/console_save_markdown_modal.py'
adding 'tldw_chatbook/Widgets/Console/console_scope_picker_modal.py'
adding 'tldw_chatbook/Widgets/Console/console_selection.py'
adding 'tldw_chatbook/Widgets/Console/console_selection_menu.py'
adding 'tldw_chatbook/Widgets/Console/console_send_authority_summary.py'
adding 'tldw_chatbook/Widgets/Console/console_session_surface.py'
adding 'tldw_chatbook/Widgets/Console/console_session_switcher_modal.py'
adding 'tldw_chatbook/Widgets/Console/console_settings_modal.py'
adding 'tldw_chatbook/Widgets/Console/console_settings_summary.py'
adding 'tldw_chatbook/Widgets/Console/console_setup_modal.py'
adding 'tldw_chatbook/Widgets/Console/console_side_chat_modal.py'
adding 'tldw_chatbook/Widgets/Console/console_speech_controls.py'
adding 'tldw_chatbook/Widgets/Console/console_staged_context.py'
adding 'tldw_chatbook/Widgets/Console/console_staged_evidence_strip.py'
adding 'tldw_chatbook/Widgets/Console/console_status_chips.py'
adding 'tldw_chatbook/Widgets/Console/console_style_picker_modal.py'
adding 'tldw_chatbook/Widgets/Console/console_summarize_preview_modal.py'
adding 'tldw_chatbook/Widgets/Console/console_system_prompt_modal.py'
adding 'tldw_chatbook/Widgets/Console/console_task_panel.py'
adding 'tldw_chatbook/Widgets/Console/console_terminal_messages.py'
adding 'tldw_chatbook/Widgets/Console/console_terminal_session_modal.py'
adding 'tldw_chatbook/Widgets/Console/console_terminal_workspace.py'
adding 'tldw_chatbook/Widgets/Console/console_transcript.py'
adding 'tldw_chatbook/Widgets/Console/console_turn_file_card.py'
adding 'tldw_chatbook/Widgets/Console/console_video_capacity_modal.py'
adding 'tldw_chatbook/Widgets/Console/console_video_card.py'
adding 'tldw_chatbook/Widgets/Console/console_video_preview.py'
adding 'tldw_chatbook/Widgets/Console/console_workbench_state.py'
adding 'tldw_chatbook/Widgets/Console/console_workspace_action_menu.py'
adding 'tldw_chatbook/Widgets/Console/console_workspace_context.py'
adding 'tldw_chatbook/Widgets/Console/console_workspace_details.py'
adding 'tldw_chatbook/Widgets/Console/console_workspace_files_modal.py'
adding 'tldw_chatbook/Widgets/Console/console_workspace_switcher_modal.py'
adding 'tldw_chatbook/Widgets/Console/console_workspace_tree.py'
adding 'tldw_chatbook/Widgets/Console/prompt_variables_dialog.py'
adding 'tldw_chatbook/Widgets/Console/trace_export_dialog.py'
adding 'tldw_chatbook/Widgets/Console/trace_export_profile_ui.py'
adding 'tldw_chatbook/Widgets/Evals/__init__.py'
adding 'tldw_chatbook/Widgets/Home/__init__.py'
adding 'tldw_chatbook/Widgets/Home/home_canvas.py'
adding 'tldw_chatbook/Widgets/Home/home_rail.py'
adding 'tldw_chatbook/Widgets/Library/__init__.py'
adding 'tldw_chatbook/Widgets/Library/library_adaptive_reader_shell.py'
adding 'tldw_chatbook/Widgets/Library/library_browse_reader_shell.py'
adding 'tldw_chatbook/Widgets/Library/library_canvas_sync.py'
adding 'tldw_chatbook/Widgets/Library/library_character_return.py'
adding 'tldw_chatbook/Widgets/Library/library_choice_strip.py'
adding 'tldw_chatbook/Widgets/Library/library_collections_capture_reader.py'
adding 'tldw_chatbook/Widgets/Library/library_conversation_reader.py'
adding 'tldw_chatbook/Widgets/Library/library_conversations_canvas.py'
adding 'tldw_chatbook/Widgets/Library/library_emergency_return.py'
adding 'tldw_chatbook/Widgets/Library/library_entry_canvases.py'
adding 'tldw_chatbook/Widgets/Library/library_export_canvas.py'
adding 'tldw_chatbook/Widgets/Library/library_file_notes_events.py'
adding 'tldw_chatbook/Widgets/Library/library_file_notes_git_panel.py'
adding 'tldw_chatbook/Widgets/Library/library_file_notes_workspace.py'
adding 'tldw_chatbook/Widgets/Library/library_ingest_canvas.py'
adding 'tldw_chatbook/Widgets/Library/library_media_canvas.py'
adding 'tldw_chatbook/Widgets/Library/library_media_content.py'
adding 'tldw_chatbook/Widgets/Library/library_media_image_preview.py'
adding 'tldw_chatbook/Widgets/Library/library_media_raw_view.py'
adding 'tldw_chatbook/Widgets/Library/library_media_trash_canvas.py'
adding 'tldw_chatbook/Widgets/Library/library_media_viewer.py'
adding 'tldw_chatbook/Widgets/Library/library_note_folder_dialog.py'
adding 'tldw_chatbook/Widgets/Library/library_note_import_canvas.py'
adding 'tldw_chatbook/Widgets/Library/library_note_work_pane.py'
adding 'tldw_chatbook/Widgets/Library/library_notes_add_from_files_canvas.py'
adding 'tldw_chatbook/Widgets/Library/library_notes_canvas.py'
adding 'tldw_chatbook/Widgets/Library/library_notes_sync_roots_canvas.py'
adding 'tldw_chatbook/Widgets/Library/library_prompt_work_pane.py'
adding 'tldw_chatbook/Widgets/Library/library_prompts_canvas.py'
adding 'tldw_chatbook/Widgets/Library/library_rail.py'
adding 'tldw_chatbook/Widgets/Library/library_review_set_picker.py'
adding 'tldw_chatbook/Widgets/Library/library_search_rag_panel.py'
adding 'tldw_chatbook/Widgets/Library/library_skill_work_pane.py'
adding 'tldw_chatbook/Widgets/Library/library_skills_canvas.py'
adding 'tldw_chatbook/Widgets/Library/prompt_delete_confirmation_modal.py'
adding 'tldw_chatbook/Widgets/Media/__init__.py'
adding 'tldw_chatbook/Widgets/Media/media_list_panel.py'
adding 'tldw_chatbook/Widgets/Media/media_navigation_panel.py'
adding 'tldw_chatbook/Widgets/Media/media_search_panel.py'
adding 'tldw_chatbook/Widgets/Media/media_viewer_panel.py'
adding 'tldw_chatbook/Widgets/ModelArtifacts/__init__.py'
adding 'tldw_chatbook/Widgets/ModelArtifacts/activation_controls.py'
adding 'tldw_chatbook/Widgets/ModelArtifacts/install_modal.py'
adding 'tldw_chatbook/Widgets/ModelArtifacts/install_progress.py'
adding 'tldw_chatbook/Widgets/ModelArtifacts/local_gguf_import.py'
adding 'tldw_chatbook/Widgets/ModelArtifacts/plan_panel.py'
adding 'tldw_chatbook/Widgets/ModelArtifacts/runtime_choice_modal.py'
adding 'tldw_chatbook/Widgets/NewIngest/BackendIntegration.py'
adding 'tldw_chatbook/Widgets/NewIngest/ProcessingDashboard.py'
adding 'tldw_chatbook/Widgets/NewIngest/SmartFileDropZone.py'
adding 'tldw_chatbook/Widgets/NewIngest/UnifiedProcessor.py'
adding 'tldw_chatbook/Widgets/NewIngest/__init__.py'
adding 'tldw_chatbook/Widgets/Note_Widgets/__init__.py'
adding 'tldw_chatbook/Widgets/Note_Widgets/note_creation_modal.py'
adding 'tldw_chatbook/Widgets/Note_Widgets/note_selection_dialog.py'
adding 'tldw_chatbook/Widgets/Persona_Widgets/__init__.py'
adding 'tldw_chatbook/Widgets/Persona_Widgets/actor_pack_import_review.py'
adding 'tldw_chatbook/Widgets/Persona_Widgets/buddy_conversation_modal.py'
adding 'tldw_chatbook/Widgets/Persona_Widgets/buddy_management_modal.py'
adding 'tldw_chatbook/Widgets/Persona_Widgets/buddy_speech_controls.py'
adding 'tldw_chatbook/Widgets/Persona_Widgets/buddy_workspace_modal.py'
adding 'tldw_chatbook/Widgets/Persona_Widgets/character_tts_portability_dialogs.py'
adding 'tldw_chatbook/Widgets/Persona_Widgets/conversation_attach_picker.py'
adding 'tldw_chatbook/Widgets/Persona_Widgets/dictionary_attach_picker.py'
adding 'tldw_chatbook/Widgets/Persona_Widgets/dictionary_picker.py'
adding 'tldw_chatbook/Widgets/Persona_Widgets/persona_buddy_widget.py'
adding 'tldw_chatbook/Widgets/Persona_Widgets/persona_profile_card_widget.py'
adding 'tldw_chatbook/Widgets/Persona_Widgets/persona_profile_editor_widget.py'
adding 'tldw_chatbook/Widgets/Persona_Widgets/personas_character_card_widget.py'
adding 'tldw_chatbook/Widgets/Persona_Widgets/personas_character_dictionaries.py'
adding 'tldw_chatbook/Widgets/Persona_Widgets/personas_character_editor_widget.py'
adding 'tldw_chatbook/Widgets/Persona_Widgets/personas_character_tts_widget.py'
adding 'tldw_chatbook/Widgets/Persona_Widgets/personas_character_world_books.py'
adding 'tldw_chatbook/Widgets/Persona_Widgets/personas_conversation_transcript_widget.py'
adding 'tldw_chatbook/Widgets/Persona_Widgets/personas_dictionary_detail.py'
adding 'tldw_chatbook/Widgets/Persona_Widgets/personas_dictionary_tryit.py'
adding 'tldw_chatbook/Widgets/Persona_Widgets/personas_dictionary_validation.py'
adding 'tldw_chatbook/Widgets/Persona_Widgets/personas_inspector_pane.py'
adding 'tldw_chatbook/Widgets/Persona_Widgets/personas_library_pane.py'
adding 'tldw_chatbook/Widgets/Persona_Widgets/personas_lore_detail.py'
adding 'tldw_chatbook/Widgets/Persona_Widgets/personas_lore_tryit.py'
adding 'tldw_chatbook/Widgets/Persona_Widgets/personas_messages.py'
adding 'tldw_chatbook/Widgets/Persona_Widgets/personas_pane_messages.py'
adding 'tldw_chatbook/Widgets/Persona_Widgets/personas_persona_visual_pack_widget.py'
adding 'tldw_chatbook/Widgets/Persona_Widgets/personas_policy_rules_editor.py'
adding 'tldw_chatbook/Widgets/Persona_Widgets/personas_preview_pane.py'
adding 'tldw_chatbook/Widgets/Persona_Widgets/personas_state.py'
adding 'tldw_chatbook/Widgets/Persona_Widgets/personas_visual_identity_pack_widget.py'
adding 'tldw_chatbook/Widgets/Persona_Widgets/tag_filter_picker.py'
adding 'tldw_chatbook/Widgets/Persona_Widgets/world_book_picker.py'
adding 'tldw_chatbook/Widgets/Prompts/__init__.py'
adding 'tldw_chatbook/Widgets/Prompts/prompt_block_editor.py'
adding 'tldw_chatbook/Widgets/Prompts/prompt_block_editor_state.py'
adding 'tldw_chatbook/Widgets/Settings_Widgets/__init__.py'
adding 'tldw_chatbook/Widgets/Settings_Widgets/personal_context_link_modal.py'
adding 'tldw_chatbook/Widgets/Settings_Widgets/personal_context_panel.py'
adding 'tldw_chatbook/Widgets/Settings_Widgets/personal_context_review_modal.py'
adding 'tldw_chatbook/Widgets/Settings_Widgets/server_switch_modal.py'
adding 'tldw_chatbook/Widgets/Settings_Widgets/speech_tts_panel_types.py'
adding 'tldw_chatbook/Widgets/Settings_Widgets/speech_tts_settings_panel.py'
adding 'tldw_chatbook/Widgets/Settings_Widgets/tool_pack_import_review.py'
adding 'tldw_chatbook/Widgets/Settings_Widgets/tool_profiles_panel.py'
adding 'tldw_chatbook/Widgets/Study/__init__.py'
adding 'tldw_chatbook/Widgets/Study/quiz_session_widget.py'
adding 'tldw_chatbook/Widgets/Study/study_dashboard.py'
adding 'tldw_chatbook/Widgets/TTS/__init__.py'
adding 'tldw_chatbook/Widgets/TTS/chapter_editor_widget.py'
adding 'tldw_chatbook/Widgets/TTS/character_voice_widget.py'
adding 'tldw_chatbook/Widgets/Tamagotchi/__init__.py'
adding 'tldw_chatbook/Widgets/Tamagotchi/base_tamagotchi.py'
adding 'tldw_chatbook/Widgets/Tamagotchi/tamagotchi_behaviors.py'
adding 'tldw_chatbook/Widgets/Tamagotchi/tamagotchi_messages.py'
adding 'tldw_chatbook/Widgets/Tamagotchi/tamagotchi_sprites.py'
adding 'tldw_chatbook/Widgets/Tamagotchi/tamagotchi_storage.py'
adding 'tldw_chatbook/Widgets/Tamagotchi/validators.py'
adding 'tldw_chatbook/Widgets/Tamagotchi/examples/simple_tamagotchi.py'
adding 'tldw_chatbook/Widgets/Writing/__init__.py'
adding 'tldw_chatbook/Widgets/Writing/writing_detail_panel.py'
adding 'tldw_chatbook/Widgets/Writing/writing_outline_tree.py'
adding 'tldw_chatbook/Widgets/Writing/writing_source_panel.py'
adding 'tldw_chatbook/Workspaces/__init__.py'
adding 'tldw_chatbook/Workspaces/agent_provisioning.py'
adding 'tldw_chatbook/Workspaces/assistant_defaults.py'
adding 'tldw_chatbook/Workspaces/change_bounds.py'
adding 'tldw_chatbook/Workspaces/change_retention.py'
adding 'tldw_chatbook/Workspaces/change_revert.py'
adding 'tldw_chatbook/Workspaces/change_review_consent.py'
adding 'tldw_chatbook/Workspaces/change_review_finalization.py'
adding 'tldw_chatbook/Workspaces/change_tracking.py'
adding 'tldw_chatbook/Workspaces/change_turn_tracker.py'
adding 'tldw_chatbook/Workspaces/conversation_browser_state.py'
adding 'tldw_chatbook/Workspaces/display_state.py'
adding 'tldw_chatbook/Workspaces/eligibility.py'
adding 'tldw_chatbook/Workspaces/environment_status.py'
adding 'tldw_chatbook/Workspaces/file_inspector.py'
adding 'tldw_chatbook/Workspaces/git_workspace.py'
adding 'tldw_chatbook/Workspaces/models.py'
adding 'tldw_chatbook/Workspaces/registry_service.py'
adding 'tldw_chatbook/Workspaces/workspace_tree_state.py'
adding 'tldw_chatbook/Writing_Interop/__init__.py'
adding 'tldw_chatbook/Writing_Interop/local_writing_service.py'
adding 'tldw_chatbook/Writing_Interop/server_writing_service.py'
adding 'tldw_chatbook/Writing_Interop/writing_markdown_adapter.py'
adding 'tldw_chatbook/Writing_Interop/writing_models.py'
adding 'tldw_chatbook/Writing_Interop/writing_normalizers.py'
adding 'tldw_chatbook/Writing_Interop/writing_scope_service.py'
adding 'tldw_chatbook/assets/__init__.py'
adding 'tldw_chatbook/assets/characters/pixel_migu/ASSET_LICENSE.md'
adding 'tldw_chatbook/assets/characters/pixel_migu/pixel-migu.character.json'
adding 'tldw_chatbook/assets/characters/pixel_migu/pixel-migu.character.png'
adding 'tldw_chatbook/assets/characters/pixel_migu/visual_identity_pack.json'
adding 'tldw_chatbook/assets/characters/pixel_migu/expressions/angry.png'
adding 'tldw_chatbook/assets/characters/pixel_migu/expressions/celebrate.png'
adding 'tldw_chatbook/assets/characters/pixel_migu/expressions/confused.png'
adding 'tldw_chatbook/assets/characters/pixel_migu/expressions/error.png'
adding 'tldw_chatbook/assets/characters/pixel_migu/expressions/excited.png'
adding 'tldw_chatbook/assets/characters/pixel_migu/expressions/happy.png'
adding 'tldw_chatbook/assets/characters/pixel_migu/expressions/listening.png'
adding 'tldw_chatbook/assets/characters/pixel_migu/expressions/love.png'
adding 'tldw_chatbook/assets/characters/pixel_migu/expressions/neutral.png'
adding 'tldw_chatbook/assets/characters/pixel_migu/expressions/sad.png'
adding 'tldw_chatbook/assets/characters/pixel_migu/expressions/skeptical.png'
adding 'tldw_chatbook/assets/characters/pixel_migu/expressions/sleepy.png'
adding 'tldw_chatbook/assets/characters/pixel_migu/expressions/speaking.png'
adding 'tldw_chatbook/assets/characters/pixel_migu/expressions/surprised.png'
adding 'tldw_chatbook/assets/characters/pixel_migu/expressions/thinking.png'
adding 'tldw_chatbook/assets/characters/pixel_migu/expressions/thumbs_up.png'
adding 'tldw_chatbook/assets/characters/pixel_migu/expressions/type.png'
adding 'tldw_chatbook/assets/characters/pixel_migu/expressions/wave.png'
adding 'tldw_chatbook/assets/characters/samira/ASSET_LICENSE.md'
adding 'tldw_chatbook/assets/characters/samira/Samira.character.json'
adding 'tldw_chatbook/assets/characters/samira/Sammy.png'
adding 'tldw_chatbook/assets/characters/samira/visual_identity_pack.json'
adding 'tldw_chatbook/assets/characters/samira/expressions/admiration.webp'
adding 'tldw_chatbook/assets/characters/samira/expressions/amusement.webp'
adding 'tldw_chatbook/assets/characters/samira/expressions/anger.webp'
adding 'tldw_chatbook/assets/characters/samira/expressions/annoyance.webp'
adding 'tldw_chatbook/assets/characters/samira/expressions/approval.webp'
adding 'tldw_chatbook/assets/characters/samira/expressions/caring.webp'
adding 'tldw_chatbook/assets/characters/samira/expressions/confusion.webp'
adding 'tldw_chatbook/assets/characters/samira/expressions/curiosity.webp'
adding 'tldw_chatbook/assets/characters/samira/expressions/desire.webp'
adding 'tldw_chatbook/assets/characters/samira/expressions/disappointment.webp'
adding 'tldw_chatbook/assets/characters/samira/expressions/disapproval.webp'
adding 'tldw_chatbook/assets/characters/samira/expressions/disgust.webp'
adding 'tldw_chatbook/assets/characters/samira/expressions/embarrassment.webp'
adding 'tldw_chatbook/assets/characters/samira/expressions/error.webp'
adding 'tldw_chatbook/assets/characters/samira/expressions/excitement.webp'
adding 'tldw_chatbook/assets/characters/samira/expressions/fear.webp'
adding 'tldw_chatbook/assets/characters/samira/expressions/gratitude.webp'
adding 'tldw_chatbook/assets/characters/samira/expressions/grief.webp'
adding 'tldw_chatbook/assets/characters/samira/expressions/joy.webp'
adding 'tldw_chatbook/assets/characters/samira/expressions/love.webp'
adding 'tldw_chatbook/assets/characters/samira/expressions/nervousness.webp'
adding 'tldw_chatbook/assets/characters/samira/expressions/neutral.webp'
adding 'tldw_chatbook/assets/characters/samira/expressions/optimism.webp'
adding 'tldw_chatbook/assets/characters/samira/expressions/pride.webp'
adding 'tldw_chatbook/assets/characters/samira/expressions/realization.webp'
adding 'tldw_chatbook/assets/characters/samira/expressions/relief.webp'
adding 'tldw_chatbook/assets/characters/samira/expressions/remorse.webp'
adding 'tldw_chatbook/assets/characters/samira/expressions/sadness.webp'
adding 'tldw_chatbook/assets/characters/samira/expressions/speaking.webp'
adding 'tldw_chatbook/assets/characters/samira/expressions/surprise.webp'
adding 'tldw_chatbook/assets/characters/samira/expressions/thinking.webp'
adding 'tldw_chatbook/assets/persona_visual/pixel_migu/PROVENANCE.md'
adding 'tldw_chatbook/assets/persona_visual/pixel_migu/alert-idle-1.png'
adding 'tldw_chatbook/assets/persona_visual/pixel_migu/alert-idle-2.png'
adding 'tldw_chatbook/assets/persona_visual/pixel_migu/alert-idle-3.png'
adding 'tldw_chatbook/assets/persona_visual/pixel_migu/alert-idle-4.png'
adding 'tldw_chatbook/assets/persona_visual/pixel_migu/assets.json'
adding 'tldw_chatbook/assets/persona_visual/pixel_migu/confused-1.png'
adding 'tldw_chatbook/assets/persona_visual/pixel_migu/confused-2.png'
adding 'tldw_chatbook/assets/persona_visual/pixel_migu/confused-3.png'
adding 'tldw_chatbook/assets/persona_visual/pixel_migu/confused-4.png'
adding 'tldw_chatbook/assets/persona_visual/pixel_migu/error-1.png'
adding 'tldw_chatbook/assets/persona_visual/pixel_migu/error-2.png'
adding 'tldw_chatbook/assets/persona_visual/pixel_migu/error-3.png'
adding 'tldw_chatbook/assets/persona_visual/pixel_migu/error-4.png'
adding 'tldw_chatbook/assets/persona_visual/pixel_migu/happy-1.png'
adding 'tldw_chatbook/assets/persona_visual/pixel_migu/happy-2.png'
adding 'tldw_chatbook/assets/persona_visual/pixel_migu/happy-3.png'
adding 'tldw_chatbook/assets/persona_visual/pixel_migu/happy-4.png'
adding 'tldw_chatbook/assets/persona_visual/pixel_migu/idle-1.png'
adding 'tldw_chatbook/assets/persona_visual/pixel_migu/idle-2.png'
adding 'tldw_chatbook/assets/persona_visual/pixel_migu/idle-3.png'
adding 'tldw_chatbook/assets/persona_visual/pixel_migu/idle-4.png'
adding 'tldw_chatbook/assets/persona_visual/pixel_migu/manifest.json'
adding 'tldw_chatbook/assets/persona_visual/pixel_migu/pose-angry.png'
adding 'tldw_chatbook/assets/persona_visual/pixel_migu/pose-celebrate.png'
adding 'tldw_chatbook/assets/persona_visual/pixel_migu/pose-confused.png'
adding 'tldw_chatbook/assets/persona_visual/pixel_migu/pose-excited.png'
adding 'tldw_chatbook/assets/persona_visual/pixel_migu/pose-happy.png'
adding 'tldw_chatbook/assets/persona_visual/pixel_migu/pose-listening.png'
adding 'tldw_chatbook/assets/persona_visual/pixel_migu/pose-love.png'
adding 'tldw_chatbook/assets/persona_visual/pixel_migu/pose-neutral.png'
adding 'tldw_chatbook/assets/persona_visual/pixel_migu/pose-sad.png'
adding 'tldw_chatbook/assets/persona_visual/pixel_migu/pose-skeptical.png'
adding 'tldw_chatbook/assets/persona_visual/pixel_migu/pose-sleepy.png'
adding 'tldw_chatbook/assets/persona_visual/pixel_migu/pose-surprised.png'
adding 'tldw_chatbook/assets/persona_visual/pixel_migu/pose-thinking.png'
adding 'tldw_chatbook/assets/persona_visual/pixel_migu/pose-thumbs_up.png'
adding 'tldw_chatbook/assets/persona_visual/pixel_migu/pose-type.png'
adding 'tldw_chatbook/assets/persona_visual/pixel_migu/pose-wave.png'
adding 'tldw_chatbook/assets/persona_visual/pixel_migu/sleepy-1.png'
adding 'tldw_chatbook/assets/persona_visual/pixel_migu/sleepy-2.png'
adding 'tldw_chatbook/assets/persona_visual/pixel_migu/sleepy-3.png'
adding 'tldw_chatbook/assets/persona_visual/pixel_migu/sleepy-4.png'
adding 'tldw_chatbook/assets/persona_visual/pixel_migu/speaking-1.png'
adding 'tldw_chatbook/assets/persona_visual/pixel_migu/speaking-2.png'
adding 'tldw_chatbook/assets/persona_visual/pixel_migu/speaking-3.png'
adding 'tldw_chatbook/assets/persona_visual/pixel_migu/speaking-4.png'
adding 'tldw_chatbook/assets/persona_visual/pixel_migu/think-1.png'
adding 'tldw_chatbook/assets/persona_visual/pixel_migu/think-2.png'
adding 'tldw_chatbook/assets/persona_visual/pixel_migu/think-3.png'
adding 'tldw_chatbook/assets/persona_visual/pixel_migu/think-4.png'
adding 'tldw_chatbook/assets/persona_visual/pixel_migu/thinking-1.png'
adding 'tldw_chatbook/assets/persona_visual/pixel_migu/thinking-2.png'
adding 'tldw_chatbook/assets/persona_visual/pixel_migu/thinking-3.png'
adding 'tldw_chatbook/assets/persona_visual/pixel_migu/thinking-4.png'
adding 'tldw_chatbook/assets/persona_visual/pixel_migu/thumbs-up-1.png'
adding 'tldw_chatbook/assets/persona_visual/pixel_migu/thumbs-up-2.png'
adding 'tldw_chatbook/assets/persona_visual/pixel_migu/thumbs-up-3.png'
adding 'tldw_chatbook/assets/persona_visual/pixel_migu/thumbs-up-4.png'
adding 'tldw_chatbook/assets/persona_visual/pixel_migu/type-1.png'
adding 'tldw_chatbook/assets/persona_visual/pixel_migu/type-2.png'
adding 'tldw_chatbook/assets/persona_visual/pixel_migu/type-3.png'
adding 'tldw_chatbook/assets/persona_visual/pixel_migu/type-4.png'
adding 'tldw_chatbook/assets/persona_visual/pixel_migu/wave-1.png'
adding 'tldw_chatbook/assets/persona_visual/pixel_migu/wave-2.png'
adding 'tldw_chatbook/assets/persona_visual/pixel_migu/wave-3.png'
adding 'tldw_chatbook/assets/persona_visual/pixel_migu/wave-4.png'
adding 'tldw_chatbook/assets/tiktoken_cache/0ea1e91bbb3a60f729a8dc8f777fd2fc07cd8df4'
adding 'tldw_chatbook/assets/tiktoken_cache/6c7ea1a7e38e3a7f062df639a5b80947f075ffe6'
adding 'tldw_chatbook/assets/tiktoken_cache/6d1cbeee0f20b3d9449abfede4726ed8212e3aee'
adding 'tldw_chatbook/assets/tiktoken_cache/9b5ad71b2ce5302211f9c61530b329a4922fc6a4'
adding 'tldw_chatbook/assets/tiktoken_cache/LICENSE.txt'
adding 'tldw_chatbook/assets/tiktoken_cache/NOTICE.txt'
adding 'tldw_chatbook/assets/tiktoken_cache/ec7223a39ce59f226a68acc30dc1af2788490e15'
adding 'tldw_chatbook/assets/tiktoken_cache/fb374d419588a4632f3f557e76b4b70aebbca790'
adding 'tldw_chatbook/assets/tiktoken_cache/manifest.json'
adding 'tldw_chatbook/css/__init__.py'
adding 'tldw_chatbook/css/build_css.py'
adding 'tldw_chatbook/css/check_bundle_sync.py'
adding 'tldw_chatbook/css/main.tcss'
adding 'tldw_chatbook/css/screen_agentic_console.tcss'
adding 'tldw_chatbook/css/screen_agentic_library.tcss'
adding 'tldw_chatbook/css/screen_agentic_settings.tcss'
adding 'tldw_chatbook/css/screen_css_scoped.tcss'
adding 'tldw_chatbook/css/screen_css_self.tcss'
adding 'tldw_chatbook/css/screen_feature_evals.tcss'
adding 'tldw_chatbook/css/screen_feature_scheduling.tcss'
adding 'tldw_chatbook/css/tie_aware_stylesheet.py'
adding 'tldw_chatbook/css/tldw_cli_modular.tcss'
adding 'tldw_chatbook/css/widget_css.py'
adding 'tldw_chatbook/css/widget_defaults_scoped.tcss'
adding 'tldw_chatbook/css/widget_defaults_self.tcss'
adding 'tldw_chatbook/css/Themes/__init__.py'
adding 'tldw_chatbook/css/Themes/theme_tester.py'
adding 'tldw_chatbook/css/Themes/theme_tester.tcss'
adding 'tldw_chatbook/css/Themes/themes.py'
adding 'tldw_chatbook/css/components/_agentic_terminal.tcss'
adding 'tldw_chatbook/css/components/_buttons.tcss'
adding 'tldw_chatbook/css/components/_change_review.tcss'
adding 'tldw_chatbook/css/components/_dialogs.tcss'
adding 'tldw_chatbook/css/components/_forms.tcss'
adding 'tldw_chatbook/css/components/_lists.tcss'
adding 'tldw_chatbook/css/components/_messages.tcss'
adding 'tldw_chatbook/css/components/_navigation.tcss'
adding 'tldw_chatbook/css/components/_profile_interview.tcss'
adding 'tldw_chatbook/css/components/_settings_personal_context.tcss'
adding 'tldw_chatbook/css/components/_settings_splash_theme.tcss'
adding 'tldw_chatbook/css/components/_shared_components.tcss'
adding 'tldw_chatbook/css/components/_status.tcss'
adding 'tldw_chatbook/css/components/_unified_sidebar.tcss'
adding 'tldw_chatbook/css/components/_widgets.tcss'
adding 'tldw_chatbook/css/components/_workbench.tcss'
adding 'tldw_chatbook/css/core/_base.tcss'
adding 'tldw_chatbook/css/core/_reset.tcss'
adding 'tldw_chatbook/css/core/_typography.tcss'
adding 'tldw_chatbook/css/core/_variables.tcss'
adding 'tldw_chatbook/css/features/_chat.tcss'
adding 'tldw_chatbook/css/features/_chatbooks.tcss'
adding 'tldw_chatbook/css/features/_chatbooks_improved.tcss'
adding 'tldw_chatbook/css/features/_code_repo.tcss'
adding 'tldw_chatbook/css/features/_coding.tcss'
adding 'tldw_chatbook/css/features/_conversations.tcss'
adding 'tldw_chatbook/css/features/_embeddings.tcss'
adding 'tldw_chatbook/css/features/_evals.tcss'
adding 'tldw_chatbook/css/features/_evaluation_unified.tcss'
adding 'tldw_chatbook/css/features/_ingest.tcss'
adding 'tldw_chatbook/css/features/_lab.tcss'
adding 'tldw_chatbook/css/features/_llm-management.tcss'
adding 'tldw_chatbook/css/features/_logs.tcss'
adding 'tldw_chatbook/css/features/_media.tcss'
adding 'tldw_chatbook/css/features/_metrics.tcss'
adding 'tldw_chatbook/css/features/_new_ingest.tcss'
adding 'tldw_chatbook/css/features/_notes.tcss'
adding 'tldw_chatbook/css/features/_research_workspace.tcss'
adding 'tldw_chatbook/css/features/_scheduling.tcss'
adding 'tldw_chatbook/css/features/_splash.tcss'
adding 'tldw_chatbook/css/features/_tab_dropdown.tcss'
adding 'tldw_chatbook/css/features/_tools-settings.tcss'
adding 'tldw_chatbook/css/features/_watchlists.tcss'
adding 'tldw_chatbook/css/features/_wizards.tcss'
adding 'tldw_chatbook/css/features/_writing.tcss'
adding 'tldw_chatbook/css/features/config_search.tcss'
adding 'tldw_chatbook/css/features/feature_alerts.tcss'
adding 'tldw_chatbook/css/layout/_containers.tcss'
adding 'tldw_chatbook/css/layout/_panes.tcss'
adding 'tldw_chatbook/css/layout/_sidebars.tcss'
adding 'tldw_chatbook/css/layout/_tabs.tcss'
adding 'tldw_chatbook/css/layout/_windows.tcss'
adding 'tldw_chatbook/css/utilities/_helpers.tcss'
adding 'tldw_chatbook/css/utilities/_overrides.tcss'
adding 'tldw_chatbook/css/utilities/_states.tcss'
adding 'tldw_chatbook/runtime_policy/__init__.py'
adding 'tldw_chatbook/runtime_policy/bootstrap.py'
adding 'tldw_chatbook/runtime_policy/domain_edge_contracts.py'
adding 'tldw_chatbook/runtime_policy/enforcement.py'
adding 'tldw_chatbook/runtime_policy/engine.py'
adding 'tldw_chatbook/runtime_policy/registry.py'
adding 'tldw_chatbook/runtime_policy/server_capabilities.py'
adding 'tldw_chatbook/runtime_policy/server_context.py'
adding 'tldw_chatbook/runtime_policy/server_credentials.py'
adding 'tldw_chatbook/runtime_policy/server_event_scope.py'
adding 'tldw_chatbook/runtime_policy/server_parity_models.py'
adding 'tldw_chatbook/runtime_policy/server_parity_state.py'
adding 'tldw_chatbook/runtime_policy/source_state.py'
adding 'tldw_chatbook/runtime_policy/types.py'
adding 'tldw_chatbook/runtime_policy/unsupported_capabilities.py'
adding 'tldw_chatbook/state/__init__.py'
adding 'tldw_chatbook/state/app_state.py'
adding 'tldw_chatbook/state/chat_state.py'
adding 'tldw_chatbook/state/navigation_state.py'
adding 'tldw_chatbook/state/notes_state.py'
adding 'tldw_chatbook/state/ui_state.py'
adding 'tldw_chatbook/tldw_api/LICENSE'
adding 'tldw_chatbook/tldw_api/__init__.py'
adding 'tldw_chatbook/tldw_api/account_security_schemas.py'
adding 'tldw_chatbook/tldw_api/audio_schemas.py'
adding 'tldw_chatbook/tldw_api/audiobook_schemas.py'
adding 'tldw_chatbook/tldw_api/auth_user_schemas.py'
adding 'tldw_chatbook/tldw_api/character_persona_schemas.py'
adding 'tldw_chatbook/tldw_api/chat_conversation_schemas.py'
adding 'tldw_chatbook/tldw_api/chat_dictionary_schemas.py'
adding 'tldw_chatbook/tldw_api/chat_documents_schemas.py'
adding 'tldw_chatbook/tldw_api/chat_grammar_schemas.py'
adding 'tldw_chatbook/tldw_api/chat_loop_schemas.py'
adding 'tldw_chatbook/tldw_api/claims_schemas.py'
adding 'tldw_chatbook/tldw_api/client.py'
adding 'tldw_chatbook/tldw_api/collections_feeds_schemas.py'
adding 'tldw_chatbook/tldw_api/companion_schemas.py'
adding 'tldw_chatbook/tldw_api/connectors_schemas.py'
adding 'tldw_chatbook/tldw_api/data_tables_schemas.py'
adding 'tldw_chatbook/tldw_api/evaluations_schemas.py'
adding 'tldw_chatbook/tldw_api/exceptions.py'
adding 'tldw_chatbook/tldw_api/feedback_schemas.py'
adding 'tldw_chatbook/tldw_api/flashcards_schemas.py'
adding 'tldw_chatbook/tldw_api/kanban_schemas.py'
adding 'tldw_chatbook/tldw_api/llm_provider_schemas.py'
adding 'tldw_chatbook/tldw_api/mcp_governance_schemas.py'
adding 'tldw_chatbook/tldw_api/mcp_unified_client.py'
adding 'tldw_chatbook/tldw_api/mcp_unified_schemas.py'
adding 'tldw_chatbook/tldw_api/media_reading_schemas.py'
adding 'tldw_chatbook/tldw_api/meetings_schemas.py'
adding 'tldw_chatbook/tldw_api/notes_workspace_limits.py'
adding 'tldw_chatbook/tldw_api/notes_workspace_schemas.py'
adding 'tldw_chatbook/tldw_api/notifications_reminders_schemas.py'
adding 'tldw_chatbook/tldw_api/ocr_vlm_schemas.py'
adding 'tldw_chatbook/tldw_api/outputs_schemas.py'
adding 'tldw_chatbook/tldw_api/personalization_schemas.py'
adding 'tldw_chatbook/tldw_api/prompt_chatbook_schemas.py'
adding 'tldw_chatbook/tldw_api/prompt_studio_schemas.py'
adding 'tldw_chatbook/tldw_api/quizzes_schemas.py'
adding 'tldw_chatbook/tldw_api/rag_admin_schemas.py'
adding 'tldw_chatbook/tldw_api/research_runs_schemas.py'
adding 'tldw_chatbook/tldw_api/research_search_schemas.py'
adding 'tldw_chatbook/tldw_api/scheduled_tasks_automation_schemas.py'
adding 'tldw_chatbook/tldw_api/schemas.py'
adding 'tldw_chatbook/tldw_api/server_notifications_schemas.py'
adding 'tldw_chatbook/tldw_api/server_runtime_schemas.py'
adding 'tldw_chatbook/tldw_api/sharing_schemas.py'
adding 'tldw_chatbook/tldw_api/skills_schemas.py'
adding 'tldw_chatbook/tldw_api/slides_schemas.py'
adding 'tldw_chatbook/tldw_api/storage_schemas.py'
adding 'tldw_chatbook/tldw_api/study_extensions_schemas.py'
adding 'tldw_chatbook/tldw_api/study_suggestions_schemas.py'
adding 'tldw_chatbook/tldw_api/sync_schemas.py'
adding 'tldw_chatbook/tldw_api/text2sql_schemas.py'
adding 'tldw_chatbook/tldw_api/tools_schemas.py'
adding 'tldw_chatbook/tldw_api/translation_schemas.py'
adding 'tldw_chatbook/tldw_api/user_governance_schemas.py'
adding 'tldw_chatbook/tldw_api/user_keys_schemas.py'
adding 'tldw_chatbook/tldw_api/utils.py'
adding 'tldw_chatbook/tldw_api/voice_assistant_schemas.py'
adding 'tldw_chatbook/tldw_api/watchlists_schemas.py'
adding 'tldw_chatbook/tldw_api/web_clipper_schemas.py'
adding 'tldw_chatbook/tldw_api/writing_manuscript_schemas.py'
adding 'tldw_chatbook-0.2.0.dist-info/licenses/LICENSE'
adding 'tldw_profile_core/__init__.py'
adding 'tldw_profile_core/canonical.py'
adding 'tldw_profile_core/enums.py'
adding 'tldw_profile_core/interview.py'
adding 'tldw_profile_core/models.py'
adding 'tldw_profile_core/payloads.py'
adding 'tldw_profile_core/schema_export.py'
adding 'tldw_profile_core/semantic.py'
adding 'tldw_profile_core/tool_contracts.py'
adding 'tldw_profile_core/fixtures/v1/01-manifest.json'
adding 'tldw_profile_core/fixtures/v1/02-scope.json'
adding 'tldw_profile_core/fixtures/v1/03-active-record.json'
adding 'tldw_profile_core/fixtures/v1/04-deleted-tombstone.json'
adding 'tldw_profile_core/fixtures/v1/05-proposal.json'
adding 'tldw_profile_core/fixtures/v1/06-unknown-field-version.json'
adding 'tldw_profile_core/fixtures/v1/07-working-context-expiry.json'
adding 'tldw_profile_core/fixtures/v1/08-missing-proposal-base.json'
adding 'tldw_profile_core/fixtures/v1/09-deleted-with-content.json'
adding 'tldw_profile_core/fixtures/v1/10-working-context-missing-expiry.json'
adding 'tldw_profile_core/fixtures/v1/11-kind-payload-mismatch.json'
adding 'tldw_profile_core/fixtures/v1/12-update-missing-content.json'
adding 'tldw_profile_core/fixtures/v1/13-create-missing-content.json'
adding 'tldw_profile_core/fixtures/v1/14-pending-89-day-expiry.json'
adding 'tldw_profile_core/fixtures/v1/15-proposal-identity-mismatch.json'
adding 'tldw_profile_core/fixtures/v1/16-proposal-base-mismatch.json'
adding 'tldw_profile_core/fixtures/v1/17-multibyte-canonical-overflow.json'
adding 'tldw_profile_core/fixtures/v1/18-pending-deleted-proposed-record.json'
adding 'tldw_profile_core/fixtures/v1/19-jcs-conformance.json'
adding 'tldw_profile_core/fixtures/v1/20-invalid-manifest-timestamp.json'
adding 'tldw_profile_core/fixtures/v1/21-naive-scope-timestamp.json'
adding 'tldw_profile_core/fixtures/v1/22-manifest-timestamp-order.json'
adding 'tldw_profile_core/fixtures/v1/23-scope-timestamp-order.json'
adding 'tldw_profile_core/fixtures/v1/24-record-timestamp-order.json'
adding 'tldw_profile_core/fixtures/v1/25-record-expiry-order.json'
adding 'tldw_profile_core/fixtures/v1/26-resolved-proposal-timestamp-order.json'
adding 'tldw_profile_core/fixtures/v1/27-submillisecond-timestamp.json'
adding 'tldw_profile_core/fixtures/v1/28-unsafe-manifest-integer.json'
adding 'tldw_profile_core/fixtures/v1/29-proposed-record-timestamp-order.json'
adding 'tldw_profile_core/fixtures/v1/30-numeric-epoch-timestamp.json'
adding 'tldw_profile_core/fixtures/v1/31-space-datetime-syntax.json'
adding 'tldw_profile_core/fixtures/v1/32-lowercase-datetime-syntax.json'
adding 'tldw_profile_core/fixtures/v1/33-four-digit-fraction-timestamp.json'
adding 'tldw_profile_core/fixtures/v1/34-string-manifest-counter.json'
adding 'tldw_profile_core/fixtures/v1/35-boolean-manifest-counter.json'
adding 'tldw_profile_core/fixtures/v1/36-integral-float-manifest-counter.json'
adding 'tldw_profile_core/fixtures/v1/37-string-no-expiry.json'
adding 'tldw_profile_core/fixtures/v1/38-numeric-no-expiry.json'
adding 'tldw_profile_core/fixtures/v1/39-string-proposal-confidence.json'
adding 'tldw_profile_core/fixtures/v1/40-boolean-proposal-confidence.json'
adding 'tldw_profile_core/fixtures/v1/41-integer-proposal-confidence.json'
adding 'tldw_profile_core/fixtures/v1/42-integral-float-schema-version.json'
adding 'tldw_profile_core/fixtures/v1/43-boolean-schema-version.json'
adding 'tldw_profile_core/fixtures/v1/44-string-schema-version.json'
adding 'tldw_profile_core/fixtures/v1/45-out-of-range-proposal-confidence.json'
adding 'tldw_profile_core/schemas/personal-context-v1-meta.json'
adding 'tldw_profile_core/schemas/personal-context-v1.json'
adding 'tldw_chatbook-0.2.0.dist-info/METADATA'
adding 'tldw_chatbook-0.2.0.dist-info/WHEEL'
adding 'tldw_chatbook-0.2.0.dist-info/entry_points.txt'
adding 'tldw_chatbook-0.2.0.dist-info/top_level.txt'
adding 'tldw_chatbook-0.2.0.dist-info/RECORD'
removing build/bdist.macosx-11.0-arm64/wheel
Successfully built /private/tmp/tts-macos-burndown/qodo-final-wheel-03/tldw_chatbook-0.2.0-py3-none-any.whl
